#include "lcd.h"
#include "pluginbitmaps/_2048_tiles.h"
const unsigned short _2048_tiles[] = {
0x734c, 0x39c6, 0x39c6, 0x39c6, 0x39c6, 0x39c6, 0x39c6, 0x39c6, 0x39c6, 0x39c6,
0x39c6, 0x39c6, 0x39c6, 0x39c6, 0x39c6, 0x39c6, 0x39c6, 0x39c6, 0x39c6, 0x39c6,
0x39c6, 0x39c6, 0x39c6, 0x39c6, 0x39c6, 0x39c6, 0x39c6, 0x39c6, 0x39c6, 0x39c6,
0x39c6, 0x39c6, 0x39c6, 0x39c6, 0x39c6, 0x39c6, 0x39c6, 0x39c6, 0x39c6, 0x39c6,
0x39c6, 0x39c6, 0x39c6, 0x39c6, 0x39c6, 0x39c6, 0x39c6, 0x6b0b, 0x630a, 0x39c6,
0x39c6, 0x39c6, 0x39c6, 0x39c6, 0x39c6, 0x39c6, 0x39c6, 0x39c6, 0x39c6, 0x39c6,
0x39c6, 0x39c6, 0x39c6, 0x39c6, 0x39c6, 0x39c6, 0x39c6, 0x39c6, 0x39c6, 0x39c6,
0x39c6, 0x39c6, 0x39c6, 0x39c6, 0x39c6, 0x39c6, 0x39c6, 0x39c6, 0x39c6, 0x39c6,
0x39c6, 0x39c6, 0x39c6, 0x39c6, 0x39c6, 0x39c6, 0x39c6, 0x39c6, 0x39c6, 0x39c6,
0x39c6, 0x39c6, 0x39c6, 0x39c6, 0x39c6, 0x734c, 0x734c, 0x39c6, 0x39c6, 0x39c6,
0x39c6, 0x39c6, 0x39c6, 0x39c6, 0x39c6, 0x39c6, 0x39c6, 0x39c6, 0x39c6, 0x39c6,
0x39c6, 0x39c6, 0x39c6, 0x39c6, 0x39c6, 0x39c6, 0x39c6, 0x39c6, 0x39c6, 0x39c6,
0x39c6, 0x39c6, 0x39c6, 0x39c6, 0x39c6, 0x39c6, 0x39c6, 0x39c6, 0x39c6, 0x39c6,
0x39c6, 0x39c6, 0x39c6, 0x39c6, 0x39c6, 0x39c6, 0x39c6, 0x39c6, 0x39c6, 0x39c6,
0x39c6, 0x39c6, 0x39c6, 0x6b0b, 0x630a, 0x39c6, 0x39c6, 0x39c6, 0x39c6, 0x39c6,
0x39c6, 0x39c6, 0x39c6, 0x39c6, 0x39c6, 0x39c6, 0x39c6, 0x39c6, 0x39c6, 0x39c6,
0x39c6, 0x39c6, 0x39c6, 0x39c6, 0x39c6, 0x39c6, 0x39c6, 0x39c6, 0x39c6, 0x39c6,
0x39c6, 0x39c6, 0x39c6, 0x39c6, 0x39c6, 0x39c6, 0x39c6, 0x39c6, 0x39c6, 0x39c6,
0x39c6, 0x39c6, 0x39c6, 0x39c6, 0x39c6, 0x39c6, 0x39c6, 0x39c6, 0x39c6, 0x39c6,
0x39c6, 0x734c, 0x734c, 0x39c6, 0x39c6, 0x39c6, 0x39c6, 0x39c6, 0x39c6, 0x39c6,
0x39c6, 0x39c6, 0x39c6, 0x39c6, 0x39c6, 0x39c6, 0x39c6, 0x39c6, 0x39c6, 0x39c6,
0x39c6, 0x39c6, 0x39c6, 0x39c6, 0x39c6, 0x39c6, 0x39c6, 0x39c6, 0x39c6, 0x39c6,
0x39c6, 0x39c6, 0x39c6, 0x39c6, 0x39c6, 0x39c6, 0x39c6, 0x39c6, 0x39c6, 0x39c6,
0x39c6, 0x39c6, 0x39c6, 0x39c6, 0x39c6, 0x39c6, 0x39c6, 0x39c6, 0x39c6, 0x6b0b,
0x630a, 0x39c6, 0x39c6, 0x39c6, 0x39c6, 0x39c6, 0x39c6, 0x39c6, 0x39c6, 0x39c6,
0x39c6, 0x39c6, 0x39c6, 0x39c6, 0x39c6, 0x39c6, 0x39c6, 0x39c6, 0x39c6, 0x39c6,
0x39c6, 0x39c6, 0x39c6, 0x39c6, 0x39c6, 0x39c6, 0x39c6, 0x39c6, 0x39c6, 0x39c6,
0x39c6, 0x39c6, 0x39c6, 0x39c6, 0x39c6, 0x39c6, 0x39c6, 0x39c6, 0x39c6, 0x39c6,
0x39c6, 0x39c6, 0x39c6, 0x39c6, 0x39c6, 0x39c6, 0x39c6, 0x6b2c, 0xe670, 0xee4b,
0xee4b, 0xee4b, 0xee4b, 0xee4b, 0xee4b, 0xee4b, 0xee4b, 0xee4b, 0xee4b, 0xee4b,
0xee4b, 0xee4b, 0xee4b, 0xee4b, 0xee4b, 0xee4b, 0xee4b, 0xee4b, 0xee4b, 0xee4b,
0xee4b, 0xee4b, 0xee4b, 0xee4b, 0xee4b, 0xee4b, 0xee4b, 0xee4b, 0xee4b, 0xee4b,
0xee4b, 0xee4b, 0xee4b, 0xee4b, 0xee4b, 0xee4b, 0xee6b, 0xee4b, 0xee6b, 0xee6b,
0xee6b, 0xee6b, 0xee6b, 0xee6b, 0xee6b, 0xe64f, 0xe650, 0xee6c, 0xee6b, 0xee6b,
0xee6c, 0xee6c, 0xee6c, 0xee6c, 0xee6c, 0xee6c, 0xee6c, 0xee6c, 0xee6c, 0xee6c,
0xee6c, 0xee6c, 0xee6c, 0xee6c, 0xee6c, 0xee6c, 0xee6c, 0xee6c, 0xee6c, 0xee6c,
0xee6c, 0xee6c, 0xee6c, 0xee6c, 0xee6c, 0xee6c, 0xee6c, 0xee6c, 0xee6c, 0xee6c,
0xee6c, 0xee6c, 0xee6c, 0xee4c, 0xee6c, 0xee6c, 0xee6c, 0xee6c, 0xee6c, 0xee6c,
0xee6c, 0xee6c, 0xee6c, 0xe64f, 0xe650, 0xee6d, 0xee6d, 0xee6d, 0xee6d, 0xee6d,
0xee6d, 0xee6d, 0xee6d, 0xee6d, 0xee6d, 0xee6d, 0xee6d, 0xee6d, 0xee6d, 0xee6d,
0xee6d, 0xee6d, 0xee6d, 0xee6d, 0xee6d, 0xee6d, 0xee6d, 0xee6d, 0xee6d, 0xee6d,
0xee6d, 0xee6d, 0xee6d, 0xee6d, 0xee6d, 0xee6d, 0xee6d, 0xee6d, 0xee6d, 0xee6d,
0xee6d, 0xee6d, 0xee6d, 0xee6d, 0xee6d, 0xee6d, 0xee6d, 0xee6d, 0xee6d, 0xee6d,
0xee6d, 0xe650, 0xde51, 0xee8e, 0xee8e, 0xee8e, 0xee8e, 0xee8e, 0xee8e, 0xee8e,
0xee8e, 0xee8e, 0xee8e, 0xee8e, 0xee8e, 0xee8e, 0xee8e, 0xee8e, 0xee8e, 0xee8e,
0xee8e, 0xee8e, 0xee8e, 0xee8e, 0xee8e, 0xee8e, 0xee8e, 0xee8e, 0xee8e, 0xee8e,
0xee8e, 0xee8e, 0xee8e, 0xee8e, 0xee8e, 0xee8e, 0xee8e, 0xee8e, 0xee8e, 0xee8e,
0xee8e, 0xee8e, 0xee8e, 0xee8e, 0xee8e, 0xee8e, 0xee8e, 0xee8e, 0xee8e, 0xde50,
0xde32, 0xee8f, 0xee8f, 0xee8f, 0xee8f, 0xee8f, 0xee8f, 0xee8f, 0xee8f, 0xee8f,
0xee8f, 0xee8f, 0xee8f, 0xee8f, 0xee8f, 0xee8f, 0xee8f, 0xee8f, 0xee8f, 0xee8f,
0xee8f, 0xee8f, 0xee8f, 0xee8f, 0xee8f, 0xee8f, 0xee8f, 0xee8f, 0xee8f, 0xee8f,
0xee8f, 0xee8f, 0xee8f, 0xee8f, 0xee8f, 0xee8f, 0xee8f, 0xee8f, 0xee8f, 0xee8f,
0xee8f, 0xee8f, 0xee8f, 0xee8f, 0xee8f, 0xee8f, 0xee8f, 0xe670, 0xe38a, 0xf2e7,
0xf2e7, 0xf2e7, 0xf2e7, 0xf2e7, 0xf2e7, 0xf2e7, 0xf2e7, 0xf2e7, 0xf2e7, 0xf2e7,
0xf2e7, 0xf2e7, 0xf2e7, 0xf2e7, 0xf2e7, 0xf2e7, 0xf2e7, 0xf2e7, 0xf2e7, 0xf2e7,
0xf2e7, 0xf2e7, 0xf2e7, 0xf2e7, 0xf2e7, 0xf2e7, 0xf2e7, 0xf2e7, 0xf2e7, 0xf2e7,
0xf2e7, 0xf2e7, 0xf2e7, 0xf2e7, 0xf2e7, 0xf2e7, 0xf2e7, 0xf2e7, 0xf307, 0xf307,
0xf307, 0xf307, 0xf307, 0xf327, 0xf327, 0xe42c, 0xdcb0, 0xf3cb, 0xf3eb, 0xf3eb,
0xf3eb, 0xf3eb, 0xf3eb, 0xf3eb, 0xf3eb, 0xf3eb, 0xf3eb, 0xf3eb, 0xf3eb, 0xf3eb,
0xf3eb, 0xf3eb, 0xf3eb, 0xf3eb, 0xf3eb, 0xf3eb, 0xf3eb, 0xf3eb, 0xf3eb, 0xf3eb,
0xf3eb, 0xf3eb, 0xf3eb, 0xf3eb, 0xf3eb, 0xf3eb, 0xf3eb, 0xf3eb, 0xf3eb, 0xf3eb,
0xf3eb, 0xf3eb, 0xf3eb, 0xf3eb, 0xf3eb, 0xf3eb, 0xf3eb, 0xf3eb, 0xf3eb, 0xf3eb,
0xf3eb, 0xf3eb, 0xf3eb, 0xec2d, 0xed2f, 0xf4ac, 0xf4ac, 0xf4ac, 0xf4ac, 0xf4ac,
0xf4ac, 0xf4ac, 0xf4ac, 0xf4ac, 0xf4ac, 0xf4ac, 0xf4ac, 0xf4ac, 0xf4ac, 0xf4ac,
0xf4ac, 0xf4ac, 0xf4ac, 0xf4ac, 0xf4ac, 0xf4ac, 0xf4ac, 0xf4ac, 0xf4ac, 0xf4ac,
0xf4ac, 0xf4ac, 0xf4ac, 0xf4ac, 0xf4ac, 0xf4ac, 0xf4ac, 0xf4ac, 0xf4ac, 0xf4ac,
0xf4ac, 0xf4ac, 0xf4ac, 0xf4ac, 0xf4ac, 0xf4ac, 0xf4ac, 0xf4ac, 0xf4ac, 0xf4ac,
0xf4ac, 0xe530, 0xd572, 0xed8f, 0xed8f, 0xed8f, 0xed8f, 0xed8f, 0xed8f, 0xed8f,
0xed8f, 0xed8f, 0xed8f, 0xed8f, 0xed8f, 0xed8f, 0xed8f, 0xed8f, 0xed8f, 0xed8f,
0xed8f, 0xed8f, 0xed8f, 0xed8f, 0xed8f, 0xed8f, 0xed8f, 0xed8f, 0xed8f, 0xed8f,
0xed8f, 0xed8f, 0xed8f, 0xed8f, 0xed8f, 0xed8f, 0xed8f, 0xed8f, 0xed8f, 0xed8f,
0xed8f, 0xed8f, 0xed8f, 0xed8f, 0xed8f, 0xed8f, 0xed8f, 0xed8f, 0xed8f, 0xdd91,
0xde56, 0xe6d8, 0xe6d8, 0xe6d8, 0xe6d8, 0xe6d8, 0xe6d8, 0xe6d8, 0xe6d8, 0xe6d8,
0xe6d8, 0xe6d8, 0xe6d8, 0xe6d8, 0xe6d8, 0xe6d8, 0xe6d8, 0xe6d8, 0xe6d8, 0xe6d8,
0xe6d8, 0xe6d8, 0xe6d8, 0xe6d8, 0xe6d8, 0xe6d8, 0xe6d8, 0xe6d8, 0xe6d8, 0xe6d8,
0xe6d8, 0xe6d8, 0xe6d8, 0xe6d8, 0xe6d8, 0xe6d8, 0xe6d8, 0xe6d8, 0xe6d8, 0xe6d8,
0xe6d8, 0xe6d8, 0xe6d8, 0xe6d8, 0xe6d8, 0xe6d8, 0xeed8, 0xd616, 0xde78, 0xef3b,
0xef3b, 0xef3b, 0xef3b, 0xef3b, 0xef3b, 0xef3b, 0xef3b, 0xef3b, 0xef3b, 0xef3b,
0xef3b, 0xef3b, 0xef3b, 0xef3b, 0xef3b, 0xef3b, 0xef3b, 0xef3b, 0xef3b, 0xef3b,
0xef3b, 0xef3b, 0xef3b, 0xef3b, 0xef3b, 0xef3b, 0xef3b, 0xef3b, 0xef3b, 0xef3b,
0xef3b, 0xef3b, 0xef3b, 0xef3b, 0xef3b, 0xef3b, 0xef3b, 0xef3b, 0xef3b, 0xef3b,
0xef3b, 0xef3b, 0xef3b, 0xef3b, 0xef3b, 0xde98, 0xc5d5, 0xce16, 0xce16, 0xce16,
0xce16, 0xce16, 0xce16, 0xce16, 0xce16, 0xce16, 0xce16, 0xce16, 0xce16, 0xce16,
0xce16, 0xce16, 0xce16, 0xce16, 0xce16, 0xce16, 0xce16, 0xce16, 0xce16, 0xce16,
0xce16, 0xce16, 0xce16, 0xce16, 0xce16, 0xce16, 0xce16, 0xce16, 0xce16, 0xce16,
0xce16, 0xce16, 0xce16, 0xce16, 0xce16, 0xce16, 0xce16, 0xce16, 0xce16, 0xce16,
0xce16, 0xce16, 0xce16, 0xc5d5, 
0x39c6, 0x39c6, 0x39c6, 0x39c6, 0x39c6, 0x39c6, 0x39c6, 0x39c6, 0x39c6, 0x39c6,
0x39c6, 0x39c6, 0x39c6, 0x39c6, 0x39c6, 0x39c6, 0x39c6, 0x39c6, 0x39c6, 0x39c6,
0x39c6, 0x39c6, 0x39c6, 0x39c6, 0x39c6, 0x39c6, 0x39c6, 0x39c6, 0x39c6, 0x39c6,
0x39c6, 0x39c6, 0x39c6, 0x39c6, 0x39c6, 0x39c6, 0x39c6, 0x39c6, 0x39c6, 0x39c6,
0x39c6, 0x39c6, 0x39c6, 0x39c6, 0x39c6, 0x39c6, 0x39c6, 0x39c6, 0x39c6, 0x39c6,
0x39c6, 0x39c6, 0x39c6, 0x39c6, 0x39c6, 0x39c6, 0x39c6, 0x39c6, 0x39c6, 0x39c6,
0x39c6, 0x39c6, 0x39c6, 0x39c6, 0x39c6, 0x39c6, 0x39c6, 0x39c6, 0x39c6, 0x39c6,
0x39c6, 0x39c6, 0x39c6, 0x39c6, 0x39c6, 0x39c6, 0x39c6, 0x39c6, 0x39c6, 0x39c6,
0x39c6, 0x39c6, 0x39c6, 0x39c6, 0x39c6, 0x39c6, 0x39c6, 0x39c6, 0x39c6, 0x39c6,
0x39c6, 0x39c6, 0x39c6, 0x39c6, 0x39c6, 0x39c6, 0x39c6, 0x39c6, 0x39c6, 0x39c6,
0x39c6, 0x39c6, 0x39c6, 0x39c6, 0x39c6, 0x39c6, 0x39c6, 0x39c6, 0x39c6, 0x39c6,
0x39c6, 0x39c6, 0x39c6, 0x39c6, 0x39c6, 0x39c6, 0x39c6, 0x39c6, 0x39c6, 0x39c6,
0x39c6, 0x39c6, 0x39c6, 0x39c6, 0x39c6, 0x39c6, 0x39c6, 0x39c6, 0x39c6, 0x39c6,
0x39c6, 0x39c6, 0x39c6, 0x39c6, 0x39c6, 0x39c6, 0x39c6, 0x39c6, 0x39c6, 0x39c6,
0x39c6, 0x39c6, 0x39c6, 0x39c6, 0x39c6, 0x39c6, 0x39c6, 0x39c6, 0x39c6, 0x39c6,
0x39c6, 0x39c6, 0x39c6, 0x39c6, 0x39c6, 0x39c6, 0x39c6, 0x39c6, 0x39c6, 0x39c6,
0x39c6, 0x39c6, 0x39c6, 0x39c6, 0x39c6, 0x39c6, 0x39c6, 0x39c6, 0x39c6, 0x39c6,
0x39c6, 0x39c6, 0x39c6, 0x39c6, 0x39c6, 0x39c6, 0x39c6, 0x39c6, 0x39c6, 0x39c6,
0x39c6, 0x39c6, 0x39c6, 0x39c6, 0x39c6, 0x39c6, 0x39c6, 0x39c6, 0x39c6, 0x39c6,
0x39c6, 0x39c6, 0x39c6, 0x39c6, 0x39c6, 0x39c6, 0x39c6, 0x39c6, 0x39c6, 0x39c6,
0x39c6, 0x39c6, 0x39c6, 0x39c6, 0x39c6, 0x39c6, 0x39c6, 0x39c6, 0x39c6, 0x39c6,
0x39c6, 0x39c6, 0x39c6, 0x39c6, 0x39c6, 0x39c6, 0x39c6, 0x39c6, 0x39c6, 0x39c6,
0x39c6, 0x39c6, 0x39c6, 0x39c6, 0x39c6, 0x39c6, 0x39c6, 0x39c6, 0x39c6, 0x39c6,
0x39c6, 0x39c6, 0x39c6, 0x39c6, 0x39c6, 0x39c6, 0x39c6, 0x39c6, 0x39c6, 0x39c6,
0x39c6, 0x39c6, 0x39c6, 0x39c6, 0x39c6, 0x39c6, 0x39c6, 0x39c6, 0x39c6, 0x39c6,
0x39c6, 0x39c6, 0x39c6, 0x39c6, 0x39c6, 0x39c6, 0x39c6, 0x39c6, 0x39c6, 0x39c6,
0x39c6, 0x39c6, 0x39c6, 0x39c6, 0x39c6, 0x39c6, 0x39c6, 0x39c6, 0x39c6, 0x39c6,
0x39c6, 0x39c6, 0x39c6, 0x39c6, 0x39c6, 0x39c6, 0x39c6, 0x39c6, 0x39c6, 0x39c6,
0x39c6, 0x39c6, 0x39c6, 0x39c6, 0x39c6, 0x39c6, 0x39c6, 0x2965, 0xee05, 0xee05,
0xee05, 0xee05, 0xee05, 0xee05, 0xee05, 0xee05, 0xee05, 0xee05, 0xee05, 0xee05,
0xee05, 0xee05, 0xee05, 0xee05, 0xee05, 0xee05, 0xee05, 0xee05, 0xee05, 0xee05,
0xee05, 0xee05, 0xee05, 0xee05, 0xee05, 0xee05, 0xee05, 0xee05, 0xee05, 0xee05,
0xee05, 0xee05, 0xee05, 0xee05, 0xee05, 0xee05, 0xee05, 0xee05, 0xee05, 0xee06,
0xee06, 0xee26, 0xee26, 0xee26, 0xee26, 0xee27, 0xee27, 0xee27, 0xee27, 0xee27,
0xee27, 0xee27, 0xee27, 0xee27, 0xee27, 0xee27, 0xee27, 0xee27, 0xee27, 0xee27,
0xee27, 0xee27, 0xee27, 0xee27, 0xee27, 0xee27, 0xee27, 0xee27, 0xee27, 0xee27,
0xee27, 0xee27, 0xee27, 0xee27, 0xee27, 0xee27, 0xee27, 0xee27, 0xee27, 0xee27,
0xee27, 0xee27, 0xee27, 0xee27, 0xee27, 0xee28, 0xee28, 0xee27, 0xee28, 0xee28,
0xee28, 0xee28, 0xee28, 0xee49, 0xf68d, 0xee49, 0xee4a, 0xee4a, 0xee4a, 0xee4a,
0xee4a, 0xee4a, 0xee4a, 0xee4a, 0xee4a, 0xee4a, 0xee4a, 0xee4a, 0xee4a, 0xee4a,
0xee4a, 0xee4a, 0xee4a, 0xee4a, 0xee4a, 0xee4a, 0xee4a, 0xee4a, 0xee4a, 0xee4a,
0xee4a, 0xee4a, 0xee4a, 0xee4a, 0xee4a, 0xee4a, 0xee4a, 0xee4a, 0xee4a, 0xee4a,
0xee4a, 0xee2a, 0xee4a, 0xee4a, 0xee4a, 0xee4a, 0xee4a, 0xee4a, 0xee4a, 0xee4a,
0xee4a, 0xee4b, 0xf6af, 0xee6c, 0xee6c, 0xee6c, 0xee6c, 0xee6c, 0xee6c, 0xee6c,
0xee6c, 0xee6c, 0xee6c, 0xee6c, 0xee6c, 0xee6c, 0xee6c, 0xee6c, 0xee6c, 0xee6c,
0xee6c, 0xee6c, 0xee6c, 0xee6c, 0xee6c, 0xee6c, 0xee6c, 0xee6c, 0xee6c, 0xee6c,
0xee6c, 0xee6c, 0xee6c, 0xee6c, 0xee6c, 0xee6c, 0xee6c, 0xee6c, 0xee6c, 0xee6c,
0xee6c, 0xee6c, 0xee6c, 0xee6c, 0xee6c, 0xee6c, 0xee6c, 0xee6c, 0xee6c, 0xee6c,
0xee6e, 0xee6e, 0xee6e, 0xee6e, 0xee6e, 0xee6e, 0xee6e, 0xee6e, 0xee6e, 0xee6e,
0xee6e, 0xee6e, 0xee6e, 0xee6e, 0xee6e, 0xee6e, 0xee6e, 0xee6e, 0xee6e, 0xee6e,
0xee6e, 0xee6e, 0xee6e, 0xee6e, 0xee6e, 0xee6e, 0xee6e, 0xee6e, 0xee6e, 0xee6e,
0xee6e, 0xee6e, 0xee6e, 0xee6e, 0xee6e, 0xee6e, 0xee6e, 0xee6e, 0xee6e, 0xee6e,
0xee6e, 0xee6e, 0xee6e, 0xee6e, 0xee6e, 0xee6e, 0xee6e, 0xee6e, 0xf307, 0xf2e7,
0xf2e7, 0xf2e7, 0xf2e7, 0xf2e7, 0xf2e7, 0xf2e7, 0xf2e7, 0xf2e7, 0xf2e7, 0xf2e7,
0xf2e7, 0xf2e7, 0xf2e7, 0xf2e7, 0xf2e7, 0xf2e7, 0xf2e7, 0xf2e7, 0xf2e7, 0xf2e7,
0xf2e7, 0xf2e7, 0xf2e7, 0xf2e7, 0xf2e7, 0xf2e7, 0xf2e7, 0xf2e7, 0xf2e7, 0xf2e7,
0xf2e7, 0xf2e7, 0xf2e7, 0xf2e7, 0xf2e7, 0xf2e7, 0xf2e7, 0xf2e7, 0xf307, 0xf307,
0xf307, 0xf307, 0xf307, 0xf327, 0xf327, 0xf348, 0xec2d, 0xf3eb, 0xf3eb, 0xf3eb,
0xf3eb, 0xf3eb, 0xf3eb, 0xf3eb, 0xf3eb, 0xf3eb, 0xf3eb, 0xf3eb, 0xf3eb, 0xf3eb,
0xf3eb, 0xf3eb, 0xf3eb, 0xf3eb, 0xf3eb, 0xf3eb, 0xf3eb, 0xf3eb, 0xf3eb, 0xf3eb,
0xf3eb, 0xf3eb, 0xf3eb, 0xf3eb, 0xf3eb, 0xf3eb, 0xf3eb, 0xf3eb, 0xf3eb, 0xf3eb,
0xf3eb, 0xf3eb, 0xf3eb, 0xf3eb, 0xf3eb, 0xf3eb, 0xf3eb, 0xf3eb, 0xf3eb, 0xf3eb,
0xf3eb, 0xf3eb, 0xf3eb, 0xf3eb, 0xf4ac, 0xf4ac, 0xf4ac, 0xf4ac, 0xf4ac, 0xf4ac,
0xf4ac, 0xf4ac, 0xf4ac, 0xf4ac, 0xf4ac, 0xf4ac, 0xf4ac, 0xf4ac, 0xf4ac, 0xf4ac,
0xf4ac, 0xf4ac, 0xf4ac, 0xf4ac, 0xf4ac, 0xf4ac, 0xf4ac, 0xf4ac, 0xf4ac, 0xf4ac,
0xf4ac, 0xf4ac, 0xf4ac, 0xf4ac, 0xf4ac, 0xf4ac, 0xf4ac, 0xf4ac, 0xf4ac, 0xf4ac,
0xf4ac, 0xf4ac, 0xf4ac, 0xf4ac, 0xf4ac, 0xf4ac, 0xf4ac, 0xf4ac, 0xf4ac, 0xf4ac,
0xf4ac, 0xf48c, 0xed8f, 0xf58f, 0xf58f, 0xf58f, 0xf58f, 0xf58f, 0xf58f, 0xf58f,
0xf58f, 0xf58f, 0xf58f, 0xf58f, 0xf58f, 0xf58f, 0xf58f, 0xf58f, 0xf58f, 0xf58f,
0xf58f, 0xf58f, 0xf58f, 0xf58f, 0xf58f, 0xf58f, 0xf58f, 0xf58f, 0xf58f, 0xf58f,
0xf58f, 0xf58f, 0xf58f, 0xf58f, 0xf58f, 0xf58f, 0xf58f, 0xf58f, 0xf58f, 0xf58f,
0xf58f, 0xf58f, 0xf58f, 0xf58f, 0xf58f, 0xf58f, 0xf58f, 0xf58f, 0xf58f, 0xf58f,
0xeef8, 0xef19, 0xef19, 0xef19, 0xef19, 0xef19, 0xef19, 0xef19, 0xef19, 0xef19,
0xef19, 0xef19, 0xef19, 0xef19, 0xef19, 0xef19, 0xef19, 0xef19, 0xef19, 0xef19,
0xef19, 0xef19, 0xef19, 0xef19, 0xef19, 0xef19, 0xef19, 0xef19, 0xef19, 0xef19,
0xef19, 0xef19, 0xef19, 0xef19, 0xef19, 0xef19, 0xef19, 0xef19, 0xef19, 0xef19,
0xef19, 0xef19, 0xef19, 0xef19, 0xef19, 0xef19, 0xef19, 0xeef8, 0xef3b, 0xef3b,
0xef3b, 0xef3b, 0xef3b, 0xef3b, 0xef3b, 0xef3b, 0xef3b, 0xef3b, 0xef3b, 0xef3b,
0xef3b, 0xef3b, 0xef3b, 0xef3b, 0xef3b, 0xef3b, 0xef3b, 0xef3b, 0xef3b, 0xef3b,
0xef3b, 0xef3b, 0xef3b, 0xef3b, 0xef3b, 0xef3b, 0xef3b, 0xef3b, 0xef3b, 0xef3b,
0xef3b, 0xef3b, 0xef3b, 0xef3b, 0xef3b, 0xef3b, 0xef3b, 0xef3b, 0xef3b, 0xef3b,
0xef3b, 0xef3b, 0xef3b, 0xef3b, 0xef3b, 0xef3b, 0xce16, 0xce16, 0xce16, 0xce16,
0xce16, 0xce16, 0xce16, 0xce16, 0xce16, 0xce16, 0xce16, 0xce16, 0xce16, 0xce16,
0xce16, 0xce16, 0xce16, 0xce16, 0xce16, 0xce16, 0xce16, 0xce16, 0xce16, 0xce16,
0xce16, 0xce16, 0xce16, 0xce16, 0xce16, 0xce16, 0xce16, 0xce16, 0xce16, 0xce16,
0xce16, 0xce16, 0xce16, 0xce16, 0xce16, 0xce16, 0xce16, 0xce16, 0xce16, 0xce16,
0xce16, 0xce16, 0xce16, 0xce16, 
0x39c6, 0x39c6, 0x39c6, 0x39c6, 0x39c6, 0x39c6, 0x39c6, 0x39c6, 0x39c6, 0x39c6,
0x39c6, 0x39c6, 0x39c6, 0x39c6, 0x39c6, 0x39c6, 0x39c6, 0x39c6, 0x39c6, 0x39c6,
0x39c6, 0x39c6, 0x39c6, 0x39c6, 0x39c6, 0x39c6, 0x39c6, 0x39c6, 0x39c6, 0x39c6,
0x39c6, 0x39c6, 0x39c6, 0x39c6, 0x39c6, 0x39c6, 0x39c6, 0x39c6, 0x39c6, 0x39c6,
0x39c6, 0x39c6, 0x39c6, 0x39c6, 0x39c6, 0x39c6, 0x39c6, 0x39c6, 0x39c6, 0x39c6,
0x39c6, 0x39c6, 0x39c6, 0x39c6, 0x39c6, 0x39c6, 0x39c6, 0x39c6, 0x39c6, 0x39c6,
0x39c6, 0x39c6, 0x39c6, 0x39c6, 0x39c6, 0x39c6, 0x39c6, 0x39c6, 0x39c6, 0x39c6,
0x39c6, 0x39c6, 0x39c6, 0x39c6, 0x39c6, 0x39c6, 0x39c6, 0x39c6, 0x39c6, 0x39c6,
0x39c6, 0x39c6, 0x39c6, 0x39c6, 0x39c6, 0x39c6, 0x39c6, 0x39c6, 0x39c6, 0x39c6,
0x39c6, 0x39c6, 0x39c6, 0x39c6, 0x39c6, 0x39c6, 0x39c6, 0x39c6, 0x39c6, 0x39c6,
0x39c6, 0x39c6, 0x39c6, 0x39c6, 0x39c6, 0x39c6, 0x39c6, 0x39c6, 0x39c6, 0x39c6,
0x39c6, 0x39c6, 0x39c6, 0x39c6, 0x39c6, 0x39c6, 0x39c6, 0x39c6, 0x39c6, 0x39c6,
0x39c6, 0x39c6, 0x39c6, 0x39c6, 0x39c6, 0x39c6, 0x39c6, 0x39c6, 0x39c6, 0x39c6,
0x39c6, 0x39c6, 0x39c6, 0x39c6, 0x39c6, 0x39c6, 0x39c6, 0x39c6, 0x39c6, 0x39c6,
0x39c6, 0x39c6, 0x39c6, 0x39c6, 0x39c6, 0x39c6, 0x39c6, 0x39c6, 0x39c6, 0x39c6,
0x39c6, 0x39c6, 0x39c6, 0x39c6, 0x39c6, 0x39c6, 0x39c6, 0x39c6, 0x39c6, 0x39c6,
0x39c6, 0x39c6, 0x39c6, 0x39c6, 0x39c6, 0x39c6, 0x39c6, 0x39c6, 0x39c6, 0x39c6,
0x39c6, 0x39c6, 0x39c6, 0x39c6, 0x39c6, 0x39c6, 0x39c6, 0x39c6, 0x39c6, 0x39c6,
0x39c6, 0x39c6, 0x39c6, 0x39c6, 0x39c6, 0x39c6, 0x39c6, 0x39c6, 0x39c6, 0x39c6,
0x39c6, 0x39c6, 0x39c6, 0x39c6, 0x39c6, 0x39c6, 0x39c6, 0x39c6, 0x39c6, 0x39c6,
0x39c6, 0x39c6, 0x39c6, 0x39c6, 0x39c6, 0x39c6, 0x39c6, 0x39c6, 0x39c6, 0x39c6,
0x39c6, 0x39c6, 0x39c6, 0x39c6, 0x39c6, 0x39c6, 0x39c6, 0x39c6, 0x39c6, 0x39c6,
0x39c6, 0x39c6, 0x39c6, 0x39c6, 0x39c6, 0x39c6, 0x39c6, 0x39c6, 0x39c6, 0x39c6,
0x39c6, 0x39c6, 0x39c6, 0x39c6, 0x39c6, 0x39c6, 0x39c6, 0x39c6, 0x39c6, 0x39c6,
0x39c6, 0x39c6, 0x39c6, 0x39c6, 0x39c6, 0x39c6, 0x39c6, 0x39c6, 0x39c6, 0x39c6,
0x39c6, 0x39c6, 0x39c6, 0x39c6, 0x39c6, 0x39c6, 0x39c6, 0x39c6, 0x39c6, 0x39c6,
0x39c6, 0x39c6, 0x39c6, 0x39c6, 0x39c6, 0x39c6, 0x39c6, 0x39c6, 0x39c6, 0x39c6,
0x39c6, 0x39c6, 0x39c6, 0x39c6, 0x39c6, 0x39c6, 0x39c6, 0x39c6, 0x39c6, 0x39c6,
0x39c6, 0x39c6, 0x39c6, 0x39c6, 0x39c6, 0x39c6, 0x39c6, 0x3165, 0xee05, 0xee05,
0xee05, 0xee05, 0xee05, 0xee05, 0xee05, 0xee05, 0xee05, 0xee05, 0xee05, 0xee05,
0xee05, 0xee05, 0xee05, 0xee05, 0xee05, 0xee05, 0xee05, 0xee05, 0xee05, 0xee05,
0xee05, 0xee05, 0xee05, 0xee05, 0xee05, 0xee05, 0xee05, 0xee05, 0xee05, 0xee05,
0xee05, 0xee05, 0xee05, 0xee05, 0xee05, 0xee05, 0xee05, 0xee06, 0xee06, 0xee06,
0xee06, 0xee26, 0xee26, 0xee26, 0xee26, 0xee27, 0xee27, 0xee27, 0xee27, 0xee27,
0xee27, 0xee27, 0xee27, 0xee27, 0xee27, 0xee27, 0xee27, 0xee27, 0xee27, 0xee27,
0xee27, 0xee27, 0xee27, 0xee27, 0xee27, 0xee27, 0xee27, 0xee27, 0xee27, 0xee27,
0xee27, 0xee27, 0xee27, 0xee27, 0xee27, 0xee27, 0xee27, 0xee27, 0xee27, 0xee27,
0xee27, 0xee27, 0xee28, 0xee28, 0xee28, 0xee28, 0xee28, 0xee28, 0xee28, 0xee28,
0xee28, 0xee28, 0xee28, 0xee49, 0xee6d, 0xee4a, 0xee4a, 0xee4a, 0xee4a, 0xee4a,
0xee4a, 0xee4a, 0xee4a, 0xee4a, 0xee4a, 0xee4a, 0xee4a, 0xee4a, 0xee4a, 0xee4a,
0xee4a, 0xee4a, 0xee4a, 0xee4a, 0xee4a, 0xee4a, 0xee4a, 0xee4a, 0xee4a, 0xee4a,
0xee4a, 0xee4a, 0xee4a, 0xee4a, 0xee4a, 0xee4a, 0xee4a, 0xee4a, 0xee4a, 0xee4a,
0xee4a, 0xee4a, 0xee4a, 0xee4a, 0xee4a, 0xee4a, 0xee4a, 0xee4a, 0xee4a, 0xee4a,
0xee4a, 0xee4a, 0xee8e, 0xee6c, 0xee6c, 0xee6c, 0xee6c, 0xee6c, 0xee6c, 0xee6c,
0xee6c, 0xee6c, 0xee6c, 0xee6c, 0xee6c, 0xee6c, 0xee6c, 0xee6c, 0xee6c, 0xee6c,
0xee6c, 0xee6c, 0xee6c, 0xee6c, 0xee6c, 0xee6c, 0xee6c, 0xee6c, 0xee6c, 0xee6c,
0xee6c, 0xee6c, 0xee6c, 0xee6c, 0xee6c, 0xee6c, 0xee6c, 0xee6c, 0xee6c, 0xee6c,
0xee6c, 0xee6c, 0xee6c, 0xee6c, 0xee6c, 0xee6c, 0xee6c, 0xee6c, 0xee6c, 0xee6c,
0xee6e, 0xee6e, 0xee6e, 0xee6e, 0xee6e, 0xee6e, 0xee6e, 0xee6e, 0xee6e, 0xee6e,
0xee6e, 0xee6e, 0xee6e, 0xee6e, 0xee6e, 0xee6e, 0xee6e, 0xee6e, 0xee6e, 0xee6e,
0xee6e, 0xee6e, 0xee6e, 0xee6e, 0xee6e, 0xee6e, 0xee6e, 0xee6e, 0xee6e, 0xee6e,
0xee6e, 0xee6e, 0xee6e, 0xee6e, 0xee6e, 0xee6e, 0xee6e, 0xee6e, 0xee6e, 0xee6e,
0xee6e, 0xee6e, 0xee6e, 0xee6e, 0xee6e, 0xee6e, 0xee6e, 0xee6e, 0xf307, 0xf2e7,
0xf2e7, 0xf2e7, 0xf2e7, 0xf2e7, 0xf2e7, 0xf2e7, 0xf2e7, 0xf2e7, 0xf2e7, 0xf2e7,
0xf2e7, 0xf2e7, 0xf2e7, 0xf2e7, 0xf2e7, 0xf2e7, 0xf2e7, 0xf2e7, 0xf2e7, 0xf2e7,
0xf2e7, 0xf2e7, 0xf2e7, 0xf2e7, 0xf2e7, 0xf2e7, 0xf2e7, 0xf2e7, 0xf2e7, 0xf2e7,
0xf2e7, 0xf2e7, 0xf2e7, 0xf2e7, 0xf2e7, 0xf2e7, 0xf2e7, 0xf2e7, 0xf307, 0xf307,
0xf307, 0xf307, 0xf307, 0xf327, 0xf327, 0xf348, 0xec2d, 0xf3eb, 0xf3eb, 0xf3eb,
0xf3eb, 0xf3eb, 0xf3eb, 0xf3eb, 0xf3eb, 0xf3eb, 0xf3eb, 0xf3eb, 0xf3eb, 0xf3eb,
0xf3eb, 0xf3eb, 0xf3eb, 0xf3eb, 0xf3eb, 0xf3eb, 0xf3eb, 0xf3eb, 0xf3eb, 0xf3eb,
0xf3eb, 0xf3eb, 0xf3eb, 0xf3eb, 0xf3eb, 0xf3eb, 0xf3eb, 0xf3eb, 0xf3eb, 0xf3eb,
0xf3eb, 0xf3eb, 0xf3eb, 0xf3eb, 0xf3eb, 0xf3eb, 0xf3eb, 0xf3eb, 0xf3eb, 0xf3eb,
0xf3eb, 0xf3eb, 0xf3eb, 0xf3eb, 0xf4ac, 0xf4ac, 0xf4ac, 0xf4ac, 0xf4ac, 0xf4ac,
0xf4ac, 0xf4ac, 0xf4ac, 0xf4ac, 0xf4ac, 0xf4ac, 0xf4ac, 0xf4ac, 0xf4ac, 0xf4ac,
0xf4ac, 0xf4ac, 0xf4ac, 0xf4ac, 0xf4ac, 0xf4ac, 0xf4ac, 0xf4ac, 0xf4ac, 0xf4ac,
0xf4ac, 0xf4ac, 0xf4ac, 0xf4ac, 0xf4ac, 0xf4ac, 0xf4ac, 0xf4ac, 0xf4ac, 0xf4ac,
0xf4ac, 0xf4ac, 0xf4ac, 0xf4ac, 0xf4ac, 0xf4ac, 0xf4ac, 0xf4ac, 0xf4ac, 0xf4ac,
0xf4ac, 0xf48c, 0xed8f, 0xf58f, 0xf58f, 0xf58f, 0xf58f, 0xf58f, 0xf58f, 0xf58f,
0xf58f, 0xf58f, 0xf58f, 0xf58f, 0xf58f, 0xf58f, 0xf58f, 0xf58f, 0xf58f, 0xf58f,
0xf58f, 0xf58f, 0xf58f, 0xf58f, 0xf58f, 0xf58f, 0xf58f, 0xf58f, 0xf58f, 0xf58f,
0xf58f, 0xf58f, 0xf58f, 0xf58f, 0xf58f, 0xf58f, 0xf58f, 0xf58f, 0xf58f, 0xf58f,
0xf58f, 0xf58f, 0xf58f, 0xf58f, 0xf58f, 0xf58f, 0xf58f, 0xf58f, 0xf58f, 0xf58f,
0xeef8, 0xef19, 0xef19, 0xef19, 0xef19, 0xef19, 0xef19, 0xef19, 0xef19, 0xef19,
0xef19, 0xef19, 0xef19, 0xef19, 0xef19, 0xef19, 0xef19, 0xef19, 0xef19, 0xef19,
0xef19, 0xef19, 0xef19, 0xef19, 0xef19, 0xef19, 0xef19, 0xef19, 0xef19, 0xef19,
0xef19, 0xef19, 0xef19, 0xef19, 0xef19, 0xef19, 0xef19, 0xef19, 0xef19, 0xef19,
0xef19, 0xef19, 0xef19, 0xef19, 0xef19, 0xef19, 0xef19, 0xeef8, 0xef3b, 0xef3b,
0xef3b, 0xef3b, 0xef3b, 0xef3b, 0xef3b, 0xef3b, 0xef3b, 0xef3b, 0xef3b, 0xef3b,
0xef3b, 0xef3b, 0xef3b, 0xef3b, 0xef3b, 0xef3b, 0xef3b, 0xef3b, 0xef3b, 0xef3b,
0xef3b, 0xef3b, 0xef3b, 0xef3b, 0xef3b, 0xef3b, 0xef3b, 0xef3b, 0xef3b, 0xef3b,
0xef3b, 0xef3b, 0xef3b, 0xef3b, 0xef3b, 0xef3b, 0xef3b, 0xef3b, 0xef3b, 0xef3b,
0xef3b, 0xef3b, 0xef3b, 0xef3b, 0xef3b, 0xef3b, 0xce16, 0xce16, 0xce16, 0xce16,
0xce16, 0xce16, 0xce16, 0xce16, 0xce16, 0xce16, 0xce16, 0xce16, 0xce16, 0xce16,
0xce16, 0xce16, 0xce16, 0xce16, 0xce16, 0xce16, 0xce16, 0xce16, 0xce16, 0xce16,
0xce16, 0xce16, 0xce16, 0xce16, 0xce16, 0xce16, 0xce16, 0xce16, 0xce16, 0xce16,
0xce16, 0xce16, 0xce16, 0xce16, 0xce16, 0xce16, 0xce16, 0xce16, 0xce16, 0xce16,
0xce16, 0xce16, 0xce16, 0xce16, 
0x39c6, 0x39c6, 0x39c6, 0x39c6, 0x39c6, 0x39c6, 0x39c6, 0x39c6, 0x39c6, 0x39c6,
0x39c6, 0x39c6, 0x39c6, 0x39c6, 0x39c6, 0x39c6, 0x39c6, 0x39c6, 0x39c6, 0x39c6,
0x39c6, 0x39c6, 0x39c6, 0x39c6, 0x39c6, 0x39c6, 0x39c6, 0x39c6, 0x39c6, 0x39c6,
0x39c6, 0x39c6, 0x39c6, 0x39c6, 0x39c6, 0x39c6, 0x39c6, 0x39c6, 0x39c6, 0x39c6,
0x39c6, 0x39c6, 0x39c6, 0x39c6, 0x39c6, 0x39c6, 0x39c6, 0x39c6, 0x39c6, 0x39c6,
0x39c6, 0x39c6, 0x39c6, 0x39c6, 0x39c6, 0x39c6, 0x39c6, 0x39c6, 0x39c6, 0x39c6,
0x39c6, 0x39c6, 0x39c6, 0x39c6, 0x39c6, 0x39c6, 0x39c6, 0x39c6, 0x39c6, 0x39c6,
0x39c6, 0x39c6, 0x39c6, 0x39c6, 0x39c6, 0x39c6, 0x39c6, 0x39c6, 0x39c6, 0x39c6,
0x39c6, 0x39c6, 0x39c6, 0x39c6, 0x39c6, 0x39c6, 0x39c6, 0x39c6, 0x39c6, 0x39c6,
0x39c6, 0x39c6, 0x39c6, 0x39c6, 0x39c6, 0x39c6, 0x39c6, 0x39c6, 0x39c6, 0x39c6,
0x39c6, 0x39c6, 0x39c6, 0x39c6, 0x39c6, 0x39c6, 0x39c6, 0x39c6, 0x39c6, 0x39c6,
0x39c6, 0x39c6, 0x39c6, 0x39c6, 0x39c6, 0x39c6, 0x39c6, 0x39c6, 0x39c6, 0x39c6,
0x39c6, 0x39c6, 0x39c6, 0x39c6, 0x39c6, 0x39c6, 0x39c6, 0x39c6, 0x39c6, 0x39c6,
0x39c6, 0x39c6, 0x39c6, 0x39c6, 0x39c6, 0x39c6, 0x39c6, 0x39c6, 0x39c6, 0x39c6,
0x39c6, 0x39c6, 0x39c6, 0x39c6, 0x39c6, 0x39c6, 0x39c6, 0x39c6, 0x39c6, 0x39c6,
0x39c6, 0x39c6, 0x39c6, 0x39c6, 0x39c6, 0x39c6, 0x39c6, 0x39c6, 0x39c6, 0x39c6,
0x39c6, 0x39c6, 0x39c6, 0x39c6, 0x39c6, 0x39c6, 0x39c6, 0x39c6, 0x39c6, 0x39c6,
0x39c6, 0x39c6, 0x39c6, 0x39c6, 0x39c6, 0x39c6, 0x39c6, 0x39c6, 0x39c6, 0x39c6,
0x39c6, 0x39c6, 0x39c6, 0x39c6, 0x39c6, 0x39c6, 0x39c6, 0x39c6, 0x39c6, 0x39c6,
0x39c6, 0x39c6, 0x39c6, 0x39c6, 0x39c6, 0x39c6, 0x39c6, 0x39c6, 0x39c6, 0x39c6,
0x39c6, 0x39c6, 0x39c6, 0x39c6, 0x39c6, 0x39c6, 0x39c6, 0x39c6, 0x39c6, 0x39c6,
0x39c6, 0x39c6, 0x39c6, 0x39c6, 0x39c6, 0x39c6, 0x39c6, 0x39c6, 0x39c6, 0x39c6,
0x39c6, 0x39c6, 0x39c6, 0x39c6, 0x39c6, 0x39c6, 0x39c6, 0x39c6, 0x39c6, 0x39c6,
0x39c6, 0x39c6, 0x39c6, 0x39c6, 0x39c6, 0x39c6, 0x39c6, 0x39c6, 0x39c6, 0x39c6,
0x39c6, 0x39c6, 0x39c6, 0x39c6, 0x39c6, 0x39c6, 0x39c6, 0x39c6, 0x39c6, 0x39c6,
0x39c6, 0x39c6, 0x39c6, 0x39c6, 0x39c6, 0x39c6, 0x39c6, 0x39c6, 0x39c6, 0x39c6,
0x39c6, 0x39c6, 0x39c6, 0x39c6, 0x39c6, 0x39c6, 0x39c6, 0x39c6, 0x39c6, 0x39c6,
0x39c6, 0x39c6, 0x39c6, 0x39c6, 0x39c6, 0x39c6, 0x39c6, 0x39c6, 0x39c6, 0x39c6,
0x39c6, 0x39c6, 0x39c6, 0x39c6, 0x39c6, 0x39c6, 0x39c6, 0x3165, 0xee05, 0xee05,
0xee05, 0xee05, 0xee05, 0xee05, 0xee05, 0xee05, 0xee05, 0xee05, 0xee05, 0xee05,
0xee05, 0xee05, 0xee05, 0xee05, 0xee05, 0xee05, 0xee05, 0xee05, 0xee05, 0xee05,
0xee05, 0xee05, 0xee05, 0xee05, 0xee05, 0xee05, 0xee05, 0xee05, 0xee05, 0xee05,
0xee05, 0xee05, 0xee05, 0xee05, 0xee05, 0xee05, 0xee05, 0xee06, 0xee06, 0xee26,
0xee06, 0xee26, 0xee26, 0xee26, 0xee26, 0xee27, 0xee27, 0xee27, 0xee27, 0xee27,
0xee27, 0xee27, 0xee27, 0xee27, 0xee27, 0xee27, 0xee27, 0xee27, 0xee27, 0xee27,
0xee27, 0xee27, 0xee27, 0xee27, 0xee27, 0xee27, 0xee27, 0xee27, 0xee27, 0xee27,
0xee27, 0xee27, 0xee27, 0xee27, 0xee27, 0xee27, 0xee27, 0xee27, 0xee27, 0xee27,
0xee27, 0xee27, 0xee28, 0xee28, 0xee27, 0xee28, 0xee28, 0xee28, 0xee28, 0xee28,
0xee28, 0xee28, 0xee28, 0xee49, 0xee6d, 0xee4a, 0xee4a, 0xee4a, 0xee4a, 0xee4a,
0xee4a, 0xee4a, 0xee4a, 0xee4a, 0xee4a, 0xee4a, 0xee4a, 0xee4a, 0xee4a, 0xee4a,
0xee4a, 0xee4a, 0xee4a, 0xee4a, 0xee4a, 0xee4a, 0xee4a, 0xee4a, 0xee4a, 0xee4a,
0xee4a, 0xee4a, 0xee4a, 0xee4a, 0xee4a, 0xee4a, 0xee4a, 0xee4a, 0xee4a, 0xee4a,
0xee4a, 0xee4a, 0xee4a, 0xee4a, 0xee4a, 0xee4a, 0xee4a, 0xee4a, 0xee4a, 0xee4a,
0xee4a, 0xee4b, 0xee8e, 0xee6c, 0xee6c, 0xee6c, 0xee6c, 0xee6c, 0xee6c, 0xee6c,
0xee6c, 0xee6c, 0xee6c, 0xee6c, 0xee6c, 0xee6c, 0xee6c, 0xee6c, 0xee6c, 0xee6c,
0xee6c, 0xee6c, 0xee6c, 0xee6c, 0xee6c, 0xee6c, 0xee6c, 0xee6c, 0xee6c, 0xee6c,
0xee6c, 0xee6c, 0xee6c, 0xee6c, 0xee6c, 0xee6c, 0xee6c, 0xee6c, 0xee6c, 0xee6c,
0xee6c, 0xee6c, 0xee6c, 0xee6c, 0xee6c, 0xee6c, 0xee6c, 0xee6c, 0xee6c, 0xee6c,
0xee6e, 0xee6e, 0xee6e, 0xee6e, 0xee6e, 0xee6e, 0xee6e, 0xee6e, 0xee6e, 0xee6e,
0xee6e, 0xee6e, 0xee6e, 0xee6e, 0xee6e, 0xee6e, 0xee6e, 0xee6e, 0xee6e, 0xee6e,
0xee6e, 0xee6e, 0xee6e, 0xee6e, 0xee6e, 0xee6e, 0xee6e, 0xee6e, 0xee6e, 0xee6e,
0xee6e, 0xee6e, 0xee6e, 0xee6e, 0xee6e, 0xee6e, 0xee6e, 0xee6e, 0xee6e, 0xee6e,
0xee6e, 0xee6e, 0xee6e, 0xee6e, 0xee6e, 0xee6e, 0xee6e, 0xee6e, 0xf307, 0xf2e7,
0xf2e7, 0xf2e7, 0xf2e7, 0xf2e7, 0xf2e7, 0xf2e7, 0xf2e7, 0xf2e7, 0xf2e7, 0xf2e7,
0xf2e7, 0xf2e7, 0xf2e7, 0xf2e7, 0xf2e7, 0xf2e7, 0xf2e7, 0xf2e7, 0xf2e7, 0xf2e7,
0xf2e7, 0xf2e7, 0xf2e7, 0xf2e7, 0xf2e7, 0xf2e7, 0xf2e7, 0xf2e7, 0xf2e7, 0xf2e7,
0xf2e7, 0xf2e7, 0xf2e7, 0xf2e7, 0xf2e7, 0xf2e7, 0xf2e7, 0xf2e7, 0xf307, 0xf307,
0xf307, 0xf307, 0xf327, 0xf327, 0xf327, 0xf348, 0xec2d, 0xf3eb, 0xf3eb, 0xf3eb,
0xf3eb, 0xf3eb, 0xf3eb, 0xf3eb, 0xf3eb, 0xf3eb, 0xf3eb, 0xf3eb, 0xf3eb, 0xf3eb,
0xf3eb, 0xf3eb, 0xf3eb, 0xf3eb, 0xf3eb, 0xf3eb, 0xf3eb, 0xf3eb, 0xf3eb, 0xf3eb,
0xf3eb, 0xf3eb, 0xf3eb, 0xf3eb, 0xf3eb, 0xf3eb, 0xf3eb, 0xf3eb, 0xf3eb, 0xf3eb,
0xf3eb, 0xf3eb, 0xf3eb, 0xf3eb, 0xf3eb, 0xf3eb, 0xf3eb, 0xf3eb, 0xf3eb, 0xf3eb,
0xf3eb, 0xf3eb, 0xf3eb, 0xf3eb, 0xf4ac, 0xf4ac, 0xf4ac, 0xf4ac, 0xf4ac, 0xf4ac,
0xf4ac, 0xf4ac, 0xf4ac, 0xf4ac, 0xf4ac, 0xf4ac, 0xf4ac, 0xf4ac, 0xf4ac, 0xf4ac,
0xf4ac, 0xf4ac, 0xf4ac, 0xf4ac, 0xf4ac, 0xf4ac, 0xf4ac, 0xf4ac, 0xf4ac, 0xf4ac,
0xf4ac, 0xf4ac, 0xf4ac, 0xf4ac, 0xf4ac, 0xf4ac, 0xf4ac, 0xf4ac, 0xf4ac, 0xf4ac,
0xf4ac, 0xf4ac, 0xf4ac, 0xf4ac, 0xf4ac, 0xf4ac, 0xf4ac, 0xf4ac, 0xf4ac, 0xf4ac,
0xf4ac, 0xf48c, 0xed8f, 0xf58f, 0xf58f, 0xf58f, 0xf58f, 0xf58f, 0xf58f, 0xf58f,
0xf58f, 0xf58f, 0xf58f, 0xf58f, 0xf58f, 0xf58f, 0xf58f, 0xf58f, 0xf58f, 0xf58f,
0xf58f, 0xf58f, 0xf58f, 0xf58f, 0xf58f, 0xf58f, 0xf58f, 0xf58f, 0xf58f, 0xf58f,
0xf58f, 0xf58f, 0xf58f, 0xf58f, 0xf58f, 0xf58f, 0xf58f, 0xf58f, 0xf58f, 0xf58f,
0xf58f, 0xf58f, 0xf58f, 0xf58f, 0xf58f, 0xf58f, 0xf58f, 0xf58f, 0xf58f, 0xf58f,
0xeef8, 0xef19, 0xef19, 0xef19, 0xef19, 0xef19, 0xef19, 0xef19, 0xef19, 0xef19,
0xef19, 0xef19, 0xef19, 0xef19, 0xef19, 0xef19, 0xef19, 0xef19, 0xef19, 0xef19,
0xef19, 0xef19, 0xef19, 0xef19, 0xef19, 0xef19, 0xef19, 0xef19, 0xef19, 0xef19,
0xef19, 0xef19, 0xef19, 0xef19, 0xef19, 0xef19, 0xef19, 0xef19, 0xef19, 0xef19,
0xef19, 0xef19, 0xef19, 0xef19, 0xef19, 0xef19, 0xef19, 0xeef8, 0xef3b, 0xef3b,
0xef3b, 0xef3b, 0xef3b, 0xef3b, 0xef3b, 0xef3b, 0xef3b, 0xef3b, 0xef3b, 0xef3b,
0xef3b, 0xef3b, 0xef3b, 0xef3b, 0xef3b, 0xef3b, 0xef3b, 0xef3b, 0xef3b, 0xef3b,
0xef3b, 0xef3b, 0xef3b, 0xef3b, 0xef3b, 0xef3b, 0xef3b, 0xef3b, 0xef3b, 0xef3b,
0xef3b, 0xef3b, 0xef3b, 0xef3b, 0xef3b, 0xef3b, 0xef3b, 0xef3b, 0xef3b, 0xef3b,
0xef3b, 0xef3b, 0xef3b, 0xef3b, 0xef3b, 0xef3b, 0xce16, 0xce16, 0xce16, 0xce16,
0xce16, 0xce16, 0xce16, 0xce16, 0xce16, 0xce16, 0xce16, 0xce16, 0xce16, 0xce16,
0xce16, 0xce16, 0xce16, 0xce16, 0xce16, 0xce16, 0xce16, 0xce16, 0xce16, 0xce16,
0xce16, 0xce16, 0xce16, 0xce16, 0xce16, 0xce16, 0xce16, 0xce16, 0xce16, 0xce16,
0xce16, 0xce16, 0xce16, 0xce16, 0xce16, 0xce16, 0xce16, 0xce16, 0xce16, 0xce16,
0xce16, 0xce16, 0xce16, 0xce16, 
0x39c6, 0x39c6, 0x39c6, 0x39c6, 0x39c6, 0x39c6, 0x39c6, 0x39c6, 0x39c6, 0x39c6,
0x39c6, 0x39c6, 0x39c6, 0x39c6, 0x39c6, 0x39c6, 0x39c6, 0x39c6, 0x39c6, 0x39c6,
0x39c6, 0x39c6, 0x39c6, 0x39c6, 0x39c6, 0x39c6, 0x39c6, 0x39c6, 0x39c6, 0x39c6,
0x39c6, 0x39c6, 0x39c6, 0x39c6, 0x39c6, 0x39c6, 0x39c6, 0x39c6, 0x39c6, 0x39c6,
0x39c6, 0x39c6, 0x39c6, 0x39c6, 0x39c6, 0x39c6, 0x39c6, 0x39c6, 0x39c6, 0x39c6,
0x39c6, 0x39c6, 0x39c6, 0x39c6, 0x39c6, 0x39c6, 0x39c6, 0x39c6, 0x39c6, 0x39c6,
0x39c6, 0x39c6, 0x39c6, 0x39c6, 0x39c6, 0x39c6, 0x39c6, 0x39c6, 0x39c6, 0x39c6,
0x39c6, 0x39c6, 0x39c6, 0x39c6, 0x39c6, 0x39c6, 0x39c6, 0x39c6, 0x39c6, 0x39c6,
0x39c6, 0x39c6, 0x39c6, 0x39c6, 0x39c6, 0x39c6, 0x39c6, 0x39c6, 0x39c6, 0x39c6,
0x39c6, 0x39c6, 0x39c6, 0x39c6, 0x39c6, 0x39c6, 0x39c6, 0x39c6, 0x39c6, 0x39c6,
0x39c6, 0x39c6, 0x39c6, 0x39c6, 0x39c6, 0x39c6, 0x39c6, 0x39c6, 0x39c6, 0x39c6,
0x39c6, 0x39c6, 0x39c6, 0x39c6, 0x39c6, 0x39c6, 0x39c6, 0x39c6, 0x39c6, 0x39c6,
0x39c6, 0x39c6, 0x39c6, 0x39c6, 0x39c6, 0x39c6, 0x39c6, 0x39c6, 0x39c6, 0x39c6,
0x39c6, 0x39c6, 0x39c6, 0x39c6, 0x39c6, 0x39c6, 0x39c6, 0x39c6, 0x39c6, 0x39c6,
0x39c6, 0x39c6, 0x39c6, 0x39c6, 0x39c6, 0x39c6, 0x39c6, 0x39c6, 0x39c6, 0x39c6,
0x39c6, 0x39c6, 0x39c6, 0x39c6, 0x39c6, 0x39c6, 0x39c6, 0x39c6, 0x39c6, 0x39c6,
0x39c6, 0x39c6, 0x39c6, 0x39c6, 0x39c6, 0x39c6, 0x39c6, 0x39c6, 0x39c6, 0x39c6,
0x39c6, 0x39c6, 0x39c6, 0x39c6, 0x39c6, 0x39c6, 0x39c6, 0x39c6, 0x39c6, 0x39c6,
0x39c6, 0x39c6, 0x39c6, 0x39c6, 0x39c6, 0x39c6, 0x39c6, 0x39c6, 0x39c6, 0x39c6,
0x39c6, 0x39c6, 0x39c6, 0x39c6, 0x39c6, 0x39c6, 0x39c6, 0x39c6, 0x39c6, 0x39c6,
0x39c6, 0x39c6, 0x39c6, 0x39c6, 0x39c6, 0x39c6, 0x39c6, 0x39c6, 0x39c6, 0x39c6,
0x39c6, 0x39c6, 0x39c6, 0x39c6, 0x39c6, 0x39c6, 0x39c6, 0x39c6, 0x39c6, 0x39c6,
0x39c6, 0x39c6, 0x39c6, 0x39c6, 0x39c6, 0x39c6, 0x39c6, 0x39c6, 0x39c6, 0x39c6,
0x39c6, 0x39c6, 0x39c6, 0x39c6, 0x39c6, 0x39c6, 0x39c6, 0x39c6, 0x39c6, 0x39c6,
0x39c6, 0x39c6, 0x39c6, 0x39c6, 0x39c6, 0x39c6, 0x39c6, 0x39c6, 0x39c6, 0x39c6,
0x39c6, 0x39c6, 0x39c6, 0x39c6, 0x39c6, 0x39c6, 0x39c6, 0x39c6, 0x39c6, 0x39c6,
0x39c6, 0x39c6, 0x39c6, 0x39c6, 0x39c6, 0x39c6, 0x39c6, 0x39c6, 0x39c6, 0x39c6,
0x39c6, 0x39c6, 0x39c6, 0x39c6, 0x39c6, 0x39c6, 0x39c6, 0x39c6, 0x39c6, 0x39c6,
0x39c6, 0x39c6, 0x39c6, 0x39c6, 0x39c6, 0x39c6, 0x39c6, 0x3165, 0xee05, 0xee05,
0xee05, 0xee05, 0xee05, 0xee05, 0xee05, 0xee05, 0xee05, 0xee05, 0xee05, 0xee05,
0xee05, 0xee05, 0xee05, 0xee05, 0xee05, 0xee05, 0xee05, 0xee05, 0xee05, 0xee05,
0xee05, 0xee05, 0xee05, 0xee05, 0xee05, 0xee05, 0xee05, 0xee05, 0xee05, 0xee05,
0xee05, 0xee05, 0xee05, 0xee05, 0xee05, 0xee05, 0xee05, 0xee06, 0xee06, 0xee26,
0xee06, 0xee06, 0xee26, 0xee26, 0xee26, 0xee27, 0xee27, 0xee27, 0xee27, 0xee27,
0xee27, 0xee27, 0xee27, 0xee27, 0xee27, 0xee27, 0xee27, 0xee27, 0xee27, 0xee27,
0xee27, 0xee27, 0xee27, 0xee27, 0xee27, 0xee27, 0xee27, 0xee27, 0xee27, 0xee27,
0xee27, 0xee27, 0xee27, 0xee27, 0xee27, 0xee27, 0xee27, 0xee27, 0xee27, 0xee27,
0xee27, 0xee27, 0xee28, 0xee28, 0xee27, 0xee28, 0xee28, 0xee28, 0xee28, 0xee28,
0xee28, 0xee28, 0xee28, 0xee49, 0xee6d, 0xee4a, 0xee4a, 0xee4a, 0xee4a, 0xee4a,
0xee4a, 0xee4a, 0xee4a, 0xee4a, 0xee4a, 0xee4a, 0xee4a, 0xee4a, 0xee4a, 0xee4a,
0xee4a, 0xee4a, 0xee4a, 0xee4a, 0xee4a, 0xee4a, 0xee4a, 0xee4a, 0xee4a, 0xee4a,
0xee4a, 0xee4a, 0xee4a, 0xee4a, 0xee4a, 0xee4a, 0xee4a, 0xee4a, 0xee4a, 0xee4a,
0xee4a, 0xee4a, 0xee4a, 0xee4a, 0xee4a, 0xee4a, 0xee4a, 0xee4a, 0xee4a, 0xee4a,
0xee4a, 0xee4a, 0xee8e, 0xee6c, 0xee6c, 0xee6c, 0xee6c, 0xee6c, 0xee6c, 0xee6c,
0xee6c, 0xee6c, 0xee6c, 0xee6c, 0xee6c, 0xee6c, 0xee6c, 0xee6c, 0xee6c, 0xee6c,
0xee6c, 0xee6c, 0xee6c, 0xee6c, 0xee6c, 0xee6c, 0xee6c, 0xee6c, 0xee6c, 0xee6c,
0xee6c, 0xee6c, 0xee6c, 0xee6c, 0xee6c, 0xee6c, 0xee6c, 0xee6c, 0xee6c, 0xee6c,
0xee6c, 0xee6c, 0xee6c, 0xee6c, 0xee6c, 0xee6c, 0xee6c, 0xee6c, 0xee6c, 0xee6c,
0xee6e, 0xee6e, 0xee6e, 0xee6e, 0xee6e, 0xee6e, 0xee6e, 0xee6e, 0xee6e, 0xee6e,
0xee6e, 0xee6e, 0xee6e, 0xee6e, 0xee6e, 0xee6e, 0xee6e, 0xee6e, 0xee6e, 0xee6e,
0xee6e, 0xee6e, 0xee6e, 0xee6e, 0xee6e, 0xee6e, 0xee6e, 0xee6e, 0xee6e, 0xee6e,
0xee6e, 0xee6e, 0xee6e, 0xee6e, 0xee6e, 0xee6e, 0xee6e, 0xee6e, 0xee6e, 0xee6e,
0xee6e, 0xee6e, 0xee6e, 0xee6e, 0xee6e, 0xee6e, 0xee6e, 0xee6e, 0xf307, 0xf2e7,
0xf2e7, 0xf2e7, 0xf2e7, 0xf2e7, 0xf2e7, 0xf2e7, 0xf2e7, 0xf2e7, 0xf2e7, 0xf2e7,
0xf2e7, 0xf2e7, 0xf2e7, 0xf2e7, 0xf2e7, 0xf2e7, 0xf2e7, 0xf2e7, 0xf2e7, 0xf2e7,
0xf2e7, 0xf2e7, 0xf2e7, 0xf2e7, 0xf2e7, 0xf2e7, 0xf2e7, 0xf2e7, 0xf2e7, 0xf2e7,
0xf2e7, 0xf2e7, 0xf2e7, 0xf2e7, 0xf2e7, 0xf2e7, 0xf2e7, 0xf307, 0xf307, 0xf307,
0xf307, 0xf307, 0xf327, 0xf327, 0xf327, 0xf348, 0xec2d, 0xf3eb, 0xf3eb, 0xf3eb,
0xf3eb, 0xf3eb, 0xf3eb, 0xf3eb, 0xf3eb, 0xf3eb, 0xf3eb, 0xf3eb, 0xf3eb, 0xf3eb,
0xf3eb, 0xf3eb, 0xf3eb, 0xf3eb, 0xf3eb, 0xf3eb, 0xf3eb, 0xf3eb, 0xf3eb, 0xf3eb,
0xf3eb, 0xf3eb, 0xf3eb, 0xf3eb, 0xf3eb, 0xf3eb, 0xf3eb, 0xf3eb, 0xf3eb, 0xf3eb,
0xf3eb, 0xf3eb, 0xf3eb, 0xf3eb, 0xf3eb, 0xf3eb, 0xf3eb, 0xf3eb, 0xf3eb, 0xf3eb,
0xf3eb, 0xf3eb, 0xf3eb, 0xf3eb, 0xf4ac, 0xf4ac, 0xf4ac, 0xf4ac, 0xf4ac, 0xf4ac,
0xf4ac, 0xf4ac, 0xf4ac, 0xf4ac, 0xf4ac, 0xf4ac, 0xf4ac, 0xf4ac, 0xf4ac, 0xf4ac,
0xf4ac, 0xf4ac, 0xf4ac, 0xf4ac, 0xf4ac, 0xf4ac, 0xf4ac, 0xf4ac, 0xf4ac, 0xf4ac,
0xf4ac, 0xf4ac, 0xf4ac, 0xf4ac, 0xf4ac, 0xf4ac, 0xf4ac, 0xf4ac, 0xf4ac, 0xf4ac,
0xf4ac, 0xf4ac, 0xf4ac, 0xf4ac, 0xf4ac, 0xf4ac, 0xf4ac, 0xf4ac, 0xf4ac, 0xf4ac,
0xf4ac, 0xf48c, 0xed8f, 0xf58f, 0xf58f, 0xf58f, 0xf58f, 0xf58f, 0xf58f, 0xf58f,
0xf58f, 0xf58f, 0xf58f, 0xf58f, 0xf58f, 0xf58f, 0xf58f, 0xf58f, 0xf58f, 0xf58f,
0xf58f, 0xf58f, 0xf58f, 0xf58f, 0xf58f, 0xf58f, 0xf58f, 0xf58f, 0xf58f, 0xf58f,
0xf58f, 0xf58f, 0xf58f, 0xf58f, 0xf58f, 0xf58f, 0xf58f, 0xf58f, 0xf58f, 0xf58f,
0xf58f, 0xf58f, 0xf58f, 0xf58f, 0xf58f, 0xf58f, 0xf58f, 0xf58f, 0xf58f, 0xf58f,
0xeef8, 0xef19, 0xef19, 0xef19, 0xef19, 0xef19, 0xef19, 0xef19, 0xef19, 0xef19,
0xef19, 0xef19, 0xef19, 0xef19, 0xef19, 0xef19, 0xef19, 0xef19, 0xef19, 0xef19,
0xef19, 0xef19, 0xef19, 0xef19, 0xef19, 0xef19, 0xef19, 0xef19, 0xef19, 0xef19,
0xef19, 0xef19, 0xef19, 0xef19, 0xef19, 0xef19, 0xef19, 0xef19, 0xef19, 0xef19,
0xef19, 0xef19, 0xef19, 0xef19, 0xef19, 0xef19, 0xef19, 0xeef8, 0xef3b, 0xef3b,
0xef3b, 0xef3b, 0xef3b, 0xef3b, 0xef3b, 0xef3b, 0xef3b, 0xef3b, 0xef3b, 0xef3b,
0xef3b, 0xef3b, 0xef3b, 0xef3b, 0xef3b, 0xef3b, 0xef3b, 0xef3b, 0xef3b, 0xef3b,
0xef3b, 0xef3b, 0xef3b, 0xef3b, 0xef3b, 0xef3b, 0xef3b, 0xef3b, 0xef3b, 0xef3b,
0xef3b, 0xef3b, 0xef3b, 0xef3b, 0xef3b, 0xef3b, 0xef3b, 0xef3b, 0xef3b, 0xef3b,
0xef3b, 0xef3b, 0xef3b, 0xef3b, 0xef3b, 0xef3b, 0xce16, 0xce16, 0xce16, 0xce16,
0xce16, 0xce16, 0xce16, 0xce16, 0xce16, 0xce16, 0xce16, 0xce16, 0xce16, 0xce16,
0xce16, 0xce16, 0xce16, 0xce16, 0xce16, 0xce16, 0xce16, 0xce16, 0xce16, 0xce16,
0xce16, 0xce16, 0xce16, 0xce16, 0xce16, 0xce16, 0xce16, 0xce16, 0xce16, 0xce16,
0xce16, 0xce16, 0xce16, 0xce16, 0xce16, 0xce16, 0xce16, 0xce16, 0xce16, 0xce16,
0xce16, 0xce16, 0xce16, 0xce16, 
0x39c6, 0x39c6, 0x39c6, 0x39c6, 0x39c6, 0x39c6, 0x39c6, 0x39c6, 0x39c6, 0x39c6,
0x39c6, 0x39c6, 0x39c6, 0x39c6, 0x39c6, 0x39c6, 0x39c6, 0x39c6, 0x39c6, 0x39c6,
0x39c6, 0x39c6, 0x39c6, 0x39c6, 0x39c6, 0x39c6, 0x39c6, 0x39c6, 0x39c6, 0x39c6,
0x39c6, 0x39c6, 0x39c6, 0x39c6, 0x39c6, 0x39c6, 0x39c6, 0x39c6, 0x39c6, 0x39c6,
0x39c6, 0x39c6, 0x39c6, 0x39c6, 0x39c6, 0x39c6, 0x39c6, 0x39c6, 0x39c6, 0x39c6,
0x39c6, 0x39c6, 0x39c6, 0x39c6, 0x39c6, 0x39c6, 0x39c6, 0x39c6, 0x39c6, 0x39c6,
0x39c6, 0x39c6, 0x39c6, 0x39c6, 0x39c6, 0x39c6, 0x39c6, 0x39c6, 0x39c6, 0x39c6,
0x39c6, 0x39c6, 0x39c6, 0x39c6, 0x39c6, 0x39c6, 0x39c6, 0x39c6, 0x39c6, 0x39c6,
0x39c6, 0x39c6, 0x39c6, 0x39c6, 0x39c6, 0x39c6, 0x39c6, 0x39c6, 0x39c6, 0x39c6,
0x39c6, 0x39c6, 0x39c6, 0x39c6, 0x39c6, 0x39c6, 0x39c6, 0x39c6, 0x39c6, 0x39c6,
0x39c6, 0x39c6, 0x39c6, 0x39c6, 0x39c6, 0x39c6, 0x39c6, 0x39c6, 0x39c6, 0x39c6,
0x39c6, 0x39c6, 0x39c6, 0x39c6, 0x39c6, 0x39c6, 0x39c6, 0x39c6, 0x39c6, 0x39c6,
0x39c6, 0x39c6, 0x39c6, 0x39c6, 0x39c6, 0x39c6, 0x39c6, 0x39c6, 0x39c6, 0x39c6,
0x39c6, 0x39c6, 0x39c6, 0x39c6, 0x39c6, 0x39c6, 0x39c6, 0x39c6, 0x39c6, 0x39c6,
0x39c6, 0x39c6, 0x39c6, 0x39c6, 0x39c6, 0x39c6, 0x39c6, 0x39c6, 0x39c6, 0x39c6,
0x39c6, 0x39c6, 0x39c6, 0x39c6, 0x39c6, 0x39c6, 0x39c6, 0x39c6, 0x39c6, 0x39c6,
0x39c6, 0x39c6, 0x39c6, 0x39c6, 0x39c6, 0x39c6, 0x39c6, 0x39c6, 0x39c6, 0x39c6,
0x39c6, 0x39c6, 0x39c6, 0x39c6, 0x39c6, 0x39c6, 0x39c6, 0x39c6, 0x39c6, 0x39c6,
0x39c6, 0x39c6, 0x39c6, 0x39c6, 0x39c6, 0x39c6, 0x39c6, 0x39c6, 0x39c6, 0x39c6,
0x39c6, 0x39c6, 0x39c6, 0x39c6, 0x39c6, 0x39c6, 0x39c6, 0x39c6, 0x39c6, 0x39c6,
0x39c6, 0x39c6, 0x39c6, 0x39c6, 0x39c6, 0x39c6, 0x39c6, 0x39c6, 0x39c6, 0x39c6,
0x39c6, 0x39c6, 0x39c6, 0x39c6, 0x39c6, 0x39c6, 0x39c6, 0x39c6, 0x39c6, 0x39c6,
0x39c6, 0x39c6, 0x39c6, 0x39c6, 0x39c6, 0x39c6, 0x39c6, 0x39c6, 0x39c6, 0x39c6,
0x39c6, 0x39c6, 0x39c6, 0x39c6, 0x39c6, 0x39c6, 0x39c6, 0x39c6, 0x39c6, 0x39c6,
0x39c6, 0x39c6, 0x39c6, 0x39c6, 0x39c6, 0x39c6, 0x39c6, 0x39c6, 0x39c6, 0x39c6,
0x39c6, 0x39c6, 0x39c6, 0x39c6, 0x39c6, 0x39c6, 0x39c6, 0x39c6, 0x39c6, 0x39c6,
0x39c6, 0x39c6, 0x39c6, 0x39c6, 0x39c6, 0x39c6, 0x39c6, 0x39c6, 0x39c6, 0x39c6,
0x39c6, 0x39c6, 0x39c6, 0x39c6, 0x39c6, 0x39c6, 0x39c6, 0x39c6, 0x39c6, 0x39c6,
0x39c6, 0x39c6, 0x39c6, 0x39c6, 0x39c6, 0x39c6, 0x39c6, 0x3165, 0xee05, 0xee05,
0xee05, 0xee05, 0xee05, 0xee05, 0xee05, 0xee05, 0xee05, 0xee05, 0xee05, 0xee05,
0xee05, 0xee05, 0xee05, 0xee05, 0xee05, 0xee05, 0xee05, 0xee05, 0xee05, 0xee05,
0xee05, 0xee05, 0xee05, 0xee05, 0xee05, 0xee05, 0xee05, 0xee05, 0xee05, 0xee05,
0xee05, 0xee05, 0xee05, 0xee05, 0xee05, 0xee05, 0xee05, 0xee06, 0xee06, 0xee06,
0xee26, 0xee26, 0xee26, 0xee26, 0xee27, 0xee27, 0xee27, 0xee27, 0xee27, 0xee27,
0xee27, 0xee27, 0xee27, 0xee27, 0xee27, 0xee27, 0xee27, 0xee27, 0xee27, 0xee27,
0xee27, 0xee27, 0xee27, 0xee27, 0xee27, 0xee27, 0xee27, 0xee27, 0xee27, 0xee27,
0xee27, 0xee27, 0xee27, 0xee27, 0xee27, 0xee27, 0xee27, 0xee27, 0xee27, 0xee27,
0xee27, 0xee27, 0xee28, 0xee28, 0xee27, 0xee28, 0xee28, 0xee28, 0xee28, 0xee28,
0xee28, 0xee28, 0xee28, 0xee49, 0xee6d, 0xee4a, 0xee4a, 0xee4a, 0xee4a, 0xee4a,
0xee4a, 0xee4a, 0xee4a, 0xee4a, 0xee4a, 0xee4a, 0xee4a, 0xee4a, 0xee4a, 0xee4a,
0xee4a, 0xee4a, 0xee4a, 0xee4a, 0xee4a, 0xee4a, 0xee4a, 0xee4a, 0xee4a, 0xee4a,
0xee4a, 0xee4a, 0xee4a, 0xee4a, 0xee4a, 0xee4a, 0xee4a, 0xee4a, 0xee4a, 0xee4a,
0xee4a, 0xee4a, 0xee4a, 0xee4a, 0xee4a, 0xee4a, 0xee4a, 0xee4a, 0xee4a, 0xee4a,
0xee4a, 0xee4b, 0xee8e, 0xee6c, 0xee6c, 0xee6c, 0xee6c, 0xee6c, 0xee6c, 0xee6c,
0xee6c, 0xee6c, 0xee6c, 0xee6c, 0xee6c, 0xee6c, 0xee6c, 0xee6c, 0xee6c, 0xee6c,
0xee6c, 0xee6c, 0xee6c, 0xee6c, 0xee6c, 0xee6c, 0xee6c, 0xee6c, 0xee6c, 0xee6c,
0xee6c, 0xee6c, 0xee6c, 0xee6c, 0xee6c, 0xee6c, 0xee6c, 0xee6c, 0xee6c, 0xee6c,
0xee6c, 0xee6c, 0xee6c, 0xee6c, 0xee6c, 0xee6c, 0xee6c, 0xee6c, 0xee6c, 0xee6c,
0xee6e, 0xee6e, 0xee6e, 0xee6e, 0xee6e, 0xee6e, 0xee6e, 0xee6e, 0xee6e, 0xee6e,
0xee6e, 0xee6e, 0xee6e, 0xee6e, 0xee6e, 0xee6e, 0xee6e, 0xee6e, 0xee6e, 0xee6e,
0xee6e, 0xee6e, 0xee6e, 0xee6e, 0xee6e, 0xee6e, 0xee6e, 0xee6e, 0xee6e, 0xee6e,
0xee6e, 0xee6e, 0xee6e, 0xee6e, 0xee6e, 0xee6e, 0xee6e, 0xee6e, 0xee6e, 0xee6e,
0xee6e, 0xee6e, 0xee6e, 0xee6e, 0xee6e, 0xee6e, 0xee6e, 0xee6e, 0xf307, 0xf2e7,
0xf2e7, 0xf2e7, 0xf2e7, 0xf2e7, 0xf2e7, 0xf2e7, 0xf2e7, 0xf2e7, 0xf2e7, 0xf2e7,
0xf2e7, 0xf2e7, 0xf2e7, 0xf2e7, 0xf2e7, 0xf2e7, 0xf2e7, 0xf2e7, 0xf2e7, 0xf2e7,
0xf2e7, 0xf2e7, 0xf2e7, 0xf2e7, 0xf2e7, 0xf2e7, 0xf2e7, 0xf2e7, 0xf2e7, 0xf2e7,
0xf2e7, 0xf2e7, 0xf2e7, 0xf2e7, 0xf2e7, 0xf2e7, 0xf2e7, 0xf307, 0xf307, 0xf307,
0xf307, 0xf307, 0xf327, 0xf327, 0xf327, 0xf348, 0xec2d, 0xf3eb, 0xf3eb, 0xf3eb,
0xf3eb, 0xf3eb, 0xf3eb, 0xf3eb, 0xf3eb, 0xf3eb, 0xf3eb, 0xf3eb, 0xf3eb, 0xf3eb,
0xf3eb, 0xf3eb, 0xf3eb, 0xf3eb, 0xf3eb, 0xf3eb, 0xf3eb, 0xf3eb, 0xf3eb, 0xf3eb,
0xf3eb, 0xf3eb, 0xf3eb, 0xf3eb, 0xf3eb, 0xf3eb, 0xf3eb, 0xf3eb, 0xf3eb, 0xf3eb,
0xf3eb, 0xf3eb, 0xf3eb, 0xf3eb, 0xf3eb, 0xf3eb, 0xf3eb, 0xf3eb, 0xf3eb, 0xf3eb,
0xf3eb, 0xf3eb, 0xf3eb, 0xf3eb, 0xf4ac, 0xf4ac, 0xf4ac, 0xf4ac, 0xf4ac, 0xf4ac,
0xf4ac, 0xf4ac, 0xf4ac, 0xf4ac, 0xf4ac, 0xf4ac, 0xf4ac, 0xf4ac, 0xf4ac, 0xf4ac,
0xf4ac, 0xf4ac, 0xf4ac, 0xf4ac, 0xf4ac, 0xf4ac, 0xf4ac, 0xf4ac, 0xf4ac, 0xf4ac,
0xf4ac, 0xf4ac, 0xf4ac, 0xf4ac, 0xf4ac, 0xf4ac, 0xf4ac, 0xf4ac, 0xf4ac, 0xf4ac,
0xf4ac, 0xf4ac, 0xf4ac, 0xf4ac, 0xf4ac, 0xf4ac, 0xf4ac, 0xf4ac, 0xf4ac, 0xf4ac,
0xf4ac, 0xf48c, 0xed8f, 0xf58f, 0xf58f, 0xf58f, 0xf58f, 0xf58f, 0xf58f, 0xf58f,
0xf58f, 0xf58f, 0xf58f, 0xf58f, 0xf58f, 0xf58f, 0xf58f, 0xf58f, 0xf58f, 0xf58f,
0xf58f, 0xf58f, 0xf58f, 0xf58f, 0xf58f, 0xf58f, 0xf58f, 0xf58f, 0xf58f, 0xf58f,
0xf58f, 0xf58f, 0xf58f, 0xf58f, 0xf58f, 0xf58f, 0xf58f, 0xf58f, 0xf58f, 0xf58f,
0xf58f, 0xf58f, 0xf58f, 0xf58f, 0xf58f, 0xf58f, 0xf58f, 0xf58f, 0xf58f, 0xf58f,
0xeef8, 0xef19, 0xef19, 0xef19, 0xef19, 0xef19, 0xef19, 0xef19, 0xef19, 0xef19,
0xef19, 0xef19, 0xef19, 0xef19, 0xef19, 0xef19, 0xef19, 0xef19, 0xef19, 0xef19,
0xef19, 0xef19, 0xef19, 0xef19, 0xef19, 0xef19, 0xef19, 0xef19, 0xef19, 0xef19,
0xef19, 0xef19, 0xef19, 0xef19, 0xef19, 0xef19, 0xef19, 0xef19, 0xef19, 0xef19,
0xef19, 0xef19, 0xef19, 0xef19, 0xef19, 0xef19, 0xef19, 0xeef8, 0xef3b, 0xef3b,
0xef3b, 0xef3b, 0xef3b, 0xef3b, 0xef3b, 0xef3b, 0xef3b, 0xef3b, 0xef3b, 0xef3b,
0xef3b, 0xef3b, 0xef3b, 0xef3b, 0xef3b, 0xef3b, 0xef3b, 0xef3b, 0xef3b, 0xef3b,
0xef3b, 0xef3b, 0xef3b, 0xef3b, 0xef3b, 0xef3b, 0xef3b, 0xef3b, 0xef3b, 0xef3b,
0xef3b, 0xef3b, 0xef3b, 0xef3b, 0xef3b, 0xef3b, 0xef3b, 0xef3b, 0xef3b, 0xef3b,
0xef3b, 0xef3b, 0xef3b, 0xef3b, 0xef3b, 0xef3b, 0xce16, 0xce16, 0xce16, 0xce16,
0xce16, 0xce16, 0xce16, 0xce16, 0xce16, 0xce16, 0xce16, 0xce16, 0xce16, 0xce16,
0xce16, 0xce16, 0xce16, 0xce16, 0xce16, 0xce16, 0xce16, 0xce16, 0xce16, 0xce16,
0xce16, 0xce16, 0xce16, 0xce16, 0xce16, 0xce16, 0xce16, 0xce16, 0xce16, 0xce16,
0xce16, 0xce16, 0xce16, 0xce16, 0xce16, 0xce16, 0xce16, 0xce16, 0xce16, 0xce16,
0xce16, 0xce16, 0xce16, 0xce16, 
0x39c6, 0x39c6, 0x39c6, 0x39c6, 0x39c6, 0x39c6, 0x39c6, 0x39c6, 0x39c6, 0x39c6,
0x39c6, 0x39c6, 0x39c6, 0x39c6, 0x39c6, 0x39c6, 0x39c6, 0x39c6, 0x39c6, 0x39c6,
0x39c6, 0x39c6, 0x39c6, 0x39c6, 0x39c6, 0x39c6, 0x39c6, 0x39c6, 0x39c6, 0x39c6,
0x39c6, 0x39c6, 0x39c6, 0x39c6, 0x39c6, 0x39c6, 0x39c6, 0x39c6, 0x39c6, 0x39c6,
0x39c6, 0x39c6, 0x39c6, 0x39c6, 0x39c6, 0x39c6, 0x39c6, 0x39c6, 0x39c6, 0x39c6,
0x39c6, 0x39c6, 0x39c6, 0x39c6, 0x39c6, 0x39c6, 0x39c6, 0x39c6, 0x39c6, 0x39c6,
0x39c6, 0x39c6, 0x39c6, 0x39c6, 0x39c6, 0x39c6, 0x39c6, 0x39c6, 0x39c6, 0x39c6,
0x39c6, 0x39c6, 0x39c6, 0x39c6, 0x39c6, 0x39c6, 0x39c6, 0x39c6, 0x39c6, 0x39c6,
0x39c6, 0x39c6, 0x39c6, 0x39c6, 0x39c6, 0x39c6, 0x39c6, 0x39c6, 0x39c6, 0x39c6,
0x39c6, 0x39c6, 0x39c6, 0x39c6, 0x39c6, 0x39c6, 0x39c6, 0x39c6, 0x39c6, 0x39c6,
0x39c6, 0x39c6, 0x39c6, 0x39c6, 0x39c6, 0x39c6, 0x39c6, 0x39c6, 0x39c6, 0x39c6,
0x39c6, 0x39c6, 0x39c6, 0x39c6, 0x39c6, 0x39c6, 0x39c6, 0x39c6, 0x39c6, 0x39c6,
0x39c6, 0x39c6, 0x39c6, 0x39c6, 0x39c6, 0x39c6, 0x39c6, 0x39c6, 0x39c6, 0x39c6,
0x39c6, 0x39c6, 0x39c6, 0x39c6, 0x39c6, 0x39c6, 0x39c6, 0x39c6, 0x39c6, 0x39c6,
0x39c6, 0x39c6, 0x39c6, 0x39c6, 0x39c6, 0x39c6, 0x39c6, 0x39c6, 0x39c6, 0x39c6,
0x39c6, 0x39c6, 0x39c6, 0x39c6, 0x39c6, 0x39c6, 0x39c6, 0x39c6, 0x39c6, 0x39c6,
0x39c6, 0x39c6, 0x39c6, 0x39c6, 0x39c6, 0x39c6, 0x39c6, 0x39c6, 0x39c6, 0x39c6,
0x39c6, 0x39c6, 0x39c6, 0x39c6, 0x39c6, 0x39c6, 0x39c6, 0x39c6, 0x39c6, 0x39c6,
0x39c6, 0x39c6, 0x39c6, 0x39c6, 0x39c6, 0x39c6, 0x39c6, 0x39c6, 0x39c6, 0x39c6,
0x39c6, 0x39c6, 0x39c6, 0x39c6, 0x39c6, 0x39c6, 0x39c6, 0x39c6, 0x39c6, 0x39c6,
0x39c6, 0x39c6, 0x39c6, 0x39c6, 0x39c6, 0x39c6, 0x39c6, 0x39c6, 0x39c6, 0x39c6,
0x39c6, 0x39c6, 0x39c6, 0x39c6, 0x39c6, 0x39c6, 0x39c6, 0x39c6, 0x39c6, 0x39c6,
0x39c6, 0x39c6, 0x39c6, 0x39c6, 0x39c6, 0x39c6, 0x39c6, 0x39c6, 0x39c6, 0x39c6,
0x39c6, 0x39c6, 0x39c6, 0x39c6, 0x39c6, 0x39c6, 0x39c6, 0x39c6, 0x39c6, 0x39c6,
0x39c6, 0x39c6, 0x39c6, 0x39c6, 0x39c6, 0x39c6, 0x39c6, 0x39c6, 0x39c6, 0x39c6,
0x39c6, 0x39c6, 0x39c6, 0x39c6, 0x39c6, 0x39c6, 0x39c6, 0x39c6, 0x39c6, 0x39c6,
0x39c6, 0x39c6, 0x39c6, 0x39c6, 0x39c6, 0x39c6, 0x39c6, 0x39c6, 0x39c6, 0x39c6,
0x39c6, 0x39c6, 0x39c6, 0x39c6, 0x39c6, 0x39c6, 0x39c6, 0x39c6, 0x39c6, 0x39c6,
0x39c6, 0x39c6, 0x39c6, 0x39c6, 0x39c6, 0x39c6, 0x39c6, 0x3165, 0xee05, 0xee05,
0xee05, 0xee05, 0xee05, 0xee05, 0xee05, 0xee05, 0xee05, 0xee05, 0xee05, 0xee05,
0xee05, 0xee05, 0xee05, 0xee05, 0xee05, 0xee05, 0xee05, 0xee05, 0xee05, 0xee05,
0xee05, 0xee05, 0xee05, 0xee05, 0xee05, 0xee05, 0xee05, 0xee05, 0xee05, 0xee05,
0xee05, 0xee05, 0xee05, 0xee05, 0xee05, 0xee05, 0xee05, 0xee06, 0xee06, 0xee06,
0xee06, 0xee26, 0xee26, 0xee26, 0xee27, 0xee27, 0xee27, 0xee27, 0xee27, 0xee27,
0xee27, 0xee27, 0xee27, 0xee27, 0xee27, 0xee27, 0xee27, 0xee27, 0xee27, 0xee27,
0xee27, 0xee27, 0xee27, 0xee27, 0xee27, 0xee27, 0xee27, 0xee27, 0xee27, 0xee27,
0xee27, 0xee27, 0xee27, 0xee27, 0xee27, 0xee27, 0xee27, 0xee27, 0xee27, 0xee27,
0xee27, 0xee27, 0xee28, 0xee28, 0xee27, 0xee28, 0xee28, 0xee28, 0xee28, 0xee28,
0xee28, 0xee28, 0xee28, 0xee49, 0xee6d, 0xee4a, 0xee4a, 0xee4a, 0xee4a, 0xee4a,
0xee4a, 0xee4a, 0xee4a, 0xee4a, 0xee4a, 0xee4a, 0xee4a, 0xee4a, 0xee4a, 0xee4a,
0xee4a, 0xee4a, 0xee4a, 0xee4a, 0xee4a, 0xee4a, 0xee4a, 0xee4a, 0xee4a, 0xee4a,
0xee4a, 0xee4a, 0xee4a, 0xee4a, 0xee4a, 0xee4a, 0xee4a, 0xee4a, 0xee4a, 0xee4a,
0xee4a, 0xee4a, 0xee4a, 0xee4a, 0xee4a, 0xee4a, 0xee4a, 0xee4a, 0xee4a, 0xee4a,
0xee4a, 0xee4b, 0xee8e, 0xee6c, 0xee6c, 0xee6c, 0xee6c, 0xee6c, 0xee6c, 0xee6c,
0xee6c, 0xee6c, 0xee6c, 0xee6c, 0xee6c, 0xee6c, 0xee6c, 0xee6c, 0xee6c, 0xee6c,
0xee6c, 0xee6c, 0xee6c, 0xee6c, 0xee6c, 0xee6c, 0xee6c, 0xee6c, 0xee6c, 0xee6c,
0xee6c, 0xee6c, 0xee6c, 0xee6c, 0xee6c, 0xee6c, 0xee6c, 0xee6c, 0xee6c, 0xee6c,
0xee6c, 0xee6c, 0xee6c, 0xee6c, 0xee6c, 0xee6c, 0xee6c, 0xee6c, 0xee6c, 0xee6c,
0xee6e, 0xee6e, 0xee6e, 0xee6e, 0xee6e, 0xee6e, 0xee6e, 0xee6e, 0xee6e, 0xee6e,
0xee6e, 0xee6e, 0xee6e, 0xee6e, 0xee6e, 0xee6e, 0xee6e, 0xee6e, 0xee6e, 0xee6e,
0xee6e, 0xee6e, 0xee6e, 0xee6e, 0xee6e, 0xee6e, 0xee6e, 0xee6e, 0xee6e, 0xee6e,
0xee6e, 0xee6e, 0xee6e, 0xee6e, 0xee6e, 0xee6e, 0xee6e, 0xee6e, 0xee6e, 0xee6e,
0xee6e, 0xee6e, 0xee6e, 0xee6e, 0xee6e, 0xee6e, 0xee6e, 0xee6e, 0xf307, 0xf2e7,
0xf2e7, 0xf2e7, 0xf2e7, 0xf2e7, 0xf2e7, 0xf2e7, 0xf2e7, 0xf2e7, 0xf2e7, 0xf2e7,
0xf2e7, 0xf2e7, 0xf2e7, 0xf2e7, 0xf2e7, 0xf2e7, 0xf2e7, 0xf2e7, 0xf2e7, 0xf2e7,
0xf2e7, 0xf2e7, 0xf2e7, 0xf2e7, 0xf2e7, 0xf2e7, 0xf2e7, 0xf2e7, 0xf2e7, 0xf2e7,
0xf2e7, 0xf2e7, 0xf2e7, 0xf2e7, 0xf2e7, 0xf2e7, 0xf2e7, 0xf307, 0xf307, 0xf307,
0xf307, 0xf307, 0xf327, 0xf327, 0xf327, 0xf348, 0xec2d, 0xf3eb, 0xf3eb, 0xf3eb,
0xf3eb, 0xf3eb, 0xf3eb, 0xf3eb, 0xf3eb, 0xf3eb, 0xf3eb, 0xf3eb, 0xf3eb, 0xf3eb,
0xf3eb, 0xf3eb, 0xf3eb, 0xf3eb, 0xf3eb, 0xf3eb, 0xf3eb, 0xf3eb, 0xf3eb, 0xf3eb,
0xf3eb, 0xf3eb, 0xf3eb, 0xf3eb, 0xf3eb, 0xf3eb, 0xf3eb, 0xf3eb, 0xf3eb, 0xf3eb,
0xf3eb, 0xf3eb, 0xf3eb, 0xf3eb, 0xf3eb, 0xf3eb, 0xf3eb, 0xf3eb, 0xf3eb, 0xf3eb,
0xf3eb, 0xf3eb, 0xf3eb, 0xf3eb, 0xf4ac, 0xf4ac, 0xf4ac, 0xf4ac, 0xf4ac, 0xf4ac,
0xf4ac, 0xf4ac, 0xf4ac, 0xf4ac, 0xf4ac, 0xf4ac, 0xf4ac, 0xf4ac, 0xf4ac, 0xf4ac,
0xf4ac, 0xf4ac, 0xf4ac, 0xf4ac, 0xf4ac, 0xf4ac, 0xf4ac, 0xf4ac, 0xf4ac, 0xf4ac,
0xf4ac, 0xf4ac, 0xf4ac, 0xf4ac, 0xf4ac, 0xf4ac, 0xf4ac, 0xf4ac, 0xf4ac, 0xf4ac,
0xf4ac, 0xf4ac, 0xf4ac, 0xf4ac, 0xf4ac, 0xf4ac, 0xf4ac, 0xf4ac, 0xf4ac, 0xf4ac,
0xf4ac, 0xf48c, 0xed8f, 0xf58f, 0xf58f, 0xf58f, 0xf58f, 0xf58f, 0xf58f, 0xf58f,
0xf58f, 0xf58f, 0xf58f, 0xf58f, 0xf58f, 0xf58f, 0xf58f, 0xf58f, 0xf58f, 0xf58f,
0xf58f, 0xf58f, 0xf58f, 0xf58f, 0xf58f, 0xf58f, 0xf58f, 0xf58f, 0xf58f, 0xf58f,
0xf58f, 0xf58f, 0xf58f, 0xf58f, 0xf58f, 0xf58f, 0xf58f, 0xf58f, 0xf58f, 0xf58f,
0xf58f, 0xf58f, 0xf58f, 0xf58f, 0xf58f, 0xf58f, 0xf58f, 0xf58f, 0xf58f, 0xf58f,
0xeef8, 0xef19, 0xef19, 0xef19, 0xef19, 0xef19, 0xef19, 0xef19, 0xef19, 0xef19,
0xef19, 0xef19, 0xef19, 0xef19, 0xef19, 0xef19, 0xef19, 0xef19, 0xef19, 0xef19,
0xef19, 0xef19, 0xef19, 0xef19, 0xef19, 0xef19, 0xef19, 0xef19, 0xef19, 0xef19,
0xef19, 0xef19, 0xef19, 0xef19, 0xef19, 0xef19, 0xef19, 0xef19, 0xef19, 0xef19,
0xef19, 0xef19, 0xef19, 0xef19, 0xef19, 0xef19, 0xef19, 0xeef8, 0xef3b, 0xef3b,
0xef3b, 0xef3b, 0xef3b, 0xef3b, 0xef3b, 0xef3b, 0xef3b, 0xef3b, 0xef3b, 0xef3b,
0xef3b, 0xef3b, 0xef3b, 0xef3b, 0xef3b, 0xef3b, 0xef3b, 0xef3b, 0xef3b, 0xef3b,
0xef3b, 0xef3b, 0xef3b, 0xef3b, 0xef3b, 0xef3b, 0xef3b, 0xef3b, 0xef3b, 0xef3b,
0xef3b, 0xef3b, 0xef3b, 0xef3b, 0xef3b, 0xef3b, 0xef3b, 0xef3b, 0xef3b, 0xef3b,
0xef3b, 0xef3b, 0xef3b, 0xef3b, 0xef3b, 0xef3b, 0xce16, 0xce16, 0xce16, 0xce16,
0xce16, 0xce16, 0xce16, 0xce16, 0xce16, 0xce16, 0xce16, 0xce16, 0xce16, 0xce16,
0xce16, 0xce16, 0xce16, 0xce16, 0xce16, 0xce16, 0xce16, 0xce16, 0xce16, 0xce16,
0xce16, 0xce16, 0xce16, 0xce16, 0xce16, 0xce16, 0xce16, 0xce16, 0xce16, 0xce16,
0xce16, 0xce16, 0xce16, 0xce16, 0xce16, 0xce16, 0xce16, 0xce16, 0xce16, 0xce16,
0xce16, 0xce16, 0xce16, 0xce16, 
0x39c6, 0x39c6, 0x39c6, 0x39c6, 0x39c6, 0x39c6, 0x39c6, 0x39c6, 0x39c6, 0x39c6,
0x39c6, 0x39c6, 0x39c6, 0x39c6, 0x39c6, 0x39c6, 0x39c6, 0x39c6, 0x39c6, 0x39c6,
0x39c6, 0x39c6, 0x39c6, 0x39c6, 0x39c6, 0x39c6, 0x39c6, 0x39c6, 0x39c6, 0x39c6,
0x39c6, 0x39c6, 0x39c6, 0x39c6, 0x39c6, 0x39c6, 0x39c6, 0x39c6, 0x39c6, 0x39c6,
0x39c6, 0x39c6, 0x39c6, 0x39c6, 0x39c6, 0x39c6, 0x39c6, 0x39c6, 0x39c6, 0x39c6,
0x39c6, 0x39c6, 0x39c6, 0x39c6, 0x39c6, 0x39c6, 0x39c6, 0x39c6, 0x39c6, 0x39c6,
0x39c6, 0x39c6, 0x39c6, 0x39c6, 0x39c6, 0x39c6, 0x39c6, 0x39c6, 0x39c6, 0x39c6,
0x39c6, 0x39c6, 0x39c6, 0x39c6, 0x39c6, 0x39c6, 0x39c6, 0x39c6, 0x39c6, 0x39c6,
0x39c6, 0x39c6, 0x39c6, 0x39c6, 0x39c6, 0x39c6, 0x39c6, 0x39c6, 0x39c6, 0x39c6,
0x39c6, 0x39c6, 0x39c6, 0x39c6, 0x39c6, 0x39c6, 0x39c6, 0x39c6, 0x39c6, 0x39c6,
0x39c6, 0x39c6, 0x39c6, 0x39c6, 0x39c6, 0x39c6, 0x39c6, 0x39c6, 0x39c6, 0x39c6,
0x39c6, 0x39c6, 0x39c6, 0x39c6, 0x39c6, 0x39c6, 0x39c6, 0x39c6, 0x39c6, 0x39c6,
0x39c6, 0x39c6, 0x39c6, 0x39c6, 0x39c6, 0x39c6, 0x39c6, 0x39c6, 0x39c6, 0x39c6,
0x39c6, 0x39c6, 0x39c6, 0x39c6, 0x39c6, 0x39c6, 0x39c6, 0x39c6, 0x39c6, 0x39c6,
0x39c6, 0x39c6, 0x39c6, 0x39c6, 0x39c6, 0x39c6, 0x39c6, 0x39c6, 0x39c6, 0x39c6,
0x39c6, 0x39c6, 0x39c6, 0x39c6, 0x39c6, 0x39c6, 0x39c6, 0x39c6, 0x39c6, 0x39c6,
0x39c6, 0x39c6, 0x39c6, 0x39c6, 0x39c6, 0x39c6, 0x39c6, 0x39c6, 0x39c6, 0x39c6,
0x39c6, 0x39c6, 0x39c6, 0x39c6, 0x39c6, 0x39c6, 0x39c6, 0x39c6, 0x39c6, 0x39c6,
0x39c6, 0x39c6, 0x39c6, 0x39c6, 0x39c6, 0x39c6, 0x39c6, 0x39c6, 0x39c6, 0x39c6,
0x39c6, 0x39c6, 0x39c6, 0x39c6, 0x39c6, 0x39c6, 0x39c6, 0x39c6, 0x39c6, 0x39c6,
0x39c6, 0x39c6, 0x39c6, 0x39c6, 0x39c6, 0x39c6, 0x39c6, 0x39c6, 0x39c6, 0x39c6,
0x39c6, 0x39c6, 0x39c6, 0x39c6, 0x39c6, 0x39c6, 0x39c6, 0x39c6, 0x39c6, 0x39c6,
0x39c6, 0x39c6, 0x39c6, 0x39c6, 0x39c6, 0x39c6, 0x39c6, 0x39c6, 0x39c6, 0x39c6,
0x39c6, 0x39c6, 0x39c6, 0x39c6, 0x39c6, 0x39c6, 0x39c6, 0x39c6, 0x39c6, 0x39c6,
0x39c6, 0x39c6, 0x39c6, 0x39c6, 0x39c6, 0x39c6, 0x39c6, 0x39c6, 0x39c6, 0x39c6,
0x39c6, 0x39c6, 0x39c6, 0x39c6, 0x39c6, 0x39c6, 0x39c6, 0x39c6, 0x39c6, 0x39c6,
0x39c6, 0x39c6, 0x39c6, 0x39c6, 0x39c6, 0x39c6, 0x39c6, 0x39c6, 0x39c6, 0x39c6,
0x39c6, 0x39c6, 0x39c6, 0x39c6, 0x39c6, 0x39c6, 0x39c6, 0x39c6, 0x39c6, 0x39c6,
0x39c6, 0x39c6, 0x39c6, 0x39c6, 0x39c6, 0x39c6, 0x39c6, 0x3165, 0xee05, 0xee05,
0xee05, 0xee05, 0xee05, 0xee05, 0xee05, 0xee05, 0xee05, 0xee05, 0xee05, 0xee05,
0xee05, 0xee05, 0xee05, 0xee05, 0xee05, 0xee05, 0xee05, 0xee05, 0xee05, 0xee05,
0xee05, 0xee05, 0xee05, 0xee05, 0xee05, 0xee05, 0xee05, 0xee05, 0xee05, 0xee05,
0xee05, 0xee05, 0xee05, 0xee05, 0xee05, 0xee05, 0xee05, 0xee06, 0xee06, 0xee06,
0xee26, 0xee26, 0xee26, 0xee26, 0xee27, 0xee27, 0xee27, 0xee27, 0xee27, 0xee27,
0xee27, 0xee27, 0xee27, 0xee27, 0xee27, 0xee27, 0xee27, 0xee27, 0xee27, 0xee27,
0xee27, 0xee27, 0xee27, 0xee27, 0xee27, 0xee27, 0xee27, 0xee27, 0xee27, 0xee27,
0xee27, 0xee27, 0xee27, 0xee27, 0xee27, 0xee27, 0xee27, 0xee27, 0xee27, 0xee27,
0xee27, 0xee28, 0xee28, 0xee28, 0xee28, 0xee28, 0xee28, 0xee28, 0xee28, 0xee28,
0xee28, 0xee28, 0xee28, 0xee49, 0xee6d, 0xee4a, 0xee4a, 0xee4a, 0xee4a, 0xee4a,
0xee4a, 0xee4a, 0xee4a, 0xee4a, 0xee4a, 0xee4a, 0xee4a, 0xee4a, 0xee4a, 0xee4a,
0xee4a, 0xee4a, 0xee4a, 0xee4a, 0xee4a, 0xee4a, 0xee4a, 0xee4a, 0xee4a, 0xee4a,
0xee4a, 0xee4a, 0xee4a, 0xee4a, 0xee4a, 0xee4a, 0xee4a, 0xee4a, 0xee4a, 0xee4a,
0xee4a, 0xee4a, 0xee4a, 0xee4a, 0xee4a, 0xee4a, 0xee4a, 0xee4a, 0xee4a, 0xee4a,
0xee4a, 0xee4b, 0xee8e, 0xee6c, 0xee6c, 0xee6c, 0xee6c, 0xee6c, 0xee6c, 0xee6c,
0xee6c, 0xee6c, 0xee6c, 0xee6c, 0xee6c, 0xee6c, 0xee6c, 0xee6c, 0xee6c, 0xee6c,
0xee6c, 0xee6c, 0xee6c, 0xee6c, 0xee6c, 0xee6c, 0xee6c, 0xee6c, 0xee6c, 0xee6c,
0xee6c, 0xee6c, 0xee6c, 0xee6c, 0xee6c, 0xee6c, 0xee6c, 0xee6c, 0xee6c, 0xee6c,
0xee6c, 0xee6c, 0xee6c, 0xee6c, 0xee6c, 0xee6c, 0xee6c, 0xee6c, 0xee6c, 0xee6c,
0xee6e, 0xee6e, 0xee6e, 0xee6e, 0xee6e, 0xee6e, 0xee6e, 0xee6e, 0xee6e, 0xee6e,
0xee6e, 0xee6e, 0xee6e, 0xee6e, 0xee6e, 0xee6e, 0xee6e, 0xee6e, 0xee6e, 0xee6e,
0xee6e, 0xee6e, 0xee6e, 0xee6e, 0xee6e, 0xee6e, 0xee6e, 0xee6e, 0xee6e, 0xee6e,
0xee6e, 0xee6e, 0xee6e, 0xee6e, 0xee6e, 0xee6e, 0xee6e, 0xee6e, 0xee6e, 0xee6e,
0xee6e, 0xee6e, 0xee6e, 0xee6e, 0xee6e, 0xee6e, 0xee6e, 0xee6e, 0xf307, 0xf2e7,
0xf2e7, 0xf2e7, 0xf2e7, 0xf2e7, 0xf2e7, 0xf2e7, 0xf2e7, 0xf2e7, 0xf2e7, 0xf2e7,
0xf2e7, 0xf2e7, 0xf2e7, 0xf2e7, 0xf2e7, 0xf2e7, 0xf2e7, 0xf2e7, 0xf2e7, 0xf2e7,
0xf2e7, 0xf2e7, 0xf2e7, 0xf2e7, 0xf2e7, 0xf2e7, 0xf2e7, 0xf2e7, 0xf2e7, 0xf2e7,
0xf2e7, 0xf2e7, 0xf2e7, 0xf2e7, 0xf2e7, 0xf2e7, 0xf2e7, 0xf307, 0xf307, 0xf307,
0xf307, 0xf307, 0xf327, 0xf327, 0xf327, 0xf348, 0xec2d, 0xf3eb, 0xf3eb, 0xf3eb,
0xf3eb, 0xf3eb, 0xf3eb, 0xf3eb, 0xf3eb, 0xf3eb, 0xf3eb, 0xf3eb, 0xf3eb, 0xf3eb,
0xf3eb, 0xf3eb, 0xf3eb, 0xf3eb, 0xf3eb, 0xf3eb, 0xf3eb, 0xf3eb, 0xf3eb, 0xf3eb,
0xf3eb, 0xf3eb, 0xf3eb, 0xf3eb, 0xf3eb, 0xf3eb, 0xf3eb, 0xf3eb, 0xf3eb, 0xf3eb,
0xf3eb, 0xf3eb, 0xf3eb, 0xf3eb, 0xf3eb, 0xf3eb, 0xf3eb, 0xf3eb, 0xf3eb, 0xf3eb,
0xf3eb, 0xf3eb, 0xf3eb, 0xf3eb, 0xf4ac, 0xf4ac, 0xf4ac, 0xf4ac, 0xf4ac, 0xf4ac,
0xf4ac, 0xf4ac, 0xf4ac, 0xf4ac, 0xf4ac, 0xf4ac, 0xf4ac, 0xf4ac, 0xf4ac, 0xf4ac,
0xf4ac, 0xf4ac, 0xf4ac, 0xf4ac, 0xf4ac, 0xf4ac, 0xf4ac, 0xf4ac, 0xf4ac, 0xf4ac,
0xf4ac, 0xf4ac, 0xf4ac, 0xf4ac, 0xf4ac, 0xf4ac, 0xf4ac, 0xf4ac, 0xf4ac, 0xf4ac,
0xf4ac, 0xf4ac, 0xf4ac, 0xf4ac, 0xf4ac, 0xf4ac, 0xf4ac, 0xf4ac, 0xf4ac, 0xf4ac,
0xf4ac, 0xf48c, 0xed8f, 0xf58f, 0xf58f, 0xf58f, 0xf58f, 0xf58f, 0xf58f, 0xf58f,
0xf58f, 0xf58f, 0xf58f, 0xf58f, 0xf58f, 0xf58f, 0xf58f, 0xf58f, 0xf58f, 0xf58f,
0xf58f, 0xf58f, 0xf58f, 0xf58f, 0xf58f, 0xf58f, 0xf58f, 0xf58f, 0xf58f, 0xf58f,
0xf58f, 0xf58f, 0xf58f, 0xf58f, 0xf58f, 0xf58f, 0xf58f, 0xf58f, 0xf58f, 0xf58f,
0xf58f, 0xf58f, 0xf58f, 0xf58f, 0xf58f, 0xf58f, 0xf58f, 0xf58f, 0xf58f, 0xf58f,
0xeef8, 0xef19, 0xef19, 0xef19, 0xef19, 0xef19, 0xef19, 0xef19, 0xef19, 0xef19,
0xef19, 0xef19, 0xef19, 0xef19, 0xef19, 0xef19, 0xef19, 0xef19, 0xef19, 0xef19,
0xef19, 0xef19, 0xef19, 0xef19, 0xef19, 0xef19, 0xef19, 0xef19, 0xef19, 0xef19,
0xef19, 0xef19, 0xef19, 0xef19, 0xef19, 0xef19, 0xef19, 0xef19, 0xef19, 0xef19,
0xef19, 0xef19, 0xef19, 0xef19, 0xef19, 0xef19, 0xef19, 0xeef8, 0xef3b, 0xef3b,
0xef3b, 0xef3b, 0xef3b, 0xef3b, 0xef3b, 0xef3b, 0xef3b, 0xef3b, 0xef3b, 0xef3b,
0xef3b, 0xef3b, 0xef3b, 0xef3b, 0xef3b, 0xef3b, 0xef3b, 0xef3b, 0xef3b, 0xef3b,
0xef3b, 0xef3b, 0xef3b, 0xef3b, 0xef3b, 0xef3b, 0xef3b, 0xef3b, 0xef3b, 0xef3b,
0xef3b, 0xef3b, 0xef3b, 0xef3b, 0xef3b, 0xef3b, 0xef3b, 0xef3b, 0xef3b, 0xef3b,
0xef3b, 0xef3b, 0xef3b, 0xef3b, 0xef3b, 0xef3b, 0xce16, 0xce16, 0xce16, 0xce16,
0xce16, 0xce16, 0xce16, 0xce16, 0xce16, 0xce16, 0xce16, 0xce16, 0xce16, 0xce16,
0xce16, 0xce16, 0xce16, 0xce16, 0xce16, 0xce16, 0xce16, 0xce16, 0xce16, 0xce16,
0xce16, 0xce16, 0xce16, 0xce16, 0xce16, 0xce16, 0xce16, 0xce16, 0xce16, 0xce16,
0xce16, 0xce16, 0xce16, 0xce16, 0xce16, 0xce16, 0xce16, 0xce16, 0xce16, 0xce16,
0xce16, 0xce16, 0xce16, 0xce16, 
0x39c6, 0x39c6, 0x39c6, 0x39c6, 0x39c6, 0x39c6, 0x39c6, 0x39c6, 0x39c6, 0x39c6,
0x39c6, 0x39c6, 0x39c6, 0x39c6, 0x39c6, 0x39c6, 0x39c6, 0x39c6, 0x39c6, 0x39c6,
0x39c6, 0x39c6, 0x39c6, 0x39c6, 0x39c6, 0x39c6, 0x39c6, 0x39c6, 0x39c6, 0x39c6,
0x39c6, 0x39c6, 0x39c6, 0x39c6, 0x39c6, 0x39c6, 0x39c6, 0x39c6, 0x39c6, 0x39c6,
0x39c6, 0x39c6, 0x39c6, 0x39c6, 0x39c6, 0x39c6, 0x39c6, 0x39c6, 0x39c6, 0x39c6,
0x39c6, 0x39c6, 0x39c6, 0x39c6, 0x39c6, 0x39c6, 0x39c6, 0x39c6, 0x39c6, 0x39c6,
0x39c6, 0x39c6, 0x39c6, 0x39c6, 0x39c6, 0x39c6, 0x39c6, 0x39c6, 0x39c6, 0x39c6,
0x39c6, 0x39c6, 0x39c6, 0x39c6, 0x39c6, 0x39c6, 0x39c6, 0x39c6, 0x39c6, 0x39c6,
0x39c6, 0x39c6, 0x39c6, 0x39c6, 0x39c6, 0x39c6, 0x39c6, 0x39c6, 0x39c6, 0x39c6,
0x39c6, 0x39c6, 0x39c6, 0x39c6, 0x39c6, 0x39c6, 0x39c6, 0x39c6, 0x39c6, 0x39c6,
0x39c6, 0x39c6, 0x39c6, 0x39c6, 0x39c6, 0x39c6, 0x39c6, 0x39c6, 0x39c6, 0x39c6,
0x39c6, 0x39c6, 0x39c6, 0x39c6, 0x39c6, 0x39c6, 0x39c6, 0x39c6, 0x39c6, 0x39c6,
0x39c6, 0x39c6, 0x39c6, 0x39c6, 0x39c6, 0x39c6, 0x39c6, 0x39c6, 0x39c6, 0x39c6,
0x39c6, 0x39c6, 0x39c6, 0x39c6, 0x39c6, 0x39c6, 0x39c6, 0x39c6, 0x39c6, 0x39c6,
0x39c6, 0x39c6, 0x39c6, 0x39c6, 0x39c6, 0x39c6, 0x39c6, 0x39c6, 0x39c6, 0x39c6,
0x39c6, 0x39c6, 0x39c6, 0x39c6, 0x39c6, 0x39c6, 0x39c6, 0x39c6, 0x39c6, 0x39c6,
0x39c6, 0x39c6, 0x39c6, 0x39c6, 0x39c6, 0x39c6, 0x39c6, 0x39c6, 0x39c6, 0x39c6,
0x39c6, 0x39c6, 0x39c6, 0x39c6, 0x39c6, 0x39c6, 0x39c6, 0x39c6, 0x39c6, 0x39c6,
0x39c6, 0x39c6, 0x39c6, 0x39c6, 0x39c6, 0x39c6, 0x39c6, 0x39c6, 0x39c6, 0x39c6,
0x39c6, 0x39c6, 0x39c6, 0x39c6, 0x39c6, 0x39c6, 0x39c6, 0x39c6, 0x39c6, 0x39c6,
0x39c6, 0x39c6, 0x39c6, 0x39c6, 0x39c6, 0x39c6, 0x39c6, 0x39c6, 0x39c6, 0x39c6,
0x39c6, 0x39c6, 0x39c6, 0x39c6, 0x39c6, 0x39c6, 0x39c6, 0x39c6, 0x39c6, 0x39c6,
0x39c6, 0x39c6, 0x39c6, 0x39c6, 0x39c6, 0x39c6, 0x39c6, 0x39c6, 0x39c6, 0x39c6,
0x39c6, 0x39c6, 0x39c6, 0x39c6, 0x39c6, 0x39c6, 0x39c6, 0x39c6, 0x39c6, 0x39c6,
0x39c6, 0x39c6, 0x39c6, 0x39c6, 0x39c6, 0x39c6, 0x39c6, 0x39c6, 0x39c6, 0x39c6,
0x39c6, 0x39c6, 0x39c6, 0x39c6, 0x39c6, 0x39c6, 0x39c6, 0x39c6, 0x39c6, 0x39c6,
0x39c6, 0x39c6, 0x39c6, 0x39c6, 0x39c6, 0x39c6, 0x39c6, 0x39c6, 0x39c6, 0x39c6,
0x39c6, 0x39c6, 0x39c6, 0x39c6, 0x39c6, 0x39c6, 0x39c6, 0x39c6, 0x39c6, 0x39c6,
0x39c6, 0x39c6, 0x39c6, 0x39c6, 0x39c6, 0x39c6, 0x39c6, 0x3165, 0xee05, 0xee05,
0xee05, 0xee05, 0xee05, 0xee05, 0xee05, 0xee05, 0xee05, 0xee05, 0xee05, 0xee05,
0xee05, 0xee05, 0xee05, 0xee05, 0xee05, 0xee05, 0xee05, 0xee05, 0xee05, 0xee05,
0xee05, 0xee05, 0xee05, 0xee05, 0xee05, 0xee05, 0xee05, 0xee05, 0xee05, 0xee05,
0xee05, 0xee05, 0xee05, 0xee05, 0xee05, 0xee05, 0xee05, 0xee06, 0xee06, 0xee06,
0xee26, 0xee26, 0xee26, 0xee26, 0xee27, 0xee27, 0xee27, 0xee27, 0xee27, 0xee27,
0xee27, 0xee27, 0xee27, 0xee27, 0xee27, 0xee27, 0xee27, 0xee27, 0xee27, 0xee27,
0xee27, 0xee27, 0xee27, 0xee27, 0xee27, 0xee27, 0xee27, 0xee27, 0xee27, 0xee27,
0xee27, 0xee27, 0xee27, 0xee27, 0xee27, 0xee27, 0xee27, 0xee27, 0xee27, 0xee27,
0xee27, 0xee28, 0xee28, 0xee28, 0xee28, 0xee28, 0xee28, 0xee28, 0xee28, 0xee28,
0xee28, 0xee28, 0xee28, 0xee49, 0xee6d, 0xee4a, 0xee4a, 0xee4a, 0xee4a, 0xee4a,
0xee4a, 0xee4a, 0xee4a, 0xee4a, 0xee4a, 0xee4a, 0xee4a, 0xee4a, 0xee4a, 0xee4a,
0xee4a, 0xee4a, 0xee4a, 0xee4a, 0xee4a, 0xee4a, 0xee4a, 0xee4a, 0xee4a, 0xee4a,
0xee4a, 0xee4a, 0xee4a, 0xee4a, 0xee4a, 0xee4a, 0xee4a, 0xee4a, 0xee4a, 0xee4a,
0xee4a, 0xee4a, 0xee4a, 0xee4a, 0xee4a, 0xee4a, 0xee4a, 0xee4a, 0xee4a, 0xee4a,
0xee4a, 0xee4a, 0xee8e, 0xee6c, 0xee6c, 0xee6c, 0xee6c, 0xee6c, 0xee6c, 0xee6c,
0xee6c, 0xee6c, 0xee6c, 0xee6c, 0xee6c, 0xee6c, 0xee6c, 0xee6c, 0xee6c, 0xee6c,
0xee6c, 0xee6c, 0xee6c, 0xee6c, 0xee6c, 0xee6c, 0xee6c, 0xee6c, 0xee6c, 0xee6c,
0xee6c, 0xee6c, 0xee6c, 0xee6c, 0xee6c, 0xee6c, 0xee6c, 0xee6c, 0xee6c, 0xee6c,
0xee6c, 0xee6c, 0xee6c, 0xee6c, 0xee6c, 0xee6c, 0xee6c, 0xee6c, 0xee6c, 0xee6c,
0xee6e, 0xee6e, 0xee6e, 0xee6e, 0xee6e, 0xee6e, 0xee6e, 0xee6e, 0xee6e, 0xee6e,
0xee6e, 0xee6e, 0xee6e, 0xee6e, 0xee6e, 0xee6e, 0xee6e, 0xee6e, 0xee6e, 0xee6e,
0xee6e, 0xee6e, 0xee6e, 0xee6e, 0xee6e, 0xee6e, 0xee6e, 0xee6e, 0xee6e, 0xee6e,
0xee6e, 0xee6e, 0xee6e, 0xee6e, 0xee6e, 0xee6e, 0xee6e, 0xee6e, 0xee6e, 0xee6e,
0xee6e, 0xee6e, 0xee6e, 0xee6e, 0xee6e, 0xee6e, 0xee6e, 0xee6e, 0xf307, 0xf2e7,
0xf2e7, 0xf2e7, 0xf2e7, 0xf2e7, 0xf2e7, 0xf2e7, 0xf2e7, 0xf2e7, 0xf2e7, 0xf2e7,
0xf2e7, 0xf2e7, 0xf2e7, 0xf2e7, 0xf2e7, 0xf2e7, 0xf2e7, 0xf2e7, 0xf2e7, 0xf2e7,
0xf2e7, 0xf2e7, 0xf2e7, 0xf2e7, 0xf2e7, 0xf2e7, 0xf2e7, 0xf2e7, 0xf2e7, 0xf2e7,
0xf2e7, 0xf2e7, 0xf2e7, 0xf2e7, 0xf2e7, 0xf2e7, 0xf2e7, 0xf307, 0xf307, 0xf307,
0xf307, 0xf307, 0xf327, 0xf327, 0xf328, 0xf348, 0xec2d, 0xf3eb, 0xf3eb, 0xf3eb,
0xf3eb, 0xf3eb, 0xf3eb, 0xf3eb, 0xf3eb, 0xf3eb, 0xf3eb, 0xf3eb, 0xf3eb, 0xf3eb,
0xf3eb, 0xf3eb, 0xf3eb, 0xf3eb, 0xf3eb, 0xf3eb, 0xf3eb, 0xf3eb, 0xf3eb, 0xf3eb,
0xf3eb, 0xf3eb, 0xf3eb, 0xf3eb, 0xf3eb, 0xf3eb, 0xf3eb, 0xf3eb, 0xf3eb, 0xf3eb,
0xf3eb, 0xf3eb, 0xf3eb, 0xf3eb, 0xf3eb, 0xf3eb, 0xf3eb, 0xf3eb, 0xf3eb, 0xf3eb,
0xf3eb, 0xf3eb, 0xf3eb, 0xf3eb, 0xf4ac, 0xf4ac, 0xf4ac, 0xf4ac, 0xf4ac, 0xf4ac,
0xf4ac, 0xf4ac, 0xf4ac, 0xf4ac, 0xf4ac, 0xf4ac, 0xf4ac, 0xf4ac, 0xf4ac, 0xf4ac,
0xf4ac, 0xf4ac, 0xf4ac, 0xf4ac, 0xf4ac, 0xf4ac, 0xf4ac, 0xf4ac, 0xf4ac, 0xf4ac,
0xf4ac, 0xf4ac, 0xf4ac, 0xf4ac, 0xf4ac, 0xf4ac, 0xf4ac, 0xf4ac, 0xf4ac, 0xf4ac,
0xf4ac, 0xf4ac, 0xf4ac, 0xf4ac, 0xf4ac, 0xf4ac, 0xf4ac, 0xf4ac, 0xf4ac, 0xf4ac,
0xf4ac, 0xf48c, 0xed8f, 0xf58f, 0xf58f, 0xf58f, 0xf58f, 0xf58f, 0xf58f, 0xf58f,
0xf58f, 0xf58f, 0xf58f, 0xf58f, 0xf58f, 0xf58f, 0xf58f, 0xf58f, 0xf58f, 0xf58f,
0xf58f, 0xf58f, 0xf58f, 0xf58f, 0xf58f, 0xf58f, 0xf58f, 0xf58f, 0xf58f, 0xf58f,
0xf58f, 0xf58f, 0xf58f, 0xf58f, 0xf58f, 0xf58f, 0xf58f, 0xf58f, 0xf58f, 0xf58f,
0xf58f, 0xf58f, 0xf58f, 0xf58f, 0xf58f, 0xf58f, 0xf58f, 0xf58f, 0xf58f, 0xf58f,
0xeef8, 0xef19, 0xef19, 0xef19, 0xef19, 0xef19, 0xef19, 0xef19, 0xef19, 0xef19,
0xef19, 0xef19, 0xef19, 0xef19, 0xef19, 0xef19, 0xef19, 0xef19, 0xef19, 0xef19,
0xef19, 0xef19, 0xef19, 0xef19, 0xef19, 0xef19, 0xef19, 0xef19, 0xef19, 0xef19,
0xef19, 0xef19, 0xef19, 0xef19, 0xef19, 0xef19, 0xef19, 0xef19, 0xef19, 0xef19,
0xef19, 0xef19, 0xef19, 0xef19, 0xef19, 0xef19, 0xef19, 0xeef8, 0xef3b, 0xef3b,
0xef3b, 0xef3b, 0xef3b, 0xef3b, 0xef3b, 0xef3b, 0xef3b, 0xef3b, 0xef3b, 0xef3b,
0xef3b, 0xef3b, 0xef3b, 0xef3b, 0xef3b, 0xef3b, 0xef3b, 0xef3b, 0xef3b, 0xef3b,
0xef3b, 0xef3b, 0xef3b, 0xef3b, 0xef3b, 0xef3b, 0xef3b, 0xef3b, 0xef3b, 0xef3b,
0xef3b, 0xef3b, 0xef3b, 0xef3b, 0xef3b, 0xef3b, 0xef3b, 0xef3b, 0xef3b, 0xef3b,
0xef3b, 0xef3b, 0xef3b, 0xef3b, 0xef3b, 0xef3b, 0xce16, 0xce16, 0xce16, 0xce16,
0xce16, 0xce16, 0xce16, 0xce16, 0xce16, 0xce16, 0xce16, 0xce16, 0xce16, 0xce16,
0xce16, 0xce16, 0xce16, 0xce16, 0xce16, 0xce16, 0xce16, 0xce16, 0xce16, 0xce16,
0xce16, 0xce16, 0xce16, 0xce16, 0xce16, 0xce16, 0xce16, 0xce16, 0xce16, 0xce16,
0xce16, 0xce16, 0xce16, 0xce16, 0xce16, 0xce16, 0xce16, 0xce16, 0xce16, 0xce16,
0xce16, 0xce16, 0xce16, 0xce16, 
0x39c6, 0x39c6, 0x39c6, 0x39c6, 0x39c6, 0x39c6, 0x39c6, 0x39c6, 0x39c6, 0x39c6,
0x39c6, 0x39c6, 0x39c6, 0x39c6, 0x39c6, 0x39c6, 0x39c6, 0x39c6, 0x39c6, 0x39c6,
0x39c6, 0x39c6, 0x39c6, 0x39c6, 0x39c6, 0x39c6, 0x39c6, 0x39c6, 0x39c6, 0x39c6,
0x39c6, 0x39c6, 0x39c6, 0x39c6, 0x39c6, 0x39c6, 0x39c6, 0x39c6, 0x39c6, 0x39c6,
0x39c6, 0x39c6, 0x39c6, 0x39c6, 0x39c6, 0x39c6, 0x39c6, 0x39c6, 0x39c6, 0x39c6,
0x39c6, 0x39c6, 0x39c6, 0x39c6, 0x39c6, 0x39c6, 0x39c6, 0x39c6, 0x39c6, 0x39c6,
0x39c6, 0x39c6, 0x39c6, 0x39c6, 0x39c6, 0x39c6, 0x39c6, 0x39c6, 0x39c6, 0x39c6,
0x39c6, 0x39c6, 0x39c6, 0x39c6, 0x39c6, 0x39c6, 0x39c6, 0x39c6, 0x39c6, 0x39c6,
0x39c6, 0x39c6, 0x39c6, 0x39c6, 0x39c6, 0x39c6, 0x39c6, 0x39c6, 0x39c6, 0x39c6,
0x39c6, 0x39c6, 0x39c6, 0x39c6, 0x39c6, 0x39c6, 0x39c6, 0x39c6, 0x39c6, 0x39c6,
0x39c6, 0x39c6, 0x39c6, 0x39c6, 0x39c6, 0x39c6, 0x39c6, 0x39c6, 0x39c6, 0x39c6,
0x39c6, 0x39c6, 0x39c6, 0x39c6, 0x39c6, 0x39c6, 0x39c6, 0x39c6, 0x39c6, 0x39c6,
0x39c6, 0x39c6, 0x39c6, 0x39c6, 0x39c6, 0x39c6, 0x39c6, 0x39c6, 0x39c6, 0x39c6,
0x39c6, 0x39c6, 0x39c6, 0x39c6, 0x39c6, 0x39c6, 0x39c6, 0x39c6, 0x39c6, 0x39c6,
0x39c6, 0x39c6, 0x39c6, 0x39c6, 0x39c6, 0x39c6, 0x39c6, 0x39c6, 0x39c6, 0x39c6,
0x39c6, 0x39c6, 0x39c6, 0x39c6, 0x39c6, 0x39c6, 0x39c6, 0x39c6, 0x39c6, 0x39c6,
0x39c6, 0x39c6, 0x39c6, 0x39c6, 0x39c6, 0x39c6, 0x39c6, 0x39c6, 0x39c6, 0x39c6,
0x39c6, 0x39c6, 0x39c6, 0x39c6, 0x39c6, 0x39c6, 0x39c6, 0x39c6, 0x39c6, 0x39c6,
0x39c6, 0x39c6, 0x39c6, 0x39c6, 0x39c6, 0x39c6, 0x39c6, 0x39c6, 0x39c6, 0x39c6,
0x39c6, 0x39c6, 0x39c6, 0x39c6, 0x39c6, 0x39c6, 0x39c6, 0x39c6, 0x39c6, 0x39c6,
0x39c6, 0x39c6, 0x39c6, 0x39c6, 0x39c6, 0x39c6, 0x39c6, 0x39c6, 0x39c6, 0x39c6,
0x39c6, 0x39c6, 0x39c6, 0x39c6, 0x39c6, 0x39c6, 0x39c6, 0x39c6, 0x39c6, 0x39c6,
0x39c6, 0x39c6, 0x39c6, 0x39c6, 0x39c6, 0x39c6, 0x39c6, 0x39c6, 0x39c6, 0x39c6,
0x39c6, 0x39c6, 0x39c6, 0x39c6, 0x39c6, 0x39c6, 0x39c6, 0x39c6, 0x39c6, 0x39c6,
0x39c6, 0x39c6, 0x39c6, 0x39c6, 0x39c6, 0x39c6, 0x39c6, 0x39c6, 0x39c6, 0x39c6,
0x39c6, 0x39c6, 0x39c6, 0x39c6, 0x39c6, 0x39c6, 0x39c6, 0x39c6, 0x39c6, 0x39c6,
0x39c6, 0x39c6, 0x39c6, 0x39c6, 0x39c6, 0x39c6, 0x39c6, 0x39c6, 0x39c6, 0x39c6,
0x39c6, 0x39c6, 0x39c6, 0x39c6, 0x39c6, 0x39c6, 0x39c6, 0x39c6, 0x39c6, 0x39c6,
0x39c6, 0x39c6, 0x39c6, 0x39c6, 0x39c6, 0x39c6, 0x39c6, 0x3165, 0xee05, 0xee05,
0xee05, 0xee05, 0xee05, 0xee05, 0xee05, 0xee05, 0xee05, 0xee05, 0xee05, 0xee05,
0xee05, 0xee05, 0xee05, 0xee05, 0xee05, 0xee05, 0xee05, 0xee05, 0xee05, 0xee05,
0xee05, 0xee05, 0xee05, 0xee05, 0xee05, 0xee05, 0xee05, 0xee05, 0xee05, 0xee05,
0xee05, 0xee05, 0xee05, 0xee05, 0xee05, 0xee05, 0xee05, 0xee06, 0xee06, 0xee06,
0xee06, 0xee26, 0xee26, 0xee26, 0xee27, 0xee27, 0xee27, 0xee27, 0xee27, 0xee27,
0xee27, 0xee27, 0xee27, 0xee27, 0xee27, 0xee27, 0xee27, 0xee27, 0xee27, 0xee27,
0xee27, 0xee27, 0xee27, 0xee27, 0xee27, 0xee27, 0xee27, 0xee27, 0xee27, 0xee27,
0xee27, 0xee27, 0xee27, 0xee27, 0xee27, 0xee27, 0xee27, 0xee27, 0xee27, 0xee27,
0xee27, 0xee28, 0xee28, 0xee27, 0xee28, 0xee28, 0xee28, 0xee28, 0xee28, 0xee28,
0xee28, 0xee28, 0xee28, 0xee49, 0xee6d, 0xee4a, 0xee4a, 0xee4a, 0xee4a, 0xee4a,
0xee4a, 0xee4a, 0xee4a, 0xee4a, 0xee4a, 0xee4a, 0xee4a, 0xee4a, 0xee4a, 0xee4a,
0xee4a, 0xee4a, 0xee4a, 0xee4a, 0xee4a, 0xee4a, 0xee4a, 0xee4a, 0xee4a, 0xee4a,
0xee4a, 0xee4a, 0xee4a, 0xee4a, 0xee4a, 0xee4a, 0xee4a, 0xee4a, 0xee4a, 0xee4a,
0xee4a, 0xee4a, 0xee4a, 0xee4a, 0xee4a, 0xee4a, 0xee4a, 0xee4a, 0xee4a, 0xee4a,
0xee4a, 0xee4b, 0xee8e, 0xee6c, 0xee6c, 0xee6c, 0xee6c, 0xee6c, 0xee6c, 0xee6c,
0xee6c, 0xee6c, 0xee6c, 0xee6c, 0xee6c, 0xee6c, 0xee6c, 0xee6c, 0xee6c, 0xee6c,
0xee6c, 0xee6c, 0xee6c, 0xee6c, 0xee6c, 0xee6c, 0xee6c, 0xee6c, 0xee6c, 0xee6c,
0xee6c, 0xee6c, 0xee6c, 0xee6c, 0xee6c, 0xee6c, 0xee6c, 0xee6c, 0xee6c, 0xee6c,
0xee6c, 0xee6c, 0xee6c, 0xee6c, 0xee6c, 0xee6c, 0xee6c, 0xee6c, 0xee6c, 0xee6c,
0xee6e, 0xee6e, 0xee6e, 0xee6e, 0xee6e, 0xee6e, 0xee6e, 0xee6e, 0xee6e, 0xee6e,
0xee6e, 0xee6e, 0xee6e, 0xee6e, 0xee6e, 0xee6e, 0xee6e, 0xee6e, 0xee6e, 0xee6e,
0xee6e, 0xee6e, 0xee6e, 0xee6e, 0xee6e, 0xee6e, 0xee6e, 0xee6e, 0xee6e, 0xee6e,
0xee6e, 0xee6e, 0xee6e, 0xee6e, 0xee6e, 0xee6e, 0xee6e, 0xee6e, 0xee6e, 0xee6e,
0xee6e, 0xee6e, 0xee6e, 0xee6e, 0xee6e, 0xee6e, 0xee6e, 0xee6e, 0xf307, 0xf2e7,
0xf2e7, 0xf2e7, 0xf2e7, 0xf2e7, 0xf2e7, 0xf2e7, 0xf2e7, 0xf2e7, 0xf2e7, 0xf2e7,
0xf2e7, 0xf2e7, 0xf2e7, 0xf2e7, 0xf2e7, 0xf2e7, 0xf2e7, 0xf2e7, 0xf2e7, 0xf2e7,
0xf2e7, 0xf2e7, 0xf2e7, 0xf2e7, 0xf2e7, 0xf2e7, 0xf2e7, 0xf2e7, 0xf2e7, 0xf2e7,
0xf2e7, 0xf2e7, 0xf2e7, 0xf2e7, 0xf2e7, 0xf2e7, 0xf2e7, 0xf307, 0xf307, 0xf307,
0xf307, 0xf307, 0xf327, 0xf327, 0xf327, 0xf348, 0xec2d, 0xf3eb, 0xf3eb, 0xf3eb,
0xf3eb, 0xf3eb, 0xf3eb, 0xf3eb, 0xf3eb, 0xf3eb, 0xf3eb, 0xf3eb, 0xf3eb, 0xf3eb,
0xf3eb, 0xf3eb, 0xf3eb, 0xf3eb, 0xf3eb, 0xf3eb, 0xf3eb, 0xf3eb, 0xf3eb, 0xf3eb,
0xf3eb, 0xf3eb, 0xf3eb, 0xf3eb, 0xf3eb, 0xf3eb, 0xf3eb, 0xf3eb, 0xf3eb, 0xf3eb,
0xf3eb, 0xf3eb, 0xf3eb, 0xf3eb, 0xf3eb, 0xf3eb, 0xf3eb, 0xf3eb, 0xf3eb, 0xf3eb,
0xf3eb, 0xf3eb, 0xf3eb, 0xf3eb, 0xf4ac, 0xf4ac, 0xf4ac, 0xf4ac, 0xf4ac, 0xf4ac,
0xf4ac, 0xf4ac, 0xf4ac, 0xf4ac, 0xf4ac, 0xf4ac, 0xf4ac, 0xf4ac, 0xf4ac, 0xf4ac,
0xf4ac, 0xf4ac, 0xf4ac, 0xf4ac, 0xf4ac, 0xf4ac, 0xf4ac, 0xf4ac, 0xf4ac, 0xf4ac,
0xf4ac, 0xf4ac, 0xf4ac, 0xf4ac, 0xf4ac, 0xf4ac, 0xf4ac, 0xf4ac, 0xf4ac, 0xf4ac,
0xf4ac, 0xf4ac, 0xf4ac, 0xf4ac, 0xf4ac, 0xf4ac, 0xf4ac, 0xf4ac, 0xf4ac, 0xf4ac,
0xf4ac, 0xf48c, 0xed8f, 0xf58f, 0xf58f, 0xf58f, 0xf58f, 0xf58f, 0xf58f, 0xf58f,
0xf58f, 0xf58f, 0xf58f, 0xf58f, 0xf58f, 0xf58f, 0xf58f, 0xf58f, 0xf58f, 0xf58f,
0xf58f, 0xf58f, 0xf58f, 0xf58f, 0xf58f, 0xf58f, 0xf58f, 0xf58f, 0xf58f, 0xf58f,
0xf58f, 0xf58f, 0xf58f, 0xf58f, 0xf58f, 0xf58f, 0xf58f, 0xf58f, 0xf58f, 0xf58f,
0xf58f, 0xf58f, 0xf58f, 0xf58f, 0xf58f, 0xf58f, 0xf58f, 0xf58f, 0xf58f, 0xf58f,
0xeef8, 0xef19, 0xef19, 0xef19, 0xef19, 0xef19, 0xef19, 0xef19, 0xef19, 0xef19,
0xef19, 0xef19, 0xef19, 0xef19, 0xef19, 0xef19, 0xef19, 0xef19, 0xef19, 0xef19,
0xef19, 0xef19, 0xef19, 0xef19, 0xef19, 0xef19, 0xef19, 0xef19, 0xef19, 0xef19,
0xef19, 0xef19, 0xef19, 0xef19, 0xef19, 0xef19, 0xef19, 0xef19, 0xef19, 0xef19,
0xef19, 0xef19, 0xef19, 0xef19, 0xef19, 0xef19, 0xef19, 0xeef8, 0xef3b, 0xef3b,
0xef3b, 0xef3b, 0xef3b, 0xef3b, 0xef3b, 0xef3b, 0xef3b, 0xef3b, 0xef3b, 0xef3b,
0xef3b, 0xef3b, 0xef3b, 0xef3b, 0xef3b, 0xef3b, 0xef3b, 0xef3b, 0xef3b, 0xef3b,
0xef3b, 0xef3b, 0xef3b, 0xef3b, 0xef3b, 0xef3b, 0xef3b, 0xef3b, 0xef3b, 0xef3b,
0xef3b, 0xef3b, 0xef3b, 0xef3b, 0xef3b, 0xef3b, 0xef3b, 0xef3b, 0xef3b, 0xef3b,
0xef3b, 0xef3b, 0xef3b, 0xef3b, 0xef3b, 0xef3b, 0xce16, 0xce16, 0xce16, 0xce16,
0xce16, 0xce16, 0xce16, 0xce16, 0xce16, 0xce16, 0xce16, 0xce16, 0xce16, 0xce16,
0xce16, 0xce16, 0xce16, 0xce16, 0xce16, 0xce16, 0xce16, 0xce16, 0xce16, 0xce16,
0xce16, 0xce16, 0xce16, 0xce16, 0xce16, 0xce16, 0xce16, 0xce16, 0xce16, 0xce16,
0xce16, 0xce16, 0xce16, 0xce16, 0xce16, 0xce16, 0xce16, 0xce16, 0xce16, 0xce16,
0xce16, 0xce16, 0xce16, 0xce16, 
0x39c6, 0x39c6, 0x39c6, 0x39c6, 0x39c6, 0x39c6, 0x39c6, 0x39c6, 0x39c6, 0x39c6,
0x39c6, 0x39c6, 0x39c6, 0x39c6, 0x39c6, 0x39c6, 0x39c6, 0x39c6, 0x39c6, 0x39c6,
0x39c6, 0x39c6, 0x39c6, 0x39c6, 0x39c6, 0x39c6, 0x39c6, 0x39c6, 0x39c6, 0x39c6,
0x39c6, 0x39c6, 0x39c6, 0x39c6, 0x39c6, 0x39c6, 0x39c6, 0x39c6, 0x39c6, 0x39c6,
0x39c6, 0x39c6, 0x39c6, 0x39c6, 0x39c6, 0x39c6, 0x39c6, 0x39c6, 0x39c6, 0x39c6,
0x39c6, 0x39c6, 0x39c6, 0x39c6, 0x39c6, 0x39c6, 0x39c6, 0x39c6, 0x39c6, 0x39c6,
0x39c6, 0x39c6, 0x39c6, 0x39c6, 0x39c6, 0x39c6, 0x39c6, 0x39c6, 0x39c6, 0x39c6,
0x39c6, 0x39c6, 0x39c6, 0x39c6, 0x39c6, 0x39c6, 0x39c6, 0x39c6, 0x39c6, 0x39c6,
0x39c6, 0x39c6, 0x39c6, 0x39c6, 0x39c6, 0x39c6, 0x39c6, 0x39c6, 0x39c6, 0x39c6,
0x39c6, 0x39c6, 0x39c6, 0x39c6, 0x39c6, 0x39c6, 0x39c6, 0x39c6, 0x39c6, 0x39c6,
0x39c6, 0x39c6, 0x39c6, 0x39c6, 0x39c6, 0x39c6, 0x39c6, 0x39c6, 0x39c6, 0x39c6,
0x39c6, 0x39c6, 0x39c6, 0x39c6, 0x39c6, 0x39c6, 0x39c6, 0x39c6, 0x39c6, 0x39c6,
0x39c6, 0x39c6, 0x39c6, 0x39c6, 0x39c6, 0x39c6, 0x39c6, 0x39c6, 0x39c6, 0x39c6,
0x39c6, 0x39c6, 0x39c6, 0x39c6, 0x39c6, 0x39c6, 0x39c6, 0x39c6, 0x39c6, 0x39c6,
0x39c6, 0x39c6, 0x39c6, 0x39c6, 0x39c6, 0x39c6, 0x39c6, 0x39c6, 0x39c6, 0x39c6,
0x39c6, 0x39c6, 0x39c6, 0x39c6, 0x39c6, 0x39c6, 0x39c6, 0x39c6, 0x39c6, 0x39c6,
0x39c6, 0x39c6, 0x39c6, 0x39c6, 0x39c6, 0x39c6, 0x39c6, 0x39c6, 0x39c6, 0x39c6,
0x39c6, 0x39c6, 0x39c6, 0x39c6, 0x39c6, 0x39c6, 0x39c6, 0x39c6, 0x39c6, 0x39c6,
0x39c6, 0x39c6, 0x39c6, 0x39c6, 0x39c6, 0x39c6, 0x39c6, 0x39c6, 0x39c6, 0x39c6,
0x39c6, 0x39c6, 0x39c6, 0x39c6, 0x39c6, 0x39c6, 0x39c6, 0x39c6, 0x39c6, 0x39c6,
0x39c6, 0x39c6, 0x39c6, 0x39c6, 0x39c6, 0x39c6, 0x39c6, 0x39c6, 0x39c6, 0x39c6,
0x39c6, 0x39c6, 0x39c6, 0x39c6, 0x39c6, 0x39c6, 0x39c6, 0x39c6, 0x39c6, 0x39c6,
0x39c6, 0x39c6, 0x39c6, 0x39c6, 0x39c6, 0x39c6, 0x39c6, 0x39c6, 0x39c6, 0x39c6,
0x39c6, 0x39c6, 0x39c6, 0x39c6, 0x39c6, 0x39c6, 0x39c6, 0x39c6, 0x39c6, 0x39c6,
0x39c6, 0x39c6, 0x39c6, 0x39c6, 0x39c6, 0x39c6, 0x39c6, 0x39c6, 0x39c6, 0x39c6,
0x39c6, 0x39c6, 0x39c6, 0x39c6, 0x39c6, 0x39c6, 0x39c6, 0x39c6, 0x39c6, 0x39c6,
0x39c6, 0x39c6, 0x39c6, 0x39c6, 0x39c6, 0x39c6, 0x39c6, 0x39c6, 0x39c6, 0x39c6,
0x39c6, 0x39c6, 0x39c6, 0x39c6, 0x39c6, 0x39c6, 0x39c6, 0x39c6, 0x39c6, 0x39c6,
0x39c6, 0x39c6, 0x39c6, 0x39c6, 0x39c6, 0x39c6, 0x39c6, 0x3165, 0xee05, 0xee05,
0xee05, 0xee05, 0xee05, 0xee05, 0xee05, 0xee05, 0xee05, 0xee05, 0xee05, 0xee05,
0xee05, 0xee05, 0xee05, 0xee05, 0xee05, 0xee05, 0xee05, 0xee05, 0xee05, 0xee05,
0xee05, 0xee05, 0xee05, 0xee05, 0xee05, 0xee05, 0xee05, 0xee05, 0xee05, 0xee05,
0xee05, 0xee05, 0xee05, 0xee05, 0xee05, 0xee05, 0xee05, 0xee06, 0xee06, 0xee06,
0xee06, 0xee26, 0xee26, 0xee26, 0xee27, 0xee27, 0xee27, 0xee27, 0xee27, 0xee27,
0xee27, 0xee27, 0xee27, 0xee27, 0xee27, 0xee27, 0xee27, 0xee27, 0xee27, 0xee27,
0xee27, 0xee27, 0xee27, 0xee27, 0xee27, 0xee27, 0xee27, 0xee27, 0xee27, 0xee27,
0xee27, 0xee27, 0xee27, 0xee27, 0xee27, 0xee27, 0xee27, 0xee27, 0xee27, 0xee27,
0xee27, 0xee28, 0xee28, 0xee27, 0xee28, 0xee28, 0xee28, 0xee28, 0xee28, 0xee28,
0xee28, 0xee28, 0xee28, 0xee49, 0xee6d, 0xee4a, 0xee4a, 0xee4a, 0xee4a, 0xee4a,
0xee4a, 0xee4a, 0xee4a, 0xee4a, 0xee4a, 0xee4a, 0xee4a, 0xee4a, 0xee4a, 0xee4a,
0xee4a, 0xee4a, 0xee4a, 0xee4a, 0xee4a, 0xee4a, 0xee4a, 0xee4a, 0xee4a, 0xee4a,
0xee4a, 0xee4a, 0xee4a, 0xee4a, 0xee4a, 0xee4a, 0xee4a, 0xee4a, 0xee4a, 0xee4a,
0xee4a, 0xee4a, 0xee4a, 0xee4a, 0xee4a, 0xee4a, 0xee4a, 0xee4a, 0xee4a, 0xee4a,
0xee4a, 0xee4b, 0xee8e, 0xee6c, 0xee6c, 0xee6c, 0xee6c, 0xee6c, 0xee6c, 0xee6c,
0xee6c, 0xee6c, 0xee6c, 0xee6c, 0xee6c, 0xee6c, 0xee6c, 0xee6c, 0xee6c, 0xee6c,
0xee6c, 0xee6c, 0xee6c, 0xee6c, 0xee6c, 0xee6c, 0xee6c, 0xee6c, 0xee6c, 0xee6c,
0xee6c, 0xee6c, 0xee6c, 0xee6c, 0xee6c, 0xee6c, 0xee6c, 0xee6c, 0xee6c, 0xee6c,
0xee6c, 0xee6c, 0xee6c, 0xee6c, 0xee6c, 0xee6c, 0xee6c, 0xee6c, 0xee6c, 0xee6c,
0xee6e, 0xee6e, 0xee6e, 0xee6e, 0xee6e, 0xee6e, 0xee6e, 0xee6e, 0xee6e, 0xee6e,
0xee6e, 0xee6e, 0xee6e, 0xee6e, 0xee6e, 0xee6e, 0xee6e, 0xee6e, 0xee6e, 0xee6e,
0xee6e, 0xee6e, 0xee6e, 0xee6e, 0xee6e, 0xee6e, 0xee6e, 0xee6e, 0xee6e, 0xee6e,
0xee6e, 0xee6e, 0xee6e, 0xee6e, 0xee6e, 0xee6e, 0xee6e, 0xee6e, 0xee6e, 0xee6e,
0xee6e, 0xee6e, 0xee6e, 0xee6e, 0xee6e, 0xee6e, 0xee6e, 0xee6e, 0xf307, 0xf2e7,
0xf2e7, 0xf2e7, 0xf2e7, 0xf2e7, 0xf2e7, 0xf2e7, 0xf2e7, 0xf2e7, 0xf2e7, 0xf2e7,
0xf2e7, 0xf2e7, 0xf2e7, 0xf2e7, 0xf2e7, 0xf2e7, 0xf2e7, 0xf2e7, 0xf2e7, 0xf2e7,
0xf2e7, 0xf2e7, 0xf2e7, 0xf2e7, 0xf2e7, 0xf2e7, 0xf2e7, 0xf2e7, 0xf2e7, 0xf2e7,
0xf2e7, 0xf2e7, 0xf2e7, 0xf2e7, 0xf2e7, 0xf2e7, 0xf2e7, 0xf307, 0xf307, 0xf307,
0xf307, 0xf307, 0xf327, 0xf327, 0xf347, 0xf348, 0xec2d, 0xf3eb, 0xf3eb, 0xf3eb,
0xf3eb, 0xf3eb, 0xf3eb, 0xf3eb, 0xf3eb, 0xf3eb, 0xf3eb, 0xf3eb, 0xf3eb, 0xf3eb,
0xf3eb, 0xf3eb, 0xf3eb, 0xf3eb, 0xf3eb, 0xf3eb, 0xf3eb, 0xf3eb, 0xf3eb, 0xf3eb,
0xf3eb, 0xf3eb, 0xf3eb, 0xf3eb, 0xf3eb, 0xf3eb, 0xf3eb, 0xf3eb, 0xf3eb, 0xf3eb,
0xf3eb, 0xf3eb, 0xf3eb, 0xf3eb, 0xf3eb, 0xf3eb, 0xf3eb, 0xf3eb, 0xf3eb, 0xf3eb,
0xf3eb, 0xf3eb, 0xf3eb, 0xf3eb, 0xf4ac, 0xf4ac, 0xf4ac, 0xf4ac, 0xf4ac, 0xf4ac,
0xf4ac, 0xf4ac, 0xf4ac, 0xf4ac, 0xf4ac, 0xf4ac, 0xf4ac, 0xf4ac, 0xf4ac, 0xf4ac,
0xf4ac, 0xf4ac, 0xf4ac, 0xf4ac, 0xf4ac, 0xf4ac, 0xf4ac, 0xf4ac, 0xf4ac, 0xf4ac,
0xf4ac, 0xf4ac, 0xf4ac, 0xf4ac, 0xf4ac, 0xf4ac, 0xf4ac, 0xf4ac, 0xf4ac, 0xf4ac,
0xf4ac, 0xf4ac, 0xf4ac, 0xf4ac, 0xf4ac, 0xf4ac, 0xf4ac, 0xf4ac, 0xf4ac, 0xf4ac,
0xf4ac, 0xf48c, 0xed8f, 0xf58f, 0xf58f, 0xf58f, 0xf58f, 0xf58f, 0xf58f, 0xf58f,
0xf58f, 0xf58f, 0xf58f, 0xf58f, 0xf58f, 0xf58f, 0xf58f, 0xf58f, 0xf58f, 0xf58f,
0xf58f, 0xf58f, 0xf58f, 0xf58f, 0xf58f, 0xf58f, 0xf58f, 0xf58f, 0xf58f, 0xf58f,
0xf58f, 0xf58f, 0xf58f, 0xf58f, 0xf58f, 0xf58f, 0xf58f, 0xf58f, 0xf58f, 0xf58f,
0xf58f, 0xf58f, 0xf58f, 0xf58f, 0xf58f, 0xf58f, 0xf58f, 0xf58f, 0xf58f, 0xf58f,
0xeef8, 0xef19, 0xef19, 0xef19, 0xef19, 0xef19, 0xef19, 0xef19, 0xef19, 0xef19,
0xef19, 0xef19, 0xef19, 0xef19, 0xef19, 0xef19, 0xef19, 0xef19, 0xef19, 0xef19,
0xef19, 0xef19, 0xef19, 0xef19, 0xef19, 0xef19, 0xef19, 0xef19, 0xef19, 0xef19,
0xef19, 0xef19, 0xef19, 0xef19, 0xef19, 0xef19, 0xef19, 0xef19, 0xef19, 0xef19,
0xef19, 0xef19, 0xef19, 0xef19, 0xef19, 0xef19, 0xef19, 0xeef8, 0xef3b, 0xef3b,
0xef3b, 0xef3b, 0xef3b, 0xef3b, 0xef3b, 0xef3b, 0xef3b, 0xef3b, 0xef3b, 0xef3b,
0xef3b, 0xef3b, 0xef3b, 0xef3b, 0xef3b, 0xef3b, 0xef3b, 0xef3b, 0xef3b, 0xef3b,
0xef3b, 0xef3b, 0xef3b, 0xef3b, 0xef3b, 0xef3b, 0xef3b, 0xef3b, 0xef3b, 0xef3b,
0xef3b, 0xef3b, 0xef3b, 0xef3b, 0xef3b, 0xef3b, 0xef3b, 0xef3b, 0xef3b, 0xef3b,
0xef3b, 0xef3b, 0xef3b, 0xef3b, 0xef3b, 0xef3b, 0xce16, 0xce16, 0xce16, 0xce16,
0xce16, 0xce16, 0xce16, 0xce16, 0xce16, 0xce16, 0xce16, 0xce16, 0xce16, 0xce16,
0xce16, 0xce16, 0xce16, 0xce16, 0xce16, 0xce16, 0xce16, 0xce16, 0xce16, 0xce16,
0xce16, 0xce16, 0xce16, 0xce16, 0xce16, 0xce16, 0xce16, 0xce16, 0xce16, 0xce16,
0xce16, 0xce16, 0xce16, 0xce16, 0xce16, 0xce16, 0xce16, 0xce16, 0xce16, 0xce16,
0xce16, 0xce16, 0xce16, 0xce16, 
0x39c6, 0x39c6, 0x39c6, 0x39c6, 0x39c6, 0x39c6, 0x39c6, 0x39c6, 0x39c6, 0x39c6,
0x39c6, 0x39c6, 0x39c6, 0x39c6, 0x39c6, 0x39c6, 0x39c6, 0x39c6, 0x39c6, 0x39c6,
0x39c6, 0x39c6, 0x39c6, 0x39c6, 0x39c6, 0x39c6, 0x39c6, 0x39c6, 0x39c6, 0x39c6,
0x39c6, 0x39c6, 0x39c6, 0x39c6, 0x39c6, 0x39c6, 0x39c6, 0x39c6, 0x39c6, 0x39c6,
0x39c6, 0x39c6, 0x39c6, 0x39c6, 0x39c6, 0x39c6, 0x39c6, 0x39c6, 0x39c6, 0x39c6,
0x39c6, 0x39c6, 0x39c6, 0x39c6, 0x39c6, 0x39c6, 0x39c6, 0x39c6, 0x39c6, 0x39c6,
0x39c6, 0x39c6, 0x39c6, 0x39c6, 0x39c6, 0x39c6, 0x39c6, 0x39c6, 0x39c6, 0x39c6,
0x39c6, 0x39c6, 0x39c6, 0x39c6, 0x39c6, 0x39c6, 0x39c6, 0x39c6, 0x39c6, 0x39c6,
0x39c6, 0x39c6, 0x39c6, 0x39c6, 0x39c6, 0x39c6, 0x39c6, 0x39c6, 0x39c6, 0x39c6,
0x39c6, 0x39c6, 0x39c6, 0x39c6, 0x39c6, 0x39c6, 0x39c6, 0x39c6, 0x39c6, 0x39c6,
0x39c6, 0x39c6, 0x39c6, 0x39c6, 0x39c6, 0x39c6, 0x39c6, 0x39c6, 0x39c6, 0x39c6,
0x39c6, 0x39c6, 0x39c6, 0x39c6, 0x39c6, 0x39c6, 0x39c6, 0x39c6, 0x39c6, 0x39c6,
0x39c6, 0x39c6, 0x39c6, 0x39c6, 0x39c6, 0x39c6, 0x39c6, 0x39c6, 0x39c6, 0x39c6,
0x39c6, 0x39c6, 0x39c6, 0x39c6, 0x39c6, 0x39c6, 0x39c6, 0x39c6, 0x39c6, 0x39c6,
0x39c6, 0x39c6, 0x39c6, 0x39c6, 0x39c6, 0x39c6, 0x39c6, 0x39c6, 0x39c6, 0x39c6,
0x39c6, 0x39c6, 0x39c6, 0x39c6, 0x39c6, 0x39c6, 0x39c6, 0x39c6, 0x39c6, 0x39c6,
0x39c6, 0x39c6, 0x39c6, 0x39c6, 0x39c6, 0x39c6, 0x39c6, 0x39c6, 0x39c6, 0x39c6,
0x39c6, 0x39c6, 0x39c6, 0x39c6, 0x39c6, 0x39c6, 0x39c6, 0x39c6, 0x39c6, 0x39c6,
0x39c6, 0x39c6, 0x39c6, 0x39c6, 0x39c6, 0x39c6, 0x39c6, 0x39c6, 0x39c6, 0x39c6,
0x39c6, 0x39c6, 0x39c6, 0x39c6, 0x39c6, 0x39c6, 0x39c6, 0x39c6, 0x39c6, 0x39c6,
0x39c6, 0x39c6, 0x39c6, 0x39c6, 0x39c6, 0x39c6, 0x39c6, 0x39c6, 0x39c6, 0x39c6,
0x39c6, 0x39c6, 0x39c6, 0x39c6, 0x39c6, 0x39c6, 0x39c6, 0x39c6, 0x39c6, 0x39c6,
0x39c6, 0x39c6, 0x39c6, 0x39c6, 0x39c6, 0x39c6, 0x39c6, 0x39c6, 0x39c6, 0x39c6,
0x39c6, 0x39c6, 0x39c6, 0x39c6, 0x39c6, 0x39c6, 0x39c6, 0x39c6, 0x39c6, 0x39c6,
0x39c6, 0x39c6, 0x39c6, 0x39c6, 0x39c6, 0x39c6, 0x39c6, 0x39c6, 0x39c6, 0x39c6,
0x39c6, 0x39c6, 0x39c6, 0x39c6, 0x39c6, 0x39c6, 0x39c6, 0x39c6, 0x39c6, 0x39c6,
0x39c6, 0x39c6, 0x39c6, 0x39c6, 0x39c6, 0x39c6, 0x39c6, 0x39c6, 0x39c6, 0x39c6,
0x39c6, 0x39c6, 0x39c6, 0x39c6, 0x39c6, 0x39c6, 0x39c6, 0x39c6, 0x39c6, 0x39c6,
0x39c6, 0x39c6, 0x39c6, 0x39c6, 0x39c6, 0x39c6, 0x39c6, 0x3165, 0xee05, 0xee05,
0xee05, 0xee05, 0xee05, 0xee05, 0xee05, 0xee05, 0xee05, 0xee05, 0xee05, 0xee05,
0xee05, 0xee05, 0xee05, 0xee05, 0xee05, 0xee05, 0xee05, 0xee05, 0xee05, 0xee05,
0xee05, 0xee05, 0xee05, 0xee05, 0xee05, 0xee05, 0xee05, 0xee05, 0xee05, 0xee05,
0xee05, 0xee05, 0xee05, 0xee05, 0xee05, 0xee05, 0xee05, 0xee06, 0xee06, 0xee06,
0xee06, 0xee26, 0xee26, 0xee26, 0xee27, 0xee27, 0xee27, 0xee27, 0xee27, 0xee27,
0xee27, 0xee27, 0xee27, 0xee27, 0xee27, 0xee27, 0xee27, 0xee27, 0xee27, 0xee27,
0xee27, 0xee27, 0xee27, 0xee27, 0xee27, 0xee27, 0xee27, 0xee27, 0xee27, 0xee27,
0xee27, 0xee27, 0xee27, 0xee27, 0xee27, 0xee27, 0xee27, 0xee27, 0xee27, 0xee27,
0xee27, 0xee28, 0xee28, 0xee27, 0xee28, 0xee28, 0xee28, 0xee28, 0xee28, 0xee28,
0xee28, 0xee28, 0xee28, 0xee49, 0xee6d, 0xee4a, 0xee4a, 0xee4a, 0xee4a, 0xee4a,
0xee4a, 0xee4a, 0xee4a, 0xee4a, 0xee4a, 0xee4a, 0xee4a, 0xee4a, 0xee4a, 0xee4a,
0xee4a, 0xee4a, 0xee4a, 0xee4a, 0xee4a, 0xee4a, 0xee4a, 0xee4a, 0xee4a, 0xee4a,
0xee4a, 0xee4a, 0xee4a, 0xee4a, 0xee4a, 0xee4a, 0xee4a, 0xee4a, 0xee4a, 0xee4a,
0xee4a, 0xee4a, 0xee4a, 0xee4a, 0xee4a, 0xee4a, 0xee4a, 0xee4a, 0xee4a, 0xee4a,
0xee4a, 0xee4b, 0xee8e, 0xee6c, 0xee6c, 0xee6c, 0xee6c, 0xee6c, 0xee6c, 0xee6c,
0xee6c, 0xee6c, 0xee6c, 0xee6c, 0xee6c, 0xee6c, 0xee6c, 0xee6c, 0xee6c, 0xee6c,
0xee6c, 0xee6c, 0xee6c, 0xee6c, 0xee6c, 0xee6c, 0xee6c, 0xee6c, 0xee6c, 0xee6c,
0xee6c, 0xee6c, 0xee6c, 0xee6c, 0xee6c, 0xee6c, 0xee6c, 0xee6c, 0xee6c, 0xee6c,
0xee6c, 0xee6c, 0xee6c, 0xee6c, 0xee6c, 0xee6c, 0xee6c, 0xee6c, 0xee6c, 0xee6c,
0xee6e, 0xee6e, 0xee6e, 0xee6e, 0xee6e, 0xee6e, 0xee6e, 0xee6e, 0xee6e, 0xee6e,
0xee6e, 0xee6e, 0xee6e, 0xee6e, 0xee6e, 0xee6e, 0xee6e, 0xee6e, 0xee6e, 0xee6e,
0xee6e, 0xee6e, 0xee6e, 0xee6e, 0xee6e, 0xee6e, 0xee6e, 0xee6e, 0xee6e, 0xee6e,
0xee6e, 0xee6e, 0xee6e, 0xee6e, 0xee6e, 0xee6e, 0xee6e, 0xee6e, 0xee6e, 0xee6e,
0xee6e, 0xee6e, 0xee6e, 0xee6e, 0xee6e, 0xee6e, 0xee6e, 0xee6e, 0xf307, 0xf2e7,
0xf2e7, 0xf2e7, 0xf2e7, 0xf2e7, 0xf2e7, 0xf2e7, 0xf2e7, 0xf2e7, 0xf2e7, 0xf2e7,
0xf2e7, 0xf2e7, 0xf2e7, 0xf2e7, 0xf2e7, 0xf2e7, 0xf2e7, 0xf2e7, 0xf2e7, 0xf2e7,
0xf2e7, 0xf2e7, 0xf2e7, 0xf2e7, 0xf2e7, 0xf2e7, 0xf2e7, 0xf2e7, 0xf2e7, 0xf2e7,
0xf2e7, 0xf2e7, 0xf2e7, 0xf2e7, 0xf2e7, 0xf2e7, 0xf2e7, 0xf307, 0xf307, 0xf307,
0xf307, 0xf307, 0xf327, 0xf327, 0xf347, 0xf348, 0xec2d, 0xf3eb, 0xf3eb, 0xf3eb,
0xf3eb, 0xf3eb, 0xf3eb, 0xf3eb, 0xf3eb, 0xf3eb, 0xf3eb, 0xf3eb, 0xf3eb, 0xf3eb,
0xf3eb, 0xf3eb, 0xf3eb, 0xf3eb, 0xf3eb, 0xf3eb, 0xf3eb, 0xf3eb, 0xf3eb, 0xf3eb,
0xf3eb, 0xf3eb, 0xf3eb, 0xf3eb, 0xf3eb, 0xf3eb, 0xf3eb, 0xf3eb, 0xf3eb, 0xf3eb,
0xf3eb, 0xf3eb, 0xf3eb, 0xf3eb, 0xf3eb, 0xf3eb, 0xf3eb, 0xf3eb, 0xf3eb, 0xf3eb,
0xf3eb, 0xf3eb, 0xf3eb, 0xf3eb, 0xf4ac, 0xf4ac, 0xf4ac, 0xf4ac, 0xf4ac, 0xf4ac,
0xf4ac, 0xf4ac, 0xf4ac, 0xf4ac, 0xf4ac, 0xf4ac, 0xf4ac, 0xf4ac, 0xf4ac, 0xf4ac,
0xf4ac, 0xf4ac, 0xf4ac, 0xf4ac, 0xf4ac, 0xf4ac, 0xf4ac, 0xf4ac, 0xf4ac, 0xf4ac,
0xf4ac, 0xf4ac, 0xf4ac, 0xf4ac, 0xf4ac, 0xf4ac, 0xf4ac, 0xf4ac, 0xf4ac, 0xf4ac,
0xf4ac, 0xf4ac, 0xf4ac, 0xf4ac, 0xf4ac, 0xf4ac, 0xf4ac, 0xf4ac, 0xf4ac, 0xf4ac,
0xf4ac, 0xf48c, 0xed8f, 0xf58f, 0xf58f, 0xf58f, 0xf58f, 0xf58f, 0xf58f, 0xf58f,
0xf58f, 0xf58f, 0xf58f, 0xf58f, 0xf58f, 0xf58f, 0xf58f, 0xf58f, 0xf58f, 0xf58f,
0xf58f, 0xf58f, 0xf58f, 0xf58f, 0xf58f, 0xf58f, 0xf58f, 0xf58f, 0xf58f, 0xf58f,
0xf58f, 0xf58f, 0xf58f, 0xf58f, 0xf58f, 0xf58f, 0xf58f, 0xf58f, 0xf58f, 0xf58f,
0xf58f, 0xf58f, 0xf58f, 0xf58f, 0xf58f, 0xf58f, 0xf58f, 0xf58f, 0xf58f, 0xf58f,
0xeef8, 0xef19, 0xef19, 0xef19, 0xef19, 0xef19, 0xef19, 0xef19, 0xef19, 0xef19,
0xef19, 0xef19, 0xef19, 0xef19, 0xef19, 0xef19, 0xef19, 0xef19, 0xef19, 0xef19,
0xef19, 0xef19, 0xef19, 0xef19, 0xef19, 0xef19, 0xef19, 0xef19, 0xef19, 0xef19,
0xef19, 0xef19, 0xef19, 0xef19, 0xef19, 0xef19, 0xef19, 0xef19, 0xef19, 0xef19,
0xef19, 0xef19, 0xef19, 0xef19, 0xef19, 0xef19, 0xef19, 0xeef8, 0xef3b, 0xef3b,
0xef3b, 0xef3b, 0xef3b, 0xef3b, 0xef3b, 0xef3b, 0xef3b, 0xef3b, 0xef3b, 0xef3b,
0xef3b, 0xef3b, 0xef3b, 0xef3b, 0xef3b, 0xef3b, 0xef3b, 0xef3b, 0xef3b, 0xef3b,
0xef3b, 0xef3b, 0xef3b, 0xef3b, 0xef3b, 0xef3b, 0xef3b, 0xef3b, 0xef3b, 0xef3b,
0xef3b, 0xef3b, 0xef3b, 0xef3b, 0xef3b, 0xef3b, 0xef3b, 0xef3b, 0xef3b, 0xef3b,
0xef3b, 0xef3b, 0xef3b, 0xef3b, 0xef3b, 0xef3b, 0xce16, 0xce16, 0xce16, 0xce16,
0xce16, 0xce16, 0xce16, 0xce16, 0xce16, 0xce16, 0xce16, 0xce16, 0xce16, 0xce16,
0xce16, 0xce16, 0xce16, 0xce16, 0xce16, 0xce16, 0xce16, 0xce16, 0xce16, 0xce16,
0xce16, 0xce16, 0xce16, 0xce16, 0xce16, 0xce16, 0xce16, 0xce16, 0xce16, 0xce16,
0xce16, 0xce16, 0xce16, 0xce16, 0xce16, 0xce16, 0xce16, 0xce16, 0xce16, 0xce16,
0xce16, 0xce16, 0xce16, 0xce16, 
0x39c6, 0x39c6, 0x39c6, 0x39c6, 0x39c6, 0x39c6, 0x39c6, 0x39c6, 0x39c6, 0x39c6,
0x39c6, 0x39c6, 0x39c6, 0x39c6, 0x39c6, 0x39c6, 0x39c6, 0x39c6, 0x39c6, 0x39c6,
0x39c6, 0x39c6, 0x39c6, 0x39c6, 0x39c6, 0x39c6, 0x39c6, 0x39c6, 0x39c6, 0x39c6,
0x39c6, 0x39c6, 0x39c6, 0x39c6, 0x39c6, 0x39c6, 0x39c6, 0x39c6, 0x39c6, 0x39c6,
0x39c6, 0x39c6, 0x39c6, 0x39c6, 0x39c6, 0x39c6, 0x39c6, 0x39c6, 0x39c6, 0x39c6,
0x39c6, 0x39c6, 0x39c6, 0x39c6, 0x39c6, 0x39c6, 0x39c6, 0x39c6, 0x39c6, 0x39c6,
0x39c6, 0x39c6, 0x39c6, 0x39c6, 0x39c6, 0x39c6, 0x39c6, 0x39c6, 0x39c6, 0x39c6,
0x39c6, 0x39c6, 0x39c6, 0x39c6, 0x39c6, 0x39c6, 0x39c6, 0x39c6, 0x39c6, 0x39c6,
0x39c6, 0x39c6, 0x39c6, 0x39c6, 0x39c6, 0x39c6, 0x39c6, 0x39c6, 0x39c6, 0x39c6,
0x39c6, 0x39c6, 0x39c6, 0x39c6, 0x39c6, 0x39c6, 0x39c6, 0x39c6, 0x39c6, 0x39c6,
0x39c6, 0x39c6, 0x39c6, 0x39c6, 0x39c6, 0x39c6, 0x39c6, 0x39c6, 0x39c6, 0x39c6,
0x39c6, 0x39c6, 0x39c6, 0x39c6, 0x39c6, 0x39c6, 0x39c6, 0x39c6, 0x39c6, 0x39c6,
0x39c6, 0x39c6, 0x39c6, 0x39c6, 0x39c6, 0x39c6, 0x39c6, 0x39c6, 0x39c6, 0x39c6,
0x39c6, 0x39c6, 0x39c6, 0x39c6, 0x39c6, 0x39c6, 0x39c6, 0x39c6, 0x39c6, 0x39c6,
0x39c6, 0x39c6, 0x39c6, 0x39c6, 0x39c6, 0x39c6, 0x39c6, 0x39c6, 0x39c6, 0x39c6,
0x39c6, 0x39c6, 0x39c6, 0x39c6, 0x39c6, 0x39c6, 0x39c6, 0x39c6, 0x39c6, 0x39c6,
0x39c6, 0x39c6, 0x39c6, 0x39c6, 0x39c6, 0x39c6, 0x39c6, 0x39c6, 0x39c6, 0x39c6,
0x39c6, 0x39c6, 0x39c6, 0x39c6, 0x39c6, 0x39c6, 0x39c6, 0x39c6, 0x39c6, 0x39c6,
0x39c6, 0x39c6, 0x39c6, 0x39c6, 0x39c6, 0x39c6, 0x39c6, 0x39c6, 0x39c6, 0x39c6,
0x39c6, 0x39c6, 0x39c6, 0x39c6, 0x39c6, 0x39c6, 0x39c6, 0x39c6, 0x39c6, 0x39c6,
0x39c6, 0x39c6, 0x39c6, 0x39c6, 0x39c6, 0x39c6, 0x39c6, 0x39c6, 0x39c6, 0x39c6,
0x39c6, 0x39c6, 0x39c6, 0x39c6, 0x39c6, 0x39c6, 0x39c6, 0x39c6, 0x39c6, 0x39c6,
0x39c6, 0x39c6, 0x39c6, 0x39c6, 0x39c6, 0x39c6, 0x39c6, 0x39c6, 0x39c6, 0x39c6,
0x39c6, 0x39c6, 0x39c6, 0x39c6, 0x39c6, 0x39c6, 0x39c6, 0x39c6, 0x39c6, 0x39c6,
0x39c6, 0x39c6, 0x39c6, 0x39c6, 0x39c6, 0x39c6, 0x39c6, 0x39c6, 0x39c6, 0x39c6,
0x39c6, 0x39c6, 0x39c6, 0x39c6, 0x39c6, 0x39c6, 0x39c6, 0x39c6, 0x39c6, 0x39c6,
0x39c6, 0x39c6, 0x39c6, 0x39c6, 0x39c6, 0x39c6, 0x39c6, 0x39c6, 0x39c6, 0x39c6,
0x39c6, 0x39c6, 0x39c6, 0x39c6, 0x39c6, 0x39c6, 0x39c6, 0x39c6, 0x39c6, 0x39c6,
0x39c6, 0x39c6, 0x39c6, 0x39c6, 0x39c6, 0x39c6, 0x39c6, 0x3165, 0xee05, 0xee05,
0xee05, 0xee05, 0xee05, 0xee05, 0xee05, 0xee05, 0xee05, 0xee05, 0xee05, 0xee05,
0xee05, 0xee05, 0xee05, 0xee05, 0xee05, 0xee05, 0xee05, 0xee05, 0xee05, 0xee05,
0xee05, 0xee05, 0xee05, 0xee05, 0xee05, 0xee05, 0xee05, 0xee05, 0xee05, 0xee05,
0xee05, 0xee05, 0xee05, 0xee05, 0xee05, 0xee05, 0xee05, 0xee06, 0xee06, 0xee06,
0xee06, 0xee26, 0xee26, 0xee26, 0xee27, 0xee27, 0xee27, 0xee27, 0xee27, 0xee27,
0xee27, 0xee27, 0xee27, 0xee27, 0xee27, 0xee27, 0xee27, 0xee27, 0xee27, 0xee27,
0xee27, 0xee27, 0xee27, 0xee27, 0xee27, 0xee27, 0xee27, 0xee27, 0xee27, 0xee27,
0xee27, 0xee27, 0xee27, 0xee27, 0xee27, 0xee27, 0xee27, 0xee27, 0xee27, 0xee27,
0xee27, 0xee28, 0xee28, 0xee27, 0xee28, 0xee28, 0xee28, 0xee28, 0xee28, 0xee28,
0xee28, 0xee28, 0xee48, 0xee49, 0xee6d, 0xee4a, 0xee4a, 0xee4a, 0xee4a, 0xee4a,
0xee4a, 0xee4a, 0xee4a, 0xee4a, 0xee4a, 0xee4a, 0xee4a, 0xee4a, 0xee4a, 0xee4a,
0xee4a, 0xee4a, 0xee4a, 0xee4a, 0xee4a, 0xee4a, 0xee4a, 0xee4a, 0xee4a, 0xee4a,
0xee4a, 0xee4a, 0xee4a, 0xee4a, 0xee4a, 0xee4a, 0xee4a, 0xee4a, 0xee4a, 0xee4a,
0xee4a, 0xee4a, 0xee4a, 0xee4a, 0xee4a, 0xee4a, 0xee4a, 0xee4a, 0xee4a, 0xee4a,
0xee4a, 0xee4b, 0xee8e, 0xee6c, 0xee6c, 0xee6c, 0xee6c, 0xee6c, 0xee6c, 0xee6c,
0xee6c, 0xee6c, 0xee6c, 0xee6c, 0xee6c, 0xee6c, 0xee6c, 0xee6c, 0xee6c, 0xee6c,
0xee6c, 0xee6c, 0xee6c, 0xee6c, 0xee6c, 0xee6c, 0xee6c, 0xee6c, 0xee6c, 0xee6c,
0xee6c, 0xee6c, 0xee6c, 0xee6c, 0xee6c, 0xee6c, 0xee6c, 0xee6c, 0xee6c, 0xee6c,
0xee6c, 0xee6c, 0xee6c, 0xee6c, 0xee6c, 0xee6c, 0xee6c, 0xee6c, 0xee6c, 0xee6c,
0xee6e, 0xee6e, 0xee6e, 0xee6e, 0xee6e, 0xee6e, 0xee6e, 0xee6e, 0xee6e, 0xee6e,
0xee6e, 0xee6e, 0xee6e, 0xee6e, 0xee6e, 0xee6e, 0xee6e, 0xee6e, 0xee6e, 0xee6e,
0xee6e, 0xee6e, 0xee6e, 0xee6e, 0xee6e, 0xee6e, 0xee6e, 0xee6e, 0xee6e, 0xee6e,
0xee6e, 0xee6e, 0xee6e, 0xee6e, 0xee6e, 0xee6e, 0xee6e, 0xee6e, 0xee6e, 0xee6e,
0xee6e, 0xee6e, 0xee6e, 0xee6e, 0xee6e, 0xee6e, 0xee6e, 0xee6e, 0xf307, 0xf2e7,
0xf2e7, 0xf2e7, 0xf2e7, 0xf2e7, 0xf2e7, 0xf2e7, 0xf2e7, 0xf2e7, 0xf2e7, 0xf2e7,
0xf2e7, 0xf2e7, 0xf2e7, 0xf2e7, 0xf2e7, 0xf2e7, 0xf2e7, 0xf2e7, 0xf2e7, 0xf2e7,
0xf2e7, 0xf2e7, 0xf2e7, 0xf2e7, 0xf2e7, 0xf2e7, 0xf2e7, 0xf2e7, 0xf2e7, 0xf2e7,
0xf2e7, 0xf2e7, 0xf2e7, 0xf2e7, 0xf2e7, 0xf2e7, 0xf2e7, 0xf307, 0xf307, 0xf307,
0xf307, 0xf307, 0xf327, 0xf327, 0xf347, 0xf348, 0xec2d, 0xf3eb, 0xf3eb, 0xf3eb,
0xf3eb, 0xf3eb, 0xf3eb, 0xf3eb, 0xf3eb, 0xf3eb, 0xf3eb, 0xf3eb, 0xf3eb, 0xf3eb,
0xf3eb, 0xf3eb, 0xf3eb, 0xf3eb, 0xf3eb, 0xf3eb, 0xf3eb, 0xf3eb, 0xf3eb, 0xf3eb,
0xf3eb, 0xf3eb, 0xf3eb, 0xf3eb, 0xf3eb, 0xf3eb, 0xf3eb, 0xf3eb, 0xf3eb, 0xf3eb,
0xf3eb, 0xf3eb, 0xf3eb, 0xf3eb, 0xf3eb, 0xf3eb, 0xf3eb, 0xf3eb, 0xf3eb, 0xf3eb,
0xf3eb, 0xf3eb, 0xf3eb, 0xf3eb, 0xf4ac, 0xf4ac, 0xf4ac, 0xf4ac, 0xf4ac, 0xf4ac,
0xf4ac, 0xf4ac, 0xf4ac, 0xf4ac, 0xf4ac, 0xf4ac, 0xf4ac, 0xf4ac, 0xf4ac, 0xf4ac,
0xf4ac, 0xf4ac, 0xf4ac, 0xf4ac, 0xf4ac, 0xf4ac, 0xf4ac, 0xf4ac, 0xf4ac, 0xf4ac,
0xf4ac, 0xf4ac, 0xf4ac, 0xf4ac, 0xf4ac, 0xf4ac, 0xf4ac, 0xf4ac, 0xf4ac, 0xf4ac,
0xf4ac, 0xf4ac, 0xf4ac, 0xf4ac, 0xf4ac, 0xf4ac, 0xf4ac, 0xf4ac, 0xf4ac, 0xf4ac,
0xf4ac, 0xf48c, 0xed8f, 0xf58f, 0xf58f, 0xf58f, 0xf58f, 0xf58f, 0xf58f, 0xf58f,
0xf58f, 0xf58f, 0xf58f, 0xf58f, 0xf58f, 0xf58f, 0xf58f, 0xf58f, 0xf58f, 0xf58f,
0xf58f, 0xf58f, 0xf58f, 0xf58f, 0xf58f, 0xf58f, 0xf58f, 0xf58f, 0xf58f, 0xf58f,
0xf58f, 0xf58f, 0xf58f, 0xf58f, 0xf58f, 0xf58f, 0xf58f, 0xf58f, 0xf58f, 0xf58f,
0xf58f, 0xf58f, 0xf58f, 0xf58f, 0xf58f, 0xf58f, 0xf58f, 0xf58f, 0xf58f, 0xf58f,
0xeef8, 0xef19, 0xef19, 0xef19, 0xef19, 0xef19, 0xef19, 0xef19, 0xef19, 0xef19,
0xef19, 0xef19, 0xef19, 0xef19, 0xef19, 0xef19, 0xef19, 0xef19, 0xef19, 0xef19,
0xef19, 0xef19, 0xef19, 0xef19, 0xef19, 0xef19, 0xef19, 0xef19, 0xef19, 0xef19,
0xef19, 0xef19, 0xef19, 0xef19, 0xef19, 0xef19, 0xef19, 0xef19, 0xef19, 0xef19,
0xef19, 0xef19, 0xef19, 0xef19, 0xef19, 0xef19, 0xef19, 0xeef8, 0xef3b, 0xef3b,
0xef3b, 0xef3b, 0xef3b, 0xef3b, 0xef3b, 0xef3b, 0xef3b, 0xef3b, 0xef3b, 0xef3b,
0xef3b, 0xef3b, 0xef3b, 0xef3b, 0xef3b, 0xef3b, 0xef3b, 0xef3b, 0xef3b, 0xef3b,
0xef3b, 0xef3b, 0xef3b, 0xef3b, 0xef3b, 0xef3b, 0xef3b, 0xef3b, 0xef3b, 0xef3b,
0xef3b, 0xef3b, 0xef3b, 0xef3b, 0xef3b, 0xef3b, 0xef3b, 0xef3b, 0xef3b, 0xef3b,
0xef3b, 0xef3b, 0xef3b, 0xef3b, 0xef3b, 0xef3b, 0xce16, 0xce16, 0xce16, 0xce16,
0xce16, 0xce16, 0xce16, 0xce16, 0xce16, 0xce16, 0xce16, 0xce16, 0xce16, 0xce16,
0xce16, 0xce16, 0xce16, 0xce16, 0xce16, 0xce16, 0xce16, 0xce16, 0xce16, 0xce16,
0xce16, 0xce16, 0xce16, 0xce16, 0xce16, 0xce16, 0xce16, 0xce16, 0xce16, 0xce16,
0xce16, 0xce16, 0xce16, 0xce16, 0xce16, 0xce16, 0xce16, 0xce16, 0xce16, 0xce16,
0xce16, 0xce16, 0xce16, 0xce16, 
0x39c6, 0x39c6, 0x39c6, 0x39c6, 0x39c6, 0x39c6, 0x39c6, 0x39c6, 0x39c6, 0x39c6,
0x39c6, 0x39c6, 0x39c6, 0x39c6, 0x39c6, 0x39c6, 0x39c6, 0x39c6, 0x39c6, 0x39c6,
0x39c6, 0x39c6, 0x39c6, 0x39c6, 0x39c6, 0x39c6, 0x39c6, 0x39c6, 0x39c6, 0x39c6,
0x39c6, 0x39c6, 0x39c6, 0x39c6, 0x39c6, 0x39c6, 0x39c6, 0x39c6, 0x39c6, 0x39c6,
0x39c6, 0x39c6, 0x39c6, 0x39c6, 0x39c6, 0x39c6, 0x39c6, 0x39c6, 0x39c6, 0x39c6,
0x39c6, 0x39c6, 0x39c6, 0x39c6, 0x39c6, 0x39c6, 0x39c6, 0x39c6, 0x39c6, 0x39c6,
0x39c6, 0x39c6, 0x39c6, 0x39c6, 0x39c6, 0x39c6, 0x39c6, 0x39c6, 0x39c6, 0x39c6,
0x39c6, 0x39c6, 0x39c6, 0x39c6, 0x39c6, 0x39c6, 0x39c6, 0x39c6, 0x39c6, 0x39c6,
0x39c6, 0x39c6, 0x39c6, 0x39c6, 0x39c6, 0x39c6, 0x39c6, 0x39c6, 0x39c6, 0x39c6,
0x39c6, 0x39c6, 0x39c6, 0x39c6, 0x39c6, 0x39c6, 0x39c6, 0x39c6, 0x39c6, 0x39c6,
0x39c6, 0x39c6, 0x39c6, 0x39c6, 0x39c6, 0x39c6, 0x39c6, 0x39c6, 0x39c6, 0x39c6,
0x39c6, 0x39c6, 0x39c6, 0x39c6, 0x39c6, 0x39c6, 0x39c6, 0x39c6, 0x39c6, 0x39c6,
0x39c6, 0x39c6, 0x39c6, 0x39c6, 0x39c6, 0x39c6, 0x39c6, 0x39c6, 0x39c6, 0x39c6,
0x39c6, 0x39c6, 0x39c6, 0x39c6, 0x39c6, 0x39c6, 0x39c6, 0x39c6, 0x39c6, 0x39c6,
0x39c6, 0x39c6, 0x39c6, 0x39c6, 0x39c6, 0x39c6, 0x39c6, 0x39c6, 0x39c6, 0x39c6,
0x39c6, 0x39c6, 0x39c6, 0x39c6, 0x39c6, 0x39c6, 0x39c6, 0x39c6, 0x39c6, 0x39c6,
0x39c6, 0x39c6, 0x39c6, 0x39c6, 0x39c6, 0x39c6, 0x39c6, 0x39c6, 0x39c6, 0x39c6,
0x39c6, 0x39c6, 0x39c6, 0x39c6, 0x39c6, 0x39c6, 0x39c6, 0x39c6, 0x39c6, 0x39c6,
0x39c6, 0x39c6, 0x39c6, 0x39c6, 0x39c6, 0x39c6, 0x39c6, 0x39c6, 0x39c6, 0x39c6,
0x39c6, 0x39c6, 0x39c6, 0x39c6, 0x39c6, 0x39c6, 0x39c6, 0x39c6, 0x39c6, 0x39c6,
0x39c6, 0x39c6, 0x39c6, 0x39c6, 0x39c6, 0x39c6, 0x39c6, 0x39c6, 0x39c6, 0x39c6,
0x39c6, 0x39c6, 0x39c6, 0x39c6, 0x39c6, 0x39c6, 0x39c6, 0x39c6, 0x39c6, 0x39c6,
0x39c6, 0x39c6, 0x39c6, 0x39c6, 0x39c6, 0x39c6, 0x39c6, 0x39c6, 0x39c6, 0x39c6,
0x39c6, 0x39c6, 0x39c6, 0x39c6, 0x39c6, 0x39c6, 0x39c6, 0x39c6, 0x39c6, 0x39c6,
0x39c6, 0x39c6, 0x39c6, 0x39c6, 0x39c6, 0x39c6, 0x39c6, 0x39c6, 0x39c6, 0x39c6,
0x39c6, 0x39c6, 0x39c6, 0x39c6, 0x39c6, 0x39c6, 0x39c6, 0x39c6, 0x39c6, 0x39c6,
0x39c6, 0x39c6, 0x39c6, 0x39c6, 0x39c6, 0x39c6, 0x39c6, 0x39c6, 0x39c6, 0x39c6,
0x39c6, 0x39c6, 0x39c6, 0x39c6, 0x39c6, 0x39c6, 0x39c6, 0x39c6, 0x39c6, 0x39c6,
0x39c6, 0x39c6, 0x39c6, 0x39c6, 0x39c6, 0x39c6, 0x39c6, 0x3165, 0xee05, 0xee05,
0xee05, 0xee05, 0xee05, 0xee05, 0xee05, 0xee05, 0xee05, 0xee05, 0xee05, 0xee05,
0xee05, 0xee05, 0xee05, 0xee05, 0xee05, 0xee05, 0xee05, 0xee05, 0xee05, 0xee05,
0xee05, 0xee05, 0xee05, 0xee05, 0xee05, 0xee05, 0xee05, 0xee05, 0xee05, 0xee05,
0xee05, 0xee05, 0xee05, 0xee05, 0xee05, 0xee05, 0xee05, 0xee06, 0xee06, 0xee06,
0xee06, 0xee26, 0xee26, 0xee26, 0xee27, 0xee27, 0xee27, 0xee27, 0xee27, 0xee27,
0xee27, 0xee27, 0xee27, 0xee27, 0xee27, 0xee27, 0xee27, 0xee27, 0xee27, 0xee27,
0xee27, 0xee27, 0xee27, 0xee27, 0xee27, 0xee27, 0xee27, 0xee27, 0xee27, 0xee27,
0xee27, 0xee27, 0xee27, 0xee27, 0xee27, 0xee27, 0xee27, 0xee27, 0xee27, 0xee27,
0xee27, 0xee28, 0xee28, 0xee27, 0xee28, 0xee28, 0xee28, 0xee28, 0xee28, 0xee28,
0xee28, 0xee28, 0xee48, 0xee49, 0xee6d, 0xee4a, 0xee4a, 0xee4a, 0xee4a, 0xee4a,
0xee4a, 0xee4a, 0xee4a, 0xee4a, 0xee4a, 0xee4a, 0xee4a, 0xee4a, 0xee4a, 0xee4a,
0xee4a, 0xee4a, 0xee4a, 0xee4a, 0xee4a, 0xee4a, 0xee4a, 0xee4a, 0xee4a, 0xee4a,
0xee4a, 0xee4a, 0xee4a, 0xee4a, 0xee4a, 0xee4a, 0xee4a, 0xee4a, 0xee4a, 0xee4a,
0xee4a, 0xee4a, 0xee4a, 0xee4a, 0xee4a, 0xee4a, 0xee4a, 0xee4a, 0xee4a, 0xee4a,
0xee4a, 0xee4b, 0xee8e, 0xee6c, 0xee6c, 0xee6c, 0xee6c, 0xee6c, 0xee6c, 0xee6c,
0xee6c, 0xee6c, 0xee6c, 0xee6c, 0xee6c, 0xee6c, 0xee6c, 0xee6c, 0xee6c, 0xee6c,
0xee6c, 0xee6c, 0xee6c, 0xee6c, 0xee6c, 0xee6c, 0xee6c, 0xee6c, 0xee6c, 0xee6c,
0xee6c, 0xee6c, 0xee6c, 0xee6c, 0xee6c, 0xee6c, 0xee6c, 0xee6c, 0xee6c, 0xee6c,
0xee6c, 0xee6c, 0xee6c, 0xee6c, 0xee6c, 0xee6c, 0xee6c, 0xee6c, 0xee6c, 0xee6c,
0xee6e, 0xee6e, 0xee6e, 0xee6e, 0xee6e, 0xee6e, 0xee6e, 0xee6e, 0xee6e, 0xee6e,
0xee6e, 0xee6e, 0xee6e, 0xee6e, 0xee6e, 0xee6e, 0xee6e, 0xee6e, 0xee6e, 0xee6e,
0xee6e, 0xee6e, 0xee6e, 0xee6e, 0xee6e, 0xee6e, 0xee6e, 0xee6e, 0xee6e, 0xee6e,
0xee6e, 0xee6e, 0xee6e, 0xee6e, 0xee6e, 0xee6e, 0xee6e, 0xee6e, 0xee6e, 0xee6e,
0xee6e, 0xee6e, 0xee6e, 0xee6e, 0xee6e, 0xee6e, 0xee6e, 0xee6e, 0xf307, 0xf2e7,
0xf2e7, 0xf2e7, 0xf2e7, 0xf2e7, 0xf2e7, 0xf2e7, 0xf2e7, 0xf2e7, 0xf2e7, 0xf2e7,
0xf2e7, 0xf2e7, 0xf2e7, 0xf2e7, 0xf2e7, 0xf2e7, 0xf2e7, 0xf2e7, 0xf2e7, 0xf2e7,
0xf2e7, 0xf2e7, 0xf2e7, 0xf2e7, 0xf2e7, 0xf2e7, 0xf2e7, 0xf2e7, 0xf2e7, 0xf2e7,
0xf2e7, 0xf2e7, 0xf2e7, 0xf2e7, 0xf2e7, 0xf2e7, 0xf2e7, 0xf307, 0xf307, 0xf307,
0xf307, 0xf307, 0xf327, 0xf327, 0xf327, 0xf348, 0xec2d, 0xf3eb, 0xf3eb, 0xf3eb,
0xf3eb, 0xf3eb, 0xf3eb, 0xf3eb, 0xf3eb, 0xf3eb, 0xf3eb, 0xf3eb, 0xf3eb, 0xf3eb,
0xf3eb, 0xf3eb, 0xf3eb, 0xf3eb, 0xf3eb, 0xf3eb, 0xf3eb, 0xf3eb, 0xf3eb, 0xf3eb,
0xf3eb, 0xf3eb, 0xf3eb, 0xf3eb, 0xf3eb, 0xf3eb, 0xf3eb, 0xf3eb, 0xf3eb, 0xf3eb,
0xf3eb, 0xf3eb, 0xf3eb, 0xf3eb, 0xf3eb, 0xf3eb, 0xf3eb, 0xf3eb, 0xf3eb, 0xf3eb,
0xf3eb, 0xf3eb, 0xf3eb, 0xf3eb, 0xf4ac, 0xf4ac, 0xf4ac, 0xf4ac, 0xf4ac, 0xf4ac,
0xf4ac, 0xf4ac, 0xf4ac, 0xf4ac, 0xf4ac, 0xf4ac, 0xf4ac, 0xf4ac, 0xf4ac, 0xf4ac,
0xf4ac, 0xf4ac, 0xf4ac, 0xf4ac, 0xf4ac, 0xf4ac, 0xf4ac, 0xf4ac, 0xf4ac, 0xf4ac,
0xf4ac, 0xf4ac, 0xf4ac, 0xf4ac, 0xf4ac, 0xf4ac, 0xf4ac, 0xf4ac, 0xf4ac, 0xf4ac,
0xf4ac, 0xf4ac, 0xf4ac, 0xf4ac, 0xf4ac, 0xf4ac, 0xf4ac, 0xf4ac, 0xf4ac, 0xf4ac,
0xf4ac, 0xf48c, 0xed8f, 0xf58f, 0xf58f, 0xf58f, 0xf58f, 0xf58f, 0xf58f, 0xf58f,
0xf58f, 0xf58f, 0xf58f, 0xf58f, 0xf58f, 0xf58f, 0xf58f, 0xf58f, 0xf58f, 0xf58f,
0xf58f, 0xf58f, 0xf58f, 0xf58f, 0xf58f, 0xf58f, 0xf58f, 0xf58f, 0xf58f, 0xf58f,
0xf58f, 0xf58f, 0xf58f, 0xf58f, 0xf58f, 0xf58f, 0xf58f, 0xf58f, 0xf58f, 0xf58f,
0xf58f, 0xf58f, 0xf58f, 0xf58f, 0xf58f, 0xf58f, 0xf58f, 0xf58f, 0xf58f, 0xf58f,
0xeef8, 0xef19, 0xef19, 0xef19, 0xef19, 0xef19, 0xef19, 0xef19, 0xef19, 0xef19,
0xef19, 0xef19, 0xef19, 0xef19, 0xef19, 0xef19, 0xef19, 0xef19, 0xef19, 0xef19,
0xef19, 0xef19, 0xef19, 0xef19, 0xef19, 0xef19, 0xef19, 0xef19, 0xef19, 0xef19,
0xef19, 0xef19, 0xef19, 0xef19, 0xef19, 0xef19, 0xef19, 0xef19, 0xef19, 0xef19,
0xef19, 0xef19, 0xef19, 0xef19, 0xef19, 0xef19, 0xef19, 0xeef8, 0xef3b, 0xef3b,
0xef3b, 0xef3b, 0xef3b, 0xef3b, 0xef3b, 0xef3b, 0xef3b, 0xef3b, 0xef3b, 0xef3b,
0xef3b, 0xef3b, 0xef3b, 0xef3b, 0xef3b, 0xef3b, 0xef3b, 0xef3b, 0xef3b, 0xef3b,
0xef3b, 0xef3b, 0xef3b, 0xef3b, 0xef3b, 0xef3b, 0xef3b, 0xef3b, 0xef3b, 0xef3b,
0xef3b, 0xef3b, 0xef3b, 0xef3b, 0xef3b, 0xef3b, 0xef3b, 0xef3b, 0xef3b, 0xef3b,
0xef3b, 0xef3b, 0xef3b, 0xef3b, 0xef3b, 0xef3b, 0xce16, 0xce16, 0xce16, 0xce16,
0xce16, 0xce16, 0xce16, 0xce16, 0xce16, 0xce16, 0xce16, 0xce16, 0xce16, 0xce16,
0xce16, 0xce16, 0xce16, 0xce16, 0xce16, 0xce16, 0xce16, 0xce16, 0xce16, 0xce16,
0xce16, 0xce16, 0xce16, 0xce16, 0xce16, 0xce16, 0xce16, 0xce16, 0xce16, 0xce16,
0xce16, 0xce16, 0xce16, 0xce16, 0xce16, 0xce16, 0xce16, 0xce16, 0xce16, 0xce16,
0xce16, 0xce16, 0xce16, 0xce16, 
0x39c6, 0x39c6, 0x39c6, 0x39c6, 0x39c6, 0x39c6, 0x39c6, 0x39c6, 0x39c6, 0x39c6,
0x39c6, 0x39c6, 0x39c6, 0x39c6, 0x39c6, 0x39c6, 0x39c6, 0x39c6, 0x39c6, 0x39c6,
0x39c6, 0x39c6, 0x39c6, 0x39c6, 0x39c6, 0x39c6, 0x39c6, 0x39c6, 0x39c6, 0x39c6,
0x39c6, 0x39c6, 0x39c6, 0x39c6, 0x39c6, 0x39c6, 0x39c6, 0x39c6, 0x39c6, 0x39c6,
0x39c6, 0x39c6, 0x39c6, 0x39c6, 0x39c6, 0x39c6, 0x39c6, 0x39c6, 0x39c6, 0x39c6,
0x39c6, 0x39c6, 0x39c6, 0x39c6, 0x39c6, 0x39c6, 0x39c6, 0x39c6, 0x39c6, 0x39c6,
0x39c6, 0x39c6, 0x39c6, 0x39c6, 0x39c6, 0x39c6, 0x39c6, 0x39c6, 0x39c6, 0x39c6,
0x39c6, 0x39c6, 0x39c6, 0x39c6, 0x39c6, 0x39c6, 0x39c6, 0x39c6, 0x39c6, 0x39c6,
0x39c6, 0x39c6, 0x39c6, 0x39c6, 0x39c6, 0x39c6, 0x39c6, 0x39c6, 0x39c6, 0x39c6,
0x39c6, 0x39c6, 0x39c6, 0x39c6, 0x39c6, 0x39c6, 0x39c6, 0x39c6, 0x39c6, 0x39c6,
0x39c6, 0x39c6, 0x39c6, 0x39c6, 0x39c6, 0x39c6, 0x39c6, 0x39c6, 0x39c6, 0x39c6,
0x39c6, 0x39c6, 0x39c6, 0x39c6, 0x39c6, 0x39c6, 0x39c6, 0x39c6, 0x39c6, 0x39c6,
0x39c6, 0x39c6, 0x39c6, 0x39c6, 0x39c6, 0x39c6, 0x39c6, 0x39c6, 0x39c6, 0x39c6,
0x39c6, 0x39c6, 0x39c6, 0x39c6, 0x39c6, 0x39c6, 0x39c6, 0x39c6, 0x39c6, 0x39c6,
0x39c6, 0x39c6, 0x39c6, 0x39c6, 0x39c6, 0x39c6, 0x39c6, 0x39c6, 0x39c6, 0x39c6,
0x39c6, 0x39c6, 0x39c6, 0x39c6, 0x39c6, 0x39c6, 0x39c6, 0x39c6, 0x39c6, 0x39c6,
0x39c6, 0x39c6, 0x39c6, 0x39c6, 0x39c6, 0x39c6, 0x39c6, 0x39c6, 0x39c6, 0x39c6,
0x39c6, 0x39c6, 0x39c6, 0x39c6, 0x39c6, 0x39c6, 0x39c6, 0x39c6, 0x39c6, 0x39c6,
0x39c6, 0x39c6, 0x39c6, 0x39c6, 0x39c6, 0x39c6, 0x39c6, 0x39c6, 0x39c6, 0x39c6,
0x39c6, 0x39c6, 0x39c6, 0x39c6, 0x39c6, 0x39c6, 0x39c6, 0x39c6, 0x39c6, 0x39c6,
0x39c6, 0x39c6, 0x39c6, 0x39c6, 0x39c6, 0x39c6, 0x39c6, 0x39c6, 0x39c6, 0x39c6,
0x39c6, 0x39c6, 0x39c6, 0x39c6, 0x39c6, 0x39c6, 0x39c6, 0x39c6, 0x39c6, 0x39c6,
0x39c6, 0x39c6, 0x39c6, 0x39c6, 0x39c6, 0x39c6, 0x39c6, 0x39c6, 0x39c6, 0x39c6,
0x39c6, 0x39c6, 0x39c6, 0x39c6, 0x39c6, 0x39c6, 0x39c6, 0x39c6, 0x39c6, 0x39c6,
0x39c6, 0x39c6, 0x39c6, 0x39c6, 0x39c6, 0x39c6, 0x39c6, 0x39c6, 0x39c6, 0x39c6,
0x39c6, 0x39c6, 0x39c6, 0x39c6, 0x39c6, 0x39c6, 0x39c6, 0x39c6, 0x39c6, 0x39c6,
0x39c6, 0x39c6, 0x39c6, 0x39c6, 0x39c6, 0x39c6, 0x39c6, 0x39c6, 0x39c6, 0x39c6,
0x39c6, 0x39c6, 0x39c6, 0x39c6, 0x39c6, 0x39c6, 0x39c6, 0x39c6, 0x39c6, 0x39c6,
0x39c6, 0x39c6, 0x39c6, 0x39c6, 0x39c6, 0x39c6, 0x39c6, 0x3165, 0xee05, 0xee05,
0xee05, 0xee05, 0xee05, 0xee05, 0xee05, 0xee05, 0xee05, 0xee05, 0xee05, 0xee05,
0xee05, 0xee05, 0xee05, 0xee05, 0xee05, 0xee05, 0xee05, 0xee05, 0xee05, 0xee05,
0xee05, 0xee05, 0xee05, 0xee05, 0xee05, 0xee05, 0xee05, 0xee05, 0xee05, 0xee05,
0xee05, 0xee05, 0xee05, 0xee05, 0xee05, 0xee05, 0xee05, 0xee06, 0xee06, 0xee06,
0xee06, 0xee26, 0xee26, 0xee26, 0xee27, 0xee27, 0xee27, 0xee27, 0xee27, 0xee27,
0xee27, 0xee27, 0xee27, 0xee27, 0xee27, 0xee27, 0xee27, 0xee27, 0xee27, 0xee27,
0xee27, 0xee27, 0xee27, 0xee27, 0xee27, 0xee27, 0xee27, 0xee27, 0xee27, 0xee27,
0xee27, 0xee27, 0xee27, 0xee27, 0xee27, 0xee27, 0xee27, 0xee27, 0xee27, 0xee27,
0xee27, 0xee28, 0xee28, 0xee27, 0xee28, 0xee28, 0xee28, 0xee28, 0xee28, 0xee28,
0xee28, 0xee28, 0xee48, 0xee49, 0xee6d, 0xee4a, 0xee4a, 0xee4a, 0xee4a, 0xee4a,
0xee4a, 0xee4a, 0xee4a, 0xee4a, 0xee4a, 0xee4a, 0xee4a, 0xee4a, 0xee4a, 0xee4a,
0xee4a, 0xee4a, 0xee4a, 0xee4a, 0xee4a, 0xee4a, 0xee4a, 0xee4a, 0xee4a, 0xee4a,
0xee4a, 0xee4a, 0xee4a, 0xee4a, 0xee4a, 0xee4a, 0xee4a, 0xee4a, 0xee4a, 0xee4a,
0xee4a, 0xee4a, 0xee4a, 0xee4a, 0xee4a, 0xee4a, 0xee4a, 0xee4a, 0xee4a, 0xee4a,
0xee4a, 0xee4b, 0xee8e, 0xee6c, 0xee6c, 0xee6c, 0xee6c, 0xee6c, 0xee6c, 0xee6c,
0xee6c, 0xee6c, 0xee6c, 0xee6c, 0xee6c, 0xee6c, 0xee6c, 0xee6c, 0xee6c, 0xee6c,
0xee6c, 0xee6c, 0xee6c, 0xee6c, 0xee6c, 0xee6c, 0xee6c, 0xee6c, 0xee6c, 0xee6c,
0xee6c, 0xee6c, 0xee6c, 0xee6c, 0xee6c, 0xee6c, 0xee6c, 0xee6c, 0xee6c, 0xee6c,
0xee6c, 0xee6c, 0xee6c, 0xee6c, 0xee6c, 0xee6c, 0xee6c, 0xee6c, 0xee6c, 0xee6c,
0xee6e, 0xee6e, 0xee6e, 0xee6e, 0xee6e, 0xee6e, 0xee6e, 0xee6e, 0xee6e, 0xee6e,
0xee6e, 0xee6e, 0xee6e, 0xee6e, 0xee6e, 0xee6e, 0xee6e, 0xee6e, 0xee6e, 0xee6e,
0xee6e, 0xee6e, 0xee6e, 0xee6e, 0xee6e, 0xee6e, 0xee6e, 0xee6e, 0xee6e, 0xee6e,
0xee6e, 0xee6e, 0xee6e, 0xee6e, 0xee6e, 0xee6e, 0xee6e, 0xee6e, 0xee6e, 0xee6e,
0xee6e, 0xee6e, 0xee6e, 0xee6e, 0xee6e, 0xee6e, 0xee6e, 0xee6e, 0xf307, 0xf2e7,
0xf2e7, 0xf2e7, 0xf2e7, 0xf2e7, 0xf2e7, 0xf2e7, 0xf2e7, 0xf2e7, 0xf2e7, 0xf2e7,
0xf2e7, 0xf2e7, 0xf2e7, 0xf2e7, 0xf2e7, 0xf2e7, 0xf2e7, 0xf2e7, 0xf2e7, 0xf2e7,
0xf2e7, 0xf2e7, 0xf2e7, 0xf2e7, 0xf2e7, 0xf2e7, 0xf2e7, 0xf2e7, 0xf2e7, 0xf2e7,
0xf2e7, 0xf2e7, 0xf2e7, 0xf2e7, 0xf2e7, 0xf2e7, 0xf2e7, 0xf307, 0xf307, 0xf307,
0xf307, 0xf307, 0xf327, 0xf327, 0xf328, 0xf348, 0xec2d, 0xf3eb, 0xf3eb, 0xf3eb,
0xf3eb, 0xf3eb, 0xf3eb, 0xf3eb, 0xf3eb, 0xf3eb, 0xf3eb, 0xf3eb, 0xf3eb, 0xf3eb,
0xf3eb, 0xf3eb, 0xf3eb, 0xf3eb, 0xf3eb, 0xf3eb, 0xf3eb, 0xf3eb, 0xf3eb, 0xf3eb,
0xf3eb, 0xf3eb, 0xf3eb, 0xf3eb, 0xf3eb, 0xf3eb, 0xf3eb, 0xf3eb, 0xf3eb, 0xf3eb,
0xf3eb, 0xf3eb, 0xf3eb, 0xf3eb, 0xf3eb, 0xf3eb, 0xf3eb, 0xf3eb, 0xf3eb, 0xf3eb,
0xf3eb, 0xf3eb, 0xf3eb, 0xf3eb, 0xf4ac, 0xf4ac, 0xf4ac, 0xf4ac, 0xf4ac, 0xf4ac,
0xf4ac, 0xf4ac, 0xf4ac, 0xf4ac, 0xf4ac, 0xf4ac, 0xf4ac, 0xf4ac, 0xf4ac, 0xf4ac,
0xf4ac, 0xf4ac, 0xf4ac, 0xf4ac, 0xf4ac, 0xf4ac, 0xf4ac, 0xf4ac, 0xf4ac, 0xf4ac,
0xf4ac, 0xf4ac, 0xf4ac, 0xf4ac, 0xf4ac, 0xf4ac, 0xf4ac, 0xf4ac, 0xf4ac, 0xf4ac,
0xf4ac, 0xf4ac, 0xf4ac, 0xf4ac, 0xf4ac, 0xf4ac, 0xf4ac, 0xf4ac, 0xf4ac, 0xf4ac,
0xf4ac, 0xf48c, 0xed8f, 0xf58f, 0xf58f, 0xf58f, 0xf58f, 0xf58f, 0xf58f, 0xf58f,
0xf58f, 0xf58f, 0xf58f, 0xf58f, 0xf58f, 0xf58f, 0xf58f, 0xf58f, 0xf58f, 0xf58f,
0xf58f, 0xf58f, 0xf58f, 0xf58f, 0xf58f, 0xf58f, 0xf58f, 0xf58f, 0xf58f, 0xf58f,
0xf58f, 0xf58f, 0xf58f, 0xf58f, 0xf58f, 0xf58f, 0xf58f, 0xf58f, 0xf58f, 0xf58f,
0xf58f, 0xf58f, 0xf58f, 0xf58f, 0xf58f, 0xf58f, 0xf58f, 0xf58f, 0xf58f, 0xf58f,
0xeef8, 0xef19, 0xef19, 0xef19, 0xef19, 0xef19, 0xef19, 0xef19, 0xef19, 0xef19,
0xef19, 0xef19, 0xef19, 0xef19, 0xef19, 0xef19, 0xef19, 0xef19, 0xef19, 0xef19,
0xef19, 0xef19, 0xef19, 0xef19, 0xef19, 0xef19, 0xef19, 0xef19, 0xef19, 0xef19,
0xef19, 0xef19, 0xef19, 0xef19, 0xef19, 0xef19, 0xef19, 0xef19, 0xef19, 0xef19,
0xef19, 0xef19, 0xef19, 0xef19, 0xef19, 0xef19, 0xef19, 0xeef8, 0xef3b, 0xef3b,
0xef3b, 0xef3b, 0xef3b, 0xef3b, 0xef3b, 0xef3b, 0xef3b, 0xef3b, 0xef3b, 0xef3b,
0xef3b, 0xef3b, 0xef3b, 0xef3b, 0xef3b, 0xef3b, 0xef3b, 0xef3b, 0xef3b, 0xef3b,
0xef3b, 0xef3b, 0xef3b, 0xef3b, 0xef3b, 0xef3b, 0xef3b, 0xef3b, 0xef3b, 0xef3b,
0xef3b, 0xef3b, 0xef3b, 0xef3b, 0xef3b, 0xef3b, 0xef3b, 0xef3b, 0xef3b, 0xef3b,
0xef3b, 0xef3b, 0xef3b, 0xef3b, 0xef3b, 0xef3b, 0xce16, 0xce16, 0xce16, 0xce16,
0xce16, 0xce16, 0xce16, 0xce16, 0xce16, 0xce16, 0xce16, 0xce16, 0xce16, 0xce16,
0xce16, 0xce16, 0xce16, 0xce16, 0xce16, 0xce16, 0xce16, 0xce16, 0xce16, 0xce16,
0xce16, 0xce16, 0xce16, 0xce16, 0xce16, 0xce16, 0xce16, 0xce16, 0xce16, 0xce16,
0xce16, 0xce16, 0xce16, 0xce16, 0xce16, 0xce16, 0xce16, 0xce16, 0xce16, 0xce16,
0xce16, 0xce16, 0xce16, 0xce16, 
0x39c6, 0x39c6, 0x39c6, 0x39c6, 0x39c6, 0x39c6, 0x39c6, 0x39c6, 0x39c6, 0x39c6,
0x39c6, 0x39c6, 0x39c6, 0x39c6, 0x39c6, 0x39c6, 0x39c6, 0x39c6, 0x39c6, 0x39c6,
0x39c6, 0x39c6, 0x39c6, 0x39c6, 0x39c6, 0x39c6, 0x39c6, 0x39c6, 0x39c6, 0x39c6,
0x39c6, 0x39c6, 0x39c6, 0x39c6, 0x39c6, 0x39c6, 0x39c6, 0x39c6, 0x39c6, 0x39c6,
0x39c6, 0x39c6, 0x39c6, 0x39c6, 0x39c6, 0x39c6, 0x39c6, 0x39c6, 0x39c6, 0x39c6,
0x39c6, 0x39c6, 0x39c6, 0x39c6, 0x39c6, 0x39c6, 0x39c6, 0x39c6, 0x39c6, 0x39c6,
0x39c6, 0x39c6, 0x39c6, 0x39c6, 0x39c6, 0x39c6, 0x39c6, 0x39c6, 0x39c6, 0x39c6,
0x39c6, 0x39c6, 0x39c6, 0x39c6, 0x39c6, 0x39c6, 0x39c6, 0x39c6, 0x39c6, 0x39c6,
0x39c6, 0x39c6, 0x39c6, 0x39c6, 0x39c6, 0x39c6, 0x39c6, 0x39c6, 0x39c6, 0x39c6,
0x39c6, 0x39c6, 0x39c6, 0x39c6, 0x39c6, 0x39c6, 0x39c6, 0x39c6, 0x39c6, 0x39c6,
0x39c6, 0x39c6, 0x39c6, 0x39c6, 0x39c6, 0x39c6, 0x39c6, 0x39c6, 0x39c6, 0x39c6,
0x39c6, 0x39c6, 0x39c6, 0x39c6, 0x39c6, 0x39c6, 0x39c6, 0x39c6, 0x39c6, 0x39c6,
0x39c6, 0x39c6, 0x39c6, 0x39c6, 0x39c6, 0x39c6, 0x39c6, 0x39c6, 0x39c6, 0x39c6,
0x39c6, 0x39c6, 0x39c6, 0x39c6, 0x39c6, 0x39c6, 0x39c6, 0x39c6, 0x39c6, 0x39c6,
0x39c6, 0x39c6, 0x39c6, 0x39c6, 0x39c6, 0x39c6, 0x39c6, 0x39c6, 0x39c6, 0x39c6,
0x39c6, 0x39c6, 0x39c6, 0x39c6, 0x39c6, 0x39c6, 0x39c6, 0x39c6, 0x39c6, 0x39c6,
0x39c6, 0x39c6, 0x39c6, 0x39c6, 0x39c6, 0x39c6, 0x39c6, 0x39c6, 0x39c6, 0x39c6,
0x39c6, 0x39c6, 0x39c6, 0x39c6, 0x39c6, 0x39c6, 0x39c6, 0x39c6, 0x39c6, 0x39c6,
0x39c6, 0x39c6, 0x39c6, 0x39c6, 0x39c6, 0x39c6, 0x39c6, 0x39c6, 0x39c6, 0x39c6,
0x39c6, 0x39c6, 0x39c6, 0x39c6, 0x39c6, 0x39c6, 0x39c6, 0x39c6, 0x39c6, 0x39c6,
0x39c6, 0x39c6, 0x39c6, 0x39c6, 0x39c6, 0x39c6, 0x39c6, 0x39c6, 0x39c6, 0x39c6,
0x39c6, 0x39c6, 0x39c6, 0x39c6, 0x39c6, 0x39c6, 0x39c6, 0x39c6, 0x39c6, 0x39c6,
0x39c6, 0x39c6, 0x39c6, 0x39c6, 0x39c6, 0x39c6, 0x39c6, 0x39c6, 0x39c6, 0x39c6,
0x39c6, 0x39c6, 0x39c6, 0x39c6, 0x39c6, 0x39c6, 0x39c6, 0x39c6, 0x39c6, 0x39c6,
0x39c6, 0x39c6, 0x39c6, 0x39c6, 0x39c6, 0x39c6, 0x39c6, 0x39c6, 0x39c6, 0x39c6,
0x39c6, 0x39c6, 0x39c6, 0x39c6, 0x39c6, 0x39c6, 0x39c6, 0x39c6, 0x39c6, 0x39c6,
0x39c6, 0x39c6, 0x39c6, 0x39c6, 0x39c6, 0x39c6, 0x39c6, 0x39c6, 0x39c6, 0x39c6,
0x39c6, 0x39c6, 0x39c6, 0x39c6, 0x39c6, 0x39c6, 0x39c6, 0x39c6, 0x39c6, 0x39c6,
0x39c6, 0x39c6, 0x39c6, 0x39c6, 0x39c6, 0x39c6, 0x39c6, 0x3165, 0xee05, 0xee05,
0xee05, 0xee05, 0xee05, 0xee05, 0xee05, 0xee05, 0xee05, 0xee05, 0xee05, 0xee05,
0xee05, 0xee05, 0xee05, 0xee05, 0xee05, 0xee05, 0xee05, 0xee05, 0xee05, 0xee05,
0xee05, 0xee05, 0xee05, 0xee05, 0xee05, 0xee05, 0xee05, 0xee05, 0xee05, 0xee05,
0xee05, 0xee05, 0xee05, 0xee05, 0xee05, 0xee05, 0xee05, 0xee06, 0xee06, 0xee06,
0xee06, 0xee26, 0xee26, 0xee26, 0xee27, 0xee27, 0xee27, 0xee27, 0xee27, 0xee27,
0xee27, 0xee27, 0xee27, 0xee27, 0xee27, 0xee27, 0xee27, 0xee27, 0xee27, 0xee27,
0xee27, 0xee27, 0xee27, 0xee27, 0xee27, 0xee27, 0xee27, 0xee27, 0xee27, 0xee27,
0xee27, 0xee27, 0xee27, 0xee27, 0xee27, 0xee27, 0xee27, 0xee27, 0xee27, 0xee27,
0xee27, 0xee28, 0xee28, 0xee27, 0xee28, 0xee28, 0xee28, 0xee28, 0xee28, 0xee28,
0xee28, 0xee28, 0xee48, 0xee49, 0xee6d, 0xee4a, 0xee4a, 0xee4a, 0xee4a, 0xee4a,
0xee4a, 0xee4a, 0xee4a, 0xee4a, 0xee4a, 0xee4a, 0xee4a, 0xee4a, 0xee4a, 0xee4a,
0xee4a, 0xee4a, 0xee4a, 0xee4a, 0xee4a, 0xee4a, 0xee4a, 0xee4a, 0xee4a, 0xee4a,
0xee4a, 0xee4a, 0xee4a, 0xee4a, 0xee4a, 0xee4a, 0xee4a, 0xee4a, 0xee4a, 0xee4a,
0xee4a, 0xee4a, 0xee4a, 0xee4a, 0xee4a, 0xee4a, 0xee4a, 0xee4a, 0xee4a, 0xee4a,
0xee4a, 0xee4b, 0xee8e, 0xee6c, 0xee6c, 0xee6c, 0xee6c, 0xee6c, 0xee6c, 0xee6c,
0xee6c, 0xee6c, 0xee6c, 0xee6c, 0xee6c, 0xee6c, 0xee6c, 0xee6c, 0xee6c, 0xee6c,
0xee6c, 0xee6c, 0xee6c, 0xee6c, 0xee6c, 0xee6c, 0xee6c, 0xee6c, 0xee6c, 0xee6c,
0xee6c, 0xee6c, 0xee6c, 0xee6c, 0xee6c, 0xee6c, 0xee6c, 0xee6c, 0xee6c, 0xee6c,
0xee6c, 0xee6c, 0xee6c, 0xee6c, 0xee6c, 0xee6c, 0xee6c, 0xee6c, 0xee6c, 0xee6c,
0xee6e, 0xee6e, 0xee6e, 0xee6e, 0xee6e, 0xee6e, 0xee6e, 0xee6e, 0xee6e, 0xee6e,
0xee6e, 0xee6e, 0xee6e, 0xee6e, 0xee6e, 0xee6e, 0xee6e, 0xee6e, 0xee6e, 0xee6e,
0xee6e, 0xee6e, 0xee6e, 0xee6e, 0xee6e, 0xee6e, 0xee6e, 0xee6e, 0xee6e, 0xee6e,
0xee6e, 0xee6e, 0xee6e, 0xee6e, 0xee6e, 0xee6e, 0xee6e, 0xee6e, 0xee6e, 0xee6e,
0xee6e, 0xee6e, 0xee6e, 0xee6e, 0xee6e, 0xee6e, 0xee6e, 0xee6e, 0xf307, 0xf2e7,
0xf2e7, 0xf2e7, 0xf2e7, 0xf2e7, 0xf2e7, 0xf2e7, 0xf2e7, 0xf2e7, 0xf2e7, 0xf2e7,
0xf2e7, 0xf2e7, 0xf2e7, 0xf2e7, 0xf2e7, 0xf2e7, 0xf2e7, 0xf2e7, 0xf2e7, 0xf2e7,
0xf2e7, 0xf2e7, 0xf2e7, 0xf2e7, 0xf2e7, 0xf2e7, 0xf2e7, 0xf2e7, 0xf2e7, 0xf2e7,
0xf2e7, 0xf2e7, 0xf2e7, 0xf2e7, 0xf2e7, 0xf2e7, 0xf2e7, 0xf307, 0xf307, 0xf307,
0xf307, 0xf307, 0xf327, 0xf327, 0xf328, 0xf348, 0xec2d, 0xf3eb, 0xf3eb, 0xf3eb,
0xf3eb, 0xf3eb, 0xf3eb, 0xf3eb, 0xf3eb, 0xf3eb, 0xf3eb, 0xf3eb, 0xf3eb, 0xf3eb,
0xf3eb, 0xf3eb, 0xf3eb, 0xf3eb, 0xf3eb, 0xf3eb, 0xf3eb, 0xf3eb, 0xf3eb, 0xf3eb,
0xf3eb, 0xf3eb, 0xf3eb, 0xf3eb, 0xf3eb, 0xf3eb, 0xf3eb, 0xf3eb, 0xf3eb, 0xf3eb,
0xf3eb, 0xf3eb, 0xf3eb, 0xf3eb, 0xf3eb, 0xf3eb, 0xf3eb, 0xf3eb, 0xf3eb, 0xf3eb,
0xf3eb, 0xf3eb, 0xf3eb, 0xf3eb, 0xf4ac, 0xf4ac, 0xf4ac, 0xf4ac, 0xf4ac, 0xf4ac,
0xf4ac, 0xf4ac, 0xf4ac, 0xf4ac, 0xf4ac, 0xf4ac, 0xf4ac, 0xf4ac, 0xf4ac, 0xf4ac,
0xf4ac, 0xf4ac, 0xf4ac, 0xf4ac, 0xf4ac, 0xf4ac, 0xf4ac, 0xf4ac, 0xf4ac, 0xf4ac,
0xf4ac, 0xf4ac, 0xf4ac, 0xf4ac, 0xf4ac, 0xf4ac, 0xf4ac, 0xf4ac, 0xf4ac, 0xf4ac,
0xf4ac, 0xf4ac, 0xf4ac, 0xf4ac, 0xf4ac, 0xf4ac, 0xf4ac, 0xf4ac, 0xf4ac, 0xf4ac,
0xf4ac, 0xf48c, 0xed8f, 0xf58f, 0xf58f, 0xf58f, 0xf58f, 0xf58f, 0xf58f, 0xf58f,
0xf58f, 0xf58f, 0xf58f, 0xf58f, 0xf58f, 0xf58f, 0xf58f, 0xf58f, 0xf58f, 0xf58f,
0xf58f, 0xf58f, 0xf58f, 0xf58f, 0xf58f, 0xf58f, 0xf58f, 0xf58f, 0xf58f, 0xf58f,
0xf58f, 0xf58f, 0xf58f, 0xf58f, 0xf58f, 0xf58f, 0xf58f, 0xf58f, 0xf58f, 0xf58f,
0xf58f, 0xf58f, 0xf58f, 0xf58f, 0xf58f, 0xf58f, 0xf58f, 0xf58f, 0xf58f, 0xf58f,
0xeef8, 0xef19, 0xef19, 0xef19, 0xef19, 0xef19, 0xef19, 0xef19, 0xef19, 0xef19,
0xef19, 0xef19, 0xef19, 0xef19, 0xef19, 0xef19, 0xef19, 0xef19, 0xef19, 0xef19,
0xef19, 0xef19, 0xef19, 0xef19, 0xef19, 0xef19, 0xef19, 0xef19, 0xef19, 0xef19,
0xef19, 0xef19, 0xef19, 0xef19, 0xef19, 0xef19, 0xef19, 0xef19, 0xef19, 0xef19,
0xef19, 0xef19, 0xef19, 0xef19, 0xef19, 0xef19, 0xef19, 0xeef8, 0xef3b, 0xef3b,
0xef3b, 0xef3b, 0xef3b, 0xef3b, 0xef3b, 0xef3b, 0xef3b, 0xef3b, 0xef3b, 0xef3b,
0xef3b, 0xef3b, 0xef3b, 0xef3b, 0xef3b, 0xef3b, 0xef3b, 0xef3b, 0xef3b, 0xef3b,
0xef3b, 0xef3b, 0xef3b, 0xef3b, 0xef3b, 0xef3b, 0xef3b, 0xef3b, 0xef3b, 0xef3b,
0xef3b, 0xef3b, 0xef3b, 0xef3b, 0xef3b, 0xef3b, 0xef3b, 0xef3b, 0xef3b, 0xef3b,
0xef3b, 0xef3b, 0xef3b, 0xef3b, 0xef3b, 0xef3b, 0xce16, 0xce16, 0xce16, 0xce16,
0xce16, 0xce16, 0xce16, 0xce16, 0xce16, 0xce16, 0xce16, 0xce16, 0xce16, 0xce16,
0xce16, 0xce16, 0xce16, 0xce16, 0xce16, 0xce16, 0xce16, 0xce16, 0xce16, 0xce16,
0xce16, 0xce16, 0xce16, 0xce16, 0xce16, 0xce16, 0xce16, 0xce16, 0xce16, 0xce16,
0xce16, 0xce16, 0xce16, 0xce16, 0xce16, 0xce16, 0xce16, 0xce16, 0xce16, 0xce16,
0xce16, 0xce16, 0xce16, 0xce16, 
0x39c6, 0x39c6, 0x39c6, 0x39c6, 0x39c6, 0x39c6, 0x39c6, 0x39c6, 0x39c6, 0x39c6,
0x39c6, 0x39c6, 0x39c6, 0x39c6, 0x39c6, 0x39c6, 0x39c6, 0x39c6, 0x39c6, 0x39c6,
0x39c6, 0x39c6, 0x39c6, 0x39c6, 0x39c6, 0x39c6, 0x39c6, 0x39c6, 0x39c6, 0x39c6,
0x39c6, 0x39c6, 0x39c6, 0x39c6, 0x39c6, 0x39c6, 0x39c6, 0x39c6, 0x39c6, 0x39c6,
0x39c6, 0x39c6, 0x39c6, 0x39c6, 0x39c6, 0x39c6, 0x39c6, 0x39c6, 0x39c6, 0x39c6,
0x39c6, 0x39c6, 0x39c6, 0x39c6, 0x39c6, 0x39c6, 0x39c6, 0x39c6, 0x39c6, 0x39c6,
0x39c6, 0x39c6, 0x39c6, 0x39c6, 0x39c6, 0x39c6, 0x39c6, 0x39c6, 0x39c6, 0x39c6,
0x39c6, 0x39c6, 0x39c6, 0x39c6, 0x39c6, 0x39c6, 0x39c6, 0x39c6, 0x39c6, 0x39c6,
0x39c6, 0x39c6, 0x39c6, 0x39c6, 0x39c6, 0x39c6, 0x39c6, 0x39c6, 0x39c6, 0x39c6,
0x39c6, 0x39c6, 0x39c6, 0x39c6, 0x39c6, 0x39c6, 0x39c6, 0x39c6, 0x39c6, 0x39c6,
0x39c6, 0x39c6, 0x39c6, 0x39c6, 0x39c6, 0x39c6, 0x39c6, 0x39c6, 0x39c6, 0x39c6,
0x39c6, 0x39c6, 0x39c6, 0x39c6, 0x39c6, 0x39c6, 0x39c6, 0x39c6, 0x39c6, 0x39c6,
0x39c6, 0x39c6, 0x39c6, 0x39c6, 0x39c6, 0x39c6, 0x39c6, 0x39c6, 0x39c6, 0x39c6,
0x39c6, 0x39c6, 0x39c6, 0x39c6, 0x39c6, 0x39c6, 0x39c6, 0x39c6, 0x39c6, 0x39c6,
0x39c6, 0x39c6, 0x39c6, 0x39c6, 0x39c6, 0x39c6, 0x39c6, 0x39c6, 0x39c6, 0x39c6,
0x39c6, 0x39c6, 0x39c6, 0x39c6, 0x39c6, 0x39c6, 0x39c6, 0x39c6, 0x39c6, 0x39c6,
0x39c6, 0x39c6, 0x39c6, 0x39c6, 0x39c6, 0x39c6, 0x39c6, 0x39c6, 0x39c6, 0x39c6,
0x39c6, 0x39c6, 0x39c6, 0x39c6, 0x39c6, 0x39c6, 0x39c6, 0x39c6, 0x39c6, 0x39c6,
0x39c6, 0x39c6, 0x39c6, 0x39c6, 0x39c6, 0x39c6, 0x39c6, 0x39c6, 0x39c6, 0x39c6,
0x39c6, 0x39c6, 0x39c6, 0x39c6, 0x39c6, 0x39c6, 0x39c6, 0x39c6, 0x39c6, 0x39c6,
0x39c6, 0x39c6, 0x39c6, 0x39c6, 0x39c6, 0x39c6, 0x39c6, 0x39c6, 0x39c6, 0x39c6,
0x39c6, 0x39c6, 0x39c6, 0x39c6, 0x39c6, 0x39c6, 0x39c6, 0x39c6, 0x39c6, 0x39c6,
0x39c6, 0x39c6, 0x39c6, 0x39c6, 0x39c6, 0x39c6, 0x39c6, 0x39c6, 0x39c6, 0x39c6,
0x39c6, 0x39c6, 0x39c6, 0x39c6, 0x39c6, 0x39c6, 0x39c6, 0x39c6, 0x39c6, 0x39c6,
0x39c6, 0x39c6, 0x39c6, 0x39c6, 0x39c6, 0x39c6, 0x39c6, 0x39c6, 0x39c6, 0x39c6,
0x39c6, 0x39c6, 0x39c6, 0x39c6, 0x39c6, 0x39c6, 0x39c6, 0x39c6, 0x39c6, 0x39c6,
0x39c6, 0x39c6, 0x39c6, 0x39c6, 0x39c6, 0x39c6, 0x39c6, 0x39c6, 0x39c6, 0x39c6,
0x39c6, 0x39c6, 0x39c6, 0x39c6, 0x39c6, 0x39c6, 0x39c6, 0x39c6, 0x39c6, 0x39c6,
0x39c6, 0x39c6, 0x39c6, 0x39c6, 0x39c6, 0x39c6, 0x39c6, 0x3165, 0xee05, 0xee05,
0xee05, 0xee05, 0xee05, 0xee05, 0xee05, 0xee05, 0xee05, 0xee05, 0xee05, 0xee05,
0xee05, 0xee05, 0xee05, 0xee05, 0xee05, 0xee05, 0xee05, 0xee05, 0xee05, 0xee05,
0xee05, 0xee05, 0xee05, 0xee05, 0xee05, 0xee05, 0xee05, 0xee05, 0xee05, 0xee05,
0xee05, 0xee05, 0xee05, 0xee05, 0xee05, 0xee05, 0xee05, 0xee06, 0xee06, 0xee06,
0xee06, 0xee26, 0xee26, 0xee26, 0xee27, 0xee27, 0xee27, 0xee27, 0xee27, 0xee27,
0xee27, 0xee27, 0xee27, 0xee27, 0xee27, 0xee27, 0xee27, 0xee27, 0xee27, 0xee27,
0xee27, 0xee27, 0xee27, 0xee27, 0xee27, 0xee27, 0xee27, 0xee27, 0xee27, 0xee27,
0xee27, 0xee27, 0xee27, 0xee27, 0xee27, 0xee27, 0xee27, 0xee27, 0xee27, 0xee27,
0xee27, 0xee28, 0xee28, 0xee27, 0xee28, 0xee28, 0xee28, 0xee28, 0xee28, 0xee28,
0xee28, 0xee28, 0xee48, 0xee49, 0xee6d, 0xee4a, 0xee4a, 0xee4a, 0xee4a, 0xee4a,
0xee4a, 0xee4a, 0xee4a, 0xee4a, 0xee4a, 0xee4a, 0xee4a, 0xee4a, 0xee4a, 0xee4a,
0xee4a, 0xee4a, 0xee4a, 0xee4a, 0xee4a, 0xee4a, 0xee4a, 0xee4a, 0xee4a, 0xee4a,
0xee4a, 0xee4a, 0xee4a, 0xee4a, 0xee4a, 0xee4a, 0xee4a, 0xee4a, 0xee4a, 0xee4a,
0xee4a, 0xee4a, 0xee4a, 0xee4a, 0xee4a, 0xee4a, 0xee4a, 0xee4a, 0xee4a, 0xee4a,
0xee4a, 0xee4b, 0xee8e, 0xee6c, 0xee6c, 0xee6c, 0xee6c, 0xee6c, 0xee6c, 0xee6c,
0xee6c, 0xee6c, 0xee6c, 0xee6c, 0xee6c, 0xee6c, 0xee6c, 0xee6c, 0xee6c, 0xee6c,
0xee6c, 0xee6c, 0xee6c, 0xee6c, 0xee6c, 0xee6c, 0xee6c, 0xee6c, 0xee6c, 0xee6c,
0xee6c, 0xee6c, 0xee6c, 0xee6c, 0xee6c, 0xee6c, 0xee6c, 0xee6c, 0xee6c, 0xee6c,
0xee6c, 0xee6c, 0xee6c, 0xee6c, 0xee6c, 0xee6c, 0xee6c, 0xee6c, 0xee6c, 0xee6c,
0xee6e, 0xee6e, 0xee6e, 0xee6e, 0xee6e, 0xee6e, 0xee6e, 0xee6e, 0xee6e, 0xee6e,
0xee6e, 0xee6e, 0xee6e, 0xee6e, 0xee6e, 0xee6e, 0xee6e, 0xee6e, 0xee6e, 0xee6e,
0xee6e, 0xee6e, 0xee6e, 0xee6e, 0xee6e, 0xee6e, 0xee6e, 0xee6e, 0xee6e, 0xee6e,
0xee6e, 0xee6e, 0xee6e, 0xee6e, 0xee6e, 0xee6e, 0xee6e, 0xee6e, 0xee6e, 0xee6e,
0xee6e, 0xee6e, 0xee6e, 0xee6e, 0xee6e, 0xee6e, 0xee6e, 0xee6e, 0xf307, 0xf2e7,
0xf2e7, 0xf2e7, 0xf2e7, 0xf2e7, 0xf2e7, 0xf2e7, 0xf2e7, 0xf2e7, 0xf2e7, 0xf2e7,
0xf2e7, 0xf2e7, 0xf2e7, 0xf2e7, 0xf2e7, 0xf2e7, 0xf2e7, 0xf2e7, 0xf2e7, 0xf2e7,
0xf2e7, 0xf2e7, 0xf2e7, 0xf2e7, 0xf2e7, 0xf2e7, 0xf2e7, 0xf2e7, 0xf2e7, 0xf2e7,
0xf2e7, 0xf2e7, 0xf2e7, 0xf2e7, 0xf2e7, 0xf2e7, 0xf2e7, 0xf307, 0xf307, 0xf307,
0xf307, 0xf307, 0xf327, 0xf327, 0xf328, 0xf348, 0xec2d, 0xf3eb, 0xf3eb, 0xf3eb,
0xf3eb, 0xf3eb, 0xf3eb, 0xf3eb, 0xf3eb, 0xf3eb, 0xf3eb, 0xf3eb, 0xf3eb, 0xf3eb,
0xf3eb, 0xf3eb, 0xf3eb, 0xf3eb, 0xf3eb, 0xf3eb, 0xf3eb, 0xf3eb, 0xf3eb, 0xf3eb,
0xf3eb, 0xf3eb, 0xf3eb, 0xf3eb, 0xf3eb, 0xf3eb, 0xf3eb, 0xf3eb, 0xf3eb, 0xf3eb,
0xf3eb, 0xf3eb, 0xf3eb, 0xf3eb, 0xf3eb, 0xf3eb, 0xf3eb, 0xf3eb, 0xf3eb, 0xf3eb,
0xf3eb, 0xf3eb, 0xf3eb, 0xf3eb, 0xf4ac, 0xf4ac, 0xf4ac, 0xf4ac, 0xf4ac, 0xf4ac,
0xf4ac, 0xf4ac, 0xf4ac, 0xf4ac, 0xf4ac, 0xf4ac, 0xf4ac, 0xf4ac, 0xf4ac, 0xf4ac,
0xf4ac, 0xf4ac, 0xf4ac, 0xf4ac, 0xf4ac, 0xf4ac, 0xf4ac, 0xf4ac, 0xf4ac, 0xf4ac,
0xf4ac, 0xf4ac, 0xf4ac, 0xf4ac, 0xf4ac, 0xf4ac, 0xf4ac, 0xf4ac, 0xf4ac, 0xf4ac,
0xf4ac, 0xf4ac, 0xf4ac, 0xf4ac, 0xf4ac, 0xf4ac, 0xf4ac, 0xf4ac, 0xf4ac, 0xf4ac,
0xf4ac, 0xf48c, 0xed8f, 0xf58f, 0xf58f, 0xf58f, 0xf58f, 0xf58f, 0xf58f, 0xf58f,
0xf58f, 0xf58f, 0xf58f, 0xf58f, 0xf58f, 0xf58f, 0xf58f, 0xf58f, 0xf58f, 0xf58f,
0xf58f, 0xf58f, 0xf58f, 0xf58f, 0xf58f, 0xf58f, 0xf58f, 0xf58f, 0xf58f, 0xf58f,
0xf58f, 0xf58f, 0xf58f, 0xf58f, 0xf58f, 0xf58f, 0xf58f, 0xf58f, 0xf58f, 0xf58f,
0xf58f, 0xf58f, 0xf58f, 0xf58f, 0xf58f, 0xf58f, 0xf58f, 0xf58f, 0xf58f, 0xf58f,
0xeef8, 0xef19, 0xef19, 0xef19, 0xef19, 0xef19, 0xef19, 0xef19, 0xef19, 0xef19,
0xef19, 0xef19, 0xef19, 0xef19, 0xef19, 0xef19, 0xef19, 0xef19, 0xef19, 0xef19,
0xef19, 0xef19, 0xef19, 0xef19, 0xef19, 0xef19, 0xef19, 0xef19, 0xef19, 0xef19,
0xef19, 0xef19, 0xef19, 0xef19, 0xef19, 0xef19, 0xef19, 0xef19, 0xef19, 0xef19,
0xef19, 0xef19, 0xef19, 0xef19, 0xef19, 0xef19, 0xef19, 0xeef8, 0xef3b, 0xef3b,
0xef3b, 0xef3b, 0xef3b, 0xef3b, 0xef3b, 0xef3b, 0xef3b, 0xef3b, 0xef3b, 0xef3b,
0xef3b, 0xef3b, 0xef3b, 0xef3b, 0xef3b, 0xef3b, 0xef3b, 0xef3b, 0xef3b, 0xef3b,
0xef3b, 0xef3b, 0xef3b, 0xef3b, 0xef3b, 0xef3b, 0xef3b, 0xef3b, 0xef3b, 0xef3b,
0xef3b, 0xef3b, 0xef3b, 0xef3b, 0xef3b, 0xef3b, 0xef3b, 0xef3b, 0xef3b, 0xef3b,
0xef3b, 0xef3b, 0xef3b, 0xef3b, 0xef3b, 0xef3b, 0xce16, 0xce16, 0xce16, 0xce16,
0xce16, 0xce16, 0xce16, 0xce16, 0xce16, 0xce16, 0xce16, 0xce16, 0xce16, 0xce16,
0xce16, 0xce16, 0xce16, 0xce16, 0xce16, 0xce16, 0xce16, 0xce16, 0xce16, 0xce16,
0xce16, 0xce16, 0xce16, 0xce16, 0xce16, 0xce16, 0xce16, 0xce16, 0xce16, 0xce16,
0xce16, 0xce16, 0xce16, 0xce16, 0xce16, 0xce16, 0xce16, 0xce16, 0xce16, 0xce16,
0xce16, 0xce16, 0xce16, 0xce16, 
0x39c6, 0x39c6, 0x39c6, 0x39c6, 0x39c6, 0x39c6, 0x39c6, 0x39c6, 0x39c6, 0x39c6,
0x39c6, 0x39c6, 0x39c6, 0x39c6, 0x39c6, 0x39c6, 0x39c6, 0x39c6, 0x39c6, 0x39c6,
0x39c6, 0x39c6, 0x39c6, 0x39c6, 0x39c6, 0x39c6, 0x39c6, 0x39c6, 0x39c6, 0x39c6,
0x39c6, 0x39c6, 0x39c6, 0x39c6, 0x39c6, 0x39c6, 0x39c6, 0x39c6, 0x39c6, 0x39c6,
0x39c6, 0x39c6, 0x39c6, 0x39c6, 0x39c6, 0x39c6, 0x39c6, 0x39c6, 0x39c6, 0x39c6,
0x39c6, 0x39c6, 0x39c6, 0x39c6, 0x39c6, 0x39c6, 0x39c6, 0x39c6, 0x39c6, 0x39c6,
0x39c6, 0x39c6, 0x39c6, 0x39c6, 0x39c6, 0x39c6, 0x39c6, 0x39c6, 0x39c6, 0x39c6,
0x39c6, 0x39c6, 0x39c6, 0x39c6, 0x39c6, 0x39c6, 0x39c6, 0x39c6, 0x39c6, 0x39c6,
0x39c6, 0x39c6, 0x39c6, 0x39c6, 0x39c6, 0x39c6, 0x39c6, 0x39c6, 0x39c6, 0x39c6,
0x39c6, 0x39c6, 0x39c6, 0x39c6, 0x39c6, 0x39c6, 0x39c6, 0x39c6, 0x39c6, 0x39c6,
0x39c6, 0x39c6, 0x39c6, 0x39c6, 0x39c6, 0x39c6, 0x39c6, 0x39c6, 0x39c6, 0x39c6,
0x39c6, 0x39c6, 0x39c6, 0x39c6, 0x39c6, 0x39c6, 0x39c6, 0x39c6, 0x39c6, 0x39c6,
0x39c6, 0x39c6, 0x39c6, 0x39c6, 0x39c6, 0x39c6, 0x39c6, 0x39c6, 0x39c6, 0x39c6,
0x39c6, 0x39c6, 0x39c6, 0x39c6, 0x39c6, 0x39c6, 0x39c6, 0x39c6, 0x39c6, 0x39c6,
0x39c6, 0x39c6, 0x39c6, 0x39c6, 0x39c6, 0x39c6, 0x39c6, 0x39c6, 0x39c6, 0x39c6,
0x39c6, 0x39c6, 0x39c6, 0x39c6, 0x39c6, 0x39c6, 0x39c6, 0x39c6, 0x39c6, 0x39c6,
0x39c6, 0x39c6, 0x39c6, 0x39c6, 0x39c6, 0x39c6, 0x39c6, 0x39c6, 0x39c6, 0x39c6,
0x39c6, 0x39c6, 0x39c6, 0x39c6, 0x39c6, 0x39c6, 0x39c6, 0x39c6, 0x39c6, 0x39c6,
0x39c6, 0x39c6, 0x39c6, 0x39c6, 0x39c6, 0x39c6, 0x39c6, 0x39c6, 0x39c6, 0x39c6,
0x39c6, 0x39c6, 0x39c6, 0x39c6, 0x39c6, 0x39c6, 0x39c6, 0x39c6, 0x39c6, 0x39c6,
0x39c6, 0x39c6, 0x39c6, 0x39c6, 0x39c6, 0x39c6, 0x39c6, 0x39c6, 0x39c6, 0x39c6,
0x39c6, 0x39c6, 0x39c6, 0x39c6, 0x39c6, 0x39c6, 0x39c6, 0x39c6, 0x39c6, 0x39c6,
0x39c6, 0x39c6, 0x39c6, 0x39c6, 0x39c6, 0x39c6, 0x39c6, 0x39c6, 0x39c6, 0x39c6,
0x39c6, 0x39c6, 0x39c6, 0x39c6, 0x39c6, 0x39c6, 0x39c6, 0x39c6, 0x39c6, 0x39c6,
0x39c6, 0x39c6, 0x39c6, 0x39c6, 0x39c6, 0x39c6, 0x39c6, 0x39c6, 0x39c6, 0x39c6,
0x39c6, 0x39c6, 0x39c6, 0x39c6, 0x39c6, 0x39c6, 0x39c6, 0x39c6, 0x39c6, 0x39c6,
0x39c6, 0x39c6, 0x39c6, 0x39c6, 0x39c6, 0x39c6, 0x39c6, 0x39c6, 0x39c6, 0x39c6,
0x39c6, 0x39c6, 0x39c6, 0x39c6, 0x39c6, 0x39c6, 0x39c6, 0x39c6, 0x39c6, 0x39c6,
0x39c6, 0x39c6, 0x39c6, 0x39c6, 0x39c6, 0x39c6, 0x39c6, 0x3165, 0xee05, 0xee05,
0xee05, 0xee05, 0xee05, 0xee05, 0xee05, 0xee05, 0xee05, 0xee05, 0xee05, 0xee05,
0xee05, 0xee05, 0xee05, 0xee05, 0xee05, 0xee05, 0xee05, 0xee05, 0xee05, 0xee05,
0xee05, 0xee05, 0xee05, 0xee05, 0xee05, 0xee05, 0xee05, 0xee05, 0xee05, 0xee05,
0xee05, 0xee05, 0xee05, 0xee05, 0xee05, 0xee05, 0xee05, 0xee06, 0xee06, 0xee06,
0xee06, 0xee26, 0xee26, 0xee26, 0xee27, 0xee27, 0xee27, 0xee27, 0xee27, 0xee27,
0xee27, 0xee27, 0xee27, 0xee27, 0xee27, 0xee27, 0xee27, 0xee27, 0xee27, 0xee27,
0xee27, 0xee27, 0xee27, 0xee27, 0xee27, 0xee27, 0xee27, 0xee27, 0xee27, 0xee27,
0xee27, 0xee27, 0xee27, 0xee27, 0xee27, 0xee27, 0xee27, 0xee27, 0xee27, 0xee27,
0xee27, 0xee28, 0xee28, 0xee27, 0xee28, 0xee28, 0xee28, 0xee28, 0xee28, 0xee28,
0xee28, 0xee28, 0xee48, 0xee49, 0xee6d, 0xee4a, 0xee4a, 0xee4a, 0xee4a, 0xee4a,
0xee4a, 0xee4a, 0xee4a, 0xee4a, 0xee4a, 0xee4a, 0xee4a, 0xee4a, 0xee4a, 0xee4a,
0xee4a, 0xee4a, 0xee4a, 0xee4a, 0xee4a, 0xee4a, 0xee4a, 0xee4a, 0xee4a, 0xee4a,
0xee4a, 0xee4a, 0xee4a, 0xee4a, 0xee4a, 0xee4a, 0xee4a, 0xee4a, 0xee4a, 0xee4a,
0xee4a, 0xee4a, 0xee4a, 0xee4a, 0xee4a, 0xee4a, 0xee4a, 0xee4a, 0xee4a, 0xee4a,
0xee4a, 0xee4b, 0xee8e, 0xee6c, 0xee6c, 0xee6c, 0xee6c, 0xee6c, 0xee6c, 0xee6c,
0xee6c, 0xee6c, 0xee6c, 0xee6c, 0xee6c, 0xee6c, 0xee6c, 0xee6c, 0xee6c, 0xee6c,
0xee6c, 0xee6c, 0xee6c, 0xee6c, 0xee6c, 0xee6c, 0xee6c, 0xee6c, 0xee6c, 0xee6c,
0xee6c, 0xee6c, 0xee6c, 0xee6c, 0xee6c, 0xee6c, 0xee6c, 0xee6c, 0xee6c, 0xee6c,
0xee6c, 0xee6c, 0xee6c, 0xee6c, 0xee6c, 0xee6c, 0xee6c, 0xee6c, 0xee6c, 0xee6c,
0xee6e, 0xee6e, 0xee6e, 0xee6e, 0xee6e, 0xee6e, 0xee6e, 0xee6e, 0xee6e, 0xee6e,
0xee6e, 0xee6e, 0xee6e, 0xee6e, 0xee6e, 0xee6e, 0xee6e, 0xee6e, 0xee6e, 0xee6e,
0xee6e, 0xee6e, 0xee6e, 0xee6e, 0xee6e, 0xee6e, 0xee6e, 0xee6e, 0xee6e, 0xee6e,
0xee6e, 0xee6e, 0xee6e, 0xee6e, 0xee6e, 0xee6e, 0xee6e, 0xee6e, 0xee6e, 0xee6e,
0xee6e, 0xee6e, 0xee6e, 0xee6e, 0xee6e, 0xee6e, 0xee6e, 0xee6e, 0xf307, 0xf2e7,
0xf2e7, 0xf2e7, 0xf2e7, 0xf2e7, 0xf2e7, 0xf2e7, 0xf2e7, 0xf2e7, 0xf2e7, 0xf2e7,
0xf2e7, 0xf2e7, 0xf2e7, 0xf2e7, 0xf2c6, 0xf2c6, 0xf2c6, 0xf2e7, 0xf2e7, 0xf2e7,
0xf2e7, 0xf2e7, 0xf2e7, 0xf2e7, 0xf2e7, 0xf2e7, 0xf2e7, 0xf2e7, 0xf2e7, 0xf2e7,
0xf2e7, 0xf2e7, 0xf2e7, 0xf2e7, 0xf2e7, 0xf2e7, 0xf2e7, 0xf307, 0xf307, 0xf307,
0xf307, 0xf307, 0xf327, 0xf327, 0xf328, 0xf348, 0xec2d, 0xf3eb, 0xf3eb, 0xf3eb,
0xf3eb, 0xf3eb, 0xf3eb, 0xf3eb, 0xf3eb, 0xf3eb, 0xf3eb, 0xf3eb, 0xf3eb, 0xf3eb,
0xf3eb, 0xf3cb, 0xf3cb, 0xf3cb, 0xf3eb, 0xf3eb, 0xf3eb, 0xf3eb, 0xf3eb, 0xf3eb,
0xf3eb, 0xf3eb, 0xf3eb, 0xf3eb, 0xf3eb, 0xf3cb, 0xf3cb, 0xf3cb, 0xf3cb, 0xf3eb,
0xf3eb, 0xf3eb, 0xf3eb, 0xf3eb, 0xf3eb, 0xf3eb, 0xf3eb, 0xf3eb, 0xf3eb, 0xf3eb,
0xf3eb, 0xf3eb, 0xf3eb, 0xf3eb, 0xf4ac, 0xf4ac, 0xf4ac, 0xf4ac, 0xf4ac, 0xf4ac,
0xf4ac, 0xf4ac, 0xf4ac, 0xf4ac, 0xf4ac, 0xf4ac, 0xf4ac, 0xf4ac, 0xf4ac, 0xf4ac,
0xf4ac, 0xf4ac, 0xf4ac, 0xf4ac, 0xf4ac, 0xf4ac, 0xf4ac, 0xf4ac, 0xf4ac, 0xf4ac,
0xf4ac, 0xf4ac, 0xf4ac, 0xf4ac, 0xf4ac, 0xf4ac, 0xf4ac, 0xf4ac, 0xf4ac, 0xf4ac,
0xf4ac, 0xf4ac, 0xf4ac, 0xf4ac, 0xf4ac, 0xf4ac, 0xf4ac, 0xf4ac, 0xf4ac, 0xf4ac,
0xf4ac, 0xf48c, 0xed8f, 0xf58f, 0xf58f, 0xf58f, 0xf58f, 0xf58f, 0xf58f, 0xf58f,
0xf58f, 0xf58f, 0xf58f, 0xf58f, 0xf58f, 0xf58f, 0xf58f, 0xf58f, 0xf58f, 0xf58f,
0xf58f, 0xf58f, 0xf58f, 0xf58f, 0xf58f, 0xf58f, 0xf58f, 0xf58f, 0xf58f, 0xf58f,
0xf58f, 0xf58f, 0xf58f, 0xf58f, 0xf58f, 0xf58f, 0xf58f, 0xf58f, 0xf58f, 0xf58f,
0xf58f, 0xf58f, 0xf58f, 0xf58f, 0xf58f, 0xf58f, 0xf58f, 0xf58f, 0xf58f, 0xf58f,
0xeef8, 0xef19, 0xef19, 0xef19, 0xef19, 0xef19, 0xef19, 0xef19, 0xef19, 0xef19,
0xef19, 0xef19, 0xef19, 0xef19, 0xef19, 0xef19, 0xef19, 0xef19, 0xef19, 0xef19,
0xef19, 0xef19, 0xef19, 0xef19, 0xef19, 0xef19, 0xef19, 0xef19, 0xef19, 0xef19,
0xef19, 0xef19, 0xef19, 0xef19, 0xef19, 0xef19, 0xef19, 0xef19, 0xef19, 0xef19,
0xef19, 0xef19, 0xef19, 0xef19, 0xef19, 0xef19, 0xef19, 0xeef8, 0xef3b, 0xef3b,
0xef3b, 0xef3b, 0xef3b, 0xef3b, 0xef3b, 0xef3b, 0xef3b, 0xef3b, 0xef3b, 0xef3b,
0xef3b, 0xef3b, 0xef3b, 0xef3b, 0xef3b, 0xef3b, 0xef3b, 0xef3b, 0xef3b, 0xef3b,
0xef3b, 0xef3b, 0xef3b, 0xef3b, 0xef3b, 0xef3b, 0xef3b, 0xef3b, 0xef3b, 0xef3b,
0xef3b, 0xef3b, 0xef3b, 0xef3b, 0xef3b, 0xef3b, 0xef3b, 0xef3b, 0xef3b, 0xef3b,
0xef3b, 0xef3b, 0xef3b, 0xef3b, 0xef3b, 0xef3b, 0xce16, 0xce16, 0xce16, 0xce16,
0xce16, 0xce16, 0xce16, 0xce16, 0xce16, 0xce16, 0xce16, 0xce16, 0xce16, 0xce16,
0xce16, 0xce16, 0xce16, 0xce16, 0xce16, 0xce16, 0xce16, 0xce16, 0xce16, 0xce16,
0xce16, 0xce16, 0xce16, 0xce16, 0xce16, 0xce16, 0xce16, 0xce16, 0xce16, 0xce16,
0xce16, 0xce16, 0xce16, 0xce16, 0xce16, 0xce16, 0xce16, 0xce16, 0xce16, 0xce16,
0xce16, 0xce16, 0xce16, 0xce16, 
0x39c6, 0x39c6, 0x39c6, 0x39c6, 0x39c6, 0x39c6, 0x39c6, 0x39c6, 0x39c6, 0x39c6,
0x39c6, 0x39c6, 0x39c6, 0x39c6, 0x39c6, 0x39c6, 0x39c6, 0x39c6, 0x39c6, 0x39c6,
0x39c6, 0x39c6, 0x39c6, 0x39c6, 0x39c6, 0x39c6, 0x39c6, 0x39c6, 0x39c6, 0x39c6,
0x39c6, 0x39c6, 0x39c6, 0x39c6, 0x39c6, 0x39c6, 0x39c6, 0x39c6, 0x39c6, 0x39c6,
0x39c6, 0x39c6, 0x39c6, 0x39c6, 0x39c6, 0x39c6, 0x39c6, 0x39c6, 0x39c6, 0x39c6,
0x39c6, 0x39c6, 0x39c6, 0x39c6, 0x39c6, 0x39c6, 0x39c6, 0x39c6, 0x39c6, 0x39c6,
0x39c6, 0x39c6, 0x39c6, 0x39c6, 0x39c6, 0x39c6, 0x39c6, 0x39c6, 0x39c6, 0x39c6,
0x39c6, 0x39c6, 0x39c6, 0x39c6, 0x39c6, 0x39c6, 0x39c6, 0x39c6, 0x39c6, 0x39c6,
0x39c6, 0x39c6, 0x39c6, 0x39c6, 0x39c6, 0x39c6, 0x39c6, 0x39c6, 0x39c6, 0x39c6,
0x39c6, 0x39c6, 0x39c6, 0x39c6, 0x39c6, 0x39c6, 0x39c6, 0x39c6, 0x39c6, 0x39c6,
0x39c6, 0x39c6, 0x39c6, 0x39c6, 0x39c6, 0x39c6, 0x39c6, 0x39c6, 0x39c6, 0x39c6,
0x39c6, 0x39c6, 0x39c6, 0x39c6, 0x39c6, 0x39c6, 0x39c6, 0x39c6, 0x39c6, 0x39c6,
0x39c6, 0x39c6, 0x39c6, 0x39c6, 0x39c6, 0x39c6, 0x39c6, 0x39c6, 0x39c6, 0x39c6,
0x39c6, 0x39c6, 0x39c6, 0x39c6, 0x39c6, 0x39c6, 0x39c6, 0x39c6, 0x39c6, 0x39c6,
0x39c6, 0x39c6, 0x39c6, 0x39c6, 0x39c6, 0x39c6, 0x39c6, 0x39c6, 0x39c6, 0x39c6,
0x39c6, 0x39c6, 0x39c6, 0x39c6, 0x39c6, 0x39c6, 0x39c6, 0x39c6, 0x39c6, 0x39c6,
0x39c6, 0x39c6, 0x39c6, 0x39c6, 0x39c6, 0x39c6, 0x39c6, 0x39c6, 0x39c6, 0x39c6,
0x39c6, 0x39c6, 0x39c6, 0x39c6, 0x39c6, 0x39c6, 0x39c6, 0x39c6, 0x39c6, 0x39c6,
0x39c6, 0x39c6, 0x39c6, 0x39c6, 0x39c6, 0x39c6, 0x39c6, 0x39c6, 0x39c6, 0x39c6,
0x39c6, 0x39c6, 0x39c6, 0x39c6, 0x39c6, 0x39c6, 0x39c6, 0x39c6, 0x39c6, 0x39c6,
0x39c6, 0x39c6, 0x39c6, 0x39c6, 0x39c6, 0x39c6, 0x39c6, 0x39c6, 0x39c6, 0x39c6,
0x39c6, 0x39c6, 0x39c6, 0x39c6, 0x39c6, 0x39c6, 0x39c6, 0x39c6, 0x39c6, 0x39c6,
0x39c6, 0x39c6, 0x39c6, 0x39c6, 0x39c6, 0x39c6, 0x39c6, 0x39c6, 0x39c6, 0x39c6,
0x39c6, 0x39c6, 0x39c6, 0x39c6, 0x39c6, 0x39c6, 0x39c6, 0x39c6, 0x39c6, 0x39c6,
0x39c6, 0x39c6, 0x39c6, 0x39c6, 0x39c6, 0x39c6, 0x39c6, 0x39c6, 0x39c6, 0x39c6,
0x39c6, 0x39c6, 0x39c6, 0x39c6, 0x39c6, 0x39c6, 0x39c6, 0x39c6, 0x39c6, 0x39c6,
0x39c6, 0x39c6, 0x39c6, 0x39c6, 0x39c6, 0x39c6, 0x39c6, 0x39c6, 0x39c6, 0x39c6,
0x39c6, 0x39c6, 0x39c6, 0x39c6, 0x39c6, 0x39c6, 0x39c6, 0x39c6, 0x39c6, 0x39c6,
0x39c6, 0x39c6, 0x39c6, 0x39c6, 0x39c6, 0x39c6, 0x39c6, 0x3165, 0xee05, 0xee05,
0xee05, 0xee05, 0xee05, 0xee05, 0xee05, 0xee05, 0xee05, 0xee05, 0xee05, 0xee05,
0xee05, 0xee05, 0xee05, 0xee05, 0xee05, 0xee05, 0xee05, 0xee05, 0xee05, 0xee05,
0xee05, 0xee05, 0xee05, 0xee05, 0xee05, 0xee05, 0xee05, 0xee05, 0xee05, 0xee05,
0xee05, 0xee05, 0xee05, 0xee05, 0xee05, 0xee05, 0xee05, 0xee06, 0xee06, 0xee06,
0xee06, 0xee26, 0xee26, 0xee26, 0xee27, 0xee27, 0xee27, 0xee27, 0xee27, 0xee27,
0xee27, 0xee27, 0xee27, 0xee27, 0xee27, 0xee27, 0xee27, 0xee27, 0xee27, 0xee27,
0xee27, 0xee27, 0xee27, 0xee27, 0xee27, 0xee27, 0xee27, 0xee27, 0xee27, 0xee27,
0xee27, 0xee27, 0xee27, 0xee27, 0xee27, 0xee27, 0xee27, 0xee27, 0xee27, 0xee27,
0xee27, 0xee28, 0xee28, 0xee27, 0xee28, 0xee28, 0xee28, 0xee28, 0xee28, 0xee28,
0xee28, 0xee28, 0xee48, 0xee49, 0xee6d, 0xee4a, 0xee4a, 0xee4a, 0xee4a, 0xee4a,
0xee4a, 0xee4a, 0xee4a, 0xee4a, 0xee4a, 0xee4a, 0xee4a, 0xee4a, 0xee4a, 0xee4a,
0xee4a, 0xee4a, 0xee4a, 0xee4a, 0xee4a, 0xee4a, 0xee4a, 0xee4a, 0xee4a, 0xee4a,
0xee4a, 0xee4a, 0xee4a, 0xee4a, 0xee4a, 0xee4a, 0xee4a, 0xee4a, 0xee4a, 0xee4a,
0xee4a, 0xee4a, 0xee4a, 0xee4a, 0xee4a, 0xee4a, 0xee4a, 0xee4a, 0xee4a, 0xee4a,
0xee4a, 0xee4b, 0xee8e, 0xee6c, 0xee6c, 0xee6c, 0xee6c, 0xee6c, 0xee6c, 0xee6c,
0xee6c, 0xee6c, 0xee6c, 0xee6c, 0xee6c, 0xee6c, 0xee6c, 0xee6c, 0xee6c, 0xee6c,
0xee6c, 0xee6c, 0xee6c, 0xee6c, 0xee6c, 0xee6c, 0xee6c, 0xee6c, 0xee6c, 0xee6c,
0xee6c, 0xee6c, 0xee6c, 0xee6c, 0xee6c, 0xee6c, 0xee6c, 0xee6c, 0xee6c, 0xee6c,
0xee6c, 0xee6c, 0xee6c, 0xee6c, 0xee6c, 0xee6c, 0xee6c, 0xee6c, 0xee6c, 0xee6c,
0xee6e, 0xee6e, 0xee6e, 0xee6e, 0xee6e, 0xee6e, 0xee6e, 0xee6e, 0xee6e, 0xee6e,
0xee6e, 0xee6e, 0xee6e, 0xee6e, 0xee6e, 0xee6e, 0xee6e, 0xee6e, 0xee6e, 0xee6e,
0xee6e, 0xee6e, 0xee6e, 0xee6e, 0xee6e, 0xee6e, 0xee6e, 0xee6e, 0xee6e, 0xee6e,
0xee6e, 0xee6e, 0xee6e, 0xee6e, 0xee6e, 0xee6e, 0xee6e, 0xee6e, 0xee6e, 0xee6e,
0xee6e, 0xee6e, 0xee6e, 0xee6e, 0xee6e, 0xee6e, 0xee6e, 0xee6e, 0xf307, 0xf2e7,
0xf2e7, 0xf2e7, 0xf2e7, 0xf2e7, 0xf2e7, 0xf2e7, 0xf2e7, 0xf2e7, 0xf2e7, 0xf2e7,
0xf2e7, 0xf2c6, 0xf470, 0xfefa, 0xff5c, 0xff5c, 0xff5c, 0xfeda, 0xf4ef, 0xf2a6,
0xf2e7, 0xf2e7, 0xf2e7, 0xf2e7, 0xf2e7, 0xf2e7, 0xf2e7, 0xf2e7, 0xf2e7, 0xf2e7,
0xf618, 0xfeda, 0xfeda, 0xff1b, 0xf306, 0xf2e7, 0xf2e7, 0xf307, 0xf307, 0xf307,
0xf307, 0xf307, 0xf327, 0xf327, 0xf328, 0xf348, 0xec2d, 0xf3eb, 0xf3eb, 0xf3eb,
0xf3eb, 0xf3eb, 0xf3eb, 0xf3eb, 0xf3eb, 0xf3eb, 0xf3eb, 0xf3eb, 0xf3cc, 0xfdd6,
0xff1b, 0xff7c, 0xff7c, 0xff7c, 0xff1b, 0xfdb2, 0xf3ab, 0xf3eb, 0xf3eb, 0xf3eb,
0xf3eb, 0xf3eb, 0xf3eb, 0xf40d, 0xfeda, 0xff5c, 0xff7c, 0xff7c, 0xff5c, 0xfed9,
0xf46d, 0xf3cb, 0xf3eb, 0xf3eb, 0xf3eb, 0xf3eb, 0xf3eb, 0xf3eb, 0xf3eb, 0xf3eb,
0xf3eb, 0xf3eb, 0xf3eb, 0xf3eb, 0xf4ac, 0xf4ac, 0xf4ac, 0xf4ac, 0xf4ac, 0xf4ac,
0xf4ac, 0xf4ac, 0xf4ac, 0xf4ac, 0xf4ac, 0xf4ac, 0xf4ac, 0xf4ac, 0xf4ac, 0xf4ac,
0xf48b, 0xf5f3, 0xf5d3, 0xf5b2, 0xf4ac, 0xf4ac, 0xf4ac, 0xf4ac, 0xf4ac, 0xf4ac,
0xf4ac, 0xf4ac, 0xf4ac, 0xf48b, 0xf570, 0xfed9, 0xff3a, 0xff3a, 0xfe77, 0xf591,
0xf46b, 0xf4ac, 0xf4ac, 0xf4ac, 0xf4ac, 0xf4ac, 0xf4ac, 0xf4ac, 0xf4ac, 0xf4ac,
0xf4ac, 0xf48c, 0xed8f, 0xf58f, 0xf58f, 0xf58f, 0xf58f, 0xf58f, 0xf58f, 0xf58f,
0xf58f, 0xf58f, 0xf58f, 0xf58f, 0xf58f, 0xf58f, 0xf58f, 0xf58f, 0xf58f, 0xf58f,
0xf58f, 0xf58f, 0xf56d, 0xf634, 0xf71a, 0xff5b, 0xff5b, 0xff3a, 0xf654, 0xf56e,
0xf58f, 0xf58f, 0xf58f, 0xf58f, 0xf58f, 0xf58f, 0xf58f, 0xf58f, 0xf58f, 0xf58f,
0xf58f, 0xf58f, 0xf58f, 0xf58f, 0xf58f, 0xf58f, 0xf58f, 0xf58f, 0xf58f, 0xf58f,
0xeef8, 0xef19, 0xef19, 0xef19, 0xef19, 0xef19, 0xef19, 0xef19, 0xef19, 0xef19,
0xef19, 0xef19, 0xef19, 0xef19, 0xef19, 0xef19, 0xef19, 0xef19, 0xef19, 0xef19,
0xef19, 0xef19, 0xef19, 0xef19, 0xef19, 0xcdd4, 0xc5b4, 0xc5b4, 0xce15, 0xef19,
0xef19, 0xef19, 0xef19, 0xef19, 0xef19, 0xef19, 0xef19, 0xef19, 0xef19, 0xef19,
0xef19, 0xef19, 0xef19, 0xef19, 0xef19, 0xef19, 0xef19, 0xeef8, 0xef3b, 0xef3b,
0xef3b, 0xef3b, 0xef3b, 0xef3b, 0xef3b, 0xef3b, 0xef3b, 0xef3b, 0xef3b, 0xef3b,
0xef3b, 0xef3b, 0xef3b, 0xef3b, 0xef3b, 0xef3b, 0xef3b, 0xef3b, 0xff7c, 0xc5b5,
0x944f, 0x8c2f, 0x8c2f, 0xa4f2, 0xde99, 0xf73b, 0xef3b, 0xef3b, 0xef3b, 0xef3b,
0xef3b, 0xef3b, 0xef3b, 0xef3b, 0xef3b, 0xef3b, 0xef3b, 0xef3b, 0xef3b, 0xef3b,
0xef3b, 0xef3b, 0xef3b, 0xef3b, 0xef3b, 0xef3b, 0xce16, 0xce16, 0xce16, 0xce16,
0xce16, 0xce16, 0xce16, 0xce16, 0xce16, 0xce16, 0xce16, 0xce16, 0xce16, 0xce16,
0xce16, 0xce16, 0xce16, 0xce16, 0xce16, 0xce16, 0xce16, 0xce16, 0xce16, 0xce16,
0xce16, 0xce16, 0xce16, 0xce16, 0xce16, 0xce16, 0xce16, 0xce16, 0xce16, 0xce16,
0xce16, 0xce16, 0xce16, 0xce16, 0xce16, 0xce16, 0xce16, 0xce16, 0xce16, 0xce16,
0xce16, 0xce16, 0xce16, 0xce16, 
0x39c6, 0x39c6, 0x39c6, 0x39c6, 0x39c6, 0x39c6, 0x39c6, 0x39c6, 0x39c6, 0x39c6,
0x39c6, 0x39c6, 0x39c6, 0x39c6, 0x39c6, 0x39c6, 0x39c6, 0x39c6, 0x39c6, 0x39c6,
0x39c6, 0x39c6, 0x39c6, 0x39c6, 0x39c6, 0x39c6, 0x39c6, 0x39c6, 0x39c6, 0x39c6,
0x39c6, 0x39c6, 0x39c6, 0x39c6, 0x39c6, 0x39c6, 0x39c6, 0x39c6, 0x39c6, 0x39c6,
0x39c6, 0x39c6, 0x39c6, 0x39c6, 0x39c6, 0x39c6, 0x39c6, 0x39c6, 0x39c6, 0x39c6,
0x39c6, 0x39c6, 0x39c6, 0x39c6, 0x39c6, 0x39c6, 0x39c6, 0x39c6, 0x39c6, 0x39c6,
0x39c6, 0x39c6, 0x39c6, 0x39c6, 0x39c6, 0x39c6, 0x39c6, 0x39c6, 0x39c6, 0x39c6,
0x39c6, 0x39c6, 0x39c6, 0x39c6, 0x39c6, 0x39c6, 0x39c6, 0x39c6, 0x39c6, 0x39c6,
0x39c6, 0x39c6, 0x39c6, 0x39c6, 0x39c6, 0x39c6, 0x39c6, 0x39c6, 0x39c6, 0x39c6,
0x39c6, 0x39c6, 0x39c6, 0x39c6, 0x39c6, 0x39c6, 0x39c6, 0x39c6, 0x39c6, 0x39c6,
0x39c6, 0x39c6, 0x39c6, 0x39c6, 0x39c6, 0x39c6, 0x39c6, 0x39c6, 0x39c6, 0x39c6,
0x39c6, 0x39c6, 0x39c6, 0x39c6, 0x39c6, 0x39c6, 0x39c6, 0x39c6, 0x39c6, 0x39c6,
0x39c6, 0x39c6, 0x39c6, 0x39c6, 0x39c6, 0x39c6, 0x39c6, 0x39c6, 0x39c6, 0x39c6,
0x39c6, 0x39c6, 0x39c6, 0x39c6, 0x39c6, 0x39c6, 0x39c6, 0x39c6, 0x39c6, 0x39c6,
0x39c6, 0x39c6, 0x39c6, 0x39c6, 0x39c6, 0x39c6, 0x39c6, 0x39c6, 0x39c6, 0x39c6,
0x39c6, 0x39c6, 0x39c6, 0x39c6, 0x39c6, 0x39c6, 0x39c6, 0x39c6, 0x39c6, 0x39c6,
0x39c6, 0x39c6, 0x39c6, 0x39c6, 0x39c6, 0x39c6, 0x39c6, 0x39c6, 0x39c6, 0x39c6,
0x39c6, 0x39c6, 0x39c6, 0x39c6, 0x39c6, 0x39c6, 0x39c6, 0x39c6, 0x39c6, 0x39c6,
0x39c6, 0x39c6, 0x39c6, 0x39c6, 0x39c6, 0x39c6, 0x39c6, 0x39c6, 0x39c6, 0x39c6,
0x39c6, 0x39c6, 0x39c6, 0x39c6, 0x39c6, 0x39c6, 0x39c6, 0x39c6, 0x39c6, 0x39c6,
0x39c6, 0x39c6, 0x39c6, 0x39c6, 0x39c6, 0x39c6, 0x39c6, 0x39c6, 0x39c6, 0x39c6,
0x39c6, 0x39c6, 0x39c6, 0x39c6, 0x39c6, 0x39c6, 0x39c6, 0x39c6, 0x39c6, 0x39c6,
0x39c6, 0x39c6, 0x39c6, 0x39c6, 0x39c6, 0x39c6, 0x39c6, 0x39c6, 0x39c6, 0x39c6,
0x39c6, 0x39c6, 0x39c6, 0x39c6, 0x39c6, 0x39c6, 0x39c6, 0x39c6, 0x39c6, 0x39c6,
0x39c6, 0x39c6, 0x39c6, 0x39c6, 0x39c6, 0x39c6, 0x39c6, 0x39c6, 0x39c6, 0x39c6,
0x39c6, 0x39c6, 0x39c6, 0x39c6, 0x39c6, 0x39c6, 0x39c6, 0x39c6, 0x39c6, 0x39c6,
0x39c6, 0x39c6, 0x39c6, 0x39c6, 0x39c6, 0x39c6, 0x39c6, 0x39c6, 0x39c6, 0x39c6,
0x39c6, 0x39c6, 0x39c6, 0x39c6, 0x39c6, 0x39c6, 0x39c6, 0x39c6, 0x39c6, 0x39c6,
0x39c6, 0x39c6, 0x39c6, 0x39c6, 0x39c6, 0x39c6, 0x39c6, 0x3165, 0xee05, 0xee05,
0xee05, 0xee05, 0xee05, 0xee05, 0xee05, 0xee05, 0xee05, 0xee05, 0xee05, 0xee05,
0xee05, 0xee05, 0xee05, 0xee05, 0xee05, 0xee05, 0xee05, 0xee05, 0xee05, 0xee05,
0xee05, 0xee05, 0xee05, 0xee05, 0xee05, 0xee05, 0xee05, 0xee05, 0xee05, 0xee05,
0xee05, 0xee05, 0xee05, 0xee05, 0xee05, 0xee05, 0xee05, 0xee06, 0xee06, 0xee06,
0xee06, 0xee26, 0xee26, 0xee26, 0xee27, 0xee27, 0xee27, 0xee27, 0xee27, 0xee27,
0xee27, 0xee27, 0xee27, 0xee27, 0xee27, 0xee27, 0xee27, 0xee27, 0xee27, 0xee27,
0xee27, 0xee27, 0xee27, 0xee27, 0xee27, 0xee27, 0xee27, 0xee27, 0xee27, 0xee27,
0xee27, 0xee27, 0xee27, 0xee27, 0xee27, 0xee27, 0xee27, 0xee27, 0xee27, 0xee27,
0xee27, 0xee28, 0xee28, 0xee27, 0xee28, 0xee28, 0xee28, 0xee28, 0xee28, 0xee28,
0xee28, 0xee28, 0xee48, 0xee49, 0xee6d, 0xee4a, 0xee4a, 0xee4a, 0xee4a, 0xee4a,
0xee4a, 0xee4a, 0xee29, 0xee29, 0xee29, 0xee29, 0xee29, 0xee29, 0xee29, 0xee29,
0xee4a, 0xee4a, 0xee4a, 0xee4a, 0xee4a, 0xee4a, 0xee4a, 0xee4a, 0xee29, 0xee29,
0xee49, 0xee4a, 0xee4a, 0xee4a, 0xee4a, 0xee4a, 0xee4a, 0xee49, 0xee29, 0xee28,
0xee28, 0xee28, 0xee49, 0xee4a, 0xee4a, 0xee4a, 0xee4a, 0xee4a, 0xee4a, 0xee4a,
0xee4a, 0xee4b, 0xee8e, 0xee6c, 0xee6c, 0xee6c, 0xee6c, 0xee6c, 0xee6c, 0xee6c,
0xee6c, 0xee4b, 0xee4b, 0xee4a, 0xee4a, 0xee4b, 0xee4b, 0xee6c, 0xee6c, 0xee6c,
0xee6c, 0xee6c, 0xee4b, 0xee4b, 0xee4b, 0xee4b, 0xee4b, 0xee4b, 0xee4b, 0xee4b,
0xee6c, 0xee6c, 0xee6c, 0xee6c, 0xee6c, 0xee6c, 0xee4b, 0xee4a, 0xee4a, 0xee4a,
0xee4b, 0xee6c, 0xee6c, 0xee6c, 0xee6c, 0xee6c, 0xee6c, 0xee6c, 0xee6c, 0xee6c,
0xee6e, 0xee6e, 0xee6e, 0xee6e, 0xee6e, 0xee6e, 0xee6e, 0xee6e, 0xee6e, 0xee6e,
0xee6e, 0xee6e, 0xee6d, 0xee6d, 0xee6d, 0xee6e, 0xee6e, 0xee6e, 0xee6e, 0xee6e,
0xee6e, 0xee6d, 0xee6e, 0xf6f3, 0xf6f3, 0xf6d3, 0xee6d, 0xee6e, 0xee6e, 0xee6e,
0xee6e, 0xee6e, 0xee6e, 0xee6d, 0xee6e, 0xf6f3, 0xf6f3, 0xf6f3, 0xee6d, 0xee6e,
0xee6e, 0xee6e, 0xee6e, 0xee6e, 0xee6e, 0xee6e, 0xee6e, 0xee6e, 0xf307, 0xf2e7,
0xf2e7, 0xf2e7, 0xf2e7, 0xf2e7, 0xf2e7, 0xf2e7, 0xf2e7, 0xf2e7, 0xf2e7, 0xf2e7,
0xf2a7, 0xfefb, 0xffde, 0xffbe, 0xffbe, 0xffbe, 0xffbe, 0xffbe, 0xffde, 0xffbc,
0xf2e7, 0xf2e7, 0xf2e7, 0xf2e7, 0xf2e7, 0xf2e7, 0xf2e7, 0xf2e7, 0xf2e7, 0xf3ef,
0xffbe, 0xffbe, 0xffbe, 0xffff, 0xf326, 0xf2e7, 0xf2e7, 0xf307, 0xf307, 0xf307,
0xf307, 0xf307, 0xf327, 0xf327, 0xf328, 0xf348, 0xec2d, 0xf3eb, 0xf3eb, 0xf3eb,
0xf3eb, 0xf3eb, 0xf3eb, 0xf3eb, 0xf3eb, 0xf3eb, 0xf3cb, 0xf533, 0xff9e, 0xffde,
0xffbe, 0xffbe, 0xffbe, 0xffbe, 0xffbe, 0xffde, 0xff7c, 0xf40c, 0xf3eb, 0xf3eb,
0xf3eb, 0xf3cb, 0xf618, 0xffde, 0xffbe, 0xffbe, 0xffbe, 0xffbe, 0xffbe, 0xffbe,
0xffde, 0xfe35, 0xf3eb, 0xf3eb, 0xf3eb, 0xf3eb, 0xf3eb, 0xf3eb, 0xf3eb, 0xf3eb,
0xf3eb, 0xf3eb, 0xf3eb, 0xf3eb, 0xf4ac, 0xf4ac, 0xf4ac, 0xf4ac, 0xf4ac, 0xf4ac,
0xf4ac, 0xf4ac, 0xf4ac, 0xf4ac, 0xf4ac, 0xf4ac, 0xf4ac, 0xf4ac, 0xf4ac, 0xf4ac,
0xf52f, 0xffff, 0xffde, 0xff5c, 0xf4ac, 0xf4ac, 0xf4ac, 0xf4ac, 0xf4ac, 0xf4ac,
0xf4ac, 0xf4ac, 0xf4ee, 0xff5c, 0xffde, 0xffbe, 0xffbe, 0xffbe, 0xffbe, 0xffde,
0xff9d, 0xf571, 0xf4ac, 0xf4ac, 0xf4ac, 0xf4ac, 0xf4ac, 0xf4ac, 0xf4ac, 0xf4ac,
0xf4ac, 0xf48c, 0xed8f, 0xf58f, 0xf58f, 0xf58f, 0xf58f, 0xf58f, 0xf58f, 0xf58f,
0xf58f, 0xf58f, 0xf58f, 0xf58f, 0xf58f, 0xf58f, 0xf58f, 0xf58f, 0xf58f, 0xf58f,
0xf58e, 0xf676, 0xffbe, 0xffbe, 0xffbe, 0xffbe, 0xffbe, 0xffbe, 0xffbe, 0xffbd,
0xf652, 0xf58f, 0xf58f, 0xf58f, 0xf58f, 0xf58f, 0xf58f, 0xf58f, 0xf58f, 0xf58f,
0xf58f, 0xf58f, 0xf58f, 0xf58f, 0xf58f, 0xf58f, 0xf58f, 0xf58f, 0xf58f, 0xf58f,
0xeef8, 0xef19, 0xef19, 0xef19, 0xef19, 0xef19, 0xef19, 0xef19, 0xef19, 0xef19,
0xef19, 0xef19, 0xef19, 0xef19, 0xef19, 0xef19, 0xef19, 0xef19, 0xef19, 0xef19,
0xef19, 0xef19, 0xef19, 0xef19, 0xbd51, 0x734c, 0x736c, 0x736c, 0x8c50, 0xf719,
0xef19, 0xef19, 0xef19, 0xef19, 0xef19, 0xef19, 0xef19, 0xef19, 0xef19, 0xef19,
0xef19, 0xef19, 0xef19, 0xef19, 0xef19, 0xef19, 0xef19, 0xeef8, 0xef3b, 0xef3b,
0xef3b, 0xef3b, 0xef3b, 0xef3b, 0xef3b, 0xef3b, 0xef3b, 0xef3b, 0xef3b, 0xef3b,
0xef3b, 0xef3b, 0xef3b, 0xef3b, 0xef3b, 0xef3b, 0xf75b, 0xad13, 0x7b6c, 0x736c,
0x736c, 0x736c, 0x736c, 0x736c, 0x734c, 0x8c0f, 0xef3b, 0xef3b, 0xef3b, 0xef3b,
0xef3b, 0xef3b, 0xef3b, 0xef3b, 0xef3b, 0xef3b, 0xef3b, 0xef3b, 0xef3b, 0xef3b,
0xef3b, 0xef3b, 0xef3b, 0xef3b, 0xef3b, 0xef3b, 0xce16, 0xce16, 0xce16, 0xce16,
0xce16, 0xce16, 0xce16, 0xce16, 0xce16, 0xce16, 0xce16, 0xce16, 0xce16, 0xce16,
0xce16, 0xce16, 0xce16, 0xce16, 0xce16, 0xce16, 0xce16, 0xce16, 0xce16, 0xce16,
0xce16, 0xce16, 0xce16, 0xce16, 0xce16, 0xce16, 0xce16, 0xce16, 0xce16, 0xce16,
0xce16, 0xce16, 0xce16, 0xce16, 0xce16, 0xce16, 0xce16, 0xce16, 0xce16, 0xce16,
0xce16, 0xce16, 0xce16, 0xce16, 
0x39c6, 0x39c6, 0x39c6, 0x39c6, 0x39c6, 0x39c6, 0x39c6, 0x39c6, 0x39c6, 0x39c6,
0x39c6, 0x39c6, 0x39c6, 0x39c6, 0x39c6, 0x39c6, 0x39c6, 0x39c6, 0x39c6, 0x39c6,
0x39c6, 0x39c6, 0x39c6, 0x39c6, 0x39c6, 0x39c6, 0x39c6, 0x39c6, 0x39c6, 0x39c6,
0x39c6, 0x39c6, 0x39c6, 0x39c6, 0x39c6, 0x39c6, 0x39c6, 0x39c6, 0x39c6, 0x39c6,
0x39c6, 0x39c6, 0x39c6, 0x39c6, 0x39c6, 0x39c6, 0x39c6, 0x39c6, 0x39c6, 0x39c6,
0x39c6, 0x39c6, 0x39c6, 0x39c6, 0x39c6, 0x39c6, 0x39c6, 0x39c6, 0x39c6, 0x39c6,
0x39c6, 0x39c6, 0x39c6, 0x39c6, 0x39c6, 0x39c6, 0x39c6, 0x39c6, 0x39c6, 0x39c6,
0x39c6, 0x39c6, 0x39c6, 0x39c6, 0x39c6, 0x39c6, 0x39c6, 0x39c6, 0x39c6, 0x39c6,
0x39c6, 0x39c6, 0x39c6, 0x39c6, 0x39c6, 0x39c6, 0x39c6, 0x39c6, 0x39c6, 0x39c6,
0x39c6, 0x39c6, 0x39c6, 0x39c6, 0x39c6, 0x39c6, 0x39c6, 0x39c6, 0x39c6, 0x39c6,
0x39c6, 0x39c6, 0x39c6, 0x39c6, 0x39c6, 0x39c6, 0x39c6, 0x39c6, 0x39c6, 0x39c6,
0x39c6, 0x39c6, 0x39c6, 0x39c6, 0x39c6, 0x39c6, 0x39c6, 0x39c6, 0x39c6, 0x39c6,
0x39c6, 0x39c6, 0x39c6, 0x39c6, 0x39c6, 0x39c6, 0x39c6, 0x39c6, 0x39c6, 0x39c6,
0x39c6, 0x39c6, 0x39c6, 0x39c6, 0x39c6, 0x39c6, 0x39c6, 0x39c6, 0x39c6, 0x39c6,
0x39c6, 0x39c6, 0x39c6, 0x39c6, 0x39c6, 0x39c6, 0x39c6, 0x39c6, 0x39c6, 0x39c6,
0x39c6, 0x39c6, 0x39c6, 0x39c6, 0x39c6, 0x39c6, 0x39c6, 0x39c6, 0x39c6, 0x39c6,
0x39c6, 0x39c6, 0x39c6, 0x39c6, 0x39c6, 0x39c6, 0x39c6, 0x39c6, 0x39c6, 0x39c6,
0x39c6, 0x39c6, 0x39c6, 0x39c6, 0x39c6, 0x39c6, 0x39c6, 0x39c6, 0x39c6, 0x39c6,
0x39c6, 0x39c6, 0x39c6, 0x39c6, 0x39c6, 0x39c6, 0x39c6, 0x39c6, 0x39c6, 0x39c6,
0x39c6, 0x39c6, 0x39c6, 0x39c6, 0x39c6, 0x39c6, 0x39c6, 0x39c6, 0x39c6, 0x39c6,
0x39c6, 0x39c6, 0x39c6, 0x39c6, 0x39c6, 0x39c6, 0x39c6, 0x39c6, 0x39c6, 0x39c6,
0x39c6, 0x39c6, 0x39c6, 0x39c6, 0x39c6, 0x39c6, 0x39c6, 0x39c6, 0x39c6, 0x39c6,
0x39c6, 0x39c6, 0x39c6, 0x39c6, 0x39c6, 0x39c6, 0x39c6, 0x39c6, 0x39c6, 0x39c6,
0x39c6, 0x39c6, 0x39c6, 0x39c6, 0x39c6, 0x39c6, 0x39c6, 0x39c6, 0x39c6, 0x39c6,
0x39c6, 0x39c6, 0x39c6, 0x39c6, 0x39c6, 0x39c6, 0x39c6, 0x39c6, 0x39c6, 0x39c6,
0x39c6, 0x39c6, 0x39c6, 0x39c6, 0x39c6, 0x39c6, 0x39c6, 0x39c6, 0x39c6, 0x39c6,
0x39c6, 0x39c6, 0x39c6, 0x39c6, 0x39c6, 0x39c6, 0x39c6, 0x39c6, 0x39c6, 0x39c6,
0x39c6, 0x39c6, 0x39c6, 0x39c6, 0x39c6, 0x39c6, 0x39c6, 0x39c6, 0x39c6, 0x39c6,
0x39c6, 0x39c6, 0x39c6, 0x39c6, 0x39c6, 0x39c6, 0x39c6, 0x3165, 0xee05, 0xee05,
0xee05, 0xee05, 0xee05, 0xee05, 0xee05, 0xee05, 0xee04, 0xee04, 0xee05, 0xee05,
0xee05, 0xee05, 0xee05, 0xee05, 0xee05, 0xee05, 0xee04, 0xee04, 0xee05, 0xee05,
0xee05, 0xee05, 0xee05, 0xee05, 0xee05, 0xee05, 0xee05, 0xee05, 0xee04, 0xee04,
0xee05, 0xee05, 0xee05, 0xee05, 0xee05, 0xee05, 0xee05, 0xee05, 0xee06, 0xee06,
0xee06, 0xee26, 0xee26, 0xee26, 0xee27, 0xee27, 0xee27, 0xee27, 0xee27, 0xee27,
0xee27, 0xee27, 0xee27, 0xee27, 0xee27, 0xee27, 0xee07, 0xee27, 0xee27, 0xee27,
0xee27, 0xee27, 0xee27, 0xee27, 0xee07, 0xee07, 0xee07, 0xee27, 0xee27, 0xee27,
0xee27, 0xee27, 0xee27, 0xee27, 0xee07, 0xee07, 0xee27, 0xee27, 0xee27, 0xee27,
0xee27, 0xee28, 0xee28, 0xee27, 0xee28, 0xee27, 0xee27, 0xee27, 0xee28, 0xee28,
0xee28, 0xee28, 0xee48, 0xee49, 0xee6d, 0xee4a, 0xee4a, 0xee4a, 0xee4a, 0xee4a,
0xee4a, 0xee29, 0xf75a, 0xf77a, 0xf77a, 0xf77a, 0xf77a, 0xf77a, 0xf77a, 0xf77a,
0xee4a, 0xee4a, 0xee4a, 0xee4a, 0xee4a, 0xee4a, 0xee4a, 0xee2a, 0xf77b, 0xf77a,
0xf68b, 0xee4a, 0xee4a, 0xee4a, 0xee4a, 0xee4a, 0xee4b, 0xf738, 0xf79c, 0xffdf,
0xffdf, 0xffbd, 0xf758, 0xee6b, 0xee4a, 0xee4a, 0xee4a, 0xee4a, 0xee4a, 0xee4a,
0xee4a, 0xee4b, 0xee8e, 0xee6c, 0xee6c, 0xee6c, 0xee6c, 0xee6c, 0xee6c, 0xee6c,
0xee8e, 0xf759, 0xffbd, 0xffdf, 0xffdf, 0xff9c, 0xf758, 0xee6c, 0xee6c, 0xee6c,
0xee6c, 0xee6c, 0xf79b, 0xf77b, 0xf77b, 0xf77b, 0xf77b, 0xf77b, 0xf77b, 0xf79b,
0xee6b, 0xee6c, 0xee6c, 0xee6c, 0xee6c, 0xee91, 0xf77a, 0xffbe, 0xffdf, 0xffdf,
0xff9b, 0xf735, 0xee6b, 0xee6c, 0xee6c, 0xee6c, 0xee6c, 0xee6c, 0xee6c, 0xee6c,
0xee6e, 0xee6e, 0xee6e, 0xee6e, 0xee6e, 0xee6e, 0xee6e, 0xee6e, 0xee6e, 0xee6e,
0xee6e, 0xee6d, 0xf77d, 0xffdf, 0xf757, 0xee6e, 0xee6e, 0xee6e, 0xee6e, 0xee6e,
0xeeb1, 0xf77b, 0xffdf, 0xffbe, 0xffbe, 0xffbe, 0xffde, 0xf736, 0xee6e, 0xee6e,
0xee6e, 0xee6e, 0xeeb1, 0xf77c, 0xffdf, 0xffbe, 0xffbe, 0xffbe, 0xffdf, 0xf758,
0xee6e, 0xee6e, 0xee6e, 0xee6e, 0xee6e, 0xee6e, 0xee6e, 0xee6e, 0xf307, 0xf2e7,
0xf2e7, 0xf2e7, 0xf2e7, 0xf2e7, 0xf2e7, 0xf2e7, 0xf2e7, 0xf2e7, 0xf2e7, 0xf2c6,
0xff1c, 0xffbe, 0xffbe, 0xffbe, 0xffff, 0xffff, 0xffff, 0xffbe, 0xffbe, 0xf3c9,
0xf2e7, 0xf2e7, 0xf2e7, 0xf2e7, 0xf2e7, 0xf2e7, 0xf2e7, 0xf2e7, 0xf2e9, 0xffdf,
0xffbe, 0xffbe, 0xffbe, 0xffff, 0xf326, 0xf2e7, 0xf2e7, 0xf307, 0xf307, 0xf307,
0xf307, 0xf307, 0xf327, 0xf327, 0xf328, 0xf348, 0xec2d, 0xf3eb, 0xf3eb, 0xf3eb,
0xf3eb, 0xf3eb, 0xf3eb, 0xf3eb, 0xf3eb, 0xf3eb, 0xf450, 0xffff, 0xffbe, 0xffbe,
0xffde, 0xffff, 0xffff, 0xffff, 0xffbe, 0xffbe, 0xffbe, 0xfeb7, 0xf3cb, 0xf3eb,
0xf3cb, 0xf5b7, 0xffbe, 0xffbe, 0xffbe, 0xffde, 0xffff, 0xffff, 0xffde, 0xffbe,
0xffbe, 0xffbe, 0xf4ad, 0xf3eb, 0xf3eb, 0xf3eb, 0xf3eb, 0xf3eb, 0xf3eb, 0xf3eb,
0xf3eb, 0xf3eb, 0xf3eb, 0xf3eb, 0xf4ac, 0xf4ac, 0xf4ac, 0xf4ac, 0xf4ac, 0xf4ac,
0xf4ac, 0xf4ac, 0xf4ac, 0xf4ac, 0xf4ac, 0xf4ac, 0xf4ac, 0xf4ac, 0xf4ac, 0xf46b,
0xfef9, 0xffbe, 0xffbe, 0xff5c, 0xf4ac, 0xf4ac, 0xf4ac, 0xf4ac, 0xf4ac, 0xf4ac,
0xf4ac, 0xf4ee, 0xffbe, 0xffbe, 0xffbe, 0xffbe, 0xffde, 0xffde, 0xffbe, 0xffbe,
0xff7c, 0xf4ac, 0xf4ac, 0xf4ac, 0xf4ac, 0xf4ac, 0xf4ac, 0xf4ac, 0xf4ac, 0xf4ac,
0xf4ac, 0xf48c, 0xed8f, 0xf58f, 0xf58f, 0xf58f, 0xf58f, 0xf58f, 0xf58f, 0xf58f,
0xf58f, 0xf58f, 0xf58f, 0xf58f, 0xf58f, 0xf58f, 0xf58f, 0xf58f, 0xf58f, 0xf58f,
0xf614, 0xffde, 0xffbe, 0xffbe, 0xffbe, 0xf71a, 0xf73a, 0xffff, 0xffbe, 0xffbe,
0xffdf, 0xf5f0, 0xf58f, 0xf58f, 0xf58f, 0xf58f, 0xf58f, 0xf58f, 0xf58f, 0xf58f,
0xf58f, 0xf58f, 0xf58f, 0xf58f, 0xf58f, 0xf58f, 0xf58f, 0xf58f, 0xf58f, 0xf58f,
0xeef8, 0xef19, 0xef19, 0xef19, 0xef19, 0xef19, 0xef19, 0xef19, 0xef19, 0xef19,
0xef19, 0xef19, 0xef19, 0xef19, 0xef19, 0xef19, 0xef19, 0xef19, 0xef19, 0xef19,
0xef19, 0xef19, 0xef19, 0xe695, 0x7b6c, 0x736c, 0x736c, 0x736c, 0x8c50, 0xf719,
0xef19, 0xef19, 0xef19, 0xef19, 0xef19, 0xef19, 0xef19, 0xef19, 0xef19, 0xef19,
0xef19, 0xef19, 0xef19, 0xef19, 0xef19, 0xef19, 0xef19, 0xeef8, 0xef3b, 0xef3b,
0xef3b, 0xef3b, 0xef3b, 0xef3b, 0xef3b, 0xef3b, 0xef3b, 0xef3b, 0xef3b, 0xef3b,
0xef3b, 0xef3b, 0xef3b, 0xef3b, 0xef3b, 0xef3b, 0xa4d2, 0x736c, 0x736c, 0x736c,
0x736c, 0x734c, 0x734c, 0x736c, 0x736c, 0x736c, 0x83ce, 0xef3b, 0xef3b, 0xef3b,
0xef3b, 0xef3b, 0xef3b, 0xef3b, 0xef3b, 0xef3b, 0xef3b, 0xef3b, 0xef3b, 0xef3b,
0xef3b, 0xef3b, 0xef3b, 0xef3b, 0xef3b, 0xef3b, 0xce16, 0xce16, 0xce16, 0xce16,
0xce16, 0xce16, 0xce16, 0xce16, 0xce16, 0xce16, 0xce16, 0xce16, 0xce16, 0xce16,
0xce16, 0xce16, 0xce16, 0xce16, 0xce16, 0xce16, 0xce16, 0xce16, 0xce16, 0xce16,
0xce16, 0xce16, 0xce16, 0xce16, 0xce16, 0xce16, 0xce16, 0xce16, 0xce16, 0xce16,
0xce16, 0xce16, 0xce16, 0xce16, 0xce16, 0xce16, 0xce16, 0xce16, 0xce16, 0xce16,
0xce16, 0xce16, 0xce16, 0xce16, 
0x39c6, 0x39c6, 0x39c6, 0x39c6, 0x39c6, 0x31a5, 0x39c6, 0x39c6, 0x39c6, 0x39c6,
0x39c6, 0x31a5, 0x31a5, 0x39a5, 0x39c6, 0x39c6, 0x39c6, 0x39c6, 0x39c6, 0x39c6,
0x39a5, 0x39a5, 0x39c6, 0x39c6, 0x39c6, 0x39c6, 0x39c6, 0x31a5, 0x31a5, 0x39c6,
0x39c6, 0x39c6, 0x39c6, 0x31a5, 0x31a5, 0x31a5, 0x31a5, 0x31a5, 0x31a5, 0x39c6,
0x39c6, 0x39c6, 0x39a5, 0x31a5, 0x39a5, 0x39c6, 0x39c6, 0x39c6, 0x39c6, 0x39c6,
0x39c6, 0x39c6, 0x39c6, 0x39c6, 0x39c6, 0x31a5, 0x3164, 0x3164, 0x31a5, 0x39c6,
0x39c6, 0x39a5, 0x3164, 0x3164, 0x3164, 0x3164, 0x3164, 0x39c6, 0x39c6, 0x39a5,
0x3164, 0x3164, 0x3164, 0x3164, 0x3185, 0x39c6, 0x39c6, 0x39c6, 0x3185, 0x3164,
0x3164, 0x31a5, 0x39c6, 0x39c6, 0x39c6, 0x39c6, 0x39c6, 0x3185, 0x3164, 0x3185,
0x39c6, 0x39c6, 0x39c6, 0x39c6, 0x39c6, 0x39c6, 0x39c6, 0x39c6, 0x39c6, 0x39c6,
0x39c6, 0x39c6, 0x3185, 0x3164, 0x3164, 0x31a5, 0x39c6, 0x39c6, 0x39c6, 0x39c6,
0x31a5, 0x3164, 0x3164, 0x31a5, 0x39c6, 0x39c6, 0x39a5, 0x3164, 0x3164, 0x3164,
0x3164, 0x3164, 0x3164, 0x39a5, 0x39c6, 0x39c6, 0x39c6, 0x3185, 0x3164, 0x3164,
0x31a5, 0x39c6, 0x39c6, 0x39c6, 0x31a5, 0x3164, 0x3164, 0x3185, 0x39c6, 0x39c6,
0x39c6, 0x39c6, 0x39c6, 0x39c6, 0x39c6, 0x39c6, 0x39c6, 0x39c6, 0x39c6, 0x39c6,
0x39c6, 0x39c6, 0x3164, 0x3185, 0x39c6, 0x39c6, 0x39c6, 0x39c6, 0x39c6, 0x3185,
0x3164, 0x3164, 0x31a5, 0x39c6, 0x39c6, 0x39c6, 0x3185, 0x3164, 0x3164, 0x31a5,
0x39c6, 0x39c6, 0x39c6, 0x39c6, 0x31a5, 0x3164, 0x3164, 0x31a5, 0x39c6, 0x39c6,
0x39c6, 0x39c6, 0x39c6, 0x39c6, 0x39a5, 0x3164, 0x3185, 0x39c6, 0x39c6, 0x39c6,
0x39c6, 0x39c6, 0x39c6, 0x39c6, 0x39c6, 0x39c6, 0x39c6, 0x39c6, 0x39c6, 0x39c6,
0x39c6, 0x39c6, 0x31a5, 0x3164, 0x3164, 0x3185, 0x39c6, 0x39c6, 0x39c6, 0x39c6,
0x39c6, 0x39c6, 0x3185, 0x3185, 0x39c6, 0x39c6, 0x39c6, 0x39c6, 0x39a5, 0x3164,
0x3164, 0x3185, 0x39c6, 0x39c6, 0x39c6, 0x39c6, 0x31a5, 0x3164, 0x3164, 0x31a5,
0x39c6, 0x39c6, 0x39c6, 0x39c6, 0x39c6, 0x39c6, 0x39c6, 0x39c6, 0x39c6, 0x39c6,
0x39c6, 0x39c6, 0x39c6, 0x39c6, 0x39c6, 0x39c6, 0x39c6, 0x39c6, 0x39c6, 0x39c6,
0x39c6, 0x39c6, 0x31a5, 0x3164, 0x31a5, 0x39c6, 0x39c6, 0x39c6, 0x39c6, 0x3185,
0x3164, 0x3185, 0x39c6, 0x39c6, 0x39c6, 0x39c6, 0x39c6, 0x3185, 0x3164, 0x3185,
0x39c6, 0x39c6, 0x39c6, 0x39c6, 0x39c6, 0x31a5, 0x3164, 0x3164, 0x31a5, 0x39c6,
0x39c6, 0x39c6, 0x39c6, 0x39c6, 0x39c6, 0x39c6, 0x39c6, 0x3165, 0xee05, 0xee05,
0xee05, 0xee05, 0xee05, 0xee05, 0xee05, 0xf6d0, 0xf758, 0xf758, 0xf736, 0xf6ad,
0xee05, 0xee05, 0xee05, 0xee05, 0xee06, 0xf6d1, 0xf758, 0xf758, 0xf714, 0xf648,
0xee05, 0xee05, 0xee05, 0xee05, 0xee05, 0xee05, 0xee05, 0xee8e, 0xf759, 0xf779,
0xee25, 0xee05, 0xee05, 0xee05, 0xf6af, 0xf758, 0xf758, 0xf758, 0xf6f1, 0xee26,
0xee26, 0xee26, 0xee26, 0xee26, 0xee27, 0xee27, 0xee27, 0xee27, 0xee27, 0xee27,
0xee27, 0xee27, 0xee27, 0xee27, 0xee27, 0xee8f, 0xf759, 0xf648, 0xee27, 0xee27,
0xee27, 0xee27, 0xee27, 0xf6b1, 0xf759, 0xf759, 0xf757, 0xf6ad, 0xee27, 0xee27,
0xee27, 0xee27, 0xf68e, 0xf736, 0xf759, 0xf759, 0xf6d2, 0xee27, 0xee27, 0xee27,
0xee27, 0xee28, 0xee28, 0xee28, 0xee28, 0xf759, 0xf758, 0xf6f1, 0xee28, 0xee28,
0xee28, 0xee28, 0xee48, 0xee49, 0xee6d, 0xee4a, 0xee4a, 0xee4a, 0xee4a, 0xee4a,
0xee4a, 0xee29, 0xffbe, 0xffbe, 0xffbe, 0xffbe, 0xffbe, 0xffbe, 0xffbe, 0xffbe,
0xee4a, 0xee4a, 0xee4a, 0xee4a, 0xee4a, 0xee4a, 0xee29, 0xee91, 0xffbe, 0xffbe,
0xf6ab, 0xee4a, 0xee4a, 0xee4a, 0xee4a, 0xee6d, 0xffbe, 0xffbe, 0xffbe, 0xffbe,
0xffbe, 0xffbe, 0xffbe, 0xffde, 0xee6b, 0xee4a, 0xee4a, 0xee4a, 0xee4a, 0xee4a,
0xee4a, 0xee4b, 0xee8e, 0xee6c, 0xee6c, 0xee6c, 0xee6c, 0xee6c, 0xee6c, 0xeeb1,
0xffdf, 0xffbe, 0xffbe, 0xffbe, 0xffbe, 0xffbe, 0xffbe, 0xffbd, 0xee6c, 0xee6c,
0xee6c, 0xee6d, 0xffbe, 0xffbe, 0xffbe, 0xffbe, 0xffbe, 0xffbe, 0xffbe, 0xffdf,
0xee6a, 0xee6c, 0xee6c, 0xee6c, 0xeeb2, 0xffbe, 0xffbe, 0xffbe, 0xffbe, 0xffbe,
0xffbe, 0xffbd, 0xee8c, 0xee6c, 0xee6c, 0xee6c, 0xee6c, 0xee6c, 0xee6c, 0xee6c,
0xee6e, 0xee6e, 0xee6e, 0xee6e, 0xee6e, 0xee6e, 0xee6e, 0xee6e, 0xee6e, 0xee6e,
0xee6d, 0xf6d5, 0xffbe, 0xffbe, 0xf756, 0xee6e, 0xee6e, 0xee6e, 0xee6e, 0xeeb2,
0xffbe, 0xffbe, 0xffbe, 0xffdf, 0xffdf, 0xffbe, 0xffbe, 0xffbe, 0xf714, 0xee6e,
0xee6e, 0xee6f, 0xffbe, 0xffbe, 0xffbe, 0xff9b, 0xf77a, 0xffbf, 0xffbe, 0xffbe,
0xf757, 0xee6e, 0xee6e, 0xee6e, 0xee6e, 0xee6e, 0xee6e, 0xee6e, 0xf307, 0xf2e7,
0xf2e7, 0xf2e7, 0xf2e7, 0xf2e7, 0xf2e7, 0xf2e7, 0xf2e7, 0xf2e7, 0xf2e7, 0xf473,
0xffde, 0xffbe, 0xffdf, 0xfd92, 0xf307, 0xf285, 0xf36b, 0xfdf7, 0xfd71, 0xf2e7,
0xf2e7, 0xf2e7, 0xf2e7, 0xf2e7, 0xf2e7, 0xf2e7, 0xf2e7, 0xf2e7, 0xff3d, 0xffbe,
0xffbe, 0xffbe, 0xffbe, 0xffff, 0xf326, 0xf2e7, 0xf2e7, 0xf307, 0xf307, 0xf307,
0xf307, 0xf307, 0xf327, 0xf327, 0xf328, 0xf348, 0xec2d, 0xf3eb, 0xf3eb, 0xf3eb,
0xf3eb, 0xf3eb, 0xf3eb, 0xf3eb, 0xf3eb, 0xf3eb, 0xf3cb, 0xf490, 0xff7d, 0xffbe,
0xf552, 0xf38a, 0xf3aa, 0xf46f, 0xff7d, 0xffbe, 0xffbe, 0xffdd, 0xf3aa, 0xf3eb,
0xf3eb, 0xf3cc, 0xfe79, 0xffde, 0xffde, 0xf531, 0xf3aa, 0xf38a, 0xf554, 0xffde,
0xffbe, 0xffbe, 0xff18, 0xf3eb, 0xf3eb, 0xf3eb, 0xf3eb, 0xf3eb, 0xf3eb, 0xf3eb,
0xf3eb, 0xf3eb, 0xf3eb, 0xf3eb, 0xf4ac, 0xf4ac, 0xf4ac, 0xf4ac, 0xf4ac, 0xf4ac,
0xf4ac, 0xf4ac, 0xf4ac, 0xf4ac, 0xf4ac, 0xf4ac, 0xf48b, 0xf4ed, 0xf591, 0xff1a,
0xffbe, 0xffbe, 0xffbe, 0xff5c, 0xf4ac, 0xf4ac, 0xf4ac, 0xf4ac, 0xf4ac, 0xf4ac,
0xf48b, 0xff1a, 0xffbe, 0xffbe, 0xffbe, 0xf635, 0xf550, 0xf550, 0xf697, 0xffdf,
0xf50e, 0xf4ac, 0xf4ac, 0xf4ac, 0xf4ac, 0xf4ac, 0xf4ac, 0xf4ac, 0xf4ac, 0xf4ac,
0xf4ac, 0xf48c, 0xed8f, 0xf58f, 0xf58f, 0xf58f, 0xf58f, 0xf58f, 0xf58f, 0xf58f,
0xf58f, 0xf58f, 0xf58f, 0xf58f, 0xf58f, 0xf58f, 0xf58f, 0xf58f, 0xf58f, 0xf58f,
0xf75c, 0xffbe, 0xffbe, 0xff7b, 0xf56e, 0xf56e, 0xf56e, 0xf56f, 0xffbe, 0xffbe,
0xffbe, 0xff38, 0xf56e, 0xf58f, 0xf58f, 0xf58f, 0xf58f, 0xf58f, 0xf58f, 0xf58f,
0xf58f, 0xf58f, 0xf58f, 0xf58f, 0xf58f, 0xf58f, 0xf58f, 0xf58f, 0xf58f, 0xf58f,
0xeef8, 0xef19, 0xef19, 0xef19, 0xef19, 0xef19, 0xef19, 0xef19, 0xef19, 0xef19,
0xef19, 0xef19, 0xef19, 0xef19, 0xef19, 0xef19, 0xef19, 0xef19, 0xef19, 0xef19,
0xef19, 0xef19, 0xf718, 0x838c, 0x736c, 0x736c, 0x736c, 0x736c, 0x8c50, 0xf719,
0xef19, 0xef19, 0xef19, 0xef19, 0xef19, 0xef19, 0xef19, 0xef19, 0xef19, 0xef19,
0xef19, 0xef19, 0xef19, 0xef19, 0xef19, 0xef19, 0xef19, 0xeef8, 0xef3b, 0xef3b,
0xef3b, 0xef3b, 0xef3b, 0xef3b, 0xef3b, 0xef3b, 0xef3b, 0xef3b, 0xef3b, 0xef3b,
0xef3b, 0xef3b, 0xef3b, 0xef3b, 0xef3b, 0xef3b, 0xbd94, 0x736c, 0x736c, 0x7b8c,
0xbd95, 0xd658, 0xce37, 0x8bee, 0x736c, 0x736c, 0x736c, 0xde99, 0xef3b, 0xef3b,
0xef3b, 0xef3b, 0xef3b, 0xef3b, 0xef3b, 0xef3b, 0xef3b, 0xef3b, 0xef3b, 0xef3b,
0xef3b, 0xef3b, 0xef3b, 0xef3b, 0xef3b, 0xef3b, 0xce16, 0xce16, 0xce16, 0xce16,
0xce16, 0xce16, 0xce16, 0xce16, 0xce16, 0xce16, 0xce16, 0xce16, 0xce16, 0xce16,
0xce16, 0xce16, 0xce16, 0xce16, 0xce16, 0xce16, 0xce16, 0xce16, 0xce16, 0xce16,
0xce16, 0xce16, 0xce16, 0xce16, 0xce16, 0xce16, 0xce16, 0xce16, 0xce16, 0xce16,
0xce16, 0xce16, 0xce16, 0xce16, 0xce16, 0xce16, 0xce16, 0xce16, 0xce16, 0xce16,
0xce16, 0xce16, 0xce16, 0xce16, 
0x39c6, 0x39c6, 0x39c6, 0x39c6, 0x39e6, 0xc617, 0x52a9, 0x39c6, 0x39c6, 0x31a5,
0x6b2c, 0xbdb6, 0xc617, 0xad54, 0x4a68, 0x39c6, 0x39c6, 0x39c6, 0x39c6, 0x31a5,
0xad54, 0x8c50, 0x39c6, 0x39c6, 0x39c6, 0x39c6, 0x7bae, 0xc617, 0xc617, 0x840f,
0x39c6, 0x39c6, 0x5aea, 0xce38, 0xc617, 0xc617, 0xc617, 0xc617, 0xc637, 0x4207,
0x39a5, 0x62ea, 0xad74, 0xc617, 0xb575, 0x5289, 0x39c6, 0x39c6, 0x39c6, 0x39c6,
0x39c6, 0x39c6, 0x39c6, 0x39c6, 0x4a48, 0xce58, 0xffff, 0xffff, 0xc617, 0x4a48,
0x39c6, 0x738d, 0xffff, 0xffff, 0xffff, 0xffff, 0xffde, 0x3185, 0x39c6, 0x8c50,
0xffff, 0xffff, 0xffff, 0xffff, 0xf77d, 0x3185, 0x39c6, 0x7bee, 0xdeda, 0xffff,
0xffff, 0xb5b5, 0x41e6, 0x39c6, 0x39c6, 0x39a5, 0x8c70, 0xf79d, 0xffff, 0xffbe,
0x94b1, 0x39c6, 0x39c6, 0x39c6, 0x39c6, 0x39c6, 0x39c6, 0x39c6, 0x39c6, 0x39c6,
0x39c6, 0x6b6c, 0xd679, 0xffff, 0xffff, 0xc617, 0x4a68, 0x39c6, 0x39c6, 0x632b,
0xce58, 0xffff, 0xffff, 0xc617, 0x4207, 0x39c6, 0x7bce, 0xffff, 0xffff, 0xffff,
0xffff, 0xffff, 0xffff, 0x7bce, 0x39c6, 0x39c6, 0x5aca, 0xd6b9, 0xffff, 0xffff,
0xbdb6, 0x41e6, 0x39c6, 0x5268, 0xbdd6, 0xffff, 0xffff, 0xdeda, 0x6b4c, 0x39c6,
0x39c6, 0x39c6, 0x39c6, 0x39c6, 0x39c6, 0x39c6, 0x39c6, 0x39c6, 0x39c6, 0x39c6,
0x39c6, 0x39a5, 0xffff, 0xce58, 0x39c6, 0x39c6, 0x39c6, 0x39c6, 0x5aca, 0xd6b9,
0xffff, 0xffff, 0xbdb6, 0x41e6, 0x39c6, 0x6b6c, 0xd679, 0xffff, 0xffff, 0xc617,
0x4a68, 0x39c6, 0x39c6, 0x5aca, 0xce58, 0xffff, 0xffff, 0xce58, 0x5aca, 0x39c6,
0x39c6, 0x39c6, 0x39c6, 0x39a5, 0x9cd2, 0xffff, 0xd6ba, 0x39c6, 0x39c6, 0x39c6,
0x39c6, 0x39c6, 0x39c6, 0x39c6, 0x39c6, 0x39c6, 0x39c6, 0x39c6, 0x39c6, 0x39c6,
0x39c6, 0x5aca, 0xce58, 0xffff, 0xffff, 0xd699, 0x632b, 0x39c6, 0x39c6, 0x39c6,
0x39c6, 0x3185, 0xe71b, 0xc617, 0x39a5, 0x39c6, 0x39c6, 0x39c6, 0xa533, 0xffff,
0xffff, 0xd699, 0x5289, 0x39c6, 0x39c6, 0x4a68, 0xce38, 0xffff, 0xffff, 0xce38,
0x52a9, 0x39c6, 0x39c6, 0x39c6, 0x39c6, 0x39c6, 0x39c6, 0x39c6, 0x39c6, 0x39c6,
0x39c6, 0x39c6, 0x39c6, 0x39c6, 0x39c6, 0x39c6, 0x39c6, 0x39c6, 0x39c6, 0x39c6,
0x39c6, 0x39c6, 0xbdb6, 0xffff, 0xad34, 0x39a5, 0x39c6, 0x39c6, 0x842f, 0xf79d,
0xffff, 0xef5c, 0x7bce, 0x39c6, 0x39c6, 0x31a5, 0x840f, 0xef5c, 0xffff, 0xef3c,
0x738d, 0x39c6, 0x39c6, 0x39c6, 0x4a28, 0xbdb6, 0xffff, 0xffff, 0xce78, 0x5aca,
0x39c6, 0x39c6, 0x39c6, 0x39c6, 0x39c6, 0x39c6, 0x39c6, 0x3165, 0xee05, 0xee05,
0xee05, 0xee05, 0xee05, 0xee07, 0xffbe, 0xffbe, 0xffdf, 0xffdf, 0xffbe, 0xffdf,
0xf711, 0xee05, 0xee05, 0xee06, 0xffbf, 0xffbe, 0xffdf, 0xffdf, 0xffbe, 0xffdf,
0xf669, 0xee05, 0xee05, 0xee05, 0xee05, 0xee05, 0xee07, 0xffbe, 0xffbe, 0xffdf,
0xee25, 0xee05, 0xee05, 0xf6f5, 0xffbe, 0xffde, 0xf77a, 0xff9d, 0xffbd, 0xff9b,
0xee25, 0xee26, 0xee26, 0xee26, 0xee27, 0xee27, 0xee27, 0xee27, 0xee27, 0xee27,
0xee27, 0xee27, 0xee27, 0xee27, 0xee27, 0xf79e, 0xffbe, 0xf668, 0xee27, 0xee27,
0xee27, 0xee07, 0xf759, 0xffbe, 0xffbe, 0xffdf, 0xffbe, 0xffbe, 0xf6f0, 0xee27,
0xee27, 0xf6f6, 0xffdf, 0xffbe, 0xffdf, 0xffdf, 0xffbe, 0xffbd, 0xee28, 0xee27,
0xee27, 0xee28, 0xee28, 0xee27, 0xf716, 0xffbd, 0xffbd, 0xf734, 0xee28, 0xee28,
0xee28, 0xee28, 0xee48, 0xee49, 0xee6d, 0xee4a, 0xee4a, 0xee4a, 0xee4a, 0xee4a,
0xee4a, 0xee2d, 0xffbe, 0xffbe, 0xff9b, 0xf77b, 0xf77b, 0xf77b, 0xf77b, 0xf77a,
0xee4a, 0xee4a, 0xee4a, 0xee49, 0xee6c, 0xf6af, 0xf6f5, 0xffdf, 0xffbe, 0xffbe,
0xf6ab, 0xee4a, 0xee4a, 0xee4a, 0xee49, 0xf6b0, 0xff9d, 0xffbe, 0xff9a, 0xf6af,
0xf6b0, 0xf77b, 0xffbe, 0xffbd, 0xf734, 0xee29, 0xee4a, 0xee4a, 0xee4a, 0xee4a,
0xee4a, 0xee4b, 0xee8e, 0xee6c, 0xee6c, 0xee6c, 0xee6c, 0xee6c, 0xee6b, 0xf6d4,
0xffbe, 0xffbe, 0xf759, 0xf6d1, 0xf6b1, 0xf79d, 0xffbe, 0xffbe, 0xf714, 0xee6c,
0xee6c, 0xee6d, 0xffbe, 0xffbe, 0xff9b, 0xf77b, 0xf77b, 0xf77b, 0xf77b, 0xf79c,
0xee6b, 0xee6c, 0xee6c, 0xee6c, 0xffbe, 0xffbe, 0xffbe, 0xf714, 0xf6b1, 0xf6f4,
0xff9d, 0xf6d0, 0xee6c, 0xee6c, 0xee6c, 0xee6c, 0xee6c, 0xee6c, 0xee6c, 0xee6c,
0xee6e, 0xee6e, 0xee6e, 0xee6e, 0xee6e, 0xee6e, 0xee6e, 0xee6e, 0xeed2, 0xf716,
0xf77b, 0xffde, 0xffbe, 0xffbe, 0xf756, 0xee6e, 0xee6e, 0xee6e, 0xee6e, 0xee6d,
0xf738, 0xffbf, 0xf779, 0xee8e, 0xee6d, 0xf6f5, 0xffbe, 0xffbe, 0xffde, 0xee6d,
0xee6e, 0xf6f5, 0xffbe, 0xffbe, 0xf736, 0xee6d, 0xee6d, 0xee6d, 0xffbd, 0xffbe,
0xffdf, 0xee8d, 0xee6e, 0xee6e, 0xee6e, 0xee6e, 0xee6e, 0xee6e, 0xf307, 0xf2e7,
0xf2e7, 0xf2e7, 0xf2e7, 0xf2e7, 0xf2e7, 0xf2e7, 0xf2e7, 0xf2e7, 0xf2e7, 0xffbd,
0xffbe, 0xffbe, 0xfe95, 0xf2a6, 0xf2e7, 0xf2e7, 0xf2e7, 0xf2e6, 0xf2e7, 0xf2e7,
0xf2e7, 0xf2e7, 0xf2e7, 0xf2e7, 0xf2e7, 0xf2e7, 0xf2c7, 0xf596, 0xffbe, 0xffbe,
0xffbe, 0xffbe, 0xffbe, 0xffff, 0xf326, 0xf2e7, 0xf2e7, 0xf307, 0xf307, 0xf307,
0xf307, 0xf307, 0xf327, 0xf327, 0xf328, 0xf348, 0xec2d, 0xf3eb, 0xf3eb, 0xf3eb,
0xf3eb, 0xf3eb, 0xf3eb, 0xf3eb, 0xf3eb, 0xf3eb, 0xf3eb, 0xf3eb, 0xf3cc, 0xf510,
0xf3eb, 0xf3eb, 0xf3eb, 0xf3eb, 0xf618, 0xffbe, 0xffbe, 0xfffe, 0xf3ca, 0xf3eb,
0xf3eb, 0xf3eb, 0xf3cb, 0xf574, 0xf46d, 0xf3cb, 0xf3eb, 0xf3eb, 0xf3aa, 0xfefd,
0xffbe, 0xffbe, 0xff9c, 0xf3eb, 0xf3eb, 0xf3eb, 0xf3eb, 0xf3eb, 0xf3eb, 0xf3eb,
0xf3eb, 0xf3eb, 0xf3eb, 0xf3eb, 0xf4ac, 0xf4ac, 0xf4ac, 0xf4ac, 0xf4ac, 0xf4ac,
0xf4ac, 0xf4ac, 0xf4ac, 0xf4ac, 0xf4ac, 0xf4ac, 0xff9d, 0xffdf, 0xffde, 0xffbe,
0xffbe, 0xffbe, 0xffbe, 0xff5c, 0xf4ac, 0xf4ac, 0xf4ac, 0xf4ac, 0xf4ac, 0xf4ac,
0xf550, 0xffdf, 0xffbe, 0xffbe, 0xf570, 0xf4ac, 0xf4ac, 0xf4ac, 0xf4ac, 0xf4cd,
0xf4ac, 0xf4ac, 0xf4ac, 0xf4ac, 0xf4ac, 0xf4ac, 0xf4ac, 0xf4ac, 0xf4ac, 0xf4ac,
0xf4ac, 0xf48c, 0xed8f, 0xf58f, 0xf58f, 0xf58f, 0xf58f, 0xf58f, 0xf58f, 0xf58f,
0xf58f, 0xf58f, 0xf58f, 0xf58f, 0xf58f, 0xf58f, 0xf58f, 0xf58f, 0xf58f, 0xf58e,
0xff7c, 0xffbe, 0xffbe, 0xf6b5, 0xf58f, 0xf58f, 0xf58f, 0xf58f, 0xf6b9, 0xffbe,
0xffbe, 0xff9b, 0xf56e, 0xf58f, 0xf58f, 0xf58f, 0xf58f, 0xf58f, 0xf58f, 0xf58f,
0xf58f, 0xf58f, 0xf58f, 0xf58f, 0xf58f, 0xf58f, 0xf58f, 0xf58f, 0xf58f, 0xf58f,
0xeef8, 0xef19, 0xef19, 0xef19, 0xef19, 0xef19, 0xef19, 0xef19, 0xef19, 0xef19,
0xef19, 0xef19, 0xef19, 0xef19, 0xef19, 0xef19, 0xef19, 0xef19, 0xef19, 0xef19,
0xef19, 0xef19, 0x9c2e, 0x736c, 0x736c, 0x736c, 0x736c, 0x736c, 0x8c50, 0xf719,
0xef19, 0xef19, 0xef19, 0xef19, 0xef19, 0xef19, 0xef19, 0xef19, 0xef19, 0xef19,
0xef19, 0xef19, 0xef19, 0xef19, 0xef19, 0xef19, 0xef19, 0xeef8, 0xef3b, 0xef3b,
0xef3b, 0xef3b, 0xef3b, 0xef3b, 0xef3b, 0xef3b, 0xef3b, 0xef3b, 0xef3b, 0xef3b,
0xef3b, 0xef3b, 0xef3b, 0xef3b, 0xef3b, 0xef3b, 0xef3b, 0xe6d9, 0x8bee, 0xe6d9,
0xef3b, 0xef3b, 0xef3b, 0xef1b, 0x736c, 0x736c, 0x736c, 0xce37, 0xef3b, 0xef3b,
0xef3b, 0xef3b, 0xef3b, 0xef3b, 0xef3b, 0xef3b, 0xef3b, 0xef3b, 0xef3b, 0xef3b,
0xef3b, 0xef3b, 0xef3b, 0xef3b, 0xef3b, 0xef3b, 0xce16, 0xce16, 0xce16, 0xce16,
0xce16, 0xce16, 0xce16, 0xce16, 0xce16, 0xce16, 0xce16, 0xce16, 0xce16, 0xce16,
0xce16, 0xce16, 0xce16, 0xce16, 0xce16, 0xce16, 0xce16, 0xce16, 0xce16, 0xce16,
0xce16, 0xce16, 0xce16, 0xce16, 0xce16, 0xce16, 0xce16, 0xce16, 0xce16, 0xce16,
0xce16, 0xce16, 0xce16, 0xce16, 0xce16, 0xce16, 0xce16, 0xce16, 0xce16, 0xce16,
0xce16, 0xce16, 0xce16, 0xce16, 
0x39c6, 0x39c6, 0x39c6, 0x39c6, 0x840f, 0xffbe, 0x62ea, 0x39c6, 0x39c6, 0x83ee,
0xffff, 0xf77d, 0xe71b, 0xffde, 0xffbe, 0x39c6, 0x39c6, 0x39c6, 0x31a5, 0x6b2b,
0xffff, 0xad54, 0x39c6, 0x39c6, 0x39c6, 0x9471, 0xffbe, 0xef5c, 0xef3c, 0xffde,
0xbdd6, 0x31a5, 0x632b, 0xef3c, 0xe71b, 0xe71b, 0xe71b, 0xffbe, 0xffff, 0x4207,
0x630b, 0xffff, 0xf79d, 0xe6fb, 0xffde, 0xf79d, 0x31a5, 0x39c6, 0x39c6, 0x39c6,
0x39c6, 0x39c6, 0x39c6, 0x39e6, 0xffde, 0xf7be, 0xc637, 0xce58, 0xef5c, 0x39c6,
0x39c6, 0x9471, 0xffde, 0xce79, 0xce38, 0xce38, 0xc5f7, 0x31a5, 0x39c6, 0xad74,
0xffde, 0xce58, 0xce38, 0xce38, 0xbdb6, 0x3185, 0x5aca, 0xf79d, 0xef5c, 0xce38,
0xdeda, 0xffbe, 0xbdb6, 0x39a5, 0x39c6, 0xa4f3, 0xffde, 0xe6fb, 0xce38, 0xe73b,
0x738d, 0x39c6, 0x39c6, 0x39c6, 0x39c6, 0x39c6, 0x39c6, 0x39c6, 0x39c6, 0x39c6,
0x41e7, 0xef5c, 0xf79d, 0xce38, 0xd699, 0xffde, 0xd699, 0x3185, 0x4a48, 0xffff,
0xffbe, 0xce38, 0xd679, 0xffbe, 0xe6fb, 0x31a5, 0x632b, 0xce58, 0xce38, 0xce38,
0xce38, 0xf79d, 0xffbe, 0x5268, 0x39c6, 0x4227, 0xffde, 0xf79d, 0xc637, 0xd679,
0xd6b9, 0x31a5, 0x39c6, 0xffff, 0xffde, 0x840f, 0x738d, 0xef5c, 0xffff, 0x4207,
0x39c6, 0x39c6, 0x39c6, 0x39c6, 0x39c6, 0x39c6, 0x39c6, 0x39c6, 0x39c6, 0x39c6,
0x39e6, 0x8c30, 0xffde, 0xc5f7, 0x39c6, 0x39c6, 0x39c6, 0x4227, 0xffde, 0xf79d,
0xc637, 0xd679, 0xd6b9, 0x31a5, 0x41e7, 0xef5c, 0xf79d, 0xce38, 0xd699, 0xffde,
0xd699, 0x3185, 0x41e6, 0xffff, 0xf79d, 0x7bce, 0x7bae, 0xf79d, 0xffff, 0x41e6,
0x39c6, 0x39c6, 0x39c6, 0x632b, 0xffff, 0xffbe, 0xce58, 0x39c6, 0x39c6, 0x39c6,
0x39c6, 0x39c6, 0x39c6, 0x39c6, 0x39c6, 0x39c6, 0x39c6, 0x39c6, 0x39c6, 0x39c6,
0x3185, 0xef5c, 0xf79d, 0x842f, 0x840f, 0xf77d, 0xffbe, 0x39a5, 0x39c6, 0x39c6,
0x41e6, 0x840f, 0xffff, 0xbdb6, 0x39a5, 0x39c6, 0x39c6, 0xbdb6, 0xffbe, 0xd699,
0xc637, 0xf7be, 0xffff, 0x41e6, 0x39a5, 0xe71b, 0xffbe, 0xce58, 0xce58, 0xffbe,
0xffff, 0x41e6, 0x39c6, 0x39c6, 0x39c6, 0x39c6, 0x39c6, 0x39c6, 0x39c6, 0x39c6,
0x39c6, 0x39c6, 0x39c6, 0x39c6, 0x39c6, 0x39c6, 0x39c6, 0x39c6, 0x39c6, 0x39c6,
0x39c6, 0x736c, 0xffde, 0xffbe, 0xa4f3, 0x39a5, 0x39c6, 0x7bee, 0xffde, 0xef5c,
0xce38, 0xf77d, 0xffde, 0x6b4c, 0x39c6, 0x7bee, 0xffff, 0xe73c, 0xc637, 0xef7c,
0xffde, 0x52a9, 0x39c6, 0x39a5, 0xf77d, 0xffbe, 0xce58, 0xce58, 0xef3c, 0x3185,
0x39c6, 0x39c6, 0x39c6, 0x39c6, 0x39c6, 0x39c6, 0x39c6, 0x3165, 0xee05, 0xee05,
0xee05, 0xee05, 0xee05, 0xee05, 0xf716, 0xffbd, 0xf668, 0xede3, 0xf6f5, 0xffbe,
0xffbb, 0xede4, 0xee05, 0xf718, 0xffbe, 0xffbd, 0xee26, 0xede5, 0xf75a, 0xffbe,
0xff99, 0xee05, 0xee05, 0xee05, 0xee05, 0xee05, 0xf79c, 0xffbe, 0xffbe, 0xffdf,
0xee25, 0xee05, 0xee07, 0xffdf, 0xffbe, 0xee25, 0xee05, 0xede3, 0xf79c, 0xffbe,
0xf68b, 0xee26, 0xee26, 0xee26, 0xee27, 0xee27, 0xee27, 0xee27, 0xee27, 0xee27,
0xee27, 0xee27, 0xee4a, 0xf6b0, 0xf79d, 0xffbe, 0xffbe, 0xf668, 0xee27, 0xee27,
0xee27, 0xee90, 0xffde, 0xffbe, 0xf6ae, 0xee06, 0xf6f5, 0xffbe, 0xffbf, 0xee49,
0xee27, 0xee8e, 0xff9d, 0xf713, 0xee05, 0xee4b, 0xffbe, 0xffbe, 0xf68a, 0xee27,
0xee27, 0xee28, 0xee27, 0xf6b1, 0xffde, 0xffbe, 0xffbd, 0xf734, 0xee28, 0xee28,
0xee28, 0xee28, 0xee48, 0xee49, 0xee6d, 0xee4a, 0xee4a, 0xee4a, 0xee4a, 0xee4a,
0xee4a, 0xee70, 0xffbe, 0xffdf, 0xf68c, 0xee29, 0xee29, 0xee29, 0xee29, 0xee29,
0xee4a, 0xee4a, 0xee4a, 0xee29, 0xf77b, 0xffbe, 0xffbe, 0xffbe, 0xffbe, 0xffbe,
0xf6ab, 0xee4a, 0xee4a, 0xee4a, 0xee4a, 0xee4a, 0xee29, 0xf736, 0xee28, 0xee4a,
0xee4a, 0xee29, 0xffbe, 0xffbd, 0xff99, 0xee29, 0xee4a, 0xee4a, 0xee4a, 0xee4a,
0xee4a, 0xee4b, 0xee8e, 0xee6c, 0xee6c, 0xee6c, 0xee6c, 0xee6c, 0xee6c, 0xee6c,
0xee4c, 0xf757, 0xee4b, 0xee6c, 0xee6c, 0xee91, 0xffbe, 0xffbe, 0xf757, 0xee4c,
0xee6c, 0xee8e, 0xffbe, 0xffbe, 0xf66c, 0xee4b, 0xee4b, 0xee4b, 0xee4b, 0xee4b,
0xee6c, 0xee6c, 0xee6c, 0xf6f6, 0xffbe, 0xffbe, 0xf6d0, 0xee4c, 0xee6c, 0xee6c,
0xee4b, 0xee6c, 0xee6c, 0xee6c, 0xee6c, 0xee6c, 0xee6c, 0xee6c, 0xee6c, 0xee6c,
0xee6e, 0xee6e, 0xee6e, 0xee6e, 0xee6e, 0xee6e, 0xee6e, 0xee6e, 0xf75a, 0xffbe,
0xffbe, 0xffbe, 0xffbe, 0xffbe, 0xf756, 0xee6e, 0xee6e, 0xee6e, 0xee6e, 0xee6e,
0xee6d, 0xeeb1, 0xee6d, 0xee6e, 0xee6e, 0xee8e, 0xffbe, 0xffbe, 0xffdf, 0xee8e,
0xee6e, 0xf717, 0xffbe, 0xffbe, 0xf6d1, 0xee6e, 0xee6e, 0xee6e, 0xf77d, 0xffbe,
0xffdf, 0xee8e, 0xee6e, 0xee6e, 0xee6e, 0xee6e, 0xee6e, 0xee6e, 0xf307, 0xf2e7,
0xf2e7, 0xf2e7, 0xf2e7, 0xf2e7, 0xf2e7, 0xf2e7, 0xf2e7, 0xf2e7, 0xf2e8, 0xffbe,
0xffbe, 0xffde, 0xf42c, 0xf2e7, 0xf2c6, 0xf2c6, 0xf2c6, 0xf2e7, 0xf2e7, 0xf2e7,
0xf2e7, 0xf2e7, 0xf2e7, 0xf2e7, 0xf2e7, 0xf2e7, 0xf42f, 0xffde, 0xffbe, 0xffbe,
0xf36d, 0xffbe, 0xffbe, 0xffff, 0xf326, 0xf2e7, 0xf2e7, 0xf307, 0xf307, 0xf307,
0xf307, 0xf307, 0xf327, 0xf327, 0xf328, 0xf348, 0xec2d, 0xf3eb, 0xf3eb, 0xf3eb,
0xf3eb, 0xf3eb, 0xf3eb, 0xf3eb, 0xf3eb, 0xf3eb, 0xf3eb, 0xf3eb, 0xf3eb, 0xf3eb,
0xf3eb, 0xf3eb, 0xf3eb, 0xf3cb, 0xfebb, 0xffbe, 0xffbe, 0xff5b, 0xf3ab, 0xf3eb,
0xf3eb, 0xf3eb, 0xf3eb, 0xf3eb, 0xf3eb, 0xf3eb, 0xf3eb, 0xf3eb, 0xf3ab, 0xff7e,
0xffbe, 0xffbe, 0xff7a, 0xf3eb, 0xf3eb, 0xf3eb, 0xf3eb, 0xf3eb, 0xf3eb, 0xf3eb,
0xf3eb, 0xf3eb, 0xf3eb, 0xf3eb, 0xf4ac, 0xf4ac, 0xf4ac, 0xf4ac, 0xf4ac, 0xf4ac,
0xf4ac, 0xf4ac, 0xf4ac, 0xf4ac, 0xf4ac, 0xf4ac, 0xff7d, 0xffde, 0xffde, 0xffde,
0xffbe, 0xffbe, 0xffbe, 0xff5c, 0xf4ac, 0xf4ac, 0xf4ac, 0xf4ac, 0xf4ac, 0xf4ac,
0xf677, 0xffbe, 0xffbe, 0xff7c, 0xf48b, 0xf4ac, 0xf48c, 0xf48c, 0xf4ac, 0xf4ac,
0xf4ac, 0xf4ac, 0xf4ac, 0xf4ac, 0xf4ac, 0xf4ac, 0xf4ac, 0xf4ac, 0xf4ac, 0xf4ac,
0xf4ac, 0xf48c, 0xed8f, 0xf58f, 0xf58f, 0xf58f, 0xf58f, 0xf58f, 0xf58f, 0xf58f,
0xf58f, 0xf58f, 0xf58f, 0xf58f, 0xf58f, 0xf58f, 0xf58f, 0xf58f, 0xf58f, 0xf58e,
0xf75c, 0xffbe, 0xffbe, 0xff39, 0xf56e, 0xf58f, 0xf58f, 0xf58f, 0xff9e, 0xffbe,
0xffbe, 0xff17, 0xf56e, 0xf58f, 0xf58f, 0xf58f, 0xf58f, 0xf58f, 0xf58f, 0xf58f,
0xf58f, 0xf58f, 0xf58f, 0xf58f, 0xf58f, 0xf58f, 0xf58f, 0xf58f, 0xf58f, 0xf58f,
0xeef8, 0xef19, 0xef19, 0xef19, 0xef19, 0xef19, 0xef19, 0xef19, 0xef19, 0xef19,
0xef19, 0xef19, 0xef19, 0xef19, 0xef19, 0xef19, 0xef19, 0xef19, 0xef19, 0xef19,
0xef19, 0xcdb2, 0x736c, 0x736c, 0x734c, 0x9c4f, 0x736c, 0x736c, 0x8c50, 0xf719,
0xef19, 0xef19, 0xef19, 0xef19, 0xef19, 0xef19, 0xef19, 0xef19, 0xef19, 0xef19,
0xef19, 0xef19, 0xef19, 0xef19, 0xef19, 0xef19, 0xef19, 0xeef8, 0xef3b, 0xef3b,
0xef3b, 0xef3b, 0xef3b, 0xef3b, 0xef3b, 0xef3b, 0xef3b, 0xef3b, 0xef3b, 0xef3b,
0xef3b, 0xef3b, 0xef3b, 0xef3b, 0xef3b, 0xef3b, 0xef3b, 0xef3b, 0xf75b, 0xef3b,
0xef3b, 0xef3b, 0xef3b, 0xeefa, 0x736c, 0x736c, 0x736c, 0xd637, 0xef3b, 0xef3b,
0xef3b, 0xef3b, 0xef3b, 0xef3b, 0xef3b, 0xef3b, 0xef3b, 0xef3b, 0xef3b, 0xef3b,
0xef3b, 0xef3b, 0xef3b, 0xef3b, 0xef3b, 0xef3b, 0xce16, 0xce16, 0xce16, 0xce16,
0xce16, 0xce16, 0xce16, 0xce16, 0xce16, 0xce16, 0xce16, 0xce16, 0xce16, 0xce16,
0xce16, 0xce16, 0xce16, 0xce16, 0xce16, 0xce16, 0xce16, 0xce16, 0xce16, 0xce16,
0xce16, 0xce16, 0xce16, 0xce16, 0xce16, 0xce16, 0xce16, 0xce16, 0xce16, 0xce16,
0xce16, 0xce16, 0xce16, 0xce16, 0xce16, 0xce16, 0xce16, 0xce16, 0xce16, 0xce16,
0xce16, 0xce16, 0xce16, 0xce16, 
0x39c6, 0x39c6, 0x738d, 0xffff, 0xffde, 0xffbe, 0x62ea, 0x39c6, 0x39c6, 0x31a5,
0x73ad, 0x2964, 0x3185, 0xa513, 0xffde, 0x39a5, 0x39c6, 0x39e6, 0xffff, 0xffde,
0xffbe, 0xad54, 0x39c6, 0x39c6, 0x41e6, 0xffff, 0xf7be, 0x31a5, 0x3164, 0xdeda,
0xffff, 0x5268, 0x39c6, 0x31a5, 0x31a5, 0x31a5, 0x41e6, 0xffbe, 0xad54, 0x39c6,
0x3185, 0xad34, 0x4a48, 0x3185, 0x8c50, 0xffde, 0x5aa9, 0x39c6, 0x39c6, 0x39c6,
0x39c6, 0x39c6, 0x39c6, 0x9491, 0xffde, 0x842f, 0x39a5, 0x39a5, 0x3185, 0x39c6,
0x39c6, 0xb575, 0xffff, 0x4207, 0x39a5, 0x39c6, 0x39c6, 0x39c6, 0x39c6, 0xd679,
0xffff, 0x39c6, 0x39a5, 0x39c6, 0x39c6, 0x39c6, 0x39c6, 0x39c6, 0x3164, 0x39c6,
0x3185, 0xf79d, 0xdeda, 0x31a5, 0x31a5, 0xffde, 0xe6fb, 0x2944, 0x39a5, 0x3185,
0x39c6, 0x39c6, 0x39c6, 0x39c6, 0x39c6, 0x39c6, 0x39c6, 0x39c6, 0x39c6, 0x39c6,
0x39c6, 0x3185, 0x31a5, 0x39c6, 0x2944, 0xf77d, 0xef5c, 0x3185, 0x39c6, 0x39c6,
0x632b, 0x39c6, 0x39a5, 0xf77d, 0xffff, 0x39c6, 0x39c6, 0x39c6, 0x39c6, 0x39c6,
0x4227, 0xffff, 0xf79d, 0x39c6, 0x39c6, 0xc637, 0xffff, 0x630b, 0x39a5, 0x31a5,
0x3185, 0x39c6, 0x41e6, 0xffbe, 0xef3c, 0x39a5, 0x39a5, 0xad74, 0xffff, 0x6b2b,
0x39c6, 0x39c6, 0x39c6, 0x39c6, 0x39c6, 0x39c6, 0x39c6, 0x39c6, 0x39c6, 0x8c70,
0xffff, 0xffde, 0xffbe, 0xc5f7, 0x39c6, 0x39c6, 0x39c6, 0xc637, 0xffff, 0x630b,
0x39a5, 0x31a5, 0x3185, 0x39c6, 0x39c6, 0x3185, 0x31a5, 0x39c6, 0x2944, 0xf77d,
0xef5c, 0x3185, 0x5289, 0xffff, 0xd679, 0x39c6, 0x39c6, 0xdeda, 0xffff, 0x5269,
0x39c6, 0x39c6, 0x4227, 0xffff, 0xf77d, 0xffbe, 0xce58, 0x39c6, 0x39c6, 0x39c6,
0x39c6, 0x39c6, 0x39c6, 0x39c6, 0x39c6, 0x39c6, 0x39c6, 0x39c6, 0x39c6, 0x39c6,
0x3185, 0xffff, 0xc617, 0x3185, 0x39a5, 0xad74, 0xffbe, 0x39a5, 0x39c6, 0x7bad,
0xffff, 0xffde, 0xffbe, 0xbdb6, 0x39a5, 0x39c6, 0x41e7, 0xffff, 0xffbe, 0x39c6,
0x39c6, 0xa4f3, 0xffde, 0x840f, 0x39c6, 0x31a5, 0x840f, 0x39c6, 0x39c6, 0xf7be,
0xffde, 0x4a48, 0x39c6, 0x39c6, 0x39c6, 0x39c6, 0x39c6, 0x39c6, 0x39c6, 0x39c6,
0x39c6, 0x39c6, 0x39c6, 0x39c6, 0x39c6, 0x39c6, 0x39c6, 0x39c6, 0x39c6, 0x39c6,
0x4207, 0xffbe, 0xdeda, 0xffbe, 0xa4f3, 0x39a5, 0x3185, 0xe71b, 0xffde, 0x39a5,
0x39c6, 0x39c6, 0xffbe, 0xdeda, 0x3185, 0xce38, 0xffff, 0x4207, 0x39c6, 0x4a68,
0xffde, 0xdeda, 0x39c6, 0x8c30, 0xffde, 0x7bee, 0x31a5, 0x39a5, 0x3185, 0x39c6,
0x39c6, 0x39c6, 0x39c6, 0x39c6, 0x39c6, 0x39c6, 0x39c6, 0x3165, 0xee05, 0xee05,
0xee05, 0xee05, 0xee05, 0xee05, 0xee05, 0xede4, 0xee05, 0xee05, 0xee6d, 0xffde,
0xffbc, 0xede4, 0xee06, 0xffbe, 0xffbe, 0xf6ab, 0xee05, 0xee05, 0xee4b, 0xffdf,
0xffdf, 0xee24, 0xee05, 0xee05, 0xee05, 0xf6f6, 0xffbe, 0xf755, 0xff9e, 0xffdf,
0xee25, 0xee05, 0xee06, 0xffdf, 0xffbe, 0xf648, 0xee05, 0xee26, 0xf79c, 0xffbe,
0xf669, 0xee26, 0xee26, 0xee26, 0xee27, 0xee27, 0xee27, 0xee27, 0xee27, 0xee27,
0xee27, 0xee27, 0xf6b1, 0xff9c, 0xff9c, 0xffbe, 0xffbe, 0xf668, 0xee27, 0xee27,
0xee27, 0xf738, 0xffbe, 0xf757, 0xee27, 0xee27, 0xee28, 0xffbe, 0xffbe, 0xf68b,
0xee27, 0xee27, 0xee06, 0xee27, 0xee27, 0xee28, 0xffbf, 0xffbe, 0xf6ac, 0xee27,
0xee27, 0xee28, 0xee2a, 0xffbf, 0xffbd, 0xf736, 0xffbd, 0xf734, 0xee28, 0xee28,
0xee28, 0xee28, 0xee48, 0xee49, 0xee6d, 0xee4a, 0xee4a, 0xee4a, 0xee4a, 0xee4a,
0xee4a, 0xeeb4, 0xffbe, 0xffdf, 0xee6a, 0xee4b, 0xee4b, 0xee4a, 0xee49, 0xee4a,
0xee4a, 0xee4a, 0xee4a, 0xee29, 0xf738, 0xf77b, 0xf77b, 0xff9c, 0xffbe, 0xffbe,
0xf6ab, 0xee4a, 0xee4a, 0xee4a, 0xee4a, 0xee4a, 0xee4a, 0xee4a, 0xee4a, 0xee4a,
0xee4a, 0xee4b, 0xffbe, 0xffbd, 0xff77, 0xee29, 0xee4a, 0xee4a, 0xee4a, 0xee4a,
0xee4a, 0xee4b, 0xee8e, 0xee6c, 0xee6c, 0xee6c, 0xee6c, 0xee6c, 0xee6c, 0xee6c,
0xee6c, 0xee6c, 0xee6c, 0xee6c, 0xee6c, 0xeed4, 0xffbe, 0xffbe, 0xf736, 0xee4c,
0xee6c, 0xee90, 0xffbe, 0xffbe, 0xee6c, 0xee6d, 0xee6d, 0xee6c, 0xee4b, 0xee6c,
0xee6c, 0xee6c, 0xee6c, 0xf7be, 0xffbe, 0xffbe, 0xee6c, 0xee6c, 0xee6d, 0xee6d,
0xee4b, 0xee6c, 0xee6c, 0xee6c, 0xee6c, 0xee6c, 0xee6c, 0xee6c, 0xee6c, 0xee6c,
0xee6e, 0xee6e, 0xee6e, 0xee6e, 0xee6e, 0xee6e, 0xee6e, 0xee6e, 0xeed2, 0xf6f4,
0xf6f4, 0xf737, 0xffbe, 0xffbe, 0xf756, 0xee6e, 0xee6e, 0xee6e, 0xee6e, 0xee6e,
0xee6e, 0xee6e, 0xee6e, 0xee6e, 0xee6e, 0xee8f, 0xffbe, 0xffbe, 0xffde, 0xee6d,
0xee6e, 0xee91, 0xffbe, 0xffbe, 0xffbd, 0xee8f, 0xee6e, 0xf6d3, 0xffbe, 0xffbe,
0xff78, 0xee6d, 0xee6e, 0xee6e, 0xee6e, 0xee6e, 0xee6e, 0xee6e, 0xf307, 0xf2e7,
0xf2e7, 0xf2e7, 0xf2e7, 0xf2e7, 0xf2e7, 0xf2e7, 0xf2e7, 0xf2e7, 0xf451, 0xffbe,
0xffbe, 0xffff, 0xf3aa, 0xf512, 0xffbf, 0xffff, 0xffde, 0xfd93, 0xf348, 0xf2e7,
0xf2e7, 0xf2e7, 0xf2e7, 0xf2e7, 0xf2e7, 0xf32a, 0xffff, 0xffbe, 0xffbe, 0xfdb1,
0xf2cb, 0xffbe, 0xffbe, 0xffff, 0xf326, 0xf2e7, 0xf2e7, 0xf307, 0xf307, 0xf307,
0xf307, 0xf307, 0xf327, 0xf327, 0xf328, 0xf348, 0xec2d, 0xf3eb, 0xf3eb, 0xf3eb,
0xf3eb, 0xf3eb, 0xf3eb, 0xf3eb, 0xf3eb, 0xf3eb, 0xf3eb, 0xf3eb, 0xf3eb, 0xf3eb,
0xf40d, 0xf42d, 0xf42d, 0xf554, 0xffde, 0xffbe, 0xffde, 0xfd72, 0xf3eb, 0xf3eb,
0xf3eb, 0xf3eb, 0xf3eb, 0xf3eb, 0xf3eb, 0xf3eb, 0xf3eb, 0xf3eb, 0xf470, 0xfffe,
0xffbe, 0xffbe, 0xfe54, 0xf3eb, 0xf3eb, 0xf3eb, 0xf3eb, 0xf3eb, 0xf3eb, 0xf3eb,
0xf3eb, 0xf3eb, 0xf3eb, 0xf3eb, 0xf4ac, 0xf4ac, 0xf4ac, 0xf4ac, 0xf4ac, 0xf4ac,
0xf4ac, 0xf4ac, 0xf4ac, 0xf4ac, 0xf4ac, 0xf4ac, 0xf46b, 0xf46b, 0xf46b, 0xf44a,
0xfef9, 0xffbe, 0xffbe, 0xff5c, 0xf4ac, 0xf4ac, 0xf4ac, 0xf4ac, 0xf4ac, 0xf48b,
0xff3b, 0xffbe, 0xffbe, 0xff1a, 0xf4cd, 0xf550, 0xf697, 0xf697, 0xf550, 0xf4cd,
0xf4ac, 0xf4ac, 0xf4ac, 0xf4ac, 0xf4ac, 0xf4ac, 0xf4ac, 0xf4ac, 0xf4ac, 0xf4ac,
0xf4ac, 0xf48c, 0xed8f, 0xf58f, 0xf58f, 0xf58f, 0xf58f, 0xf58f, 0xf58f, 0xf58f,
0xf58f, 0xf58f, 0xf58f, 0xf58f, 0xf58f, 0xf58f, 0xf58f, 0xf58f, 0xf58f, 0xf58f,
0xf614, 0xffbe, 0xffbe, 0xffbe, 0xff39, 0xf5b0, 0xf5b0, 0xf75c, 0xffbe, 0xffbe,
0xffbe, 0xf5d0, 0xf58f, 0xf58f, 0xf58f, 0xf58f, 0xf58f, 0xf58f, 0xf58f, 0xf58f,
0xf58f, 0xf58f, 0xf58f, 0xf58f, 0xf58f, 0xf58f, 0xf58f, 0xf58f, 0xf58f, 0xf58f,
0xeef8, 0xef19, 0xef19, 0xef19, 0xef19, 0xef19, 0xef19, 0xef19, 0xef19, 0xef19,
0xef19, 0xef19, 0xef19, 0xef19, 0xef19, 0xef19, 0xef19, 0xef19, 0xef19, 0xef19,
0xe6b7, 0x736c, 0x736c, 0x736c, 0xc616, 0xb4d0, 0x736c, 0x736c, 0x8c50, 0xf719,
0xef19, 0xef19, 0xef19, 0xef19, 0xef19, 0xef19, 0xef19, 0xef19, 0xef19, 0xef19,
0xef19, 0xef19, 0xef19, 0xef19, 0xef19, 0xef19, 0xef19, 0xeef8, 0xef3b, 0xef3b,
0xef3b, 0xef3b, 0xef3b, 0xef3b, 0xef3b, 0xef3b, 0xef3b, 0xef3b, 0xef3b, 0xef3b,
0xef3b, 0xef3b, 0xef3b, 0xef3b, 0xef3b, 0xef3b, 0xef3b, 0xef3b, 0xef3b, 0xef3b,
0xef3b, 0xef3b, 0xef3b, 0xd678, 0x736c, 0x736c, 0x736c, 0xde99, 0xef3b, 0xef3b,
0xef3b, 0xef3b, 0xef3b, 0xef3b, 0xef3b, 0xef3b, 0xef3b, 0xef3b, 0xef3b, 0xef3b,
0xef3b, 0xef3b, 0xef3b, 0xef3b, 0xef3b, 0xef3b, 0xce16, 0xce16, 0xce16, 0xce16,
0xce16, 0xce16, 0xce16, 0xce16, 0xce16, 0xce16, 0xce16, 0xce16, 0xce16, 0xce16,
0xce16, 0xce16, 0xce16, 0xce16, 0xce16, 0xce16, 0xce16, 0xce16, 0xce16, 0xce16,
0xce16, 0xce16, 0xce16, 0xce16, 0xce16, 0xce16, 0xce16, 0xce16, 0xce16, 0xce16,
0xce16, 0xce16, 0xce16, 0xce16, 0xce16, 0xce16, 0xce16, 0xce16, 0xce16, 0xce16,
0xce16, 0xce16, 0xce16, 0xce16, 
0x39c6, 0x39c6, 0x39c6, 0x3185, 0x52a9, 0xffbe, 0x62ea, 0x39c6, 0x39c6, 0x39c6,
0x39c6, 0x4207, 0x5289, 0xf79d, 0xef5c, 0x39c6, 0x39c6, 0x39c6, 0x3185, 0x39a5,
0xffff, 0xad54, 0x39c6, 0x39c6, 0x4a68, 0xffde, 0xc617, 0x39c6, 0x39c6, 0x9491,
0xffff, 0x736c, 0x39c6, 0x39c6, 0x39c6, 0x39c6, 0xc617, 0xffbe, 0x4207, 0x39c6,
0x39c6, 0x39c6, 0x39c6, 0x39a5, 0xad54, 0xffde, 0x41e6, 0x39c6, 0x39c6, 0x39c6,
0x39c6, 0x39c6, 0x31a5, 0xce38, 0xffff, 0x6b6c, 0xffff, 0xffde, 0x840f, 0x39c6,
0x39c6, 0xd679, 0xffde, 0xdefb, 0xffff, 0xdeba, 0x4207, 0x39c6, 0x39c6, 0xffbe,
0xffde, 0xf79d, 0xffff, 0xc617, 0x41e6, 0x39c6, 0x39c6, 0x39c6, 0x39e6, 0x4a48,
0xc617, 0xffbe, 0x7bce, 0x39c6, 0x632b, 0xffff, 0xc5f7, 0xce58, 0xffff, 0xce58,
0x41e7, 0x39c6, 0x39c6, 0x39c6, 0x39c6, 0x39c6, 0x39c6, 0x39c6, 0x39c6, 0x39c6,
0x39c6, 0x39c6, 0x39c6, 0x4a27, 0xa533, 0xffde, 0xa513, 0x39c6, 0x39c6, 0x39c6,
0x39c6, 0x39c6, 0x39c6, 0xf7be, 0xf79e, 0x31a5, 0x39c6, 0x39c6, 0x39c6, 0x39c6,
0x840f, 0xffbe, 0x83ef, 0x39c6, 0x31a5, 0xe71b, 0xffff, 0x840f, 0xffff, 0xf79d,
0x6b6c, 0x39c6, 0x39c6, 0xc5f7, 0xffbe, 0xce58, 0xb575, 0xffde, 0xc5f7, 0x3185,
0x39c6, 0x39c6, 0x39c6, 0x39c6, 0x39c6, 0x39c6, 0x39c6, 0x39c6, 0x39c6, 0x39a5,
0x3185, 0x5268, 0xffdf, 0xc5f7, 0x39c6, 0x39c6, 0x31a5, 0xe71b, 0xffff, 0x840f,
0xffff, 0xf79d, 0x6b6c, 0x39c6, 0x39c6, 0x39c6, 0x39c6, 0x4a27, 0xa533, 0xffde,
0xa513, 0x39c6, 0x31a5, 0xd699, 0xffbe, 0xbdd6, 0xc617, 0xffbe, 0xa513, 0x39a5,
0x39c6, 0x31a5, 0xd679, 0xffbe, 0x4a27, 0xffde, 0xce58, 0x39c6, 0x39c6, 0x39c6,
0x39c6, 0x39c6, 0x39c6, 0x39c6, 0x39c6, 0x39c6, 0x39c6, 0x39c6, 0x39c6, 0x39c6,
0x39a5, 0xc5f7, 0xffbe, 0xce38, 0xb595, 0xffbe, 0xce38, 0x39c6, 0x39c6, 0x39c6,
0x3185, 0x39a5, 0xffff, 0xbdb6, 0x39a5, 0x39c6, 0x4207, 0xffdf, 0xffbe, 0x39c6,
0x39c6, 0x632b, 0xffde, 0xa513, 0x39c6, 0x39c6, 0x39c6, 0x39c6, 0x39e6, 0xffbe,
0xffde, 0x4227, 0x39c6, 0x39c6, 0x39c6, 0x39c6, 0x39c6, 0x39c6, 0x39c6, 0x39c6,
0x39c6, 0x39c6, 0x39c6, 0x39c6, 0x39c6, 0x39c6, 0x39c6, 0x39c6, 0x39c6, 0x39c6,
0xf79d, 0xffbe, 0x39a5, 0xffde, 0xa4f3, 0x39a5, 0x39c6, 0xffff, 0xe73c, 0x31a5,
0x39c6, 0x39c6, 0xf79d, 0xffff, 0x31a5, 0xd679, 0xffff, 0x39e6, 0x39c6, 0x4207,
0xffff, 0xf79d, 0x39c6, 0xdeda, 0xffde, 0x8c50, 0xffbe, 0xffff, 0x840f, 0x39c6,
0x39c6, 0x39c6, 0x39c6, 0x39c6, 0x39c6, 0x39c6, 0x39c6, 0x3165, 0xee05, 0xee05,
0xee05, 0xee05, 0xee05, 0xee05, 0xee05, 0xee05, 0xee05, 0xee05, 0xf717, 0xffbe,
0xff79, 0xee05, 0xee27, 0xffbe, 0xffbe, 0xee27, 0xee05, 0xee05, 0xede4, 0xffbf,
0xffbf, 0xf689, 0xee05, 0xee05, 0xee4b, 0xffbe, 0xffbe, 0xee04, 0xff9e, 0xffdf,
0xee25, 0xee05, 0xee05, 0xee6c, 0xffbd, 0xffbe, 0xf733, 0xffbe, 0xffbd, 0xf6f0,
0xee06, 0xee26, 0xee26, 0xee26, 0xee27, 0xee27, 0xee27, 0xee27, 0xee27, 0xee27,
0xee27, 0xee27, 0xee27, 0xee27, 0xee28, 0xffdf, 0xffbe, 0xf668, 0xee27, 0xee27,
0xee27, 0xf75a, 0xffbe, 0xf712, 0xee27, 0xee27, 0xee27, 0xf77e, 0xffbe, 0xf711,
0xee27, 0xee27, 0xee27, 0xee27, 0xee27, 0xee6c, 0xffbe, 0xffbe, 0xee28, 0xee27,
0xee27, 0xee27, 0xf77c, 0xffbe, 0xf6ef, 0xf6f5, 0xffbd, 0xf734, 0xee28, 0xee28,
0xee28, 0xee28, 0xee48, 0xee49, 0xee6d, 0xee4a, 0xee4a, 0xee4a, 0xee4a, 0xee4a,
0xee4a, 0xf717, 0xffbe, 0xffbe, 0xffdf, 0xffbe, 0xffbe, 0xffdf, 0xf756, 0xee4a,
0xee4a, 0xee4a, 0xee4a, 0xee4a, 0xee4a, 0xee4a, 0xee49, 0xf6b3, 0xffbe, 0xffbe,
0xf6ab, 0xee4a, 0xee4a, 0xee4a, 0xee4a, 0xee4a, 0xee4a, 0xee4a, 0xee4a, 0xee4a,
0xee4a, 0xf75c, 0xffbe, 0xffbe, 0xf6d0, 0xee4a, 0xee4a, 0xee4a, 0xee4a, 0xee4a,
0xee4a, 0xee4b, 0xee8e, 0xee6c, 0xee6c, 0xee6c, 0xee6c, 0xee6c, 0xee6c, 0xee6c,
0xee6c, 0xee6c, 0xee6c, 0xee6c, 0xee4b, 0xf79c, 0xffbe, 0xffbe, 0xf6d0, 0xee6c,
0xee6c, 0xeeb3, 0xffbe, 0xffbe, 0xffdf, 0xffbe, 0xffbe, 0xffdf, 0xf778, 0xee6c,
0xee6c, 0xee6c, 0xee6c, 0xffbe, 0xffbe, 0xffde, 0xf717, 0xffdf, 0xffbe, 0xffbe,
0xffbc, 0xee6c, 0xee6c, 0xee6c, 0xee6c, 0xee6c, 0xee6c, 0xee6c, 0xee6c, 0xee6c,
0xee6e, 0xee6e, 0xee6e, 0xee6e, 0xee6e, 0xee6e, 0xee6e, 0xee6e, 0xee6e, 0xee6e,
0xee6e, 0xeeb3, 0xffbe, 0xffbe, 0xf756, 0xee6e, 0xee6e, 0xee6e, 0xee6e, 0xee6e,
0xee6e, 0xee6e, 0xee6e, 0xee6e, 0xee6e, 0xf73a, 0xffbe, 0xffbe, 0xf734, 0xee6e,
0xee6e, 0xee6e, 0xf6f5, 0xffbe, 0xffbe, 0xffbe, 0xffde, 0xffbe, 0xffbe, 0xff9a,
0xee6e, 0xee6e, 0xee6e, 0xee6e, 0xee6e, 0xee6e, 0xee6e, 0xee6e, 0xf307, 0xf2e7,
0xf2e7, 0xf2e7, 0xf2e7, 0xf2e7, 0xf2e7, 0xf2e7, 0xf2e7, 0xf2e7, 0xf536, 0xffbe,
0xffbe, 0xffbe, 0xffde, 0xffbe, 0xffbe, 0xffbe, 0xffbe, 0xffbe, 0xffde, 0xf368,
0xf2e7, 0xf2e7, 0xf2e7, 0xf2e7, 0xf2c6, 0xfefd, 0xffbe, 0xffbe, 0xfef8, 0xf2e7,
0xf2cb, 0xffbe, 0xffbe, 0xffff, 0xf326, 0xf2e7, 0xf2e7, 0xf307, 0xf307, 0xf307,
0xf307, 0xf307, 0xf327, 0xf327, 0xf328, 0xf348, 0xec2d, 0xf3eb, 0xf3eb, 0xf3eb,
0xf3eb, 0xf3eb, 0xf3eb, 0xf3eb, 0xf3eb, 0xf3eb, 0xf3eb, 0xf3eb, 0xf3eb, 0xf3cb,
0xfedd, 0xffde, 0xffde, 0xffbe, 0xffbe, 0xff9d, 0xfd92, 0xf3cb, 0xf3eb, 0xf3eb,
0xf3eb, 0xf3eb, 0xf3eb, 0xf3eb, 0xf3eb, 0xf3eb, 0xf3eb, 0xf3cb, 0xfedb, 0xffbe,
0xffbe, 0xffbd, 0xf3eb, 0xf3eb, 0xf3eb, 0xf3eb, 0xf3eb, 0xf3eb, 0xf3eb, 0xf3eb,
0xf3eb, 0xf3eb, 0xf3eb, 0xf3eb, 0xf4ac, 0xf4ac, 0xf4ac, 0xf4ac, 0xf4ac, 0xf4ac,
0xf4ac, 0xf4ac, 0xf4ac, 0xf4ac, 0xf4ac, 0xf4ac, 0xf4ac, 0xf4ac, 0xf4ac, 0xf48b,
0xfef9, 0xffbe, 0xffbe, 0xff5c, 0xf4ac, 0xf4ac, 0xf4ac, 0xf4ac, 0xf4ac, 0xf46b,
0xffbe, 0xffbe, 0xffbe, 0xff3b, 0xffde, 0xffbe, 0xffbe, 0xffbe, 0xffbe, 0xffdf,
0xf5b2, 0xf4ac, 0xf4ac, 0xf4ac, 0xf4ac, 0xf4ac, 0xf4ac, 0xf4ac, 0xf4ac, 0xf4ac,
0xf4ac, 0xf48c, 0xed8f, 0xf58f, 0xf58f, 0xf58f, 0xf58f, 0xf58f, 0xf58f, 0xf58f,
0xf58f, 0xf58f, 0xf58f, 0xf58f, 0xf58f, 0xf58f, 0xf58f, 0xf58f, 0xf58f, 0xf58f,
0xf58f, 0xf6b8, 0xffbe, 0xffbe, 0xffbe, 0xffbe, 0xffbe, 0xffbe, 0xffbe, 0xffbd,
0xf5cf, 0xf58f, 0xf58f, 0xf58f, 0xf58f, 0xf58f, 0xf58f, 0xf58f, 0xf58f, 0xf58f,
0xf58f, 0xf58f, 0xf58f, 0xf58f, 0xf58f, 0xf58f, 0xf58f, 0xf58f, 0xf58f, 0xf58f,
0xeef8, 0xef19, 0xef19, 0xef19, 0xef19, 0xef19, 0xef19, 0xef19, 0xef19, 0xef19,
0xef19, 0xef19, 0xef19, 0xef19, 0xef19, 0xef19, 0xef19, 0xef19, 0xef19, 0xeef8,
0x7b4c, 0x736c, 0x736c, 0x94f3, 0xf719, 0xb4d0, 0x736c, 0x736c, 0x8c50, 0xf719,
0xef19, 0xef19, 0xef19, 0xef19, 0xef19, 0xef19, 0xef19, 0xef19, 0xef19, 0xef19,
0xef19, 0xef19, 0xef19, 0xef19, 0xef19, 0xef19, 0xef19, 0xeef8, 0xef3b, 0xef3b,
0xef3b, 0xef3b, 0xef3b, 0xef3b, 0xef3b, 0xef3b, 0xef3b, 0xef3b, 0xef3b, 0xef3b,
0xef3b, 0xef3b, 0xef3b, 0xef3b, 0xef3b, 0xef3b, 0xef3b, 0xef3b, 0xef3b, 0xef3b,
0xef3b, 0xef3b, 0xef1b, 0x732b, 0x736c, 0x736c, 0x734c, 0xef1b, 0xef3b, 0xef3b,
0xef3b, 0xef3b, 0xef3b, 0xef3b, 0xef3b, 0xef3b, 0xef3b, 0xef3b, 0xef3b, 0xef3b,
0xef3b, 0xef3b, 0xef3b, 0xef3b, 0xef3b, 0xef3b, 0xce16, 0xce16, 0xce16, 0xce16,
0xce16, 0xce16, 0xce16, 0xce16, 0xce16, 0xce16, 0xce16, 0xce16, 0xce16, 0xce16,
0xce16, 0xce16, 0xce16, 0xce16, 0xce16, 0xce16, 0xce16, 0xce16, 0xce16, 0xce16,
0xce16, 0xce16, 0xce16, 0xce16, 0xce16, 0xce16, 0xce16, 0xce16, 0xce16, 0xce16,
0xce16, 0xce16, 0xce16, 0xce16, 0xce16, 0xce16, 0xce16, 0xce16, 0xce16, 0xce16,
0xce16, 0xce16, 0xce16, 0xce16, 
0x39c6, 0x39c6, 0x39c6, 0x39c6, 0x5aca, 0xffbe, 0x62ea, 0x39c6, 0x39c6, 0x39c6,
0x39a5, 0xb595, 0xffbe, 0xef5c, 0x4a27, 0x39c6, 0x39c6, 0x39c6, 0x39c6, 0x41e6,
0xffff, 0xad54, 0x39c6, 0x39c6, 0x5289, 0xffde, 0xa513, 0x39c6, 0x39c6, 0x8c30,
0xffff, 0x7bce, 0x39c6, 0x39c6, 0x39c6, 0x4227, 0xffde, 0xe71b, 0x39c6, 0x39c6,
0x39c6, 0x39c6, 0x39c6, 0x630b, 0xffff, 0xdefa, 0x39c6, 0x39c6, 0x39c6, 0x39c6,
0x39c6, 0x39c6, 0x3185, 0xe6fb, 0xffbe, 0xffbe, 0xf7be, 0xffbe, 0xffbe, 0x738d,
0x39a5, 0xdeba, 0xffbe, 0xf7be, 0xffbe, 0xffbe, 0xffbe, 0x39a5, 0x39c6, 0xf7be,
0xffbe, 0xf7be, 0xffbe, 0xffbe, 0xffbe, 0x3185, 0x39c6, 0x39c6, 0x630b, 0xffbe,
0xffbe, 0x9cb2, 0x39c6, 0x39c6, 0x840f, 0xffde, 0xffbe, 0xf7be, 0xffbe, 0xffbe,
0xffbe, 0x39e6, 0x39c6, 0x39c6, 0x39c6, 0x39c6, 0x39c6, 0x39c6, 0x39c6, 0x39c6,
0x39c6, 0x39c6, 0x4a48, 0xffde, 0xffde, 0xb575, 0x39a5, 0x39c6, 0x39c6, 0x39c6,
0x39c6, 0x39c6, 0xef3c, 0xffbe, 0x6b4c, 0x39c6, 0x39c6, 0x39c6, 0x39c6, 0x39c6,
0xffff, 0xf79d, 0x39c6, 0x39c6, 0x3185, 0xef5c, 0xffbe, 0xffbe, 0xf7be, 0xffbe,
0xffde, 0x5aca, 0x39c6, 0x4207, 0xf79d, 0xffbe, 0xffbe, 0xf79d, 0x52a9, 0x39c6,
0x39c6, 0x39c6, 0x39c6, 0x39c6, 0x39c6, 0x39c6, 0x39c6, 0x39c6, 0x39c6, 0x39c6,
0x39c6, 0x5aa9, 0xffde, 0xc5f7, 0x39c6, 0x39c6, 0x3185, 0xef5c, 0xffbe, 0xffbe,
0xf7be, 0xffbe, 0xffde, 0x5aca, 0x39c6, 0x39c6, 0x4a48, 0xffde, 0xffde, 0xb575,
0x39a5, 0x39c6, 0x39c6, 0x52a9, 0xffde, 0xffbe, 0xffbe, 0xef5c, 0x4227, 0x39c6,
0x39c6, 0x9cd2, 0xffde, 0x7bad, 0x4a27, 0xffde, 0xce58, 0x39c6, 0x39c6, 0x39c6,
0x39c6, 0x39c6, 0x39c6, 0x39c6, 0x39c6, 0x39c6, 0x39c6, 0x39c6, 0x39c6, 0x39c6,
0x39c6, 0x52a9, 0xf77d, 0xffbe, 0xffbe, 0xef7c, 0x4a27, 0x39c6, 0x39c6, 0x39c6,
0x39c6, 0x41e6, 0xffff, 0xbdb6, 0x39a5, 0x39c6, 0x39c6, 0xef5c, 0xffbe, 0xce78,
0x9cb1, 0xf79d, 0xffbe, 0xa533, 0x39a5, 0x39c6, 0x39c6, 0x39c6, 0xb575, 0xffbe,
0xad34, 0x39c6, 0x39c6, 0x39c6, 0x39c6, 0x39c6, 0x39c6, 0x39c6, 0x39c6, 0x39c6,
0x39c6, 0x39c6, 0x39c6, 0x39c6, 0x39c6, 0x39c6, 0x39c6, 0x39c6, 0x39c6, 0xad54,
0xffbe, 0x5289, 0x3164, 0xffde, 0xa4f3, 0x39a5, 0x4207, 0xffff, 0xe6fb, 0x39a5,
0x39c6, 0x39c6, 0xf77d, 0xffff, 0x41e6, 0xa533, 0xffbe, 0xef3c, 0x94b1, 0xe6fb,
0xffbe, 0xf79d, 0x39c6, 0xef3c, 0xffbe, 0xffbe, 0xf7be, 0xffbe, 0xffde, 0xa513,
0x39c6, 0x39c6, 0x39c6, 0x39c6, 0x39c6, 0x39c6, 0x39c6, 0x3165, 0xee05, 0xee05,
0xee05, 0xee05, 0xee05, 0xee05, 0xee05, 0xee05, 0xee05, 0xf6b2, 0xffbe, 0xffdf,
0xf667, 0xee05, 0xee27, 0xffbe, 0xffbe, 0xee27, 0xee05, 0xee05, 0xede4, 0xf79e,
0xffbf, 0xf68b, 0xee05, 0xee26, 0xffbe, 0xffbe, 0xee27, 0xede4, 0xff9e, 0xffdf,
0xee25, 0xee05, 0xee05, 0xee06, 0xf79d, 0xffbe, 0xffbd, 0xffbd, 0xff9b, 0xf647,
0xee06, 0xee26, 0xee26, 0xee26, 0xee27, 0xee27, 0xee27, 0xee27, 0xee27, 0xee27,
0xee27, 0xee27, 0xee27, 0xee27, 0xee28, 0xffdf, 0xffbe, 0xf668, 0xee27, 0xee27,
0xee06, 0xf77c, 0xffbe, 0xf6f0, 0xee27, 0xee27, 0xee27, 0xf75c, 0xffbe, 0xf712,
0xee27, 0xee27, 0xee27, 0xee27, 0xee29, 0xffbf, 0xffbe, 0xff77, 0xee27, 0xee27,
0xee27, 0xf738, 0xffbe, 0xf735, 0xee27, 0xf6f5, 0xffbd, 0xf734, 0xee28, 0xee28,
0xee28, 0xee28, 0xee48, 0xee49, 0xee6d, 0xee4a, 0xee4a, 0xee4a, 0xee4a, 0xee4a,
0xee4a, 0xf75b, 0xffbe, 0xffbe, 0xffbe, 0xffbe, 0xffbe, 0xffbe, 0xffbe, 0xffbe,
0xee4a, 0xee4a, 0xee4a, 0xee4a, 0xee4a, 0xee4a, 0xee49, 0xf6b3, 0xffbe, 0xffbe,
0xf6ab, 0xee4a, 0xee4a, 0xee4a, 0xee4a, 0xee4a, 0xee4a, 0xee4a, 0xee4a, 0xee4a,
0xee91, 0xffbe, 0xffbe, 0xffbe, 0xee4a, 0xee4a, 0xee4a, 0xee4a, 0xee4a, 0xee4a,
0xee4a, 0xee4b, 0xee8e, 0xee6c, 0xee6c, 0xee6c, 0xee6c, 0xee6c, 0xee6c, 0xee6c,
0xee6c, 0xee6c, 0xee6c, 0xee6c, 0xf718, 0xffbe, 0xffbe, 0xff9a, 0xee4b, 0xee6c,
0xee6b, 0xf6f7, 0xffbe, 0xffbe, 0xffbe, 0xffbe, 0xffbe, 0xffbe, 0xffbe, 0xffbd,
0xee6b, 0xee6c, 0xee6d, 0xffbe, 0xffbe, 0xffbe, 0xffbe, 0xffbe, 0xffbe, 0xffbe,
0xffbe, 0xffbd, 0xee6b, 0xee6c, 0xee6c, 0xee6c, 0xee6c, 0xee6c, 0xee6c, 0xee6c,
0xee6e, 0xee6e, 0xee6e, 0xee6e, 0xee6e, 0xee6e, 0xee6e, 0xee6e, 0xee6e, 0xee6e,
0xee6e, 0xeeb3, 0xffbe, 0xffbe, 0xf756, 0xee6e, 0xee6e, 0xee6e, 0xee6e, 0xee6e,
0xee6e, 0xee6e, 0xee6e, 0xee6e, 0xf6d3, 0xffbe, 0xffbe, 0xffbe, 0xee8e, 0xee6e,
0xee6e, 0xee6e, 0xee6e, 0xf77b, 0xffbe, 0xffbe, 0xffbe, 0xffbe, 0xffbe, 0xf6af,
0xee6e, 0xee6e, 0xee6e, 0xee6e, 0xee6e, 0xee6e, 0xee6e, 0xee6e, 0xf307, 0xf2e7,
0xf2e7, 0xf2e7, 0xf2e7, 0xf2e7, 0xf2e7, 0xf2e7, 0xf2e7, 0xf2e7, 0xfe5b, 0xffbe,
0xffbe, 0xffbe, 0xffbe, 0xffbe, 0xffbe, 0xffbe, 0xffbe, 0xffbe, 0xffbe, 0xffbe,
0xf307, 0xf2e7, 0xf2e7, 0xf2e6, 0xfdd7, 0xffbe, 0xffbe, 0xff7c, 0xf2c6, 0xf2e7,
0xf2cb, 0xffbe, 0xffbe, 0xffff, 0xf326, 0xf2e7, 0xf2e7, 0xf307, 0xf307, 0xf307,
0xf307, 0xf307, 0xf327, 0xf327, 0xf328, 0xf348, 0xec2d, 0xf3eb, 0xf3eb, 0xf3eb,
0xf3eb, 0xf3eb, 0xf3eb, 0xf3eb, 0xf3eb, 0xf3eb, 0xf3eb, 0xf3eb, 0xf3eb, 0xf3cb,
0xfedc, 0xffbe, 0xffbe, 0xffbe, 0xffbe, 0xfeb8, 0xf42d, 0xf3eb, 0xf3eb, 0xf3eb,
0xf3eb, 0xf3eb, 0xf3eb, 0xf3eb, 0xf3eb, 0xf3eb, 0xf3cb, 0xf617, 0xffbe, 0xffbe,
0xffbe, 0xfeb6, 0xf3eb, 0xf3eb, 0xf3eb, 0xf3eb, 0xf3eb, 0xf3eb, 0xf3eb, 0xf3eb,
0xf3eb, 0xf3eb, 0xf3eb, 0xf3eb, 0xf4ac, 0xf4ac, 0xf4ac, 0xf4ac, 0xf4ac, 0xf4ac,
0xf4ac, 0xf4ac, 0xf4ac, 0xf4ac, 0xf4ac, 0xf4ac, 0xf4ac, 0xf4ac, 0xf4ac, 0xf48b,
0xfef9, 0xffbe, 0xffbe, 0xff5c, 0xf4ac, 0xf4ac, 0xf4ac, 0xf4ac, 0xf4ac, 0xf4ac,
0xffdf, 0xffbe, 0xffbe, 0xffbe, 0xffbe, 0xffbe, 0xffbe, 0xffbe, 0xffbe, 0xffbe,
0xffdf, 0xf550, 0xf4ac, 0xf4ac, 0xf4ac, 0xf4ac, 0xf4ac, 0xf4ac, 0xf4ac, 0xf4ac,
0xf4ac, 0xf48c, 0xed8f, 0xf58f, 0xf58f, 0xf58f, 0xf58f, 0xf58f, 0xf58f, 0xf58f,
0xf58f, 0xf58f, 0xf58f, 0xf58f, 0xf58f, 0xf58f, 0xf58f, 0xf58f, 0xf58f, 0xf58f,
0xf58f, 0xf58f, 0xf676, 0xffde, 0xffbe, 0xffbe, 0xffbe, 0xffbe, 0xffbe, 0xf58f,
0xf58f, 0xf58f, 0xf58f, 0xf58f, 0xf58f, 0xf58f, 0xf58f, 0xf58f, 0xf58f, 0xf58f,
0xf58f, 0xf58f, 0xf58f, 0xf58f, 0xf58f, 0xf58f, 0xf58f, 0xf58f, 0xf58f, 0xf58f,
0xeef8, 0xef19, 0xef19, 0xef19, 0xef19, 0xef19, 0xef19, 0xef19, 0xef19, 0xef19,
0xef19, 0xef19, 0xef19, 0xef19, 0xef19, 0xef19, 0xef19, 0xef19, 0xef19, 0x9c0d,
0x736c, 0x736c, 0x7bce, 0xef19, 0xef19, 0xb4d0, 0x736c, 0x736c, 0x8c50, 0xf719,
0xef19, 0xef19, 0xef19, 0xef19, 0xef19, 0xef19, 0xef19, 0xef19, 0xef19, 0xef19,
0xef19, 0xef19, 0xef19, 0xef19, 0xef19, 0xef19, 0xef19, 0xeef8, 0xef3b, 0xef3b,
0xef3b, 0xef3b, 0xef3b, 0xef3b, 0xef3b, 0xef3b, 0xef3b, 0xef3b, 0xef3b, 0xef3b,
0xef3b, 0xef3b, 0xef3b, 0xef3b, 0xef3b, 0xef3b, 0xef3b, 0xef3b, 0xef3b, 0xef3b,
0xef3b, 0xf73b, 0xa4d1, 0x736c, 0x736c, 0x736c, 0xd637, 0xef3b, 0xef3b, 0xef3b,
0xef3b, 0xef3b, 0xef3b, 0xef3b, 0xef3b, 0xef3b, 0xef3b, 0xef3b, 0xef3b, 0xef3b,
0xef3b, 0xef3b, 0xef3b, 0xef3b, 0xef3b, 0xef3b, 0xce16, 0xce16, 0xce16, 0xce16,
0xce16, 0xce16, 0xce16, 0xce16, 0xce16, 0xce16, 0xce16, 0xce16, 0xce16, 0xce16,
0xce16, 0xce16, 0xce16, 0xce16, 0xce16, 0xce16, 0xce16, 0xce16, 0xce16, 0xce16,
0xce16, 0xce16, 0xce16, 0xce16, 0xce16, 0xce16, 0xce16, 0xce16, 0xce16, 0xce16,
0xce16, 0xce16, 0xce16, 0xce16, 0xce16, 0xce16, 0xce16, 0xce16, 0xce16, 0xce16,
0xce16, 0xce16, 0xce16, 0xce16, 
0x39c6, 0x39c6, 0x39c6, 0x39c6, 0x5aca, 0xffbe, 0x62ea, 0x39c6, 0x39c6, 0x39c6,
0x39c6, 0x4207, 0x4a27, 0xe71b, 0xffbe, 0x39c6, 0x39c6, 0x39c6, 0x39c6, 0x41e6,
0xffff, 0xad54, 0x39c6, 0x39c6, 0x5268, 0xffde, 0xb595, 0x39c6, 0x39c6, 0x9491,
0xffff, 0x738d, 0x39c6, 0x39c6, 0x39c6, 0x9491, 0xffbe, 0x5289, 0x39c6, 0x39c6,
0x39c6, 0x39c6, 0x630b, 0xffde, 0xe73c, 0x39a5, 0x39c6, 0x39c6, 0x39c6, 0x39c6,
0x39c6, 0x39c6, 0x3185, 0xe71b, 0xf7be, 0x3185, 0x39c6, 0x4a48, 0xffbe, 0xdeda,
0x39c6, 0x41e6, 0x39e6, 0x39c6, 0x39c6, 0x8c50, 0xffde, 0x9cb1, 0x39c6, 0x41e6,
0x39e6, 0x39c6, 0x39c6, 0xbdf6, 0xffde, 0x7bad, 0x39c6, 0x39c6, 0x39e6, 0x4207,
0x9471, 0xffbe, 0xce38, 0x39a5, 0x842f, 0xffde, 0xa513, 0x39c6, 0x39c6, 0xd699,
0xffbe, 0x4207, 0x39c6, 0x39c6, 0x39c6, 0x39c6, 0x39c6, 0x39c6, 0x39c6, 0x39c6,
0x39c6, 0x39c6, 0x39c6, 0x4207, 0x7bae, 0xffff, 0xdeda, 0x3185, 0x39c6, 0x39c6,
0x39c6, 0xdeba, 0xffbe, 0xa533, 0x39c6, 0x39c6, 0x39c6, 0x39c6, 0x39c6, 0x6b4c,
0xffde, 0xc5f7, 0x39c6, 0x39c6, 0x3185, 0xf77d, 0xf79d, 0x3185, 0x39c6, 0x6b4c,
0xffde, 0xbdf7, 0x41e6, 0xf7be, 0xffff, 0x4a48, 0x39c6, 0xdeba, 0xffff, 0x62ea,
0x39c6, 0x39c6, 0x39c6, 0x39c6, 0x39c6, 0x39c6, 0x39c6, 0x39c6, 0x39c6, 0x39c6,
0x39c6, 0x5aa9, 0xffde, 0xc5f7, 0x39c6, 0x39c6, 0x3185, 0xf77d, 0xf79d, 0x3185,
0x39c6, 0x6b4c, 0xffde, 0xbdf7, 0x39c6, 0x39c6, 0x39c6, 0x4207, 0x7bae, 0xffff,
0xdeda, 0x3185, 0x5289, 0xffff, 0xf77d, 0x41e6, 0x41e6, 0xf77d, 0xffff, 0x4a48,
0x6b4c, 0xffff, 0xb575, 0x31a5, 0x4227, 0xffde, 0xce58, 0x39a5, 0x39c6, 0x39c6,
0x39c6, 0x39c6, 0x39c6, 0x39c6, 0x39c6, 0x39c6, 0x39c6, 0x39c6, 0x39c6, 0x39c6,
0x39a5, 0xffbe, 0xef7d, 0x41e6, 0x4207, 0xef3c, 0xffbe, 0x39c6, 0x39c6, 0x39c6,
0x39c6, 0x41e6, 0xffff, 0xbdb6, 0x39a5, 0x39c6, 0x39c6, 0x4207, 0xffff, 0xffde,
0xffde, 0xd699, 0xffde, 0x9cd2, 0x39c6, 0x39c6, 0x39a5, 0x9cd2, 0xffbe, 0xe71b,
0x39c6, 0x39c6, 0x39c6, 0x39c6, 0x39c6, 0x39c6, 0x39c6, 0x39c6, 0x39c6, 0x39c6,
0x39c6, 0x39c6, 0x39c6, 0x39c6, 0x39c6, 0x39c6, 0x39c6, 0x39c6, 0x630b, 0xffde,
0x9cd2, 0x39a5, 0x2964, 0xffde, 0x9cf2, 0x31a5, 0x39e6, 0xffff, 0xe71b, 0x31a5,
0x39c6, 0x39c6, 0xf77d, 0xffff, 0x39e6, 0x39a5, 0xce58, 0xffde, 0xffde, 0xe71b,
0xffde, 0xf79d, 0x39c6, 0xef5c, 0xffff, 0x4a68, 0x39c6, 0x4a68, 0xffff, 0xdeba,
0x39a5, 0x39c6, 0x39c6, 0x39c6, 0x39c6, 0x39c6, 0x39c6, 0x3165, 0xee05, 0xee05,
0xee05, 0xee05, 0xee05, 0xee05, 0xee05, 0xee05, 0xf6b2, 0xffbe, 0xffbf, 0xf6cd,
0xee05, 0xee05, 0xee27, 0xffbe, 0xffbe, 0xee27, 0xee05, 0xee05, 0xede4, 0xf7bf,
0xffbf, 0xf689, 0xee05, 0xf79d, 0xffbe, 0xf68b, 0xee05, 0xede4, 0xff9e, 0xffdf,
0xee25, 0xee05, 0xee06, 0xffbe, 0xffbe, 0xf734, 0xee06, 0xee6f, 0xffbe, 0xffbe,
0xf66a, 0xee26, 0xee26, 0xee26, 0xee27, 0xee27, 0xee27, 0xee27, 0xee27, 0xee27,
0xee27, 0xee27, 0xee27, 0xee27, 0xee28, 0xffdf, 0xffbe, 0xf668, 0xee27, 0xee27,
0xee06, 0xf75b, 0xffbe, 0xf711, 0xee27, 0xee27, 0xee27, 0xf77e, 0xffbe, 0xf711,
0xee27, 0xee27, 0xee27, 0xee28, 0xffbe, 0xffbe, 0xff9a, 0xee27, 0xee27, 0xee27,
0xee91, 0xffbe, 0xff9a, 0xee27, 0xee27, 0xf6f5, 0xffbd, 0xf734, 0xee28, 0xee28,
0xee28, 0xee28, 0xee48, 0xee49, 0xee6d, 0xee4a, 0xee4a, 0xee4a, 0xee4a, 0xee4a,
0xee49, 0xf79c, 0xffbe, 0xff9a, 0xf66c, 0xee4a, 0xf6d3, 0xffdf, 0xffbe, 0xffbe,
0xf712, 0xee49, 0xee4a, 0xee4a, 0xee4a, 0xee4a, 0xee49, 0xf6b3, 0xffbe, 0xffbe,
0xf6ab, 0xee4a, 0xee4a, 0xee4a, 0xee4a, 0xee4a, 0xee4a, 0xee4a, 0xee49, 0xee6f,
0xffbe, 0xffbe, 0xffbe, 0xf66c, 0xee4a, 0xee4a, 0xee4a, 0xee4a, 0xee4a, 0xee4a,
0xee4a, 0xee4b, 0xee8e, 0xee6c, 0xee6c, 0xee6c, 0xee6c, 0xee6c, 0xee6c, 0xee6c,
0xee6c, 0xee6c, 0xee6c, 0xeed5, 0xffbe, 0xffbe, 0xffde, 0xee6c, 0xee6c, 0xee6c,
0xee4b, 0xf73a, 0xffbe, 0xffbc, 0xf68d, 0xee6c, 0xf6d3, 0xffbe, 0xffbe, 0xffbe,
0xf757, 0xee6c, 0xee6d, 0xffbe, 0xffbe, 0xffbe, 0xf737, 0xee6c, 0xee8f, 0xff9d,
0xffbe, 0xffbe, 0xf777, 0xee6c, 0xee6c, 0xee6c, 0xee6c, 0xee6c, 0xee6c, 0xee6c,
0xee6e, 0xee6e, 0xee6e, 0xee6e, 0xee6e, 0xee6e, 0xee6e, 0xee6e, 0xee6e, 0xee6e,
0xee6e, 0xeeb3, 0xffbe, 0xffbe, 0xf756, 0xee6e, 0xee6e, 0xee6e, 0xee6e, 0xee6e,
0xee6e, 0xee6e, 0xee6e, 0xeed3, 0xffbe, 0xffbe, 0xffbe, 0xee8f, 0xee6e, 0xee6e,
0xee6e, 0xee6e, 0xffbe, 0xffbe, 0xffbe, 0xff78, 0xee90, 0xffbe, 0xffbe, 0xffbe,
0xf734, 0xee6e, 0xee6e, 0xee6e, 0xee6e, 0xee6e, 0xee6e, 0xee6e, 0xf307, 0xf2e7,
0xf2e7, 0xf2e7, 0xf2e7, 0xf2e7, 0xf2e7, 0xf2e7, 0xf2e7, 0xf2e7, 0xfe7c, 0xffbe,
0xffbe, 0xffbe, 0xfdb2, 0xf307, 0xf307, 0xf2e8, 0xff1c, 0xffbe, 0xffbe, 0xffbe,
0xf3e8, 0xf2e7, 0xf2e7, 0xf492, 0xffde, 0xffbe, 0xffde, 0xf367, 0xf2e7, 0xf2e7,
0xf2cb, 0xffbe, 0xffbe, 0xffff, 0xf326, 0xf2e7, 0xf2e7, 0xf307, 0xf307, 0xf307,
0xf307, 0xf307, 0xf327, 0xf327, 0xf328, 0xf348, 0xec2d, 0xf3eb, 0xf3eb, 0xf3eb,
0xf3eb, 0xf3eb, 0xf3eb, 0xf3eb, 0xf3eb, 0xf3eb, 0xf3eb, 0xf3eb, 0xf3eb, 0xf3cb,
0xfedd, 0xffde, 0xffde, 0xffde, 0xffbe, 0xffbe, 0xffde, 0xf510, 0xf3eb, 0xf3eb,
0xf3eb, 0xf3eb, 0xf3eb, 0xf3eb, 0xf3eb, 0xf3eb, 0xf5d6, 0xffbe, 0xffbe, 0xffbe,
0xff5b, 0xf3cb, 0xf3eb, 0xf3eb, 0xf3eb, 0xf3eb, 0xf3eb, 0xf3eb, 0xf3eb, 0xf3eb,
0xf3eb, 0xf3eb, 0xf3eb, 0xf3eb, 0xf4ac, 0xf4ac, 0xf4ac, 0xf4ac, 0xf4ac, 0xf4ac,
0xf4ac, 0xf4ac, 0xf4ac, 0xf4ac, 0xf4ac, 0xf4ac, 0xf4ac, 0xf4ac, 0xf4ac, 0xf48b,
0xfef9, 0xffbe, 0xffbe, 0xff5c, 0xf4ac, 0xf4ac, 0xf4ac, 0xf4ac, 0xf4ac, 0xf4ac,
0xffdf, 0xffbe, 0xffbe, 0xffde, 0xf656, 0xf4cd, 0xf4cd, 0xfef9, 0xffbe, 0xffbe,
0xffbe, 0xfef9, 0xf48b, 0xf4ac, 0xf4ac, 0xf4ac, 0xf4ac, 0xf4ac, 0xf4ac, 0xf4ac,
0xf4ac, 0xf48c, 0xed8f, 0xf58f, 0xf58f, 0xf58f, 0xf58f, 0xf58f, 0xf58f, 0xf58f,
0xf58f, 0xf58f, 0xf58f, 0xf58f, 0xf58f, 0xf58f, 0xf58f, 0xf58f, 0xf58f, 0xf58f,
0xf56e, 0xf75c, 0xffbe, 0xffbe, 0xffbe, 0xffbe, 0xffde, 0xffbe, 0xffbe, 0xffbe,
0xf717, 0xf56e, 0xf58f, 0xf58f, 0xf58f, 0xf58f, 0xf58f, 0xf58f, 0xf58f, 0xf58f,
0xf58f, 0xf58f, 0xf58f, 0xf58f, 0xf58f, 0xf58f, 0xf58f, 0xf58f, 0xf58f, 0xf58f,
0xeef8, 0xef19, 0xef19, 0xef19, 0xef19, 0xef19, 0xef19, 0xef19, 0xef19, 0xef19,
0xef19, 0xef19, 0xef19, 0xef19, 0xef19, 0xef19, 0xef19, 0xef19, 0xcdb2, 0x736c,
0x736c, 0x736c, 0xe6f8, 0xef19, 0xef19, 0xb4d0, 0x736c, 0x736c, 0x8c50, 0xf719,
0xef19, 0xef19, 0xef19, 0xef19, 0xef19, 0xef19, 0xef19, 0xef19, 0xef19, 0xef19,
0xef19, 0xef19, 0xef19, 0xef19, 0xef19, 0xef19, 0xef19, 0xeef8, 0xef3b, 0xef3b,
0xef3b, 0xef3b, 0xef3b, 0xef3b, 0xef3b, 0xef3b, 0xef3b, 0xef3b, 0xef3b, 0xef3b,
0xef3b, 0xef3b, 0xef3b, 0xef3b, 0xef3b, 0xef3b, 0xef3b, 0xef3b, 0xef3b, 0xef3b,
0xf73b, 0xb554, 0x736c, 0x736c, 0x736c, 0x9450, 0xef3b, 0xef3b, 0xef3b, 0xef3b,
0xef3b, 0xef3b, 0xef3b, 0xef3b, 0xef3b, 0xef3b, 0xef3b, 0xef3b, 0xef3b, 0xef3b,
0xef3b, 0xef3b, 0xef3b, 0xef3b, 0xef3b, 0xef3b, 0xce16, 0xce16, 0xce16, 0xce16,
0xce16, 0xce16, 0xce16, 0xce16, 0xce16, 0xce16, 0xce16, 0xce16, 0xce16, 0xce16,
0xce16, 0xce16, 0xce16, 0xce16, 0xce16, 0xce16, 0xce16, 0xce16, 0xce16, 0xce16,
0xce16, 0xce16, 0xce16, 0xce16, 0xce16, 0xce16, 0xce16, 0xce16, 0xce16, 0xce16,
0xce16, 0xce16, 0xce16, 0xce16, 0xce16, 0xce16, 0xce16, 0xce16, 0xce16, 0xce16,
0xce16, 0xce16, 0xce16, 0xce16, 
0x39c6, 0x39c6, 0x39c6, 0x39c6, 0x5aca, 0xffbe, 0x62ea, 0x39c6, 0x39c6, 0x39c6,
0x39a5, 0x39c6, 0x39c6, 0x738d, 0xffbe, 0x630b, 0x39c6, 0x39c6, 0x39c6, 0x41e6,
0xffff, 0xad54, 0x39c6, 0x39c6, 0x4227, 0xffde, 0xf79d, 0x39c6, 0x39c6, 0xce78,
0xffff, 0x5aca, 0x39c6, 0x39c6, 0x41e6, 0xffff, 0xf79d, 0x39c6, 0x39c6, 0x39c6,
0x39c6, 0x83ef, 0xffbe, 0xdeba, 0x39c6, 0x39c6, 0x39c6, 0x39c6, 0x39c6, 0x39c6,
0x39c6, 0x39c6, 0x31a5, 0xce58, 0xffff, 0x39c6, 0x39c6, 0x4207, 0xffbe, 0xe6fb,
0x39c6, 0x39a5, 0x39a5, 0x39c6, 0x39c6, 0x738d, 0xffde, 0x9cd2, 0x39c6, 0x31a5,
0x39c6, 0x39c6, 0x39c6, 0xad34, 0xffff, 0x7bce, 0x39c6, 0x39a5, 0x39c6, 0x39c6,
0x39a5, 0xf77d, 0xffff, 0x39c6, 0x6b4c, 0xffff, 0xbdb6, 0x39c6, 0x39c6, 0xb595,
0xffbe, 0x4207, 0x39c6, 0x39c6, 0x39c6, 0x39c6, 0x39c6, 0x39c6, 0x39c6, 0x39c6,
0x39c6, 0x39a5, 0x39c6, 0x39c6, 0x3185, 0xdeba, 0xffff, 0x39e6, 0x39c6, 0x39a5,
0xdeda, 0xffbe, 0x9491, 0x39c6, 0x39c6, 0x39c6, 0x39c6, 0x39c6, 0x3185, 0xe71b,
0xffbe, 0x41e6, 0x39c6, 0x39c6, 0x31a5, 0xe71b, 0xffff, 0x39a5, 0x39c6, 0x5aca,
0xffff, 0xc617, 0x4207, 0xffbe, 0xad74, 0x39c6, 0x39c6, 0x7bad, 0xffff, 0x9cd2,
0x39c6, 0x39c6, 0x39c6, 0x39c6, 0x39c6, 0x39c6, 0x39c6, 0x39c6, 0x39c6, 0x39c6,
0x39c6, 0x5aa9, 0xffde, 0xc5f7, 0x39c6, 0x39c6, 0x31a5, 0xe71b, 0xffff, 0x39a5,
0x39c6, 0x5aca, 0xffff, 0xc617, 0x39c6, 0x39a5, 0x39c6, 0x39c6, 0x3185, 0xdeba,
0xffff, 0x39e6, 0x6b4c, 0xffde, 0x9491, 0x39c6, 0x39c6, 0x94b1, 0xffde, 0x6b2b,
0xbdb6, 0xffbe, 0xef7d, 0xef5c, 0xef7d, 0xffbe, 0xf7bd, 0xdeda, 0x39c6, 0x39c6,
0x39c6, 0x39c6, 0x39c6, 0x39c6, 0x39c6, 0x39c6, 0x39c6, 0x39c6, 0x39c6, 0x39c6,
0x632b, 0xffff, 0x9cd2, 0x39c6, 0x39c6, 0x6b2b, 0xffbe, 0x7bce, 0x39c6, 0x39c6,
0x39c6, 0x41e6, 0xffff, 0xbdb6, 0x39a5, 0x39c6, 0x39c6, 0x39c6, 0x39a5, 0x4227,
0x4207, 0xbdf6, 0xffde, 0x736d, 0x39c6, 0x31a5, 0xad34, 0xffde, 0xd6b9, 0x39c6,
0x39c6, 0x39c6, 0x39c6, 0x39c6, 0x39c6, 0x39c6, 0x39c6, 0x39c6, 0x39c6, 0x39c6,
0x39c6, 0x39c6, 0x39c6, 0x39c6, 0x39c6, 0x39c6, 0x39c6, 0x39a5, 0xc637, 0xffbe,
0xef5c, 0xef5c, 0xef5c, 0xffbe, 0xf79d, 0xb595, 0x2964, 0xf77d, 0xf79d, 0x2964,
0x39c6, 0x31a5, 0xf79d, 0xef5c, 0x31a5, 0x39c6, 0x39a5, 0x4227, 0x4227, 0x5aca,
0xffde, 0xbdb6, 0x39c6, 0xdefb, 0xffff, 0x5aa9, 0x39c6, 0x39a5, 0xffff, 0xdeda,
0x39a5, 0x39c6, 0x39c6, 0x39c6, 0x39c6, 0x39c6, 0x39c6, 0x3165, 0xee05, 0xee05,
0xee05, 0xee05, 0xee05, 0xee05, 0xee05, 0xf6d4, 0xffbe, 0xffdf, 0xf68a, 0xee05,
0xee05, 0xee05, 0xee06, 0xffbe, 0xffbe, 0xf668, 0xee05, 0xee05, 0xee09, 0xffdf,
0xffdf, 0xf645, 0xee49, 0xffbe, 0xffbe, 0xf77b, 0xf77b, 0xf77b, 0xffbe, 0xffbe,
0xff9b, 0xf6ac, 0xee4a, 0xffbe, 0xffbd, 0xee05, 0xee05, 0xee05, 0xf738, 0xffbd,
0xf712, 0xee06, 0xee26, 0xee26, 0xee27, 0xee27, 0xee27, 0xee27, 0xee27, 0xee27,
0xee27, 0xee27, 0xee27, 0xee27, 0xee28, 0xffdf, 0xffbe, 0xf668, 0xee27, 0xee27,
0xee27, 0xf739, 0xffbe, 0xf756, 0xee27, 0xee27, 0xee28, 0xffbe, 0xffbe, 0xf6cc,
0xee27, 0xee27, 0xee2a, 0xffbe, 0xffbe, 0xf757, 0xee27, 0xee27, 0xee27, 0xee27,
0xf79c, 0xffbe, 0xff9c, 0xf79b, 0xf79b, 0xff9c, 0xffbd, 0xff9c, 0xff7a, 0xee28,
0xee28, 0xee28, 0xee48, 0xee49, 0xee6d, 0xee4a, 0xee4a, 0xee4a, 0xee4a, 0xee4a,
0xee4a, 0xee4b, 0xee4b, 0xee4a, 0xee4a, 0xee4a, 0xee49, 0xee6e, 0xffbe, 0xffbe,
0xffbc, 0xee49, 0xee4a, 0xee4a, 0xee4a, 0xee4a, 0xee49, 0xf6b3, 0xffbe, 0xffbe,
0xf6ab, 0xee4a, 0xee4a, 0xee4a, 0xee4a, 0xee4a, 0xee4a, 0xee49, 0xee90, 0xffbe,
0xffbe, 0xffbe, 0xf68c, 0xee4a, 0xee4a, 0xee4a, 0xee4a, 0xee4a, 0xee4a, 0xee4a,
0xee4a, 0xee4b, 0xee8e, 0xee6c, 0xee6c, 0xee6c, 0xee6c, 0xee6c, 0xee6c, 0xee6c,
0xee6c, 0xee6c, 0xf6f6, 0xffbe, 0xffbe, 0xffde, 0xee8d, 0xee6c, 0xee6c, 0xee6c,
0xee6c, 0xee6d, 0xee6d, 0xee6c, 0xee6c, 0xee6c, 0xee6c, 0xee90, 0xffde, 0xffbe,
0xff9b, 0xee4b, 0xee6d, 0xffbe, 0xffbe, 0xffba, 0xee4b, 0xee6c, 0xee6c, 0xee6f,
0xffdf, 0xffbe, 0xff9c, 0xee4c, 0xee6c, 0xee6c, 0xee6c, 0xee6c, 0xee6c, 0xee6c,
0xee6e, 0xee6e, 0xee6e, 0xee6e, 0xee6e, 0xee6e, 0xee6e, 0xee6e, 0xee6e, 0xee6e,
0xee6e, 0xeeb3, 0xffbe, 0xffbe, 0xf756, 0xee6e, 0xee6e, 0xee6e, 0xee6e, 0xee6e,
0xee6e, 0xee6e, 0xf6d4, 0xffbe, 0xffbe, 0xffbe, 0xee8f, 0xee6e, 0xee6e, 0xee6e,
0xee6e, 0xf738, 0xffbe, 0xffbe, 0xf713, 0xee6e, 0xee6e, 0xee6e, 0xf79d, 0xffbe,
0xffdf, 0xf6af, 0xee6e, 0xee6e, 0xee6e, 0xee6e, 0xee6e, 0xee6e, 0xf307, 0xf2e7,
0xf2e7, 0xf2e7, 0xf2e7, 0xf2e7, 0xf2e7, 0xf2e7, 0xf2e7, 0xf2e7, 0xfe5b, 0xffbe,
0xffbe, 0xfffd, 0xf2a6, 0xf2e7, 0xf2e7, 0xf2e7, 0xf329, 0xfffe, 0xffbe, 0xffbe,
0xfdb1, 0xf2e7, 0xf30a, 0xffbe, 0xffbe, 0xffdf, 0xfced, 0xf2e7, 0xf2e7, 0xf2e7,
0xf2cb, 0xffbe, 0xffbe, 0xffff, 0xf326, 0xf2e7, 0xf2e7, 0xf307, 0xf307, 0xf307,
0xf307, 0xf307, 0xf327, 0xf327, 0xf328, 0xf348, 0xec2d, 0xf3eb, 0xf3eb, 0xf3eb,
0xf3eb, 0xf3eb, 0xf3eb, 0xf3eb, 0xf3eb, 0xf3eb, 0xf3eb, 0xf3eb, 0xf3eb, 0xf3eb,
0xf3cb, 0xf3cb, 0xf3cb, 0xf40c, 0xff3c, 0xffbe, 0xffbe, 0xffbc, 0xf3aa, 0xf3eb,
0xf3eb, 0xf3eb, 0xf3eb, 0xf3eb, 0xf3cb, 0xf5f7, 0xffbe, 0xffbe, 0xffbe, 0xff3a,
0xf3eb, 0xf3eb, 0xf3eb, 0xf3eb, 0xf3eb, 0xf3eb, 0xf3eb, 0xf3eb, 0xf3eb, 0xf3eb,
0xf3eb, 0xf3eb, 0xf3eb, 0xf3eb, 0xf4ac, 0xf4ac, 0xf4ac, 0xf4ac, 0xf4ac, 0xf4ac,
0xf4ac, 0xf4ac, 0xf4ac, 0xf4ac, 0xf4ac, 0xf4ac, 0xf4ac, 0xf4ac, 0xf4ac, 0xf48b,
0xfef9, 0xffbe, 0xffbe, 0xff5c, 0xf4ac, 0xf4ac, 0xf4ac, 0xf4ac, 0xf4ac, 0xf4cc,
0xffdf, 0xffbe, 0xffde, 0xf5f3, 0xf4ac, 0xf4ac, 0xf4ac, 0xf4ac, 0xfefa, 0xffbe,
0xffbe, 0xffbe, 0xf46b, 0xf4ac, 0xf4ac, 0xf4ac, 0xf4ac, 0xf4ac, 0xf4ac, 0xf4ac,
0xf4ac, 0xf48c, 0xed8f, 0xf58f, 0xf58f, 0xf58f, 0xf58f, 0xf58f, 0xf58f, 0xf58f,
0xf58f, 0xf58f, 0xf58f, 0xf58f, 0xf58f, 0xf58f, 0xf58f, 0xf58f, 0xf58f, 0xf58f,
0xf71b, 0xffbe, 0xffbe, 0xffde, 0xf695, 0xf58f, 0xf58f, 0xf697, 0xffbe, 0xffbe,
0xffbe, 0xf6b5, 0xf58f, 0xf58f, 0xf58f, 0xf58f, 0xf58f, 0xf58f, 0xf58f, 0xf58f,
0xf58f, 0xf58f, 0xf58f, 0xf58f, 0xf58f, 0xf58f, 0xf58f, 0xf58f, 0xf58f, 0xf58f,
0xeef8, 0xef19, 0xef19, 0xef19, 0xef19, 0xef19, 0xef19, 0xef19, 0xef19, 0xef19,
0xef19, 0xef19, 0xef19, 0xef19, 0xef19, 0xef19, 0xef19, 0xde76, 0x734c, 0x736c,
0x736c, 0xd698, 0xef19, 0xef19, 0xef19, 0xb4d0, 0x736c, 0x736c, 0x8c50, 0xf719,
0xef19, 0xef19, 0xef19, 0xef19, 0xef19, 0xef19, 0xef19, 0xef19, 0xef19, 0xef19,
0xef19, 0xef19, 0xef19, 0xef19, 0xef19, 0xef19, 0xef19, 0xeef8, 0xef3b, 0xef3b,
0xef3b, 0xef3b, 0xef3b, 0xef3b, 0xef3b, 0xef3b, 0xef3b, 0xef3b, 0xef3b, 0xef3b,
0xef3b, 0xef3b, 0xef3b, 0xef3b, 0xef3b, 0xef3b, 0xef3b, 0xef3b, 0xef3b, 0xf73b,
0xb554, 0x736c, 0x736c, 0x736c, 0x8c0e, 0xef3b, 0xef3b, 0xef3b, 0xef3b, 0xef3b,
0xef3b, 0xef3b, 0xef3b, 0xef3b, 0xef3b, 0xef3b, 0xef3b, 0xef3b, 0xef3b, 0xef3b,
0xef3b, 0xef3b, 0xef3b, 0xef3b, 0xef3b, 0xef3b, 0xce16, 0xce16, 0xce16, 0xce16,
0xce16, 0xce16, 0xce16, 0xce16, 0xce16, 0xce16, 0xce16, 0xce16, 0xce16, 0xce16,
0xce16, 0xce16, 0xce16, 0xce16, 0xce16, 0xce16, 0xce16, 0xce16, 0xce16, 0xce16,
0xce16, 0xce16, 0xce16, 0xce16, 0xce16, 0xce16, 0xce16, 0xce16, 0xce16, 0xce16,
0xce16, 0xce16, 0xce16, 0xce16, 0xce16, 0xce16, 0xce16, 0xce16, 0xce16, 0xce16,
0xce16, 0xce16, 0xce16, 0xce16, 
0x39c6, 0x39c6, 0x39c6, 0x39c6, 0x5aca, 0xffbe, 0x62ea, 0x39c6, 0x39c6, 0xad54,
0xffbe, 0xd699, 0xce78, 0xf79d, 0xffbe, 0x39c6, 0x39c6, 0x39c6, 0x39c6, 0x41e6,
0xffff, 0xad54, 0x39c6, 0x39c6, 0x39c6, 0xc617, 0xffbe, 0xd6ba, 0xd699, 0xffbe,
0xe6fb, 0x31a5, 0x39c6, 0x39c6, 0x738d, 0xffde, 0x9cb2, 0x39c6, 0x39c6, 0x39c6,
0x8c30, 0xffde, 0xffbe, 0xd679, 0xd679, 0xd679, 0xa4f3, 0x39c6, 0x39c6, 0x39c6,
0x39c6, 0x39c6, 0x39c6, 0x840f, 0xffde, 0xdeda, 0x7bce, 0xce58, 0xffbe, 0x94b1,
0x4a27, 0xdeda, 0xe71b, 0x7bce, 0x9470, 0xf77d, 0xffde, 0x4a48, 0x52a9, 0xe71b,
0xdeba, 0x7bee, 0x9cd2, 0xf79d, 0xffff, 0x41e6, 0x5289, 0xe71b, 0xce58, 0x7bee,
0xad74, 0xffbe, 0xf77d, 0x31a5, 0x3185, 0xef5c, 0xf7be, 0x9cb1, 0x8c30, 0xffbe,
0xffde, 0x41e6, 0x39c6, 0x39c6, 0x39c6, 0x39c6, 0x39c6, 0x39c6, 0x39c6, 0x39c6,
0x41e6, 0xdeba, 0xdeda, 0x83ee, 0xa4f2, 0xffbe, 0xf7bd, 0x3164, 0x4227, 0xef3c,
0xffbe, 0xbdb6, 0x7bce, 0x7bee, 0x83ee, 0x4a27, 0x39c6, 0x39c6, 0x62ea, 0xffff,
0xe71b, 0x39c6, 0x39c6, 0x39c6, 0x39c6, 0xad54, 0xffde, 0xce38, 0x7bad, 0xdeda,
0xffde, 0x7bce, 0x41e6, 0xffbe, 0xf7be, 0x8c2f, 0x7bae, 0xef3c, 0xffff, 0x738d,
0x39c6, 0x39c6, 0x39c6, 0x39c6, 0x39c6, 0x39c6, 0x39c6, 0x39c6, 0x39c6, 0x39c6,
0x39c6, 0x5aa9, 0xffde, 0xc5f7, 0x39c6, 0x39c6, 0x39c6, 0xad54, 0xffde, 0xce38,
0x7bad, 0xdeda, 0xffde, 0x7bce, 0x41e6, 0xdeba, 0xdeda, 0x83ee, 0xa4f2, 0xffbe,
0xf7bd, 0x3164, 0x5aaa, 0xffff, 0xef7d, 0x7bce, 0x7bce, 0xf77d, 0xffff, 0x52a9,
0x8c50, 0xb595, 0xb595, 0xb595, 0xbdd6, 0xffde, 0xef3c, 0xad34, 0x39c6, 0x39c6,
0x39c6, 0x39c6, 0x39c6, 0x39c6, 0x39c6, 0x39c6, 0x39c6, 0x39c6, 0x39c6, 0x39c6,
0x41e6, 0xffff, 0xf77d, 0x842f, 0x840f, 0xef5c, 0xffbe, 0x4227, 0x39c6, 0x39c6,
0x39c6, 0x41e6, 0xffff, 0xbdb6, 0x39a5, 0x39c6, 0x39c6, 0x39e6, 0xd699, 0x83ee,
0xa513, 0xf7be, 0xef5c, 0x31a5, 0x39c6, 0xce38, 0xffde, 0xdeda, 0x7bce, 0x7bee,
0x7bee, 0x5289, 0x39c6, 0x39c6, 0x39c6, 0x39c6, 0x39c6, 0x39c6, 0x39c6, 0x39c6,
0x39c6, 0x39c6, 0x39c6, 0x39c6, 0x39c6, 0x39c6, 0x39c6, 0x39c6, 0x9491, 0xb595,
0xb595, 0xb595, 0xb575, 0xffde, 0xdeba, 0x8c50, 0x31a5, 0x9cb2, 0xffbe, 0xd699,
0x7bee, 0xdefa, 0xffbe, 0x842f, 0x39c6, 0x2964, 0xd679, 0x8c50, 0x8c50, 0xf77d,
0xffbe, 0x41e6, 0x39c6, 0x630b, 0xffde, 0xe73c, 0x7bad, 0xbdf6, 0xffde, 0xbdf7,
0x39c6, 0x39c6, 0x39c6, 0x39c6, 0x39c6, 0x39c6, 0x39c6, 0x3165, 0xee05, 0xee05,
0xee05, 0xee05, 0xee05, 0xee05, 0xf737, 0xffbe, 0xffbc, 0xee26, 0xede3, 0xede4,
0xede4, 0xee05, 0xee05, 0xf75c, 0xffbe, 0xff9a, 0xee04, 0xede4, 0xf6f5, 0xffbe,
0xff9b, 0xede4, 0xee49, 0xffdf, 0xffdf, 0xffdf, 0xffdf, 0xffdf, 0xffbe, 0xffbe,
0xffdf, 0xf6cd, 0xee4a, 0xffbe, 0xffbd, 0xee04, 0xee05, 0xede3, 0xf77b, 0xffbd,
0xf6f1, 0xee26, 0xee26, 0xee26, 0xee27, 0xee27, 0xee27, 0xee27, 0xee27, 0xee27,
0xee27, 0xee27, 0xee27, 0xee27, 0xee28, 0xffdf, 0xffbe, 0xf668, 0xee27, 0xee27,
0xee27, 0xf6d3, 0xffbe, 0xffbd, 0xee26, 0xee07, 0xee4d, 0xffbe, 0xffbe, 0xee49,
0xee28, 0xee6e, 0xffbe, 0xffbe, 0xf6cf, 0xee05, 0xee06, 0xee06, 0xee06, 0xee27,
0xff9d, 0xffdf, 0xffdf, 0xffde, 0xffde, 0xffbe, 0xffbd, 0xffbe, 0xffbe, 0xee28,
0xee28, 0xee28, 0xee48, 0xee49, 0xee6d, 0xee4a, 0xee4a, 0xee4a, 0xee4a, 0xee4a,
0xee4a, 0xee4a, 0xee4a, 0xee4a, 0xee4a, 0xee4a, 0xee4a, 0xee4b, 0xffde, 0xffbe,
0xffbe, 0xee49, 0xee4a, 0xee4a, 0xee4a, 0xee4a, 0xee49, 0xf6b3, 0xffbe, 0xffbe,
0xf6ab, 0xee4a, 0xee4a, 0xee4a, 0xee4a, 0xee4a, 0xee29, 0xf6b2, 0xffbe, 0xffbe,
0xffbe, 0xee6c, 0xee4a, 0xee4a, 0xee4a, 0xee4a, 0xee4a, 0xee4a, 0xee4a, 0xee4a,
0xee4a, 0xee4b, 0xee8e, 0xee6c, 0xee6c, 0xee6c, 0xee6c, 0xee6c, 0xee6c, 0xee6c,
0xee4b, 0xf717, 0xffbe, 0xffbe, 0xffbd, 0xee8d, 0xee6c, 0xee6c, 0xee6c, 0xee6c,
0xee6c, 0xee6c, 0xee6c, 0xee6c, 0xee6c, 0xee6c, 0xee6c, 0xee4b, 0xffbf, 0xffbe,
0xff9c, 0xee4b, 0xee6d, 0xffbe, 0xffbe, 0xffdc, 0xee4b, 0xee6c, 0xee6c, 0xee4b,
0xf7bf, 0xffbe, 0xff9c, 0xee4b, 0xee6c, 0xee6c, 0xee6c, 0xee6c, 0xee6c, 0xee6c,
0xee6e, 0xee6e, 0xee6e, 0xee6e, 0xee6e, 0xee6e, 0xee6e, 0xee6e, 0xee6e, 0xee6e,
0xee6e, 0xeeb3, 0xffbe, 0xffbe, 0xf756, 0xee6e, 0xee6e, 0xee6e, 0xee6e, 0xee6e,
0xee6d, 0xf717, 0xffbe, 0xffbe, 0xffbd, 0xee8f, 0xee6e, 0xee6e, 0xee6e, 0xee6e,
0xee6d, 0xf77c, 0xffbe, 0xffbd, 0xee6d, 0xee6e, 0xee6e, 0xee6e, 0xeef6, 0xffbe,
0xffbe, 0xf6f2, 0xee6e, 0xee6e, 0xee6e, 0xee6e, 0xee6e, 0xee6e, 0xf307, 0xf2e7,
0xf2e7, 0xf2e7, 0xf2e7, 0xf2e7, 0xf2e7, 0xf2e7, 0xf2e7, 0xf2e7, 0xf557, 0xffbe,
0xffbe, 0xffff, 0xf306, 0xf2e7, 0xf2e7, 0xf2e7, 0xf2c7, 0xff9f, 0xffbe, 0xffbe,
0xfe73, 0xf2e7, 0xfe39, 0xffbe, 0xffbe, 0xffbd, 0xfe98, 0xfeb9, 0xfeb9, 0xfeb9,
0xfeba, 0xffbe, 0xffbe, 0xffde, 0xfeb9, 0xfed9, 0xf2e6, 0xf307, 0xf307, 0xf307,
0xf307, 0xf307, 0xf327, 0xf327, 0xf328, 0xf348, 0xec2d, 0xf3eb, 0xf3eb, 0xf3eb,
0xf3eb, 0xf3eb, 0xf3eb, 0xf3eb, 0xf3eb, 0xf3eb, 0xf3eb, 0xf3eb, 0xf3eb, 0xf3eb,
0xf3eb, 0xf3eb, 0xf3eb, 0xf3eb, 0xf471, 0xffde, 0xffbe, 0xffdf, 0xf4ce, 0xf3eb,
0xf3eb, 0xf3eb, 0xf3eb, 0xf3cb, 0xf638, 0xffbe, 0xffbe, 0xffbe, 0xfef8, 0xf3eb,
0xf3eb, 0xf3eb, 0xf3eb, 0xf3eb, 0xf3eb, 0xf3eb, 0xf3eb, 0xf3eb, 0xf3eb, 0xf3eb,
0xf3eb, 0xf3eb, 0xf3eb, 0xf3eb, 0xf4ac, 0xf4ac, 0xf4ac, 0xf4ac, 0xf4ac, 0xf4ac,
0xf4ac, 0xf4ac, 0xf4ac, 0xf4ac, 0xf4ac, 0xf4ac, 0xf4ac, 0xf4ac, 0xf4ac, 0xf48b,
0xfef9, 0xffbe, 0xffbe, 0xff5c, 0xf4ac, 0xf4ac, 0xf4ac, 0xf4ac, 0xf4ac, 0xf48b,
0xffff, 0xffbe, 0xffbe, 0xf614, 0xf4ac, 0xf4ac, 0xf4ac, 0xf4ac, 0xf591, 0xffde,
0xffbe, 0xffdf, 0xf4ac, 0xf4ac, 0xf4ac, 0xf4ac, 0xf4ac, 0xf4ac, 0xf4ac, 0xf4ac,
0xf4ac, 0xf48c, 0xed8f, 0xf58f, 0xf58f, 0xf58f, 0xf58f, 0xf58f, 0xf58f, 0xf58f,
0xf58f, 0xf58f, 0xf58f, 0xf58f, 0xf58f, 0xf58f, 0xf58f, 0xf58f, 0xf58f, 0xf56e,
0xffbe, 0xffbe, 0xffbe, 0xf6b5, 0xf58e, 0xf58f, 0xf58f, 0xf58f, 0xf6b9, 0xffbe,
0xffbe, 0xffde, 0xf5af, 0xf58f, 0xf58f, 0xf58f, 0xf58f, 0xf58f, 0xf58f, 0xf58f,
0xf58f, 0xf58f, 0xf58f, 0xf58f, 0xf58f, 0xf58f, 0xf58f, 0xf58f, 0xf58f, 0xf58f,
0xeef8, 0xef19, 0xef19, 0xef19, 0xef19, 0xef19, 0xef19, 0xef19, 0xef19, 0xef19,
0xef19, 0xef19, 0xef19, 0xef19, 0xef19, 0xef19, 0xf739, 0x8bac, 0x736c, 0x736c,
0x8c30, 0xc5d4, 0xc5d4, 0xc5d4, 0xc5d4, 0x9c4f, 0x736c, 0x736c, 0x840f, 0xc5d4,
0xc5d5, 0xef19, 0xef19, 0xef19, 0xef19, 0xef19, 0xef19, 0xef19, 0xef19, 0xef19,
0xef19, 0xef19, 0xef19, 0xef19, 0xef19, 0xef19, 0xef19, 0xeef8, 0xef3b, 0xef3b,
0xef3b, 0xef3b, 0xef3b, 0xef3b, 0xef3b, 0xef3b, 0xef3b, 0xef3b, 0xef3b, 0xef3b,
0xef3b, 0xef3b, 0xef3b, 0xef3b, 0xef3b, 0xef3b, 0xef3b, 0xef3b, 0xf75b, 0xad12,
0x734c, 0x736c, 0x736c, 0x8c2f, 0xf73b, 0xef3b, 0xef3b, 0xef3b, 0xef3b, 0xef3b,
0xef3b, 0xef3b, 0xef3b, 0xef3b, 0xef3b, 0xef3b, 0xef3b, 0xef3b, 0xef3b, 0xef3b,
0xef3b, 0xef3b, 0xef3b, 0xef3b, 0xef3b, 0xef3b, 0xce16, 0xce16, 0xce16, 0xce16,
0xce16, 0xce16, 0xce16, 0xce16, 0xce16, 0xce16, 0xce16, 0xce16, 0xce16, 0xce16,
0xce16, 0xce16, 0xce16, 0xce16, 0xce16, 0xce16, 0xce16, 0xce16, 0xce16, 0xce16,
0xce16, 0xce16, 0xce16, 0xce16, 0xce16, 0xce16, 0xce16, 0xce16, 0xce16, 0xce16,
0xce16, 0xce16, 0xce16, 0xce16, 0xce16, 0xce16, 0xce16, 0xce16, 0xce16, 0xce16,
0xce16, 0xce16, 0xce16, 0xce16, 
0x39c6, 0x39c6, 0x39c6, 0x39c6, 0x5aea, 0xffff, 0x630b, 0x39c6, 0x39c6, 0x4207,
0xa513, 0xffff, 0xffff, 0xe6fb, 0x632b, 0x39c6, 0x39c6, 0x39c6, 0x39c6, 0x41e6,
0xffff, 0xb595, 0x39c6, 0x39c6, 0x39c6, 0x39c6, 0xb575, 0xffff, 0xffff, 0xc5f7,
0x4227, 0x39c6, 0x39c6, 0x39a6, 0xffff, 0xffff, 0x39a5, 0x39c6, 0x39c6, 0x39c6,
0xad54, 0xffff, 0xffff, 0xffff, 0xffff, 0xffff, 0xc638, 0x39c6, 0x39c6, 0x39c6,
0x39c6, 0x39c6, 0x39c6, 0x39a5, 0xad33, 0xffff, 0xffff, 0xffff, 0xbdf6, 0x39c6,
0x39a5, 0xa513, 0xffff, 0xffff, 0xffff, 0xffff, 0x840f, 0x39c6, 0x39c6, 0xbdb6,
0xffff, 0xffff, 0xffff, 0xffde, 0x6b6c, 0x39c6, 0x4227, 0xc617, 0xffff, 0xffff,
0xffff, 0xef7d, 0x5289, 0x39c6, 0x39c6, 0x5aa9, 0xffbe, 0xffff, 0xffff, 0xffff,
0x630b, 0x39c6, 0x39c6, 0x39c6, 0x39c6, 0x39c6, 0x39c6, 0x39c6, 0x39c6, 0x39c6,
0x41e6, 0xad74, 0xffff, 0xffff, 0xffff, 0xffbe, 0x6b4c, 0x39c6, 0x5aea, 0xffff,
0xffff, 0xffff, 0xffff, 0xffff, 0xffff, 0x630b, 0x39c6, 0x31a5, 0xc617, 0xffff,
0x738d, 0x39c6, 0x39c6, 0x39c6, 0x39c6, 0x39a5, 0xc617, 0xffff, 0xffff, 0xffff,
0xa533, 0x31a5, 0x39c6, 0x73ad, 0xffff, 0xffff, 0xffff, 0xffff, 0xa4f3, 0x31a5,
0x39c6, 0x39c6, 0x39c6, 0x39c6, 0x39c6, 0x39c6, 0x39c6, 0x39c6, 0x39c6, 0x39c6,
0x39c6, 0x5aa9, 0xffff, 0xc638, 0x39c6, 0x39c6, 0x39c6, 0x39a5, 0xc617, 0xffff,
0xffff, 0xffff, 0xa533, 0x31a5, 0x41e6, 0xad74, 0xffff, 0xffff, 0xffff, 0xffbe,
0x6b4c, 0x39c6, 0x39c6, 0x8c50, 0xffff, 0xffff, 0xffff, 0xffff, 0x842f, 0x39c6,
0x39a5, 0x39a5, 0x39a5, 0x39a5, 0x4227, 0xffff, 0xd679, 0x39a5, 0x39c6, 0x39c6,
0x39c6, 0x39c6, 0x39c6, 0x39c6, 0x39c6, 0x39c6, 0x39c6, 0x39c6, 0x39c6, 0x39c6,
0x39c6, 0x840f, 0xffff, 0xffff, 0xffff, 0xffff, 0x9491, 0x39c6, 0x39c6, 0x39c6,
0x39c6, 0x41e6, 0xffff, 0xbdf6, 0x39a5, 0x39c6, 0x39c6, 0xad34, 0xffff, 0xffff,
0xffff, 0xef3c, 0x4a68, 0x39c6, 0x39e6, 0xffff, 0xffff, 0xffff, 0xffff, 0xffff,
0xffff, 0x7bee, 0x39c6, 0x39c6, 0x39c6, 0x39c6, 0x39c6, 0x39c6, 0x39c6, 0x39c6,
0x39c6, 0x39c6, 0x39c6, 0x39c6, 0x39c6, 0x39c6, 0x39c6, 0x39c6, 0x39a5, 0x39a5,
0x39a5, 0x39a5, 0x2944, 0xffff, 0xa4f3, 0x31a5, 0x39c6, 0x39e6, 0xc617, 0xffff,
0xffff, 0xffff, 0xb595, 0x39c6, 0x39c6, 0x738d, 0xffff, 0xffff, 0xffff, 0xffff,
0x736d, 0x39c6, 0x39c6, 0x39a5, 0x9491, 0xffff, 0xffff, 0xffff, 0xce58, 0x39c6,
0x39c6, 0x39c6, 0x39c6, 0x39c6, 0x39c6, 0x39c6, 0x39c6, 0x3165, 0xee05, 0xee05,
0xee05, 0xee05, 0xee05, 0xee0a, 0xffbe, 0xffbe, 0xffbe, 0xffdf, 0xffdf, 0xffdf,
0xffdf, 0xf6ac, 0xee05, 0xee29, 0xffbe, 0xffbe, 0xff9b, 0xf77b, 0xffbe, 0xffdf,
0xf6ce, 0xee05, 0xee06, 0xee49, 0xee49, 0xee49, 0xee49, 0xee27, 0xffbe, 0xffdf,
0xf669, 0xee26, 0xee06, 0xf79f, 0xffbe, 0xffde, 0xf77a, 0xff9c, 0xffbd, 0xffdf,
0xf648, 0xee26, 0xee26, 0xee26, 0xee27, 0xee27, 0xee27, 0xee27, 0xee27, 0xee27,
0xee27, 0xee27, 0xee27, 0xee27, 0xee28, 0xffdf, 0xffbe, 0xf668, 0xee27, 0xee27,
0xee27, 0xee28, 0xf79d, 0xffbe, 0xffbe, 0xf77b, 0xffdf, 0xffbe, 0xff76, 0xee27,
0xee06, 0xf77c, 0xffbe, 0xffbe, 0xffbf, 0xffdf, 0xffdf, 0xffdf, 0xffdc, 0xee27,
0xee4a, 0xee6b, 0xee6b, 0xee6b, 0xee6a, 0xf6f6, 0xffbd, 0xf755, 0xee6b, 0xee28,
0xee28, 0xee28, 0xee48, 0xee49, 0xee6d, 0xee4a, 0xee4a, 0xee4a, 0xee4a, 0xee4a,
0xee4a, 0xee28, 0xf6f3, 0xee29, 0xee4a, 0xee4a, 0xee49, 0xee6e, 0xffbe, 0xffbe,
0xffba, 0xee49, 0xee4a, 0xee4a, 0xee4a, 0xee4a, 0xee49, 0xf6b3, 0xffbe, 0xffbe,
0xf6ab, 0xee4a, 0xee4a, 0xee4a, 0xee4a, 0xee28, 0xf6f5, 0xffde, 0xffbe, 0xff9b,
0xee4a, 0xee29, 0xee29, 0xee29, 0xee29, 0xee4a, 0xee4a, 0xee4a, 0xee4a, 0xee4a,
0xee4a, 0xee4b, 0xee8e, 0xee6c, 0xee6c, 0xee6c, 0xee6c, 0xee6c, 0xee6c, 0xee4b,
0xf739, 0xffbe, 0xffbe, 0xff99, 0xee4b, 0xee4b, 0xee4b, 0xee4b, 0xee4b, 0xee6c,
0xee6c, 0xee4b, 0xf6f4, 0xee4b, 0xee6c, 0xee6c, 0xee6c, 0xee90, 0xffde, 0xffbe,
0xff9a, 0xee4b, 0xee6c, 0xffbe, 0xffbe, 0xffbe, 0xee6c, 0xee6c, 0xee6c, 0xee6d,
0xffdf, 0xffbe, 0xff9c, 0xee4c, 0xee6c, 0xee6c, 0xee6c, 0xee6c, 0xee6c, 0xee6c,
0xee6e, 0xee6e, 0xee6e, 0xee6e, 0xee6e, 0xee6e, 0xee6e, 0xee6e, 0xee6e, 0xee6e,
0xee6e, 0xeeb3, 0xffbe, 0xffbe, 0xf756, 0xee6e, 0xee6e, 0xee6e, 0xee6e, 0xee6d,
0xf739, 0xffbe, 0xffbe, 0xff7a, 0xee6d, 0xee6d, 0xee6d, 0xee6d, 0xee6d, 0xee6e,
0xee6d, 0xf75b, 0xffbe, 0xffbe, 0xf6ae, 0xee6e, 0xee6e, 0xee6d, 0xf75a, 0xffbe,
0xffbe, 0xf6d2, 0xee6e, 0xee6e, 0xee6e, 0xee6e, 0xee6e, 0xee6e, 0xf307, 0xf2e7,
0xf2e7, 0xf2e7, 0xf2e7, 0xf2e7, 0xf2e7, 0xf2e7, 0xf2e7, 0xf2e7, 0xf3f0, 0xffbe,
0xffbe, 0xffff, 0xf389, 0xf2e7, 0xf2e7, 0xf2e7, 0xf2c7, 0xffdf, 0xffbe, 0xffbe,
0xfe12, 0xf2e7, 0xfe39, 0xffbe, 0xffbe, 0xffbe, 0xffbe, 0xffbe, 0xffbe, 0xffbe,
0xffbe, 0xffbe, 0xffbe, 0xffbe, 0xffbe, 0xfffe, 0xf2e5, 0xf307, 0xf307, 0xf307,
0xf307, 0xf307, 0xf327, 0xf327, 0xf328, 0xf348, 0xec2d, 0xf3eb, 0xf3eb, 0xf3eb,
0xf3eb, 0xf3eb, 0xf3eb, 0xf3eb, 0xf3eb, 0xf3eb, 0xf3eb, 0xf3eb, 0xf3cb, 0xf3cb,
0xf3eb, 0xf3eb, 0xf3eb, 0xf3eb, 0xf3ef, 0xffde, 0xffbe, 0xffde, 0xfd30, 0xf3eb,
0xf3eb, 0xf3eb, 0xf3cb, 0xfe79, 0xffbe, 0xffbe, 0xffde, 0xfe76, 0xf3cb, 0xf3eb,
0xf3eb, 0xf3eb, 0xf3eb, 0xf3eb, 0xf3eb, 0xf3eb, 0xf3eb, 0xf3eb, 0xf3eb, 0xf3eb,
0xf3eb, 0xf3eb, 0xf3eb, 0xf3eb, 0xf4ac, 0xf4ac, 0xf4ac, 0xf4ac, 0xf4ac, 0xf4ac,
0xf4ac, 0xf4ac, 0xf4ac, 0xf4ac, 0xf4ac, 0xf4ac, 0xf4ac, 0xf4ac, 0xf4ac, 0xf48b,
0xfef9, 0xffbe, 0xffbe, 0xff5c, 0xf4ac, 0xf4ac, 0xf4ac, 0xf4ac, 0xf4ac, 0xf48b,
0xff7c, 0xffbe, 0xffbe, 0xfe97, 0xf4ac, 0xf4ac, 0xf4ac, 0xf4ac, 0xf570, 0xffde,
0xffbe, 0xffff, 0xf4ac, 0xf4ac, 0xf4ac, 0xf4ac, 0xf4ac, 0xf4ac, 0xf4ac, 0xf4ac,
0xf4ac, 0xf48c, 0xed8f, 0xf58f, 0xf58f, 0xf58f, 0xf58f, 0xf58f, 0xf58f, 0xf58f,
0xf58f, 0xf58f, 0xf58f, 0xf58f, 0xf58f, 0xf58f, 0xf58f, 0xf58f, 0xf58f, 0xf592,
0xffbe, 0xffbe, 0xffdf, 0xf5f0, 0xf58f, 0xf58f, 0xf58f, 0xf58f, 0xf591, 0xffbe,
0xffbe, 0xffde, 0xf5f0, 0xf58f, 0xf58f, 0xf58f, 0xf58f, 0xf58f, 0xf58f, 0xf58f,
0xf58f, 0xf58f, 0xf58f, 0xf58f, 0xf58f, 0xf58f, 0xf58f, 0xf58f, 0xf58f, 0xf58f,
0xeef8, 0xef19, 0xef19, 0xef19, 0xef19, 0xef19, 0xef19, 0xef19, 0xef19, 0xef19,
0xef19, 0xef19, 0xef19, 0xef19, 0xef19, 0xef19, 0xf739, 0x836b, 0x736c, 0x736c,
0x736c, 0x736c, 0x736c, 0x736c, 0x736c, 0x736c, 0x736c, 0x736c, 0x736c, 0x736c,
0x7bae, 0xef19, 0xef19, 0xef19, 0xef19, 0xef19, 0xef19, 0xef19, 0xef19, 0xef19,
0xef19, 0xef19, 0xef19, 0xef19, 0xef19, 0xef19, 0xef19, 0xeef8, 0xef3b, 0xef3b,
0xef3b, 0xef3b, 0xef3b, 0xef3b, 0xef3b, 0xef3b, 0xef3b, 0xef3b, 0xef3b, 0xef3b,
0xef3b, 0xef3b, 0xef3b, 0xef3b, 0xef3b, 0xef3b, 0xef3b, 0xf77c, 0xa4b1, 0x734c,
0x736c, 0x734c, 0xacf2, 0xf75b, 0xef3b, 0xef3b, 0xef3b, 0xef3b, 0xef3b, 0xef3b,
0xef3b, 0xef3b, 0xef3b, 0xef3b, 0xef3b, 0xef3b, 0xef3b, 0xef3b, 0xef3b, 0xef3b,
0xef3b, 0xef3b, 0xef3b, 0xef3b, 0xef3b, 0xef3b, 0xce16, 0xce16, 0xce16, 0xce16,
0xce16, 0xce16, 0xce16, 0xce16, 0xce16, 0xce16, 0xce16, 0xce16, 0xce16, 0xce16,
0xce16, 0xce16, 0xce16, 0xce16, 0xce16, 0xce16, 0xce16, 0xce16, 0xce16, 0xce16,
0xce16, 0xce16, 0xce16, 0xce16, 0xce16, 0xce16, 0xce16, 0xce16, 0xce16, 0xce16,
0xce16, 0xce16, 0xce16, 0xce16, 0xce16, 0xce16, 0xce16, 0xce16, 0xce16, 0xce16,
0xce16, 0xce16, 0xce16, 0xce16, 
0x39c6, 0x39c6, 0x39c6, 0x39c6, 0x39c6, 0x3164, 0x39c6, 0x39c6, 0x39c6, 0x39c6,
0x39a5, 0x3164, 0x3164, 0x3185, 0x39c6, 0x39c6, 0x39c6, 0x39c6, 0x39c6, 0x39c6,
0x3164, 0x31a5, 0x39c6, 0x39c6, 0x39c6, 0x39c6, 0x39a5, 0x3184, 0x3164, 0x31a5,
0x39c6, 0x39c6, 0x39c6, 0x39c6, 0x3164, 0x3185, 0x39c6, 0x39c6, 0x39c6, 0x39c6,
0x31a5, 0x3164, 0x3164, 0x3164, 0x3164, 0x3164, 0x3185, 0x39c6, 0x39c6, 0x39c6,
0x39c6, 0x39c6, 0x39c6, 0x39c6, 0x39a5, 0x4207, 0x62ea, 0x5289, 0x31a5, 0x39c6,
0x39c6, 0x39a5, 0x4207, 0x62eb, 0x630b, 0x3185, 0x39c6, 0x39c6, 0x39c6, 0x31a5,
0x4a48, 0x62ea, 0x630b, 0x3185, 0x39c6, 0x39c6, 0x39c6, 0x31a5, 0x4a68, 0x62ea,
0x62eb, 0x3185, 0x39c6, 0x39c6, 0x39c6, 0x39c6, 0x3185, 0x630b, 0x62ea, 0x3164,
0x39c6, 0x39c6, 0x39c6, 0x39c6, 0x39c6, 0x39c6, 0x39c6, 0x39c6, 0x39c6, 0x39c6,
0x39c6, 0x39a5, 0x4a27, 0x62ea, 0x630b, 0x3185, 0x39c6, 0x39c6, 0x4207, 0x62eb,
0x62ea, 0x62ea, 0x62ea, 0x62ea, 0x62eb, 0x4207, 0x39c6, 0x39c6, 0x632b, 0x62eb,
0x31a5, 0x39c6, 0x39c6, 0x39c6, 0x39c6, 0x39c6, 0x31a5, 0x5268, 0x62eb, 0x4a27,
0x39a5, 0x39c6, 0x39c6, 0x39c6, 0x3164, 0x62ea, 0x62ea, 0x39e6, 0x39a5, 0x39c6,
0x39c6, 0x39c6, 0x39c6, 0x39c6, 0x39c6, 0x39c6, 0x39c6, 0x39c6, 0x39c6, 0x39c6,
0x39c6, 0x41e6, 0x62eb, 0x52a9, 0x39c6, 0x39c6, 0x39c6, 0x39c6, 0x31a5, 0x5268,
0x62eb, 0x4a27, 0x39a5, 0x39c6, 0x39c6, 0x39a5, 0x4a27, 0x62ea, 0x630b, 0x3185,
0x39c6, 0x39c6, 0x39c6, 0x39c6, 0x3185, 0x62ea, 0x62ea, 0x3185, 0x39c6, 0x39c6,
0x39c6, 0x39c6, 0x39c6, 0x39c6, 0x39e6, 0x62eb, 0x5aa9, 0x39c6, 0x39c6, 0x39c6,
0x39c6, 0x39c6, 0x39c6, 0x39c6, 0x39c6, 0x39c6, 0x39c6, 0x39c6, 0x39c6, 0x39c6,
0x39c6, 0x39c6, 0x39a5, 0x630b, 0x62eb, 0x39c6, 0x39c6, 0x39c6, 0x39c6, 0x39c6,
0x39c6, 0x39c6, 0x630b, 0x5289, 0x39c6, 0x39c6, 0x39c6, 0x31a5, 0x4a27, 0x62ea,
0x630b, 0x3185, 0x39c6, 0x39c6, 0x39c6, 0x630b, 0x62ea, 0x62ea, 0x62ea, 0x62ea,
0x62ea, 0x4a27, 0x39c6, 0x39c6, 0x39c6, 0x39c6, 0x39c6, 0x39c6, 0x39c6, 0x39c6,
0x39c6, 0x39c6, 0x39c6, 0x39c6, 0x39c6, 0x39c6, 0x39c6, 0x39c6, 0x39c6, 0x39c6,
0x39c6, 0x39c6, 0x39c6, 0x62eb, 0x4a68, 0x39c6, 0x39c6, 0x39c6, 0x31a5, 0x5289,
0x62ea, 0x4a68, 0x31a5, 0x39c6, 0x39c6, 0x39c5, 0x39c6, 0x630b, 0x630b, 0x3185,
0x39c6, 0x39c6, 0x39c6, 0x39c6, 0x39c5, 0x4227, 0x62eb, 0x5268, 0x3185, 0x39c6,
0x39c6, 0x39c6, 0x39c6, 0x39c6, 0x39c6, 0x39c6, 0x39c6, 0x3165, 0xee05, 0xee05,
0xee05, 0xee05, 0xee05, 0xee0a, 0xffdf, 0xffdf, 0xffdf, 0xffdf, 0xffdf, 0xffdf,
0xffdf, 0xf6ac, 0xee05, 0xee05, 0xee6c, 0xf758, 0xffdf, 0xffdf, 0xff9b, 0xf6ae,
0xee05, 0xee05, 0xee05, 0xee05, 0xee05, 0xee05, 0xee05, 0xede4, 0xffbf, 0xffff,
0xee25, 0xee05, 0xee05, 0xee07, 0xf716, 0xffdf, 0xffdf, 0xffdf, 0xf757, 0xf669,
0xee06, 0xee26, 0xee26, 0xee26, 0xee27, 0xee27, 0xee27, 0xee27, 0xee27, 0xee27,
0xee27, 0xee27, 0xee27, 0xee27, 0xee28, 0xffdf, 0xffdf, 0xf668, 0xee27, 0xee27,
0xee27, 0xee27, 0xee49, 0xf736, 0xffdf, 0xffdf, 0xffbe, 0xf713, 0xee27, 0xee27,
0xee06, 0xf79d, 0xffdf, 0xffdf, 0xffdf, 0xffdf, 0xffdf, 0xffdf, 0xffdd, 0xee27,
0xee27, 0xee28, 0xee28, 0xee27, 0xee27, 0xf6f6, 0xffdf, 0xff54, 0xee28, 0xee28,
0xee28, 0xee28, 0xee48, 0xee49, 0xee6d, 0xee4a, 0xee4a, 0xee4a, 0xee4a, 0xee4a,
0xee6c, 0xf77b, 0xffbe, 0xf758, 0xf6af, 0xf68e, 0xf6f4, 0xffbe, 0xffbe, 0xffbe,
0xf6ce, 0xee4a, 0xee4a, 0xee4a, 0xee4a, 0xee4a, 0xee49, 0xf6b3, 0xffbe, 0xffbe,
0xf6ab, 0xee4a, 0xee4a, 0xee4a, 0xee49, 0xf6f5, 0xffde, 0xffbe, 0xffbe, 0xf77a,
0xf77a, 0xf77a, 0xf77a, 0xf77a, 0xf77a, 0xf66c, 0xee4a, 0xee4a, 0xee4a, 0xee4a,
0xee4a, 0xee4b, 0xee8e, 0xee6c, 0xee6c, 0xee6c, 0xee6c, 0xee6c, 0xee4b, 0xf739,
0xffbe, 0xffbe, 0xffbe, 0xf77a, 0xf77a, 0xf77a, 0xf77a, 0xf77a, 0xf79b, 0xee6b,
0xee6d, 0xf75a, 0xffbe, 0xf779, 0xf6b0, 0xf6b0, 0xf6f4, 0xff9d, 0xffbe, 0xffbe,
0xf734, 0xee6c, 0xee6c, 0xf6d5, 0xffbe, 0xffbe, 0xff9a, 0xf6d1, 0xf6b1, 0xf77b,
0xffbe, 0xffbe, 0xf734, 0xee6c, 0xee6c, 0xee6c, 0xee6c, 0xee6c, 0xee6c, 0xee6c,
0xee6e, 0xee6e, 0xee6e, 0xee6e, 0xee6e, 0xee6e, 0xee6e, 0xee6e, 0xee6e, 0xee6e,
0xee6e, 0xeeb3, 0xffbe, 0xffbe, 0xf756, 0xee6e, 0xee6e, 0xee6e, 0xee6e, 0xf6f6,
0xffbe, 0xffbe, 0xffbe, 0xffbe, 0xffdf, 0xffdf, 0xffdf, 0xffdf, 0xffdf, 0xf6f1,
0xee6e, 0xf716, 0xffbe, 0xffbe, 0xffbe, 0xf737, 0xf737, 0xf77a, 0xffbe, 0xffbe,
0xffdf, 0xee8e, 0xee6e, 0xee6e, 0xee6e, 0xee6e, 0xee6e, 0xee6e, 0xf307, 0xf2e7,
0xf2e7, 0xf2e7, 0xf2e7, 0xf2e7, 0xf2e7, 0xf2e7, 0xf2e7, 0xf2e7, 0xf2e7, 0xffbe,
0xffbe, 0xffbe, 0xfe13, 0xf2a6, 0xf2e7, 0xf2e7, 0xf36b, 0xffde, 0xffbe, 0xffbe,
0xfc4b, 0xf2e7, 0xfe59, 0xffff, 0xffdf, 0xffdf, 0xffdf, 0xffdf, 0xffdf, 0xffdf,
0xffde, 0xffbe, 0xffbe, 0xffbe, 0xffdf, 0xffff, 0xf2e5, 0xf307, 0xf307, 0xf307,
0xf307, 0xf307, 0xf327, 0xf327, 0xf328, 0xf348, 0xec2d, 0xf3eb, 0xf3eb, 0xf3eb,
0xf3eb, 0xf3eb, 0xf3eb, 0xf3eb, 0xf3eb, 0xf3eb, 0xf3eb, 0xf3cb, 0xf638, 0xfe96,
0xf3ab, 0xf3eb, 0xf3eb, 0xf3cb, 0xf5f7, 0xffbe, 0xffbe, 0xffdf, 0xf4ee, 0xf3eb,
0xf3eb, 0xf3cb, 0xfebb, 0xffbe, 0xffbe, 0xffde, 0xfd72, 0xf38a, 0xf3aa, 0xf3aa,
0xf3aa, 0xf3aa, 0xf3aa, 0xf3cb, 0xf3eb, 0xf3eb, 0xf3eb, 0xf3eb, 0xf3eb, 0xf3eb,
0xf3eb, 0xf3eb, 0xf3eb, 0xf3eb, 0xf4ac, 0xf4ac, 0xf4ac, 0xf4ac, 0xf4ac, 0xf4ac,
0xf4ac, 0xf4ac, 0xf4ac, 0xf4ac, 0xf4ac, 0xf4ac, 0xf4ac, 0xf4ac, 0xf4ac, 0xf48b,
0xfef9, 0xffbe, 0xffbe, 0xff5c, 0xf4ac, 0xf4ac, 0xf4ac, 0xf4ac, 0xf4ac, 0xf48c,
0xfeb8, 0xffbe, 0xffbe, 0xff9d, 0xf46b, 0xf4ac, 0xf4ac, 0xf4ac, 0xf697, 0xffbe,
0xffbe, 0xff9d, 0xf46b, 0xf4ac, 0xf4ac, 0xf4ac, 0xf4ac, 0xf4ac, 0xf4ac, 0xf4ac,
0xf4ac, 0xf48c, 0xed8f, 0xf58f, 0xf58f, 0xf58f, 0xf58f, 0xf58f, 0xf58f, 0xf58f,
0xf58f, 0xf58f, 0xf58f, 0xf58f, 0xf58f, 0xf58f, 0xf58f, 0xf58f, 0xf58f, 0xf591,
0xffbe, 0xffbe, 0xffde, 0xf631, 0xf58f, 0xf58f, 0xf58f, 0xf58f, 0xf5d3, 0xffbe,
0xffbe, 0xffde, 0xf5f0, 0xf58f, 0xf58f, 0xf58f, 0xf58f, 0xf58f, 0xf58f, 0xf58f,
0xf58f, 0xf58f, 0xf58f, 0xf58f, 0xf58f, 0xf58f, 0xf58f, 0xf58f, 0xf58f, 0xf58f,
0xeef8, 0xef19, 0xef19, 0xef19, 0xef19, 0xef19, 0xef19, 0xef19, 0xef19, 0xef19,
0xef19, 0xef19, 0xef19, 0xef19, 0xef19, 0xef19, 0xf739, 0x836b, 0x736c, 0x736c,
0x736c, 0x736c, 0x736c, 0x736c, 0x736c, 0x736c, 0x736c, 0x736c, 0x736c, 0x736c,
0x83cf, 0xef19, 0xef19, 0xef19, 0xef19, 0xef19, 0xef19, 0xef19, 0xef19, 0xef19,
0xef19, 0xef19, 0xef19, 0xef19, 0xef19, 0xef19, 0xef19, 0xeef8, 0xef3b, 0xef3b,
0xef3b, 0xef3b, 0xef3b, 0xef3b, 0xef3b, 0xef3b, 0xef3b, 0xef3b, 0xef3b, 0xef3b,
0xef3b, 0xef3b, 0xef3b, 0xef3b, 0xef3b, 0xef3b, 0xf75c, 0x8c2f, 0x736c, 0x736c,
0x736c, 0xbd95, 0xf77c, 0xf75b, 0xf75b, 0xf75b, 0xf75b, 0xf75b, 0xef3b, 0xef3b,
0xef3b, 0xef3b, 0xef3b, 0xef3b, 0xef3b, 0xef3b, 0xef3b, 0xef3b, 0xef3b, 0xef3b,
0xef3b, 0xef3b, 0xef3b, 0xef3b, 0xef3b, 0xef3b, 0xce16, 0xce16, 0xce16, 0xce16,
0xce16, 0xce16, 0xce16, 0xce16, 0xce16, 0xce16, 0xce16, 0xce16, 0xce16, 0xce16,
0xce16, 0xce16, 0xce16, 0xce16, 0xce16, 0xce16, 0xce16, 0xce16, 0xce16, 0xce16,
0xce16, 0xce16, 0xce16, 0xce16, 0xce16, 0xce16, 0xce16, 0xce16, 0xce16, 0xce16,
0xce16, 0xce16, 0xce16, 0xce16, 0xce16, 0xce16, 0xce16, 0xce16, 0xce16, 0xce16,
0xce16, 0xce16, 0xce16, 0xce16, 
0x39c6, 0x39c6, 0x39c6, 0x39c6, 0x39c6, 0x39c6, 0x39c6, 0x39c6, 0x39c6, 0x39c6,
0x39c6, 0x39c6, 0x39c6, 0x39c6, 0x39c6, 0x39c6, 0x39c6, 0x39c6, 0x39c6, 0x39c6,
0x39c6, 0x39c6, 0x39c6, 0x39c6, 0x39c6, 0x39c6, 0x39c6, 0x39c6, 0x39c6, 0x39c6,
0x39c6, 0x39c6, 0x39c6, 0x39c6, 0x39c6, 0x39c6, 0x39c6, 0x39c6, 0x39c6, 0x39c6,
0x39c6, 0x39c6, 0x39c6, 0x39c6, 0x39c6, 0x39c6, 0x39c6, 0x39c6, 0x39c6, 0x39c6,
0x39c6, 0x39c6, 0x39c6, 0x39c6, 0x39c6, 0x39c6, 0x39c6, 0x39c6, 0x39c6, 0x39c6,
0x39c6, 0x39c6, 0x39c6, 0x39c6, 0x39c6, 0x39c6, 0x39c6, 0x39c6, 0x39c6, 0x39c6,
0x39c6, 0x39c6, 0x39c6, 0x39c6, 0x39c6, 0x39c6, 0x39c6, 0x39c6, 0x39c6, 0x39c6,
0x39c6, 0x39c6, 0x39c6, 0x39c6, 0x39c6, 0x39c6, 0x39c6, 0x39c6, 0x39c6, 0x39c6,
0x39c6, 0x39c6, 0x39c6, 0x39c6, 0x39c6, 0x39c6, 0x39c6, 0x39c6, 0x39c6, 0x39c6,
0x39c6, 0x39c6, 0x39c6, 0x39c6, 0x39c6, 0x39c6, 0x39c6, 0x39c6, 0x39c6, 0x39c6,
0x39c6, 0x39c6, 0x39c6, 0x39c6, 0x39c6, 0x39c6, 0x39c6, 0x39c6, 0x39c6, 0x39c6,
0x39c6, 0x39c6, 0x39c6, 0x39c6, 0x39c6, 0x39c6, 0x39c6, 0x39c6, 0x39c6, 0x39c6,
0x39c6, 0x39c6, 0x39c6, 0x39c6, 0x39c6, 0x39c6, 0x39c6, 0x39c6, 0x39c6, 0x39c6,
0x39c6, 0x39c6, 0x39c6, 0x39c6, 0x39c6, 0x39c6, 0x39c6, 0x39c6, 0x39c6, 0x39c6,
0x39c6, 0x39c6, 0x39c6, 0x39c6, 0x39c6, 0x39c6, 0x39c6, 0x39c6, 0x39c6, 0x39c6,
0x39c6, 0x39c6, 0x39c6, 0x39c6, 0x39c6, 0x39c6, 0x39c6, 0x39c6, 0x39c6, 0x39c6,
0x39c6, 0x39c6, 0x39c6, 0x39c6, 0x39c6, 0x39c6, 0x39c6, 0x39c6, 0x39c6, 0x39c6,
0x39c6, 0x39c6, 0x39c6, 0x39c6, 0x39c6, 0x39c6, 0x39c6, 0x39c6, 0x39c6, 0x39c6,
0x39c6, 0x39c6, 0x39c6, 0x39c6, 0x39c6, 0x39c6, 0x39c6, 0x39c6, 0x39c6, 0x39c6,
0x39c6, 0x39c6, 0x39c6, 0x39c6, 0x39c6, 0x39c6, 0x39c6, 0x39c6, 0x39c6, 0x39c6,
0x39c6, 0x39c6, 0x39c6, 0x39c6, 0x39c6, 0x39c6, 0x39c6, 0x39c6, 0x39c6, 0x39c6,
0x39c6, 0x39c6, 0x39c6, 0x39c6, 0x39c6, 0x39c6, 0x39c6, 0x39c6, 0x39c6, 0x39c6,
0x39c6, 0x39c6, 0x39c6, 0x39c6, 0x39c6, 0x39c6, 0x39c6, 0x39c6, 0x39c6, 0x39c6,
0x39c6, 0x39c6, 0x39c6, 0x39c6, 0x39c6, 0x39c6, 0x39c6, 0x39c6, 0x39c6, 0x39c6,
0x39c6, 0x39c6, 0x39c6, 0x39c6, 0x39c6, 0x39c6, 0x39c6, 0x39c6, 0x39c6, 0x39c6,
0x39c6, 0x39c6, 0x39c6, 0x39c6, 0x39c6, 0x39c6, 0x39c6, 0x39c6, 0x39c6, 0x39c6,
0x39c6, 0x39c6, 0x39c6, 0x39c6, 0x39c6, 0x39c6, 0x39c6, 0x39c6, 0x39c6, 0x39c6,
0x39c6, 0x39c6, 0x39c6, 0x39c6, 0x39c6, 0x39c6, 0x39c6, 0x3165, 0xee05, 0xee05,
0xee05, 0xee05, 0xee05, 0xee05, 0xede4, 0xede4, 0xede4, 0xede4, 0xede4, 0xede4,
0xede4, 0xee05, 0xee05, 0xee05, 0xee05, 0xee04, 0xede4, 0xede4, 0xee04, 0xee05,
0xee05, 0xee05, 0xee05, 0xee05, 0xee05, 0xee05, 0xee05, 0xee05, 0xede4, 0xede4,
0xee05, 0xee05, 0xee05, 0xee05, 0xee05, 0xee04, 0xede4, 0xee04, 0xee05, 0xee06,
0xee06, 0xee26, 0xee26, 0xee26, 0xee27, 0xee27, 0xee27, 0xee27, 0xee27, 0xee27,
0xee27, 0xee27, 0xee27, 0xee27, 0xee27, 0xee06, 0xee06, 0xee27, 0xee27, 0xee27,
0xee27, 0xee27, 0xee27, 0xee27, 0xee06, 0xee06, 0xee06, 0xee27, 0xee27, 0xee27,
0xee28, 0xee06, 0xee06, 0xee06, 0xee06, 0xee06, 0xee06, 0xee06, 0xee06, 0xee27,
0xee27, 0xee28, 0xee28, 0xee27, 0xee28, 0xee07, 0xee06, 0xee27, 0xee28, 0xee28,
0xee28, 0xee28, 0xee48, 0xee49, 0xee6d, 0xee4a, 0xee4a, 0xee4a, 0xee4a, 0xee4a,
0xee6e, 0xffbe, 0xffbe, 0xffbe, 0xffbe, 0xffdf, 0xffbe, 0xffbe, 0xffbe, 0xff78,
0xee4a, 0xee4a, 0xee4a, 0xee4a, 0xee4a, 0xee4a, 0xee49, 0xf6b3, 0xffbe, 0xffbe,
0xf6ab, 0xee4a, 0xee4a, 0xee4a, 0xee49, 0xf738, 0xffbe, 0xffbe, 0xffbe, 0xffbe,
0xffbe, 0xffbe, 0xffbe, 0xffbd, 0xffbe, 0xf68c, 0xee4a, 0xee4a, 0xee4a, 0xee4a,
0xee4a, 0xee4b, 0xee8e, 0xee6c, 0xee6c, 0xee6c, 0xee6c, 0xee6c, 0xee4b, 0xf75c,
0xffbe, 0xffbe, 0xffbe, 0xffbe, 0xffbe, 0xffbe, 0xffbe, 0xffbe, 0xffde, 0xee6a,
0xee8f, 0xffbe, 0xffbe, 0xffbe, 0xffbe, 0xffbe, 0xffbe, 0xffbe, 0xffbe, 0xff9a,
0xee4b, 0xee6c, 0xee6c, 0xee6c, 0xf77c, 0xffbe, 0xffbe, 0xffbe, 0xffbe, 0xffbe,
0xffbe, 0xff9b, 0xee4b, 0xee6c, 0xee6c, 0xee6c, 0xee6c, 0xee6c, 0xee6c, 0xee6c,
0xee6e, 0xee6e, 0xee6e, 0xee6e, 0xee6e, 0xee6e, 0xee6e, 0xee6e, 0xee6e, 0xee6e,
0xee6e, 0xeeb3, 0xffbe, 0xffbe, 0xf756, 0xee6e, 0xee6e, 0xee6e, 0xee6e, 0xf6f6,
0xffbe, 0xffbe, 0xffbe, 0xffbe, 0xffbe, 0xffbe, 0xffbe, 0xffbe, 0xffbe, 0xf6d1,
0xee6e, 0xee6e, 0xf77b, 0xffbe, 0xffbe, 0xffbe, 0xffbe, 0xffbe, 0xffbe, 0xffde,
0xf6d1, 0xee6e, 0xee6e, 0xee6e, 0xee6e, 0xee6e, 0xee6e, 0xee6e, 0xf307, 0xf2e7,
0xf2e7, 0xf2e7, 0xf2e7, 0xf2e7, 0xf2e7, 0xf2e7, 0xf2e7, 0xf2e7, 0xf2e7, 0xfe9a,
0xffbe, 0xffbe, 0xffdf, 0xfe97, 0xf4f1, 0xfd74, 0xffdf, 0xffbe, 0xffbe, 0xffde,
0xf307, 0xf2e7, 0xf3ab, 0xf40d, 0xf40d, 0xf40d, 0xf40d, 0xf40d, 0xf40d, 0xf40d,
0xf410, 0xffbe, 0xffbe, 0xffff, 0xf44c, 0xf42d, 0xf2e7, 0xf307, 0xf307, 0xf307,
0xf307, 0xf307, 0xf327, 0xf327, 0xf328, 0xf348, 0xec2d, 0xf3eb, 0xf3eb, 0xf3eb,
0xf3eb, 0xf3eb, 0xf3eb, 0xf3eb, 0xf3eb, 0xf3eb, 0xf48f, 0xff5d, 0xffbe, 0xffbe,
0xff3a, 0xf593, 0xf594, 0xfe99, 0xffde, 0xffbe, 0xffbe, 0xffbd, 0xf3aa, 0xf3eb,
0xf3cb, 0xfe7b, 0xffbe, 0xffbe, 0xffbe, 0xffbe, 0xffff, 0xffff, 0xffff, 0xffff,
0xffff, 0xffff, 0xffff, 0xf44c, 0xf3eb, 0xf3eb, 0xf3eb, 0xf3eb, 0xf3eb, 0xf3eb,
0xf3eb, 0xf3eb, 0xf3eb, 0xf3eb, 0xf4ac, 0xf4ac, 0xf4ac, 0xf4ac, 0xf4ac, 0xf4ac,
0xf4ac, 0xf4ac, 0xf4ac, 0xf4ac, 0xf4ac, 0xf4ac, 0xf4ac, 0xf4ac, 0xf4ac, 0xf48b,
0xfef9, 0xffbe, 0xffbe, 0xff5c, 0xf4ac, 0xf4ac, 0xf4ac, 0xf4ac, 0xf4ac, 0xf4ac,
0xf550, 0xffdf, 0xffbe, 0xffbe, 0xff3b, 0xf550, 0xf54f, 0xf614, 0xffbe, 0xffbe,
0xffbe, 0xfe97, 0xf48c, 0xf4ac, 0xf4ac, 0xf4ac, 0xf4ac, 0xf4ac, 0xf4ac, 0xf4ac,
0xf4ac, 0xf48c, 0xed8f, 0xf58f, 0xf58f, 0xf58f, 0xf58f, 0xf58f, 0xf58f, 0xf58f,
0xf58f, 0xf58f, 0xf58f, 0xf58f, 0xf58f, 0xf58f, 0xf58f, 0xf58f, 0xf58f, 0xf56e,
0xff9e, 0xffbe, 0xffbe, 0xff7b, 0xf5f1, 0xf56e, 0xf56e, 0xf612, 0xff9e, 0xffbe,
0xffbe, 0xffde, 0xf58e, 0xf58f, 0xf58f, 0xf58f, 0xf58f, 0xf58f, 0xf58f, 0xf58f,
0xf58f, 0xf58f, 0xf58f, 0xf58f, 0xf58f, 0xf58f, 0xf58f, 0xf58f, 0xf58f, 0xf58f,
0xeef8, 0xef19, 0xef19, 0xef19, 0xef19, 0xef19, 0xef19, 0xef19, 0xef19, 0xef19,
0xef19, 0xef19, 0xef19, 0xef19, 0xef19, 0xef19, 0xf719, 0xb511, 0xad12, 0xad12,
0xad12, 0xad12, 0xad12, 0xad12, 0xad12, 0x940e, 0x736c, 0x736c, 0x83ce, 0xad12,
0xb533, 0xef19, 0xef19, 0xef19, 0xef19, 0xef19, 0xef19, 0xef19, 0xef19, 0xef19,
0xef19, 0xef19, 0xef19, 0xef19, 0xef19, 0xef19, 0xef19, 0xeef8, 0xef3b, 0xef3b,
0xef3b, 0xef3b, 0xef3b, 0xef3b, 0xef3b, 0xef3b, 0xef3b, 0xef3b, 0xef3b, 0xef3b,
0xef3b, 0xef3b, 0xef3b, 0xef3b, 0xef3b, 0xf73b, 0x8bee, 0x736c, 0x736c, 0x736c,
0x83cd, 0x9470, 0x9450, 0x9450, 0x9450, 0x9450, 0x9450, 0x8c2f, 0xf73b, 0xef3b,
0xef3b, 0xef3b, 0xef3b, 0xef3b, 0xef3b, 0xef3b, 0xef3b, 0xef3b, 0xef3b, 0xef3b,
0xef3b, 0xef3b, 0xef3b, 0xef3b, 0xef3b, 0xef3b, 0xce16, 0xce16, 0xce16, 0xce16,
0xce16, 0xce16, 0xce16, 0xce16, 0xce16, 0xce16, 0xce16, 0xce16, 0xce16, 0xce16,
0xce16, 0xce16, 0xce16, 0xce16, 0xce16, 0xce16, 0xce16, 0xce16, 0xce16, 0xce16,
0xce16, 0xce16, 0xce16, 0xce16, 0xce16, 0xce16, 0xce16, 0xce16, 0xce16, 0xce16,
0xce16, 0xce16, 0xce16, 0xce16, 0xce16, 0xce16, 0xce16, 0xce16, 0xce16, 0xce16,
0xce16, 0xce16, 0xce16, 0xce16, 
0x39c6, 0x39c6, 0x39c6, 0x39c6, 0x39c6, 0x39c6, 0x39c6, 0x39c6, 0x39c6, 0x39c6,
0x39c6, 0x39c6, 0x39c6, 0x39c6, 0x39c6, 0x39c6, 0x39c6, 0x39c6, 0x39c6, 0x39c6,
0x39c6, 0x39c6, 0x39c6, 0x39c6, 0x39c6, 0x39c6, 0x39c6, 0x39c6, 0x39c6, 0x39c6,
0x39c6, 0x39c6, 0x39c6, 0x39c6, 0x39c6, 0x39c6, 0x39c6, 0x39c6, 0x39c6, 0x39c6,
0x39c6, 0x39c6, 0x39c6, 0x39c6, 0x39c6, 0x39c6, 0x39c6, 0x39c6, 0x39c6, 0x39c6,
0x39c6, 0x39c6, 0x39c6, 0x39c6, 0x39c6, 0x39c6, 0x39c6, 0x39c6, 0x39c6, 0x39c6,
0x39c6, 0x39c6, 0x39c6, 0x39c6, 0x39c6, 0x39c6, 0x39c6, 0x39c6, 0x39c6, 0x39c6,
0x39c6, 0x39c6, 0x39c6, 0x39c6, 0x39c6, 0x39c6, 0x39c6, 0x39c6, 0x39c6, 0x39c6,
0x39c6, 0x39c6, 0x39c6, 0x39c6, 0x39c6, 0x39c6, 0x39c6, 0x39c6, 0x39c6, 0x39c6,
0x39c6, 0x39c6, 0x39c6, 0x39c6, 0x39c6, 0x39c6, 0x39c6, 0x39c6, 0x39c6, 0x39c6,
0x39c6, 0x39c6, 0x39c6, 0x39c6, 0x39c6, 0x39c6, 0x39c6, 0x39c6, 0x39c6, 0x39c6,
0x39c6, 0x39c6, 0x39c6, 0x39c6, 0x39c6, 0x39c6, 0x39c6, 0x39c6, 0x39c6, 0x39c6,
0x39c6, 0x39c6, 0x39c6, 0x39c6, 0x39c6, 0x39c6, 0x39c6, 0x39c6, 0x39c6, 0x39c6,
0x39c6, 0x39c6, 0x39c6, 0x39c6, 0x39c6, 0x39c6, 0x39c6, 0x39c6, 0x39c6, 0x39c6,
0x39c6, 0x39c6, 0x39c6, 0x39c6, 0x39c6, 0x39c6, 0x39c6, 0x39c6, 0x39c6, 0x39c6,
0x39c6, 0x39c6, 0x39c6, 0x39c6, 0x39c6, 0x39c6, 0x39c6, 0x39c6, 0x39c6, 0x39c6,
0x39c6, 0x39c6, 0x39c6, 0x39c6, 0x39c6, 0x39c6, 0x39c6, 0x39c6, 0x39c6, 0x39c6,
0x39c6, 0x39c6, 0x39c6, 0x39c6, 0x39c6, 0x39c6, 0x39c6, 0x39c6, 0x39c6, 0x39c6,
0x39c6, 0x39c6, 0x39c6, 0x39c6, 0x39c6, 0x39c6, 0x39c6, 0x39c6, 0x39c6, 0x39c6,
0x39c6, 0x39c6, 0x39c6, 0x39c6, 0x39c6, 0x39c6, 0x39c6, 0x39c6, 0x39c6, 0x39c6,
0x39c6, 0x39c6, 0x39c6, 0x39c6, 0x39c6, 0x39c6, 0x39c6, 0x39c6, 0x39c6, 0x39c6,
0x39c6, 0x39c6, 0x39c6, 0x39c6, 0x39c6, 0x39c6, 0x39c6, 0x39c6, 0x39c6, 0x39c6,
0x39c6, 0x39c6, 0x39c6, 0x39c6, 0x39c6, 0x39c6, 0x39c6, 0x39c6, 0x39c6, 0x39c6,
0x39c6, 0x39c6, 0x39c6, 0x39c6, 0x39c6, 0x39c6, 0x39c6, 0x39c6, 0x39c6, 0x39c6,
0x39c6, 0x39c6, 0x39c6, 0x39c6, 0x39c6, 0x39c6, 0x39c6, 0x39c6, 0x39c6, 0x39c6,
0x39c6, 0x39c6, 0x39c6, 0x39c6, 0x39c6, 0x39c6, 0x39c6, 0x39c6, 0x39c6, 0x39c6,
0x39c6, 0x39c6, 0x39c6, 0x39c6, 0x39c6, 0x39c6, 0x39c6, 0x39c6, 0x39c6, 0x39c6,
0x39c6, 0x39c6, 0x39c6, 0x39c6, 0x39c6, 0x39c6, 0x39c6, 0x39c6, 0x39c6, 0x39c6,
0x39c6, 0x39c6, 0x39c6, 0x39c6, 0x39c6, 0x39c6, 0x39c6, 0x3165, 0xee05, 0xee05,
0xee05, 0xee05, 0xee05, 0xee05, 0xee05, 0xee05, 0xee05, 0xee05, 0xee05, 0xee05,
0xee05, 0xee05, 0xee05, 0xee05, 0xee05, 0xee05, 0xee05, 0xee05, 0xee05, 0xee05,
0xee05, 0xee05, 0xee05, 0xee05, 0xee05, 0xee05, 0xee05, 0xee05, 0xee05, 0xee05,
0xee05, 0xee05, 0xee05, 0xee05, 0xee05, 0xee05, 0xee05, 0xee06, 0xee06, 0xee06,
0xee06, 0xee26, 0xee26, 0xee26, 0xee27, 0xee27, 0xee27, 0xee27, 0xee27, 0xee27,
0xee27, 0xee27, 0xee27, 0xee27, 0xee27, 0xee27, 0xee27, 0xee27, 0xee27, 0xee27,
0xee27, 0xee27, 0xee27, 0xee27, 0xee27, 0xee27, 0xee27, 0xee27, 0xee27, 0xee27,
0xee27, 0xee27, 0xee27, 0xee27, 0xee27, 0xee27, 0xee27, 0xee27, 0xee27, 0xee27,
0xee27, 0xee28, 0xee28, 0xee27, 0xee28, 0xee28, 0xee28, 0xee28, 0xee28, 0xee28,
0xee28, 0xee28, 0xee48, 0xee49, 0xee6d, 0xee4a, 0xee4a, 0xee4a, 0xee4a, 0xee4a,
0xee4a, 0xee4b, 0xf738, 0xff9c, 0xffdf, 0xffdf, 0xffbe, 0xf77a, 0xf713, 0xee29,
0xee4a, 0xee4a, 0xee4a, 0xee4a, 0xee4a, 0xee4a, 0xee49, 0xeeb2, 0xf77b, 0xf79b,
0xf68b, 0xee4a, 0xee4a, 0xee4a, 0xee49, 0xf716, 0xf77b, 0xf77b, 0xf77b, 0xf77b,
0xf77b, 0xf77b, 0xf79b, 0xf77b, 0xf79b, 0xf66c, 0xee4a, 0xee4a, 0xee4a, 0xee4a,
0xee4a, 0xee4b, 0xee8e, 0xee6c, 0xee6c, 0xee6c, 0xee6c, 0xee6c, 0xee4b, 0xf739,
0xf79b, 0xf79b, 0xf79b, 0xf79b, 0xf79b, 0xf79b, 0xf79b, 0xf79b, 0xff9c, 0xee6b,
0xee6c, 0xee4b, 0xf758, 0xf79c, 0xffdf, 0xffdf, 0xffdf, 0xff9b, 0xf735, 0xee4b,
0xee6c, 0xee6c, 0xee6c, 0xee6c, 0xee4b, 0xf738, 0xf79d, 0xffdf, 0xffdf, 0xff9c,
0xf757, 0xee4a, 0xee6c, 0xee6c, 0xee6c, 0xee6c, 0xee6c, 0xee6c, 0xee6c, 0xee6c,
0xee6e, 0xee6e, 0xee6e, 0xee6e, 0xee6e, 0xee6e, 0xee6e, 0xee6e, 0xee6e, 0xee6e,
0xee6e, 0xeeb1, 0xf759, 0xf759, 0xf713, 0xee6e, 0xee6e, 0xee6e, 0xee6e, 0xeed4,
0xf759, 0xf759, 0xf759, 0xf759, 0xf759, 0xf759, 0xf759, 0xf759, 0xf759, 0xf6b0,
0xee6e, 0xee6e, 0xee6d, 0xf6f4, 0xf759, 0xf79c, 0xf79c, 0xf79c, 0xf758, 0xee8e,
0xee6e, 0xee6e, 0xee6e, 0xee6e, 0xee6e, 0xee6e, 0xee6e, 0xee6e, 0xf307, 0xf2e7,
0xf2e7, 0xf2e7, 0xf2e7, 0xf2e7, 0xf2e7, 0xf2e7, 0xf2e7, 0xf2e7, 0xf2e7, 0xf2a7,
0xff7d, 0xffbe, 0xffbe, 0xffbe, 0xffbe, 0xffbe, 0xffbe, 0xffbe, 0xffde, 0xf48c,
0xf2e7, 0xf2e7, 0xf2e7, 0xf2e7, 0xf2e7, 0xf2e7, 0xf2e7, 0xf2e7, 0xf2e7, 0xf2e7,
0xf2cb, 0xffbe, 0xffbe, 0xffff, 0xf326, 0xf2e7, 0xf2e7, 0xf307, 0xf307, 0xf307,
0xf307, 0xf307, 0xf327, 0xf327, 0xf328, 0xf348, 0xec2d, 0xf3eb, 0xf3eb, 0xf3eb,
0xf3eb, 0xf3eb, 0xf3eb, 0xf3eb, 0xf3eb, 0xf3eb, 0xf44f, 0xffbe, 0xffbe, 0xffbe,
0xffbe, 0xffbe, 0xffbe, 0xffbe, 0xffbe, 0xffbe, 0xffde, 0xf551, 0xf3eb, 0xf3eb,
0xf3cb, 0xfebc, 0xffbe, 0xffbe, 0xffbe, 0xffbe, 0xffbe, 0xffbe, 0xffbe, 0xffbe,
0xffbe, 0xffbe, 0xffbe, 0xf44c, 0xf3eb, 0xf3eb, 0xf3eb, 0xf3eb, 0xf3eb, 0xf3eb,
0xf3eb, 0xf3eb, 0xf3eb, 0xf3eb, 0xf4ac, 0xf4ac, 0xf4ac, 0xf4ac, 0xf4ac, 0xf4ac,
0xf4ac, 0xf4ac, 0xf4ac, 0xf4ac, 0xf4ac, 0xf4ac, 0xf4ac, 0xf4ac, 0xf4ac, 0xf48b,
0xfef9, 0xffbe, 0xffbe, 0xff5c, 0xf4ac, 0xf4ac, 0xf4ac, 0xf4ac, 0xf4ac, 0xf4ac,
0xf48b, 0xfeb8, 0xffbe, 0xffbe, 0xffbe, 0xffde, 0xffde, 0xffbe, 0xffbe, 0xffbe,
0xffbd, 0xf4cd, 0xf4ac, 0xf4ac, 0xf4ac, 0xf4ac, 0xf4ac, 0xf4ac, 0xf4ac, 0xf4ac,
0xf4ac, 0xf48c, 0xed8f, 0xf58f, 0xf58f, 0xf58f, 0xf58f, 0xf58f, 0xf58f, 0xf58f,
0xf58f, 0xf58f, 0xf58f, 0xf58f, 0xf58f, 0xf58f, 0xf58f, 0xf58f, 0xf58f, 0xf58f,
0xf6b9, 0xffde, 0xffbe, 0xffbe, 0xffde, 0xffdf, 0xffdf, 0xffde, 0xffbe, 0xffbe,
0xffbe, 0xf673, 0xf58f, 0xf58f, 0xf58f, 0xf58f, 0xf58f, 0xf58f, 0xf58f, 0xf58f,
0xf58f, 0xf58f, 0xf58f, 0xf58f, 0xf58f, 0xf58f, 0xf58f, 0xf58f, 0xf58f, 0xf58f,
0xeef8, 0xef19, 0xef19, 0xef19, 0xef19, 0xef19, 0xef19, 0xef19, 0xef19, 0xef19,
0xef19, 0xef19, 0xef19, 0xef19, 0xef19, 0xef19, 0xef19, 0xef19, 0xef19, 0xef19,
0xef19, 0xef19, 0xef19, 0xef19, 0xef19, 0xb4d0, 0x736c, 0x736c, 0x8c50, 0xf719,
0xef19, 0xef19, 0xef19, 0xef19, 0xef19, 0xef19, 0xef19, 0xef19, 0xef19, 0xef19,
0xef19, 0xef19, 0xef19, 0xef19, 0xef19, 0xef19, 0xef19, 0xeef8, 0xef3b, 0xef3b,
0xef3b, 0xef3b, 0xef3b, 0xef3b, 0xef3b, 0xef3b, 0xef3b, 0xef3b, 0xef3b, 0xef3b,
0xef3b, 0xef3b, 0xef3b, 0xef3b, 0xef3b, 0xf75b, 0x7bad, 0x736c, 0x736c, 0x736c,
0x736c, 0x736c, 0x736c, 0x736c, 0x736c, 0x736c, 0x736c, 0x6b2b, 0xf73b, 0xef3b,
0xef3b, 0xef3b, 0xef3b, 0xef3b, 0xef3b, 0xef3b, 0xef3b, 0xef3b, 0xef3b, 0xef3b,
0xef3b, 0xef3b, 0xef3b, 0xef3b, 0xef3b, 0xef3b, 0xce16, 0xce16, 0xce16, 0xce16,
0xce16, 0xce16, 0xce16, 0xce16, 0xce16, 0xce16, 0xce16, 0xce16, 0xce16, 0xce16,
0xce16, 0xce16, 0xce16, 0xce16, 0xce16, 0xce16, 0xce16, 0xce16, 0xce16, 0xce16,
0xce16, 0xce16, 0xce16, 0xce16, 0xce16, 0xce16, 0xce16, 0xce16, 0xce16, 0xce16,
0xce16, 0xce16, 0xce16, 0xce16, 0xce16, 0xce16, 0xce16, 0xce16, 0xce16, 0xce16,
0xce16, 0xce16, 0xce16, 0xce16, 
0x39c6, 0x39c6, 0x39c6, 0x39c6, 0x39c6, 0x39c6, 0x39c6, 0x39c6, 0x39c6, 0x39c6,
0x39c6, 0x39c6, 0x39c6, 0x39c6, 0x39c6, 0x39c6, 0x39c6, 0x39c6, 0x39c6, 0x39c6,
0x39c6, 0x39c6, 0x39c6, 0x39c6, 0x39c6, 0x39c6, 0x39c6, 0x39c6, 0x39c6, 0x39c6,
0x39c6, 0x39c6, 0x39c6, 0x39c6, 0x39c6, 0x39c6, 0x39c6, 0x39c6, 0x39c6, 0x39c6,
0x39c6, 0x39c6, 0x39c6, 0x39c6, 0x39c6, 0x39c6, 0x39c6, 0x39c6, 0x39c6, 0x39c6,
0x39c6, 0x39c6, 0x39c6, 0x39c6, 0x39c6, 0x39c6, 0x39c6, 0x39c6, 0x39c6, 0x39c6,
0x39c6, 0x39c6, 0x39c6, 0x39c6, 0x39c6, 0x39c6, 0x39c6, 0x39c6, 0x39c6, 0x39c6,
0x39c6, 0x39c6, 0x39c6, 0x39c6, 0x39c6, 0x39c6, 0x39c6, 0x39c6, 0x39c6, 0x39c6,
0x39c6, 0x39c6, 0x39c6, 0x39c6, 0x39c6, 0x39c6, 0x39c6, 0x39c6, 0x39c6, 0x39c6,
0x39c6, 0x39c6, 0x39c6, 0x39c6, 0x39c6, 0x39c6, 0x39c6, 0x39c6, 0x39c6, 0x39c6,
0x39c6, 0x39c6, 0x39c6, 0x39c6, 0x39c6, 0x39c6, 0x39c6, 0x39c6, 0x39c6, 0x39c6,
0x39c6, 0x39c6, 0x39c6, 0x39c6, 0x39c6, 0x39c6, 0x39c6, 0x39c6, 0x39c6, 0x39c6,
0x39c6, 0x39c6, 0x39c6, 0x39c6, 0x39c6, 0x39c6, 0x39c6, 0x39c6, 0x39c6, 0x39c6,
0x39c6, 0x39c6, 0x39c6, 0x39c6, 0x39c6, 0x39c6, 0x39c6, 0x39c6, 0x39c6, 0x39c6,
0x39c6, 0x39c6, 0x39c6, 0x39c6, 0x39c6, 0x39c6, 0x39c6, 0x39c6, 0x39c6, 0x39c6,
0x39c6, 0x39c6, 0x39c6, 0x39c6, 0x39c6, 0x39c6, 0x39c6, 0x39c6, 0x39c6, 0x39c6,
0x39c6, 0x39c6, 0x39c6, 0x39c6, 0x39c6, 0x39c6, 0x39c6, 0x39c6, 0x39c6, 0x39c6,
0x39c6, 0x39c6, 0x39c6, 0x39c6, 0x39c6, 0x39c6, 0x39c6, 0x39c6, 0x39c6, 0x39c6,
0x39c6, 0x39c6, 0x39c6, 0x39c6, 0x39c6, 0x39c6, 0x39c6, 0x39c6, 0x39c6, 0x39c6,
0x39c6, 0x39c6, 0x39c6, 0x39c6, 0x39c6, 0x39c6, 0x39c6, 0x39c6, 0x39c6, 0x39c6,
0x39c6, 0x39c6, 0x39c6, 0x39c6, 0x39c6, 0x39c6, 0x39c6, 0x39c6, 0x39c6, 0x39c6,
0x39c6, 0x39c6, 0x39c6, 0x39c6, 0x39c6, 0x39c6, 0x39c6, 0x39c6, 0x39c6, 0x39c6,
0x39c6, 0x39c6, 0x39c6, 0x39c6, 0x39c6, 0x39c6, 0x39c6, 0x39c6, 0x39c6, 0x39c6,
0x39c6, 0x39c6, 0x39c6, 0x39c6, 0x39c6, 0x39c6, 0x39c6, 0x39c6, 0x39c6, 0x39c6,
0x39c6, 0x39c6, 0x39c6, 0x39c6, 0x39c6, 0x39c6, 0x39c6, 0x39c6, 0x39c6, 0x39c6,
0x39c6, 0x39c6, 0x39c6, 0x39c6, 0x39c6, 0x39c6, 0x39c6, 0x39c6, 0x39c6, 0x39c6,
0x39c6, 0x39c6, 0x39c6, 0x39c6, 0x39c6, 0x39c6, 0x39c6, 0x39c6, 0x39c6, 0x39c6,
0x39c6, 0x39c6, 0x39c6, 0x39c6, 0x39c6, 0x39c6, 0x39c6, 0x39c6, 0x39c6, 0x39c6,
0x39c6, 0x39c6, 0x39c6, 0x39c6, 0x39c6, 0x39c6, 0x39c6, 0x3165, 0xee05, 0xee05,
0xee05, 0xee05, 0xee05, 0xee05, 0xee05, 0xee05, 0xee05, 0xee05, 0xee05, 0xee05,
0xee05, 0xee05, 0xee05, 0xee05, 0xee05, 0xee05, 0xee05, 0xee05, 0xee05, 0xee05,
0xee05, 0xee05, 0xee05, 0xee05, 0xee05, 0xee05, 0xee05, 0xee05, 0xee05, 0xee05,
0xee05, 0xee05, 0xee05, 0xee05, 0xee05, 0xee05, 0xee05, 0xee06, 0xee06, 0xee06,
0xee06, 0xee26, 0xee26, 0xee26, 0xee27, 0xee27, 0xee27, 0xee27, 0xee27, 0xee27,
0xee27, 0xee27, 0xee27, 0xee27, 0xee27, 0xee27, 0xee27, 0xee27, 0xee27, 0xee27,
0xee27, 0xee27, 0xee27, 0xee27, 0xee27, 0xee27, 0xee27, 0xee27, 0xee27, 0xee27,
0xee27, 0xee27, 0xee27, 0xee27, 0xee27, 0xee27, 0xee27, 0xee27, 0xee27, 0xee27,
0xee27, 0xee28, 0xee28, 0xee27, 0xee28, 0xee28, 0xee28, 0xee28, 0xee28, 0xee28,
0xee28, 0xee28, 0xee48, 0xee49, 0xee6d, 0xee4a, 0xee4a, 0xee4a, 0xee4a, 0xee4a,
0xee4a, 0xee4a, 0xee49, 0xee29, 0xee28, 0xee28, 0xee28, 0xee29, 0xee4a, 0xee4a,
0xee4a, 0xee4a, 0xee4a, 0xee4a, 0xee4a, 0xee4a, 0xee4a, 0xee29, 0xee29, 0xee29,
0xee49, 0xee4a, 0xee4a, 0xee4a, 0xee4a, 0xee29, 0xee29, 0xee29, 0xee29, 0xee29,
0xee29, 0xee29, 0xee29, 0xee29, 0xee29, 0xee4a, 0xee4a, 0xee4a, 0xee4a, 0xee4a,
0xee4a, 0xee4b, 0xee8e, 0xee6c, 0xee6c, 0xee6c, 0xee6c, 0xee6c, 0xee6c, 0xee4b,
0xee4b, 0xee4b, 0xee4b, 0xee4b, 0xee4b, 0xee4b, 0xee4b, 0xee4b, 0xee4b, 0xee6c,
0xee6c, 0xee6c, 0xee6c, 0xee4b, 0xee4a, 0xee4a, 0xee4a, 0xee4b, 0xee6c, 0xee6c,
0xee6c, 0xee6c, 0xee6c, 0xee6c, 0xee6c, 0xee6c, 0xee4b, 0xee4a, 0xee4a, 0xee4b,
0xee6c, 0xee6c, 0xee6c, 0xee6c, 0xee6c, 0xee6c, 0xee6c, 0xee6c, 0xee6c, 0xee6c,
0xee6e, 0xee6e, 0xee6e, 0xee6e, 0xee6e, 0xee6e, 0xee6e, 0xee6e, 0xee6e, 0xee6e,
0xee6e, 0xee6e, 0xee6e, 0xee6e, 0xee6e, 0xee6e, 0xee6e, 0xee6e, 0xee6e, 0xee6e,
0xee6e, 0xee6e, 0xee6e, 0xee6e, 0xee6e, 0xee6e, 0xee6e, 0xee6e, 0xee6e, 0xee6e,
0xee6e, 0xee6e, 0xee6e, 0xee6e, 0xee6e, 0xee6d, 0xee6d, 0xee6d, 0xee6e, 0xee6e,
0xee6e, 0xee6e, 0xee6e, 0xee6e, 0xee6e, 0xee6e, 0xee6e, 0xee6e, 0xf2e7, 0xf2e7,
0xf2e7, 0xf2e7, 0xf2e7, 0xf2e7, 0xf2e7, 0xf2e7, 0xf2e7, 0xf2e7, 0xf2e7, 0xf2e7,
0xf286, 0xfeb9, 0xffbe, 0xffde, 0xffde, 0xffde, 0xffde, 0xff3b, 0xf42b, 0xf2e7,
0xf2e7, 0xf2e7, 0xf2e7, 0xf2e7, 0xf2e7, 0xf2e7, 0xf2e7, 0xf2e7, 0xf2e7, 0xf2e7,
0xf2cb, 0xffdf, 0xffde, 0xffff, 0xf326, 0xf2e7, 0xf2e7, 0xf307, 0xf307, 0xf307,
0xf307, 0xf307, 0xf327, 0xf327, 0xf327, 0xf348, 0xec2d, 0xf3eb, 0xf3eb, 0xf3eb,
0xf3eb, 0xf3eb, 0xf3eb, 0xf3eb, 0xf3eb, 0xf3eb, 0xf3eb, 0xf3ec, 0xfefb, 0xffbe,
0xffde, 0xffde, 0xffde, 0xffbe, 0xffde, 0xff5b, 0xf4ef, 0xf3cb, 0xf3eb, 0xf3eb,
0xf3cb, 0xfedc, 0xffde, 0xffde, 0xffde, 0xffde, 0xffde, 0xffde, 0xffde, 0xffde,
0xffde, 0xffde, 0xffde, 0xf44c, 0xf3eb, 0xf3eb, 0xf3eb, 0xf3eb, 0xf3eb, 0xf3eb,
0xf3eb, 0xf3eb, 0xf3eb, 0xf3eb, 0xf4ac, 0xf4ac, 0xf4ac, 0xf4ac, 0xf4ac, 0xf4ac,
0xf4ac, 0xf4ac, 0xf4ac, 0xf4ac, 0xf4ac, 0xf4ac, 0xf4ac, 0xf4ac, 0xf4ac, 0xf48b,
0xfefa, 0xffbe, 0xffbe, 0xff5c, 0xf4ac, 0xf4ac, 0xf4ac, 0xf4ac, 0xf4ac, 0xf4ac,
0xf4ac, 0xf48b, 0xfed8, 0xffde, 0xffbe, 0xffbe, 0xffbe, 0xffbe, 0xffbe, 0xff7c,
0xf4ee, 0xf4ac, 0xf4ac, 0xf4ac, 0xf4ac, 0xf4ac, 0xf4ac, 0xf4ac, 0xf4ac, 0xf4ac,
0xf4ac, 0xf48c, 0xed8f, 0xf58f, 0xf58f, 0xf58f, 0xf58f, 0xf58f, 0xf58f, 0xf58f,
0xf58f, 0xf58f, 0xf58f, 0xf58f, 0xf58f, 0xf58f, 0xf58f, 0xf58f, 0xf58f, 0xf58f,
0xf56e, 0xf6b8, 0xffbe, 0xffbe, 0xffbe, 0xffbe, 0xffbe, 0xffbe, 0xffbe, 0xffbd,
0xf6b5, 0xf56e, 0xf58f, 0xf58f, 0xf58f, 0xf58f, 0xf58f, 0xf58f, 0xf58f, 0xf58f,
0xf58f, 0xf58f, 0xf58f, 0xf58f, 0xf58f, 0xf58f, 0xf58f, 0xf58f, 0xf58f, 0xf58f,
0xeef8, 0xef19, 0xef19, 0xef19, 0xef19, 0xef19, 0xef19, 0xef19, 0xef19, 0xef19,
0xef19, 0xef19, 0xef19, 0xef19, 0xef19, 0xef19, 0xef19, 0xef19, 0xef19, 0xef19,
0xef19, 0xef19, 0xef19, 0xef19, 0xef19, 0xb4b0, 0x736c, 0x736c, 0x8c50, 0xf719,
0xef19, 0xef19, 0xef19, 0xef19, 0xef19, 0xef19, 0xef19, 0xef19, 0xef19, 0xef19,
0xef19, 0xef19, 0xef19, 0xef19, 0xef19, 0xef19, 0xef19, 0xeef8, 0xef3b, 0xef3b,
0xef3b, 0xef3b, 0xef3b, 0xef3b, 0xef3b, 0xef3b, 0xef3b, 0xef3b, 0xef3b, 0xef3b,
0xef3b, 0xef3b, 0xef3b, 0xef3b, 0xef3b, 0xf75b, 0x7b8d, 0x736c, 0x736c, 0x736c,
0x736c, 0x736c, 0x736c, 0x736c, 0x736c, 0x736c, 0x736c, 0x6b2b, 0xf73b, 0xef3b,
0xef3b, 0xef3b, 0xef3b, 0xef3b, 0xef3b, 0xef3b, 0xef3b, 0xef3b, 0xef3b, 0xef3b,
0xef3b, 0xef3b, 0xef3b, 0xef3b, 0xef3b, 0xef3b, 0xce16, 0xce16, 0xce16, 0xce16,
0xce16, 0xce16, 0xce16, 0xce16, 0xce16, 0xce16, 0xce16, 0xce16, 0xce16, 0xce16,
0xce16, 0xce16, 0xce16, 0xce16, 0xce16, 0xce16, 0xce16, 0xce16, 0xce16, 0xce16,
0xce16, 0xce16, 0xce16, 0xce16, 0xce16, 0xce16, 0xce16, 0xce16, 0xce16, 0xce16,
0xce16, 0xce16, 0xce16, 0xce16, 0xce16, 0xce16, 0xce16, 0xce16, 0xce16, 0xce16,
0xce16, 0xce16, 0xce16, 0xce16, 
0x39c6, 0x39c6, 0x39c6, 0x39c6, 0x39c6, 0x39c6, 0x39c6, 0x39c6, 0x39c6, 0x39c6,
0x39c6, 0x39c6, 0x39c6, 0x39c6, 0x39c6, 0x39c6, 0x39c6, 0x39c6, 0x39c6, 0x39c6,
0x39c6, 0x39c6, 0x39c6, 0x39c6, 0x39c6, 0x39c6, 0x39c6, 0x39c6, 0x39c6, 0x39c6,
0x39c6, 0x39c6, 0x39c6, 0x39c6, 0x39c6, 0x39c6, 0x39c6, 0x39c6, 0x39c6, 0x39c6,
0x39c6, 0x39c6, 0x39c6, 0x39c6, 0x39c6, 0x39c6, 0x39c6, 0x39c6, 0x39c6, 0x39c6,
0x39c6, 0x39c6, 0x39c6, 0x39c6, 0x39c6, 0x39c6, 0x39c6, 0x39c6, 0x39c6, 0x39c6,
0x39c6, 0x39c6, 0x39c6, 0x39c6, 0x39c6, 0x39c6, 0x39c6, 0x39c6, 0x39c6, 0x39c6,
0x39c6, 0x39c6, 0x39c6, 0x39c6, 0x39c6, 0x39c6, 0x39c6, 0x39c6, 0x39c6, 0x39c6,
0x39c6, 0x39c6, 0x39c6, 0x39c6, 0x39c6, 0x39c6, 0x39c6, 0x39c6, 0x39c6, 0x39c6,
0x39c6, 0x39c6, 0x39c6, 0x39c6, 0x39c6, 0x39c6, 0x39c6, 0x39c6, 0x39c6, 0x39c6,
0x39c6, 0x39c6, 0x39c6, 0x39c6, 0x39c6, 0x39c6, 0x39c6, 0x39c6, 0x39c6, 0x39c6,
0x39c6, 0x39c6, 0x39c6, 0x39c6, 0x39c6, 0x39c6, 0x39c6, 0x39c6, 0x39c6, 0x39c6,
0x39c6, 0x39c6, 0x39c6, 0x39c6, 0x39c6, 0x39c6, 0x39c6, 0x39c6, 0x39c6, 0x39c6,
0x39c6, 0x39c6, 0x39c6, 0x39c6, 0x39c6, 0x39c6, 0x39c6, 0x39c6, 0x39c6, 0x39c6,
0x39c6, 0x39c6, 0x39c6, 0x39c6, 0x39c6, 0x39c6, 0x39c6, 0x39c6, 0x39c6, 0x39c6,
0x39c6, 0x39c6, 0x39c6, 0x39c6, 0x39c6, 0x39c6, 0x39c6, 0x39c6, 0x39c6, 0x39c6,
0x39c6, 0x39c6, 0x39c6, 0x39c6, 0x39c6, 0x39c6, 0x39c6, 0x39c6, 0x39c6, 0x39c6,
0x39c6, 0x39c6, 0x39c6, 0x39c6, 0x39c6, 0x39c6, 0x39c6, 0x39c6, 0x39c6, 0x39c6,
0x39c6, 0x39c6, 0x39c6, 0x39c6, 0x39c6, 0x39c6, 0x39c6, 0x39c6, 0x39c6, 0x39c6,
0x39c6, 0x39c6, 0x39c6, 0x39c6, 0x39c6, 0x39c6, 0x39c6, 0x39c6, 0x39c6, 0x39c6,
0x39c6, 0x39c6, 0x39c6, 0x39c6, 0x39c6, 0x39c6, 0x39c6, 0x39c6, 0x39c6, 0x39c6,
0x39c6, 0x39c6, 0x39c6, 0x39c6, 0x39c6, 0x39c6, 0x39c6, 0x39c6, 0x39c6, 0x39c6,
0x39c6, 0x39c6, 0x39c6, 0x39c6, 0x39c6, 0x39c6, 0x39c6, 0x39c6, 0x39c6, 0x39c6,
0x39c6, 0x39c6, 0x39c6, 0x39c6, 0x39c6, 0x39c6, 0x39c6, 0x39c6, 0x39c6, 0x39c6,
0x39c6, 0x39c6, 0x39c6, 0x39c6, 0x39c6, 0x39c6, 0x39c6, 0x39c6, 0x39c6, 0x39c6,
0x39c6, 0x39c6, 0x39c6, 0x39c6, 0x39c6, 0x39c6, 0x39c6, 0x39c6, 0x39c6, 0x39c6,
0x39c6, 0x39c6, 0x39c6, 0x39c6, 0x39c6, 0x39c6, 0x39c6, 0x39c6, 0x39c6, 0x39c6,
0x39c6, 0x39c6, 0x39c6, 0x39c6, 0x39c6, 0x39c6, 0x39c6, 0x39c6, 0x39c6, 0x39c6,
0x39c6, 0x39c6, 0x39c6, 0x39c6, 0x39c6, 0x39c6, 0x39c6, 0x3165, 0xee05, 0xee05,
0xee05, 0xee05, 0xee05, 0xee05, 0xee05, 0xee05, 0xee05, 0xee05, 0xee05, 0xee05,
0xee05, 0xee05, 0xee05, 0xee05, 0xee05, 0xee05, 0xee05, 0xee05, 0xee05, 0xee05,
0xee05, 0xee05, 0xee05, 0xee05, 0xee05, 0xee05, 0xee05, 0xee05, 0xee05, 0xee05,
0xee05, 0xee05, 0xee05, 0xee05, 0xee05, 0xee05, 0xee05, 0xee06, 0xee06, 0xee06,
0xee06, 0xee26, 0xee26, 0xee26, 0xee27, 0xee27, 0xee27, 0xee27, 0xee27, 0xee27,
0xee27, 0xee27, 0xee27, 0xee27, 0xee27, 0xee27, 0xee27, 0xee27, 0xee27, 0xee27,
0xee27, 0xee27, 0xee27, 0xee27, 0xee27, 0xee27, 0xee27, 0xee27, 0xee27, 0xee27,
0xee27, 0xee27, 0xee27, 0xee27, 0xee27, 0xee27, 0xee27, 0xee27, 0xee27, 0xee27,
0xee27, 0xee28, 0xee28, 0xee27, 0xee28, 0xee28, 0xee28, 0xee28, 0xee28, 0xee28,
0xee28, 0xee28, 0xee48, 0xee49, 0xee6d, 0xee4a, 0xee4a, 0xee4a, 0xee4a, 0xee4a,
0xee4a, 0xee4a, 0xee4a, 0xee4a, 0xee4a, 0xee4a, 0xee4a, 0xee4a, 0xee4a, 0xee4a,
0xee4a, 0xee4a, 0xee4a, 0xee4a, 0xee4a, 0xee4a, 0xee4a, 0xee4a, 0xee4a, 0xee4a,
0xee4a, 0xee4a, 0xee4a, 0xee4a, 0xee4a, 0xee4a, 0xee4a, 0xee4a, 0xee4a, 0xee4a,
0xee4a, 0xee4a, 0xee4a, 0xee4a, 0xee4a, 0xee4a, 0xee4a, 0xee4a, 0xee4a, 0xee4a,
0xee4a, 0xee4b, 0xee8e, 0xee6c, 0xee6c, 0xee6c, 0xee6c, 0xee6c, 0xee6c, 0xee6c,
0xee6c, 0xee6c, 0xee6c, 0xee6c, 0xee6c, 0xee6c, 0xee6c, 0xee6c, 0xee6c, 0xee6c,
0xee6c, 0xee6c, 0xee6c, 0xee6c, 0xee6c, 0xee6c, 0xee6c, 0xee6c, 0xee6c, 0xee6c,
0xee6c, 0xee6c, 0xee6c, 0xee6c, 0xee6c, 0xee6c, 0xee6c, 0xee6c, 0xee6c, 0xee6c,
0xee6c, 0xee6c, 0xee6c, 0xee6c, 0xee6c, 0xee6c, 0xee6c, 0xee6c, 0xee6c, 0xee6c,
0xee6e, 0xee6e, 0xee6e, 0xee6e, 0xee6e, 0xee6e, 0xee6e, 0xee6e, 0xee6e, 0xee6e,
0xee6e, 0xee6e, 0xee6e, 0xee6e, 0xee6e, 0xee6e, 0xee6e, 0xee6e, 0xee6e, 0xee6e,
0xee6e, 0xee6e, 0xee6e, 0xee6e, 0xee6e, 0xee6e, 0xee6e, 0xee6e, 0xee6e, 0xee6e,
0xee6e, 0xee6e, 0xee6e, 0xee6e, 0xee6e, 0xee6e, 0xee6e, 0xee6e, 0xee6e, 0xee6e,
0xee6e, 0xee6e, 0xee6e, 0xee6e, 0xee6e, 0xee6e, 0xee6e, 0xee6e, 0xf307, 0xf2e7,
0xf2e7, 0xf2e7, 0xf2e7, 0xf2e7, 0xf2e7, 0xf2e7, 0xf2e7, 0xf2e7, 0xf2e7, 0xf2e7,
0xf2e7, 0xf2e7, 0xf2a5, 0xf46f, 0xfcf0, 0xfcf1, 0xf2e5, 0xf2c7, 0xf2e7, 0xf2e7,
0xf2e7, 0xf2e7, 0xf2e7, 0xf2e7, 0xf2e7, 0xf2e7, 0xf2e7, 0xf2e7, 0xf2e7, 0xf2e7,
0xf2e7, 0xf2a6, 0xf2a6, 0xf2a6, 0xf307, 0xf307, 0xf307, 0xf307, 0xf307, 0xf307,
0xf307, 0xf327, 0xf327, 0xf327, 0xf347, 0xf348, 0xec2d, 0xf3eb, 0xf3eb, 0xf3eb,
0xf3eb, 0xf3eb, 0xf3eb, 0xf3ec, 0xf3ec, 0xf3ec, 0xf3ec, 0xf3ec, 0xf3eb, 0xf3aa,
0xf4d2, 0xfd73, 0xfd73, 0xfd92, 0xf3aa, 0xf3cb, 0xf3ec, 0xf3ec, 0xf3ec, 0xf3ec,
0xf3ec, 0xf3cb, 0xf3aa, 0xf3aa, 0xf3aa, 0xf3aa, 0xf3aa, 0xf3aa, 0xf3aa, 0xf3aa,
0xf3aa, 0xf3aa, 0xf3aa, 0xf3ec, 0xf3ec, 0xf3ec, 0xf3ec, 0xf3eb, 0xf3eb, 0xf3eb,
0xf3eb, 0xf3eb, 0xf3eb, 0xf3eb, 0xf4ac, 0xf4ac, 0xf4ac, 0xf4ac, 0xf4ac, 0xf4ac,
0xf4ac, 0xf4ac, 0xf4ac, 0xf4ac, 0xf4ac, 0xf4ac, 0xf4ac, 0xf4ac, 0xf4ac, 0xf4ac,
0xf591, 0xf5f3, 0xf5f3, 0xf5d2, 0xf4ac, 0xf4ac, 0xf4ac, 0xf4ac, 0xf4ac, 0xf4ac,
0xf4ac, 0xf4ac, 0xf4ac, 0xf4ac, 0xf614, 0xff5c, 0xff5c, 0xfef9, 0xf550, 0xf48b,
0xf4ac, 0xf4ac, 0xf4ac, 0xf4ac, 0xf4ac, 0xf4ac, 0xf4ac, 0xf4ac, 0xf4ac, 0xf4ac,
0xf4ac, 0xf48c, 0xed8f, 0xf58f, 0xf58f, 0xf58f, 0xf58f, 0xf58f, 0xf58f, 0xf58f,
0xf58f, 0xf58f, 0xf58f, 0xf58f, 0xf58f, 0xf58f, 0xf58f, 0xf58f, 0xf58f, 0xf58f,
0xf58f, 0xf58f, 0xf56d, 0xf655, 0xf75c, 0xff7c, 0xff7c, 0xff7b, 0xf675, 0xf56e,
0xf58f, 0xf58f, 0xf58f, 0xf58f, 0xf58f, 0xf58f, 0xf58f, 0xf58f, 0xf58f, 0xf58f,
0xf58f, 0xf58f, 0xf58f, 0xf58f, 0xf58f, 0xf58f, 0xf58f, 0xf58f, 0xf58f, 0xf58f,
0xeef8, 0xef19, 0xef19, 0xef19, 0xef19, 0xef19, 0xef19, 0xef19, 0xef19, 0xef19,
0xef19, 0xef19, 0xef19, 0xef19, 0xef19, 0xef19, 0xef19, 0xef19, 0xef19, 0xef19,
0xef19, 0xef19, 0xef19, 0xef19, 0xef19, 0xd615, 0xbd94, 0xbd94, 0xc5f5, 0xef19,
0xef19, 0xef19, 0xef19, 0xef19, 0xef19, 0xef19, 0xef19, 0xef19, 0xef19, 0xef19,
0xef19, 0xef19, 0xef19, 0xef19, 0xef19, 0xef19, 0xef19, 0xeef8, 0xef3b, 0xef3b,
0xef3b, 0xef3b, 0xef3b, 0xef3b, 0xef3b, 0xef3b, 0xef3b, 0xef3b, 0xef3b, 0xef3b,
0xef3b, 0xef3b, 0xef3b, 0xef3b, 0xef3b, 0xf73b, 0xc5b5, 0xbdb5, 0xbdb5, 0xbdb5,
0xbdb5, 0xbdb5, 0xbdb5, 0xbdb5, 0xbdb5, 0xbdb5, 0xbdb5, 0xbd95, 0xef3b, 0xef3b,
0xef3b, 0xef3b, 0xef3b, 0xef3b, 0xef3b, 0xef3b, 0xef3b, 0xef3b, 0xef3b, 0xef3b,
0xef3b, 0xef3b, 0xef3b, 0xef3b, 0xef3b, 0xef3b, 0xce16, 0xce16, 0xce16, 0xce16,
0xce16, 0xce16, 0xce16, 0xce16, 0xce16, 0xce16, 0xce16, 0xce16, 0xce16, 0xce16,
0xce16, 0xce16, 0xce16, 0xce16, 0xce16, 0xce16, 0xce16, 0xce16, 0xce16, 0xce16,
0xce16, 0xce16, 0xce16, 0xce16, 0xce16, 0xce16, 0xce16, 0xce16, 0xce16, 0xce16,
0xce16, 0xce16, 0xce16, 0xce16, 0xce16, 0xce16, 0xce16, 0xce16, 0xce16, 0xce16,
0xce16, 0xce16, 0xce16, 0xce16, 
0x39c6, 0x39c6, 0x39c6, 0x39c6, 0x39c6, 0x39c6, 0x39c6, 0x39c6, 0x39c6, 0x39c6,
0x39c6, 0x39c6, 0x39c6, 0x39c6, 0x39c6, 0x39c6, 0x39c6, 0x39c6, 0x39c6, 0x39c6,
0x39c6, 0x39c6, 0x39c6, 0x39c6, 0x39c6, 0x39c6, 0x39c6, 0x39c6, 0x39c6, 0x39c6,
0x39c6, 0x39c6, 0x39c6, 0x39c6, 0x39c6, 0x39c6, 0x39c6, 0x39c6, 0x39c6, 0x39c6,
0x39c6, 0x39c6, 0x39c6, 0x39c6, 0x39c6, 0x39c6, 0x39c6, 0x39c6, 0x39c6, 0x39c6,
0x39c6, 0x39c6, 0x39c6, 0x39c6, 0x39c6, 0x39c6, 0x39c6, 0x39c6, 0x39c6, 0x39c6,
0x39c6, 0x39c6, 0x39c6, 0x39c6, 0x39c6, 0x39c6, 0x39c6, 0x39c6, 0x39c6, 0x39c6,
0x39c6, 0x39c6, 0x39c6, 0x39c6, 0x39c6, 0x39c6, 0x39c6, 0x39c6, 0x39c6, 0x39c6,
0x39c6, 0x39c6, 0x39c6, 0x39c6, 0x39c6, 0x39c6, 0x39c6, 0x39c6, 0x39c6, 0x39c6,
0x39c6, 0x39c6, 0x39c6, 0x39c6, 0x39c6, 0x39c6, 0x39c6, 0x39c6, 0x39c6, 0x39c6,
0x39c6, 0x39c6, 0x39c6, 0x39c6, 0x39c6, 0x39c6, 0x39c6, 0x39c6, 0x39c6, 0x39c6,
0x39c6, 0x39c6, 0x39c6, 0x39c6, 0x39c6, 0x39c6, 0x39c6, 0x39c6, 0x39c6, 0x39c6,
0x39c6, 0x39c6, 0x39c6, 0x39c6, 0x39c6, 0x39c6, 0x39c6, 0x39c6, 0x39c6, 0x39c6,
0x39c6, 0x39c6, 0x39c6, 0x39c6, 0x39c6, 0x39c6, 0x39c6, 0x39c6, 0x39c6, 0x39c6,
0x39c6, 0x39c6, 0x39c6, 0x39c6, 0x39c6, 0x39c6, 0x39c6, 0x39c6, 0x39c6, 0x39c6,
0x39c6, 0x39c6, 0x39c6, 0x39c6, 0x39c6, 0x39c6, 0x39c6, 0x39c6, 0x39c6, 0x39c6,
0x39c6, 0x39c6, 0x39c6, 0x39c6, 0x39c6, 0x39c6, 0x39c6, 0x39c6, 0x39c6, 0x39c6,
0x39c6, 0x39c6, 0x39c6, 0x39c6, 0x39c6, 0x39c6, 0x39c6, 0x39c6, 0x39c6, 0x39c6,
0x39c6, 0x39c6, 0x39c6, 0x39c6, 0x39c6, 0x39c6, 0x39c6, 0x39c6, 0x39c6, 0x39c6,
0x39c6, 0x39c6, 0x39c6, 0x39c6, 0x39c6, 0x39c6, 0x39c6, 0x39c6, 0x39c6, 0x39c6,
0x39c6, 0x39c6, 0x39c6, 0x39c6, 0x39c6, 0x39c6, 0x39c6, 0x39c6, 0x39c6, 0x39c6,
0x39c6, 0x39c6, 0x39c6, 0x39c6, 0x39c6, 0x39c6, 0x39c6, 0x39c6, 0x39c6, 0x39c6,
0x39c6, 0x39c6, 0x39c6, 0x39c6, 0x39c6, 0x39c6, 0x39c6, 0x39c6, 0x39c6, 0x39c6,
0x39c6, 0x39c6, 0x39c6, 0x39c6, 0x39c6, 0x39c6, 0x39c6, 0x39c6, 0x39c6, 0x39c6,
0x39c6, 0x39c6, 0x39c6, 0x39c6, 0x39c6, 0x39c6, 0x39c6, 0x39c6, 0x39c6, 0x39c6,
0x39c6, 0x39c6, 0x39c6, 0x39c6, 0x39c6, 0x39c6, 0x39c6, 0x39c6, 0x39c6, 0x39c6,
0x39c6, 0x39c6, 0x39c6, 0x39c6, 0x39c6, 0x39c6, 0x39c6, 0x39c6, 0x39c6, 0x39c6,
0x39c6, 0x39c6, 0x39c6, 0x39c6, 0x39c6, 0x39c6, 0x39c6, 0x39c6, 0x39c6, 0x39c6,
0x39c6, 0x39c6, 0x39c6, 0x39c6, 0x39c6, 0x39c6, 0x39c6, 0x3165, 0xee05, 0xee05,
0xee05, 0xee05, 0xee05, 0xee05, 0xee05, 0xee05, 0xee05, 0xee05, 0xee05, 0xee05,
0xee05, 0xee05, 0xee05, 0xee05, 0xee05, 0xee05, 0xee05, 0xee05, 0xee05, 0xee05,
0xee05, 0xee05, 0xee05, 0xee05, 0xee05, 0xee05, 0xee05, 0xee05, 0xee05, 0xee05,
0xee05, 0xee05, 0xee05, 0xee05, 0xee05, 0xee05, 0xee05, 0xee06, 0xee06, 0xee06,
0xee06, 0xee26, 0xee26, 0xee26, 0xee27, 0xee27, 0xee27, 0xee27, 0xee27, 0xee27,
0xee27, 0xee27, 0xee27, 0xee27, 0xee27, 0xee27, 0xee27, 0xee27, 0xee27, 0xee27,
0xee27, 0xee27, 0xee27, 0xee27, 0xee27, 0xee27, 0xee27, 0xee27, 0xee27, 0xee27,
0xee27, 0xee27, 0xee27, 0xee27, 0xee27, 0xee27, 0xee27, 0xee27, 0xee27, 0xee27,
0xee27, 0xee28, 0xee28, 0xee27, 0xee28, 0xee28, 0xee28, 0xee28, 0xee28, 0xee28,
0xee28, 0xee28, 0xee28, 0xee49, 0xee6d, 0xee4a, 0xee4a, 0xee4a, 0xee4a, 0xee4a,
0xee4a, 0xee4a, 0xee4a, 0xee4a, 0xee4a, 0xee4a, 0xee4a, 0xee4a, 0xee4a, 0xee4a,
0xee4a, 0xee4a, 0xee4a, 0xee4a, 0xee4a, 0xee4a, 0xee4a, 0xee4a, 0xee4a, 0xee4a,
0xee4a, 0xee4a, 0xee4a, 0xee4a, 0xee4a, 0xee4a, 0xee4a, 0xee4a, 0xee4a, 0xee4a,
0xee4a, 0xee4a, 0xee4a, 0xee4a, 0xee4a, 0xee4a, 0xee4a, 0xee4a, 0xee4a, 0xee4a,
0xee4a, 0xee4b, 0xee8e, 0xee6c, 0xee6c, 0xee6c, 0xee6c, 0xee6c, 0xee6c, 0xee6c,
0xee6c, 0xee6c, 0xee6c, 0xee6c, 0xee6c, 0xee6c, 0xee6c, 0xee6c, 0xee6c, 0xee6c,
0xee6c, 0xee6c, 0xee6c, 0xee6c, 0xee6c, 0xee6c, 0xee6c, 0xee6c, 0xee6c, 0xee6c,
0xee6c, 0xee6c, 0xee6c, 0xee6c, 0xee6c, 0xee6c, 0xee6c, 0xee6c, 0xee6c, 0xee6c,
0xee6c, 0xee6c, 0xee6c, 0xee6c, 0xee6c, 0xee6c, 0xee6c, 0xee6c, 0xee6c, 0xee6c,
0xee6e, 0xee6e, 0xee6e, 0xee6e, 0xee6e, 0xee6e, 0xee6e, 0xee6e, 0xee6e, 0xee6e,
0xee6e, 0xee6e, 0xee6e, 0xee6e, 0xee6e, 0xee6e, 0xee6e, 0xee6e, 0xee6e, 0xee6e,
0xee6e, 0xee6e, 0xee6e, 0xee6e, 0xee6e, 0xee6e, 0xee6e, 0xee6e, 0xee6e, 0xee6e,
0xee6e, 0xee6e, 0xee6e, 0xee6e, 0xee6e, 0xee6e, 0xee6e, 0xee6e, 0xee6e, 0xee6e,
0xee6e, 0xee6e, 0xee6e, 0xee6e, 0xee6e, 0xee6e, 0xee6e, 0xee6e, 0xf307, 0xf2e7,
0xf2e7, 0xf2e7, 0xf2e7, 0xf2e7, 0xf2e7, 0xf2e7, 0xf2e7, 0xf2e7, 0xf2e7, 0xf2e7,
0xf2e7, 0xf2e7, 0xf2e7, 0xf2e7, 0xf2e7, 0xf2e7, 0xf2e7, 0xf2e7, 0xf2e7, 0xf2e7,
0xf2e7, 0xf2e7, 0xf2e7, 0xf2e7, 0xf2e7, 0xf2e7, 0xf2e7, 0xf2e7, 0xf2e7, 0xf2e7,
0xf2e7, 0xf2e7, 0xf2e7, 0xf307, 0xf307, 0xf2e7, 0xf307, 0xf307, 0xf307, 0xf307,
0xf307, 0xf307, 0xf327, 0xf327, 0xf348, 0xf368, 0xec2d, 0xf3ec, 0xf3ec, 0xf3ec,
0xf3eb, 0xf3eb, 0xf3eb, 0xf3eb, 0xf3eb, 0xf3eb, 0xf3eb, 0xf3eb, 0xf3eb, 0xf3eb,
0xf3eb, 0xf3eb, 0xf3eb, 0xf3eb, 0xf3eb, 0xf3eb, 0xf3eb, 0xf3eb, 0xf3eb, 0xf3eb,
0xf3eb, 0xf3eb, 0xf3eb, 0xf3eb, 0xf3eb, 0xf3eb, 0xf3eb, 0xf3eb, 0xf3eb, 0xf3eb,
0xf3eb, 0xf3eb, 0xf3eb, 0xf3eb, 0xf3eb, 0xf3eb, 0xf3eb, 0xf3eb, 0xf3eb, 0xf3eb,
0xf3ec, 0xf3ec, 0xf3ec, 0xf3ec, 0xf4ac, 0xf4ac, 0xf4ac, 0xf4ac, 0xf4ac, 0xf4ac,
0xf4ac, 0xf4ac, 0xf4ac, 0xf4ac, 0xf4ac, 0xf4ac, 0xf4ac, 0xf4ac, 0xf4ac, 0xf4ac,
0xf4ac, 0xf4ac, 0xf4ac, 0xf4ac, 0xf4ac, 0xf4ac, 0xf4ac, 0xf4ac, 0xf4ac, 0xf4ac,
0xf4ac, 0xf4ac, 0xf4ac, 0xf4ac, 0xf4ac, 0xf4ac, 0xf4ac, 0xf4ac, 0xf4ac, 0xf4ac,
0xf4ac, 0xf4ac, 0xf4ac, 0xf4ac, 0xf4ac, 0xf4ac, 0xf4ac, 0xf4ac, 0xf4ac, 0xf4ac,
0xf4ac, 0xf48c, 0xed8f, 0xf58f, 0xf58f, 0xf58f, 0xf58f, 0xf58f, 0xf58f, 0xf58f,
0xf58f, 0xf58f, 0xf58f, 0xf58f, 0xf58f, 0xf58f, 0xf58f, 0xf58f, 0xf58f, 0xf58f,
0xf58f, 0xf58f, 0xf58f, 0xf58f, 0xf58f, 0xf58f, 0xf58f, 0xf58f, 0xf58f, 0xf58f,
0xf58f, 0xf58f, 0xf58f, 0xf58f, 0xf58f, 0xf58f, 0xf58f, 0xf58f, 0xf58f, 0xf58f,
0xf58f, 0xf58f, 0xf58f, 0xf58f, 0xf58f, 0xf58f, 0xf58f, 0xf58f, 0xf58f, 0xf58f,
0xeef8, 0xef19, 0xef19, 0xef19, 0xef19, 0xef19, 0xef19, 0xef19, 0xef19, 0xef19,
0xef19, 0xef19, 0xef19, 0xef19, 0xef19, 0xef19, 0xef19, 0xef19, 0xef19, 0xef19,
0xef19, 0xef19, 0xef19, 0xef19, 0xef19, 0xef19, 0xef19, 0xef19, 0xef19, 0xef19,
0xef19, 0xef19, 0xef19, 0xef19, 0xef19, 0xef19, 0xef19, 0xef19, 0xef19, 0xef19,
0xef19, 0xef19, 0xef19, 0xef19, 0xef19, 0xef19, 0xef19, 0xeef8, 0xef3b, 0xef3b,
0xef3b, 0xef3b, 0xef3b, 0xef3b, 0xef3b, 0xef3b, 0xef3b, 0xef3b, 0xef3b, 0xef3b,
0xef3b, 0xef3b, 0xef3b, 0xef3b, 0xef3b, 0xef3b, 0xef3b, 0xef3b, 0xef3b, 0xef3b,
0xef3b, 0xef3b, 0xef3b, 0xef3b, 0xef3b, 0xef3b, 0xef3b, 0xef3b, 0xef3b, 0xef3b,
0xef3b, 0xef3b, 0xef3b, 0xef3b, 0xef3b, 0xef3b, 0xef3b, 0xef3b, 0xef3b, 0xef3b,
0xef3b, 0xef3b, 0xef3b, 0xef3b, 0xef3b, 0xef3b, 0xce16, 0xce16, 0xce16, 0xce16,
0xce16, 0xce16, 0xce16, 0xce16, 0xce16, 0xce16, 0xce16, 0xce16, 0xce16, 0xce16,
0xce16, 0xce16, 0xce16, 0xce16, 0xce16, 0xce16, 0xce16, 0xce16, 0xce16, 0xce16,
0xce16, 0xce16, 0xce16, 0xce16, 0xce16, 0xce16, 0xce16, 0xce16, 0xce16, 0xce16,
0xce16, 0xce16, 0xce16, 0xce16, 0xce16, 0xce16, 0xce16, 0xce16, 0xce16, 0xce16,
0xce16, 0xce16, 0xce16, 0xce16, 
0x39c6, 0x39c6, 0x39c6, 0x39c6, 0x39c6, 0x39c6, 0x39c6, 0x39c6, 0x39c6, 0x39c6,
0x39c6, 0x39c6, 0x39c6, 0x39c6, 0x39c6, 0x39c6, 0x39c6, 0x39c6, 0x39c6, 0x39c6,
0x39c6, 0x39c6, 0x39c6, 0x39c6, 0x39c6, 0x39c6, 0x39c6, 0x39c6, 0x39c6, 0x39c6,
0x39c6, 0x39c6, 0x39c6, 0x39c6, 0x39c6, 0x39c6, 0x39c6, 0x39c6, 0x39c6, 0x39c6,
0x39c6, 0x39c6, 0x39c6, 0x39c6, 0x39c6, 0x39c6, 0x39c6, 0x39c6, 0x39c6, 0x39c6,
0x39c6, 0x39c6, 0x39c6, 0x39c6, 0x39c6, 0x39c6, 0x39c6, 0x39c6, 0x39c6, 0x39c6,
0x39c6, 0x39c6, 0x39c6, 0x39c6, 0x39c6, 0x39c6, 0x39c6, 0x39c6, 0x39c6, 0x39c6,
0x39c6, 0x39c6, 0x39c6, 0x39c6, 0x39c6, 0x39c6, 0x39c6, 0x39c6, 0x39c6, 0x39c6,
0x39c6, 0x39c6, 0x39c6, 0x39c6, 0x39c6, 0x39c6, 0x39c6, 0x39c6, 0x39c6, 0x39c6,
0x39c6, 0x39c6, 0x39c6, 0x39c6, 0x39c6, 0x39c6, 0x39c6, 0x39c6, 0x39c6, 0x39c6,
0x39c6, 0x39c6, 0x39c6, 0x39c6, 0x39c6, 0x39c6, 0x39c6, 0x39c6, 0x39c6, 0x39c6,
0x39c6, 0x39c6, 0x39c6, 0x39c6, 0x39c6, 0x39c6, 0x39c6, 0x39c6, 0x39c6, 0x39c6,
0x39c6, 0x39c6, 0x39c6, 0x39c6, 0x39c6, 0x39c6, 0x39c6, 0x39c6, 0x39c6, 0x39c6,
0x39c6, 0x39c6, 0x39c6, 0x39c6, 0x39c6, 0x39c6, 0x39c6, 0x39c6, 0x39c6, 0x39c6,
0x39c6, 0x39c6, 0x39c6, 0x39c6, 0x39c6, 0x39c6, 0x39c6, 0x39c6, 0x39c6, 0x39c6,
0x39c6, 0x39c6, 0x39c6, 0x39c6, 0x39c6, 0x39c6, 0x39c6, 0x39c6, 0x39c6, 0x39c6,
0x39c6, 0x39c6, 0x39c6, 0x39c6, 0x39c6, 0x39c6, 0x39c6, 0x39c6, 0x39c6, 0x39c6,
0x39c6, 0x39c6, 0x39c6, 0x39c6, 0x39c6, 0x39c6, 0x39c6, 0x39c6, 0x39c6, 0x39c6,
0x39c6, 0x39c6, 0x39c6, 0x39c6, 0x39c6, 0x39c6, 0x39c6, 0x39c6, 0x39c6, 0x39c6,
0x39c6, 0x39c6, 0x39c6, 0x39c6, 0x39c6, 0x39c6, 0x39c6, 0x39c6, 0x39c6, 0x39c6,
0x39c6, 0x39c6, 0x39c6, 0x39c6, 0x39c6, 0x39c6, 0x39c6, 0x39c6, 0x39c6, 0x39c6,
0x39c6, 0x39c6, 0x39c6, 0x39c6, 0x39c6, 0x39c6, 0x39c6, 0x39c6, 0x39c6, 0x39c6,
0x39c6, 0x39c6, 0x39c6, 0x39c6, 0x39c6, 0x39c6, 0x39c6, 0x39c6, 0x39c6, 0x39c6,
0x39c6, 0x39c6, 0x39c6, 0x39c6, 0x39c6, 0x39c6, 0x39c6, 0x39c6, 0x39c6, 0x39c6,
0x39c6, 0x39c6, 0x39c6, 0x39c6, 0x39c6, 0x39c6, 0x39c6, 0x39c6, 0x39c6, 0x39c6,
0x39c6, 0x39c6, 0x39c6, 0x39c6, 0x39c6, 0x39c6, 0x39c6, 0x39c6, 0x39c6, 0x39c6,
0x39c6, 0x39c6, 0x39c6, 0x39c6, 0x39c6, 0x39c6, 0x39c6, 0x39c6, 0x39c6, 0x39c6,
0x39c6, 0x39c6, 0x39c6, 0x39c6, 0x39c6, 0x39c6, 0x39c6, 0x39c6, 0x39c6, 0x39c6,
0x39c6, 0x39c6, 0x39c6, 0x39c6, 0x39c6, 0x39c6, 0x39c6, 0x3165, 0xee05, 0xee05,
0xee05, 0xee05, 0xee05, 0xee05, 0xee05, 0xee05, 0xee05, 0xee05, 0xee05, 0xee05,
0xee05, 0xee05, 0xee05, 0xee05, 0xee05, 0xee05, 0xee05, 0xee05, 0xee05, 0xee05,
0xee05, 0xee05, 0xee05, 0xee05, 0xee05, 0xee05, 0xee05, 0xee05, 0xee05, 0xee05,
0xee05, 0xee05, 0xee05, 0xee05, 0xee05, 0xee05, 0xee05, 0xee06, 0xee06, 0xee06,
0xee06, 0xee26, 0xee26, 0xee26, 0xee27, 0xee27, 0xee27, 0xee27, 0xee27, 0xee27,
0xee27, 0xee27, 0xee27, 0xee27, 0xee27, 0xee27, 0xee27, 0xee27, 0xee27, 0xee27,
0xee27, 0xee27, 0xee27, 0xee27, 0xee27, 0xee27, 0xee27, 0xee27, 0xee27, 0xee27,
0xee27, 0xee27, 0xee27, 0xee27, 0xee27, 0xee27, 0xee27, 0xee27, 0xee27, 0xee27,
0xee27, 0xee28, 0xee28, 0xee27, 0xee28, 0xee28, 0xee28, 0xee28, 0xee28, 0xee28,
0xee28, 0xee28, 0xee28, 0xee49, 0xee6d, 0xee4a, 0xee4a, 0xee4a, 0xee4a, 0xee4a,
0xee4a, 0xee4a, 0xee4a, 0xee4a, 0xee4a, 0xee4a, 0xee4a, 0xee4a, 0xee4a, 0xee4a,
0xee4a, 0xee4a, 0xee4a, 0xee4a, 0xee4a, 0xee4a, 0xee4a, 0xee4a, 0xee4a, 0xee4a,
0xee4a, 0xee4a, 0xee4a, 0xee4a, 0xee4a, 0xee4a, 0xee4a, 0xee4a, 0xee4a, 0xee4a,
0xee4a, 0xee4a, 0xee4a, 0xee4a, 0xee4a, 0xee4a, 0xee4a, 0xee4a, 0xee4a, 0xee4a,
0xee4a, 0xee4b, 0xee8e, 0xee6c, 0xee6c, 0xee6c, 0xee6c, 0xee6c, 0xee6c, 0xee6c,
0xee6c, 0xee6c, 0xee6c, 0xee6c, 0xee6c, 0xee6c, 0xee6c, 0xee6c, 0xee6c, 0xee6c,
0xee6c, 0xee6c, 0xee6c, 0xee6c, 0xee6c, 0xee6c, 0xee6c, 0xee6c, 0xee6c, 0xee6c,
0xee6c, 0xee6c, 0xee6c, 0xee6c, 0xee6c, 0xee6c, 0xee6c, 0xee6c, 0xee6c, 0xee6c,
0xee6c, 0xee6c, 0xee6c, 0xee6c, 0xee6c, 0xee6c, 0xee6c, 0xee6c, 0xee6c, 0xee6c,
0xee6e, 0xee6e, 0xee6e, 0xee6e, 0xee6e, 0xee6e, 0xee6e, 0xee6e, 0xee6e, 0xee6e,
0xee6e, 0xee6e, 0xee6e, 0xee6e, 0xee6e, 0xee6e, 0xee6e, 0xee6e, 0xee6e, 0xee6e,
0xee6e, 0xee6e, 0xee6e, 0xee6e, 0xee6e, 0xee6e, 0xee6e, 0xee6e, 0xee6e, 0xee6e,
0xee6e, 0xee6e, 0xee6e, 0xee6e, 0xee6e, 0xee6e, 0xee6e, 0xee6e, 0xee6e, 0xee6e,
0xee6e, 0xee6e, 0xee6e, 0xee6e, 0xee6e, 0xee6e, 0xee6e, 0xee6e, 0xf307, 0xf2e7,
0xf2e7, 0xf2e7, 0xf2e7, 0xf2e7, 0xf2e7, 0xf2e7, 0xf2e7, 0xf2e7, 0xf2e7, 0xf2e7,
0xf307, 0xf307, 0xf307, 0xf307, 0xf307, 0xf307, 0xf307, 0xf307, 0xf307, 0xf307,
0xf307, 0xf307, 0xf307, 0xf307, 0xf307, 0xf307, 0xf307, 0xf307, 0xf307, 0xf307,
0xf307, 0xf307, 0xf307, 0xf307, 0xf307, 0xf307, 0xf307, 0xf307, 0xf307, 0xf307,
0xf307, 0xf327, 0xf327, 0xf327, 0xf348, 0xf368, 0xec2d, 0xf3eb, 0xf3eb, 0xf3eb,
0xf3eb, 0xf3ec, 0xf3ec, 0xf3ec, 0xf3ec, 0xf3ec, 0xf3ec, 0xf3ec, 0xf3ec, 0xf3ec,
0xf3ec, 0xf3ec, 0xf3ec, 0xf3ec, 0xf3ec, 0xf3ec, 0xf3ec, 0xf3ec, 0xf3ec, 0xf3ec,
0xf3ec, 0xf3ec, 0xf3ec, 0xf3ec, 0xf3ec, 0xf3ec, 0xf3ec, 0xf3ec, 0xf3ec, 0xf3ec,
0xf3ec, 0xf3ec, 0xf3ec, 0xf3ec, 0xf3ec, 0xf3ec, 0xf3ec, 0xf3ec, 0xf3ec, 0xf3eb,
0xf3eb, 0xf3eb, 0xf3eb, 0xf3eb, 0xf4ac, 0xf4ac, 0xf4ac, 0xf4ac, 0xf4ac, 0xf4ac,
0xf4ac, 0xf4ac, 0xf4ac, 0xf4ac, 0xf4ac, 0xf4ac, 0xf4ac, 0xf4ac, 0xf4ac, 0xf4ac,
0xf4ac, 0xf4ac, 0xf4ac, 0xf4ac, 0xf4ac, 0xf4ac, 0xf4ac, 0xf4ac, 0xf4ac, 0xf4ac,
0xf4ac, 0xf4ac, 0xf4ac, 0xf4ac, 0xf4ac, 0xf4ac, 0xf4ac, 0xf4ac, 0xf4ac, 0xf4ac,
0xf4ac, 0xf4ac, 0xf4ac, 0xf4ac, 0xf4ac, 0xf4ac, 0xf4ac, 0xf4ac, 0xf4ac, 0xf4ac,
0xf4ac, 0xf48c, 0xed8f, 0xf58f, 0xf58f, 0xf58f, 0xf58f, 0xf58f, 0xf58f, 0xf58f,
0xf58f, 0xf58f, 0xf58f, 0xf58f, 0xf58f, 0xf58f, 0xf58f, 0xf58f, 0xf58f, 0xf58f,
0xf58f, 0xf58f, 0xf58f, 0xf58f, 0xf58f, 0xf58f, 0xf58f, 0xf58f, 0xf58f, 0xf58f,
0xf58f, 0xf58f, 0xf58f, 0xf58f, 0xf58f, 0xf58f, 0xf58f, 0xf58f, 0xf58f, 0xf58f,
0xf58f, 0xf58f, 0xf58f, 0xf58f, 0xf58f, 0xf58f, 0xf58f, 0xf58f, 0xf58f, 0xf58f,
0xeef8, 0xef19, 0xef19, 0xef19, 0xef19, 0xef19, 0xef19, 0xef19, 0xef19, 0xef19,
0xef19, 0xef19, 0xef19, 0xef19, 0xef19, 0xef19, 0xef19, 0xef19, 0xef19, 0xef19,
0xef19, 0xef19, 0xef19, 0xef19, 0xef19, 0xef19, 0xef19, 0xef19, 0xef19, 0xef19,
0xef19, 0xef19, 0xef19, 0xef19, 0xef19, 0xef19, 0xef19, 0xef19, 0xef19, 0xef19,
0xef19, 0xef19, 0xef19, 0xef19, 0xef19, 0xef19, 0xef19, 0xeef8, 0xef3b, 0xef3b,
0xef3b, 0xef3b, 0xef3b, 0xef3b, 0xef3b, 0xef3b, 0xef3b, 0xef3b, 0xef3b, 0xef3b,
0xef3b, 0xef3b, 0xef3b, 0xef3b, 0xef3b, 0xef3b, 0xef3b, 0xef3b, 0xef3b, 0xef3b,
0xef3b, 0xef3b, 0xef3b, 0xef3b, 0xef3b, 0xef3b, 0xef3b, 0xef3b, 0xef3b, 0xef3b,
0xef3b, 0xef3b, 0xef3b, 0xef3b, 0xef3b, 0xef3b, 0xef3b, 0xef3b, 0xef3b, 0xef3b,
0xef3b, 0xef3b, 0xef3b, 0xef3b, 0xef3b, 0xef3b, 0xce16, 0xce16, 0xce16, 0xce16,
0xce16, 0xce16, 0xce16, 0xce16, 0xce16, 0xce16, 0xce16, 0xce16, 0xce16, 0xce16,
0xce16, 0xce16, 0xce16, 0xce16, 0xce16, 0xce16, 0xce16, 0xce16, 0xce16, 0xce16,
0xce16, 0xce16, 0xce16, 0xce16, 0xce16, 0xce16, 0xce16, 0xce16, 0xce16, 0xce16,
0xce16, 0xce16, 0xce16, 0xce16, 0xce16, 0xce16, 0xce16, 0xce16, 0xce16, 0xce16,
0xce16, 0xce16, 0xce16, 0xce16, 
0x39c6, 0x39c6, 0x39c6, 0x39c6, 0x39c6, 0x39c6, 0x39c6, 0x39c6, 0x39c6, 0x39c6,
0x39c6, 0x39c6, 0x39c6, 0x39c6, 0x39c6, 0x39c6, 0x39c6, 0x39c6, 0x39c6, 0x39c6,
0x39c6, 0x39c6, 0x39c6, 0x39c6, 0x39c6, 0x39c6, 0x39c6, 0x39c6, 0x39c6, 0x39c6,
0x39c6, 0x39c6, 0x39c6, 0x39c6, 0x39c6, 0x39c6, 0x39c6, 0x39c6, 0x39c6, 0x39c6,
0x39c6, 0x39c6, 0x39c6, 0x39c6, 0x39c6, 0x39c6, 0x39c6, 0x39c6, 0x39c6, 0x39c6,
0x39c6, 0x39c6, 0x39c6, 0x39c6, 0x39c6, 0x39c6, 0x39c6, 0x39c6, 0x39c6, 0x39c6,
0x39c6, 0x39c6, 0x39c6, 0x39c6, 0x39c6, 0x39c6, 0x39c6, 0x39c6, 0x39c6, 0x39c6,
0x39c6, 0x39c6, 0x39c6, 0x39c6, 0x39c6, 0x39c6, 0x39c6, 0x39c6, 0x39c6, 0x39c6,
0x39c6, 0x39c6, 0x39c6, 0x39c6, 0x39c6, 0x39c6, 0x39c6, 0x39c6, 0x39c6, 0x39c6,
0x39c6, 0x39c6, 0x39c6, 0x39c6, 0x39c6, 0x39c6, 0x39c6, 0x39c6, 0x39c6, 0x39c6,
0x39c6, 0x39c6, 0x39c6, 0x39c6, 0x39c6, 0x39c6, 0x39c6, 0x39c6, 0x39c6, 0x39c6,
0x39c6, 0x39c6, 0x39c6, 0x39c6, 0x39c6, 0x39c6, 0x39c6, 0x39c6, 0x39c6, 0x39c6,
0x39c6, 0x39c6, 0x39c6, 0x39c6, 0x39c6, 0x39c6, 0x39c6, 0x39c6, 0x39c6, 0x39c6,
0x39c6, 0x39c6, 0x39c6, 0x39c6, 0x39c6, 0x39c6, 0x39c6, 0x39c6, 0x39c6, 0x39c6,
0x39c6, 0x39c6, 0x39c6, 0x39c6, 0x39c6, 0x39c6, 0x39c6, 0x39c6, 0x39c6, 0x39c6,
0x39c6, 0x39c6, 0x39c6, 0x39c6, 0x39c6, 0x39c6, 0x39c6, 0x39c6, 0x39c6, 0x39c6,
0x39c6, 0x39c6, 0x39c6, 0x39c6, 0x39c6, 0x39c6, 0x39c6, 0x39c6, 0x39c6, 0x39c6,
0x39c6, 0x39c6, 0x39c6, 0x39c6, 0x39c6, 0x39c6, 0x39c6, 0x39c6, 0x39c6, 0x39c6,
0x39c6, 0x39c6, 0x39c6, 0x39c6, 0x39c6, 0x39c6, 0x39c6, 0x39c6, 0x39c6, 0x39c6,
0x39c6, 0x39c6, 0x39c6, 0x39c6, 0x39c6, 0x39c6, 0x39c6, 0x39c6, 0x39c6, 0x39c6,
0x39c6, 0x39c6, 0x39c6, 0x39c6, 0x39c6, 0x39c6, 0x39c6, 0x39c6, 0x39c6, 0x39c6,
0x39c6, 0x39c6, 0x39c6, 0x39c6, 0x39c6, 0x39c6, 0x39c6, 0x39c6, 0x39c6, 0x39c6,
0x39c6, 0x39c6, 0x39c6, 0x39c6, 0x39c6, 0x39c6, 0x39c6, 0x39c6, 0x39c6, 0x39c6,
0x39c6, 0x39c6, 0x39c6, 0x39c6, 0x39c6, 0x39c6, 0x39c6, 0x39c6, 0x39c6, 0x39c6,
0x39c6, 0x39c6, 0x39c6, 0x39c6, 0x39c6, 0x39c6, 0x39c6, 0x39c6, 0x39c6, 0x39c6,
0x39c6, 0x39c6, 0x39c6, 0x39c6, 0x39c6, 0x39c6, 0x39c6, 0x39c6, 0x39c6, 0x39c6,
0x39c6, 0x39c6, 0x39c6, 0x39c6, 0x39c6, 0x39c6, 0x39c6, 0x39c6, 0x39c6, 0x39c6,
0x39c6, 0x39c6, 0x39c6, 0x39c6, 0x39c6, 0x39c6, 0x39c6, 0x39c6, 0x39c6, 0x39c6,
0x39c6, 0x39c6, 0x39c6, 0x39c6, 0x39c6, 0x39c6, 0x39c6, 0x3165, 0xee05, 0xee05,
0xee05, 0xee05, 0xee05, 0xee05, 0xee05, 0xee05, 0xee05, 0xee05, 0xee05, 0xee05,
0xee05, 0xee05, 0xee05, 0xee05, 0xee05, 0xee05, 0xee05, 0xee05, 0xee05, 0xee05,
0xee05, 0xee05, 0xee05, 0xee05, 0xee05, 0xee05, 0xee05, 0xee05, 0xee05, 0xee05,
0xee05, 0xee05, 0xee05, 0xee05, 0xee05, 0xee05, 0xee05, 0xee06, 0xee06, 0xee06,
0xee06, 0xee26, 0xee26, 0xee26, 0xee27, 0xee27, 0xee27, 0xee27, 0xee27, 0xee27,
0xee27, 0xee27, 0xee27, 0xee27, 0xee27, 0xee27, 0xee27, 0xee27, 0xee27, 0xee27,
0xee27, 0xee27, 0xee27, 0xee27, 0xee27, 0xee27, 0xee27, 0xee27, 0xee27, 0xee27,
0xee27, 0xee27, 0xee27, 0xee27, 0xee27, 0xee27, 0xee27, 0xee27, 0xee27, 0xee27,
0xee27, 0xee28, 0xee28, 0xee27, 0xee28, 0xee28, 0xee28, 0xee28, 0xee28, 0xee28,
0xee28, 0xee28, 0xee28, 0xee49, 0xee6d, 0xee4a, 0xee4a, 0xee4a, 0xee4a, 0xee4a,
0xee4a, 0xee4a, 0xee4a, 0xee4a, 0xee4a, 0xee4a, 0xee4a, 0xee4a, 0xee4a, 0xee4a,
0xee4a, 0xee4a, 0xee4a, 0xee4a, 0xee4a, 0xee4a, 0xee4a, 0xee4a, 0xee4a, 0xee4a,
0xee4a, 0xee4a, 0xee4a, 0xee4a, 0xee4a, 0xee4a, 0xee4a, 0xee4a, 0xee4a, 0xee4a,
0xee4a, 0xee4a, 0xee4a, 0xee4a, 0xee4a, 0xee4a, 0xee4a, 0xee4a, 0xee4a, 0xee4a,
0xee4a, 0xee4b, 0xee8e, 0xee6c, 0xee6c, 0xee6c, 0xee6c, 0xee6c, 0xee6c, 0xee6c,
0xee6c, 0xee6c, 0xee6c, 0xee6c, 0xee6c, 0xee6c, 0xee6c, 0xee6c, 0xee6c, 0xee6c,
0xee6c, 0xee6c, 0xee6c, 0xee6c, 0xee6c, 0xee6c, 0xee6c, 0xee6c, 0xee6c, 0xee6c,
0xee6c, 0xee6c, 0xee6c, 0xee6c, 0xee6c, 0xee6c, 0xee6c, 0xee6c, 0xee6c, 0xee6c,
0xee6c, 0xee6c, 0xee6c, 0xee6c, 0xee6c, 0xee6c, 0xee6c, 0xee6c, 0xee6c, 0xee6c,
0xee6e, 0xee6e, 0xee6e, 0xee6e, 0xee8e, 0xee8e, 0xee8e, 0xee8e, 0xee8e, 0xee8e,
0xee8e, 0xee8e, 0xee8e, 0xee8e, 0xee8e, 0xee8e, 0xee8e, 0xee8e, 0xee8e, 0xee8e,
0xee8e, 0xee8e, 0xee8e, 0xee8e, 0xee8e, 0xee8e, 0xee8e, 0xee8e, 0xee8e, 0xee8e,
0xee8e, 0xee8e, 0xee8e, 0xee8e, 0xee8e, 0xee8e, 0xee8e, 0xee8e, 0xee8e, 0xee8e,
0xee8e, 0xee8e, 0xee8e, 0xee8e, 0xee6e, 0xee6e, 0xee6e, 0xee6e, 0xf307, 0xf307,
0xf307, 0xf307, 0xf307, 0xf307, 0xf307, 0xf307, 0xf307, 0xf307, 0xf307, 0xf307,
0xf307, 0xf307, 0xf307, 0xf307, 0xf307, 0xf307, 0xf307, 0xf307, 0xf307, 0xf307,
0xf307, 0xf307, 0xf307, 0xf307, 0xf307, 0xf307, 0xf307, 0xf307, 0xf307, 0xf307,
0xf307, 0xf307, 0xf307, 0xf307, 0xf307, 0xf307, 0xf307, 0xf307, 0xf307, 0xf307,
0xf327, 0xf327, 0xf327, 0xf347, 0xf347, 0xf368, 0xec2d, 0xf3ec, 0xf3ec, 0xf3ec,
0xf3ec, 0xf3ec, 0xf3ec, 0xf3eb, 0xf3eb, 0xf3eb, 0xf3eb, 0xf3eb, 0xf3eb, 0xf3eb,
0xf3eb, 0xf3eb, 0xf3eb, 0xf3eb, 0xf3eb, 0xf3eb, 0xf3eb, 0xf3eb, 0xf3eb, 0xf3eb,
0xf3eb, 0xf3eb, 0xf3eb, 0xf3eb, 0xf3eb, 0xf3eb, 0xf3eb, 0xf3eb, 0xf3eb, 0xf3eb,
0xf3eb, 0xf3eb, 0xf3eb, 0xf3eb, 0xf3eb, 0xf3eb, 0xf3eb, 0xf3ec, 0xf3ec, 0xf3ec,
0xf3ec, 0xf3ec, 0xf3ec, 0xf3ec, 0xf4ac, 0xf4ac, 0xf4ac, 0xf4ac, 0xf4ac, 0xf4ac,
0xf4ac, 0xf4ac, 0xf4ac, 0xf4ac, 0xf4ac, 0xf4ac, 0xf4ac, 0xf4ac, 0xf4ac, 0xf4ac,
0xf4ac, 0xf4ac, 0xf4ac, 0xf4ac, 0xf4ac, 0xf4ac, 0xf4ac, 0xf4ac, 0xf4ac, 0xf4ac,
0xf4ac, 0xf4ac, 0xf4ac, 0xf4ac, 0xf4ac, 0xf4ac, 0xf4ac, 0xf4ac, 0xf4ac, 0xf4ac,
0xf4ac, 0xf4ac, 0xf4ac, 0xf4ac, 0xf4ac, 0xf4ac, 0xf4ac, 0xf4ac, 0xf4ac, 0xf4ac,
0xf4ac, 0xf4ac, 0xed8f, 0xf58f, 0xf58f, 0xf58f, 0xf58f, 0xf58f, 0xf58f, 0xf58f,
0xf58f, 0xf58f, 0xf58f, 0xf58f, 0xf58f, 0xf58f, 0xf58f, 0xf58f, 0xf58f, 0xf58f,
0xf58f, 0xf58f, 0xf58f, 0xf58f, 0xf58f, 0xf58f, 0xf58f, 0xf58f, 0xf58f, 0xf58f,
0xf58f, 0xf58f, 0xf58f, 0xf58f, 0xf58f, 0xf58f, 0xf58f, 0xf58f, 0xf58f, 0xf58f,
0xf58f, 0xf58f, 0xf58f, 0xf58f, 0xf58f, 0xf58f, 0xf58f, 0xf58f, 0xf58f, 0xf58f,
0xeef8, 0xef19, 0xef19, 0xef19, 0xef19, 0xef19, 0xef19, 0xef19, 0xef19, 0xef19,
0xef19, 0xef19, 0xef19, 0xef19, 0xef19, 0xef19, 0xef19, 0xef19, 0xef19, 0xef19,
0xef19, 0xef19, 0xef19, 0xef19, 0xef19, 0xef19, 0xef19, 0xef19, 0xef19, 0xef19,
0xef19, 0xef19, 0xef19, 0xef19, 0xef19, 0xef19, 0xef19, 0xef19, 0xef19, 0xef19,
0xef19, 0xef19, 0xef19, 0xef19, 0xef19, 0xef19, 0xef19, 0xeef8, 0xef3b, 0xef3b,
0xef3b, 0xef3b, 0xef3b, 0xef3b, 0xef3b, 0xef3b, 0xef3b, 0xef3b, 0xef3b, 0xef3b,
0xef3b, 0xef3b, 0xef3b, 0xef3b, 0xef3b, 0xef3b, 0xef3b, 0xef3b, 0xef3b, 0xef3b,
0xef3b, 0xef3b, 0xef3b, 0xef3b, 0xef3b, 0xef3b, 0xef3b, 0xef3b, 0xef3b, 0xef3b,
0xef3b, 0xef3b, 0xef3b, 0xef3b, 0xef3b, 0xef3b, 0xef3b, 0xef3b, 0xef3b, 0xef3b,
0xef3b, 0xef3b, 0xef3b, 0xef3b, 0xef3b, 0xef3b, 0xce16, 0xce16, 0xce16, 0xce16,
0xce16, 0xce16, 0xce16, 0xce16, 0xce16, 0xce16, 0xce16, 0xce16, 0xce16, 0xce16,
0xce16, 0xce16, 0xce16, 0xce16, 0xce16, 0xce16, 0xce16, 0xce16, 0xce16, 0xce16,
0xce16, 0xce16, 0xce16, 0xce16, 0xce16, 0xce16, 0xce16, 0xce16, 0xce16, 0xce16,
0xce16, 0xce16, 0xce16, 0xce16, 0xce16, 0xce16, 0xce16, 0xce16, 0xce16, 0xce16,
0xce16, 0xce16, 0xce16, 0xce16, 
0x39c6, 0x39c6, 0x39c6, 0x39c6, 0x39c6, 0x39c6, 0x39c6, 0x39c6, 0x39c6, 0x39c6,
0x39c6, 0x39c6, 0x39c6, 0x39c6, 0x39c6, 0x39c6, 0x39c6, 0x39c6, 0x39c6, 0x39c6,
0x39c6, 0x39c6, 0x39c6, 0x39c6, 0x39c6, 0x39c6, 0x39c6, 0x39c6, 0x39c6, 0x39c6,
0x39c6, 0x39c6, 0x39c6, 0x39c6, 0x39c6, 0x39c6, 0x39c6, 0x39c6, 0x39c6, 0x39c6,
0x39c6, 0x39c6, 0x39c6, 0x39c6, 0x39c6, 0x39c6, 0x39c6, 0x39c6, 0x39c6, 0x39c6,
0x39c6, 0x39c6, 0x39c6, 0x39c6, 0x39c6, 0x39c6, 0x39c6, 0x39c6, 0x39c6, 0x39c6,
0x39c6, 0x39c6, 0x39c6, 0x39c6, 0x39c6, 0x39c6, 0x39c6, 0x39c6, 0x39c6, 0x39c6,
0x39c6, 0x39c6, 0x39c6, 0x39c6, 0x39c6, 0x39c6, 0x39c6, 0x39c6, 0x39c6, 0x39c6,
0x39c6, 0x39c6, 0x39c6, 0x39c6, 0x39c6, 0x39c6, 0x39c6, 0x39c6, 0x39c6, 0x39c6,
0x39c6, 0x39c6, 0x39c6, 0x39c6, 0x39c6, 0x39c6, 0x39c6, 0x39c6, 0x39c6, 0x39c6,
0x39c6, 0x39c6, 0x39c6, 0x39c6, 0x39c6, 0x39c6, 0x39c6, 0x39c6, 0x39c6, 0x39c6,
0x39c6, 0x39c6, 0x39c6, 0x39c6, 0x39c6, 0x39c6, 0x39c6, 0x39c6, 0x39c6, 0x39c6,
0x39c6, 0x39c6, 0x39c6, 0x39c6, 0x39c6, 0x39c6, 0x39c6, 0x39c6, 0x39c6, 0x39c6,
0x39c6, 0x39c6, 0x39c6, 0x39c6, 0x39c6, 0x39c6, 0x39c6, 0x39c6, 0x39c6, 0x39c6,
0x39c6, 0x39c6, 0x39c6, 0x39c6, 0x39c6, 0x39c6, 0x39c6, 0x39c6, 0x39c6, 0x39c6,
0x39c6, 0x39c6, 0x39c6, 0x39c6, 0x39c6, 0x39c6, 0x39c6, 0x39c6, 0x39c6, 0x39c6,
0x39c6, 0x39c6, 0x39c6, 0x39c6, 0x39c6, 0x39c6, 0x39c6, 0x39c6, 0x39c6, 0x39c6,
0x39c6, 0x39c6, 0x39c6, 0x39c6, 0x39c6, 0x39c6, 0x39c6, 0x39c6, 0x39c6, 0x39c6,
0x39c6, 0x39c6, 0x39c6, 0x39c6, 0x39c6, 0x39c6, 0x39c6, 0x39c6, 0x39c6, 0x39c6,
0x39c6, 0x39c6, 0x39c6, 0x39c6, 0x39c6, 0x39c6, 0x39c6, 0x39c6, 0x39c6, 0x39c6,
0x39c6, 0x39c6, 0x39c6, 0x39c6, 0x39c6, 0x39c6, 0x39c6, 0x39c6, 0x39c6, 0x39c6,
0x39c6, 0x39c6, 0x39c6, 0x39c6, 0x39c6, 0x39c6, 0x39c6, 0x39c6, 0x39c6, 0x39c6,
0x39c6, 0x39c6, 0x39c6, 0x39c6, 0x39c6, 0x39c6, 0x39c6, 0x39c6, 0x39c6, 0x39c6,
0x39c6, 0x39c6, 0x39c6, 0x39c6, 0x39c6, 0x39c6, 0x39c6, 0x39c6, 0x39c6, 0x39c6,
0x39c6, 0x39c6, 0x39c6, 0x39c6, 0x39c6, 0x39c6, 0x39c6, 0x39c6, 0x39c6, 0x39c6,
0x39c6, 0x39c6, 0x39c6, 0x39c6, 0x39c6, 0x39c6, 0x39c6, 0x39c6, 0x39c6, 0x39c6,
0x39c6, 0x39c6, 0x39c6, 0x39c6, 0x39c6, 0x39c6, 0x39c6, 0x39c6, 0x39c6, 0x39c6,
0x39c6, 0x39c6, 0x39c6, 0x39c6, 0x39c6, 0x39c6, 0x39c6, 0x39c6, 0x39c6, 0x39c6,
0x39c6, 0x39c6, 0x39c6, 0x39c6, 0x39c6, 0x39c6, 0x39c6, 0x3165, 0xee05, 0xee05,
0xee05, 0xee05, 0xee05, 0xee05, 0xee05, 0xee05, 0xee05, 0xee05, 0xee05, 0xee05,
0xee05, 0xee05, 0xee05, 0xee05, 0xee05, 0xee05, 0xee05, 0xee05, 0xee05, 0xee05,
0xee05, 0xee05, 0xee05, 0xee05, 0xee05, 0xee05, 0xee05, 0xee05, 0xee05, 0xee05,
0xee05, 0xee05, 0xee05, 0xee05, 0xee05, 0xee05, 0xee05, 0xee06, 0xee06, 0xee06,
0xee06, 0xee26, 0xee26, 0xee26, 0xee27, 0xee27, 0xee27, 0xee27, 0xee27, 0xee27,
0xee27, 0xee27, 0xee27, 0xee27, 0xee27, 0xee27, 0xee27, 0xee27, 0xee27, 0xee27,
0xee27, 0xee27, 0xee27, 0xee27, 0xee27, 0xee27, 0xee27, 0xee27, 0xee27, 0xee27,
0xee27, 0xee27, 0xee27, 0xee27, 0xee27, 0xee27, 0xee27, 0xee27, 0xee27, 0xee27,
0xee27, 0xee28, 0xee28, 0xee28, 0xee28, 0xee28, 0xee28, 0xee28, 0xee28, 0xee28,
0xee28, 0xee28, 0xee28, 0xee49, 0xee6d, 0xee4a, 0xee4a, 0xee4a, 0xee4a, 0xee4a,
0xee4a, 0xee4a, 0xee4a, 0xee4a, 0xee4a, 0xee4a, 0xee4a, 0xee4a, 0xee4a, 0xee4a,
0xee4a, 0xee4a, 0xee4a, 0xee4a, 0xee4a, 0xee4a, 0xee4a, 0xee4a, 0xee4a, 0xee4a,
0xee4a, 0xee4a, 0xee4a, 0xee4a, 0xee4a, 0xee4a, 0xee4a, 0xee4a, 0xee4a, 0xee4a,
0xee4a, 0xee4a, 0xee4a, 0xee4a, 0xee4a, 0xee4a, 0xee4a, 0xee4a, 0xee4a, 0xee4a,
0xee4a, 0xee4a, 0xee8e, 0xee6c, 0xee6c, 0xee6c, 0xee6c, 0xee6c, 0xee6c, 0xee6c,
0xee6c, 0xee6c, 0xee6c, 0xee6c, 0xee6c, 0xee6c, 0xee6c, 0xee6c, 0xee6c, 0xee6c,
0xee6c, 0xee6c, 0xee6c, 0xee6c, 0xee6c, 0xee6c, 0xee6c, 0xee6c, 0xee6c, 0xee6c,
0xee6c, 0xee6c, 0xee6c, 0xee6c, 0xee6c, 0xee6c, 0xee6c, 0xee6c, 0xee6c, 0xee6c,
0xee6c, 0xee6c, 0xee6c, 0xee6c, 0xee6c, 0xee6c, 0xee6c, 0xee6c, 0xee6c, 0xee6c,
0xee6e, 0xee8e, 0xee8e, 0xee6e, 0xee8e, 0xee8e, 0xee8e, 0xee8e, 0xee8e, 0xee8e,
0xee6e, 0xee6e, 0xee6e, 0xee6e, 0xee6e, 0xee6e, 0xee6e, 0xee6e, 0xee6e, 0xee6e,
0xee6e, 0xee6e, 0xee6e, 0xee6e, 0xee6e, 0xee6e, 0xee6e, 0xee6e, 0xee6e, 0xee6e,
0xee6e, 0xee6e, 0xee6e, 0xee6e, 0xee6e, 0xee6e, 0xee6e, 0xee6e, 0xee8e, 0xee8e,
0xee8e, 0xee8e, 0xee8e, 0xee8e, 0xee6e, 0xee6e, 0xee8e, 0xee6e, 0xf307, 0xf307,
0xf307, 0xf307, 0xf307, 0xf307, 0xf307, 0xf307, 0xf307, 0xf307, 0xf307, 0xf307,
0xf307, 0xf307, 0xf307, 0xf307, 0xf307, 0xf307, 0xf307, 0xf307, 0xf307, 0xf307,
0xf307, 0xf307, 0xf307, 0xf307, 0xf307, 0xf307, 0xf307, 0xf307, 0xf307, 0xf307,
0xf307, 0xf307, 0xf307, 0xf307, 0xf307, 0xf307, 0xf307, 0xf307, 0xf307, 0xf327,
0xf327, 0xf327, 0xf327, 0xf347, 0xf348, 0xf368, 0xec2d, 0xf3ec, 0xf3ec, 0xf3ec,
0xf3ec, 0xf3ec, 0xf3eb, 0xf3eb, 0xf3eb, 0xf3eb, 0xf3eb, 0xf3eb, 0xf3eb, 0xf3eb,
0xf3eb, 0xf3eb, 0xf3eb, 0xf3eb, 0xf3eb, 0xf3eb, 0xf3eb, 0xf3eb, 0xf3eb, 0xf3eb,
0xf3eb, 0xf3eb, 0xf3eb, 0xf3eb, 0xf3eb, 0xf3eb, 0xf3eb, 0xf3eb, 0xf3eb, 0xf3eb,
0xf3eb, 0xf3eb, 0xf3eb, 0xf3eb, 0xf3eb, 0xf3eb, 0xf3eb, 0xf3eb, 0xf3ec, 0xf3ec,
0xf3ec, 0xf3ec, 0xf3ec, 0xf3eb, 0xf4ac, 0xf4ac, 0xf4ac, 0xf4ac, 0xf4ac, 0xf4ac,
0xf4ac, 0xf4ac, 0xf4ac, 0xf4cc, 0xf4cc, 0xf4cc, 0xf4cc, 0xf4cc, 0xf4cc, 0xf4cc,
0xf4cc, 0xf4cc, 0xf4cc, 0xf4cc, 0xf4cc, 0xf4cc, 0xf4cc, 0xf4cc, 0xf4cc, 0xf4cc,
0xf4cc, 0xf4cc, 0xf4cc, 0xf4cc, 0xf4cc, 0xf4cc, 0xf4cc, 0xf4cc, 0xf4cc, 0xf4cc,
0xf4cc, 0xf4cc, 0xf4cc, 0xf4ac, 0xf4ac, 0xf4ac, 0xf4ac, 0xf4ac, 0xf4ac, 0xf4ac,
0xf4ac, 0xf4ac, 0xed8f, 0xf58f, 0xf58f, 0xf58f, 0xf58f, 0xf58f, 0xf58f, 0xf58f,
0xf58f, 0xf58f, 0xf58f, 0xf58f, 0xf58f, 0xf58f, 0xf58f, 0xf58f, 0xf58f, 0xf58f,
0xf58f, 0xf58f, 0xf58f, 0xf58f, 0xf58f, 0xf58f, 0xf58f, 0xf58f, 0xf58f, 0xf58f,
0xf58f, 0xf58f, 0xf58f, 0xf58f, 0xf58f, 0xf58f, 0xf58f, 0xf58f, 0xf58f, 0xf58f,
0xf58f, 0xf58f, 0xf58f, 0xf58f, 0xf58f, 0xf58f, 0xf58f, 0xf58f, 0xf58f, 0xf58f,
0xeef8, 0xef19, 0xef19, 0xef19, 0xef19, 0xef19, 0xef19, 0xef19, 0xef19, 0xef19,
0xef19, 0xef19, 0xef19, 0xef19, 0xef19, 0xef19, 0xef19, 0xef19, 0xef19, 0xef19,
0xef19, 0xef19, 0xef19, 0xef19, 0xef19, 0xef19, 0xef19, 0xef19, 0xef19, 0xef19,
0xef19, 0xef19, 0xef19, 0xef19, 0xef19, 0xef19, 0xef19, 0xef19, 0xef19, 0xef19,
0xef19, 0xef19, 0xef19, 0xef19, 0xef19, 0xef18, 0xef18, 0xeef8, 0xef3b, 0xef3b,
0xef3b, 0xef3b, 0xef3b, 0xef3b, 0xef3b, 0xef3b, 0xef3b, 0xef3b, 0xef3b, 0xef3b,
0xef3b, 0xef3b, 0xef3b, 0xef3b, 0xef3b, 0xef3b, 0xef3b, 0xef3b, 0xef3b, 0xef3b,
0xef3b, 0xef3b, 0xef3b, 0xef3b, 0xef3b, 0xef3b, 0xef3b, 0xef3b, 0xef3b, 0xef3b,
0xef3b, 0xef3b, 0xef3b, 0xef3b, 0xef3b, 0xef3b, 0xef3b, 0xef3b, 0xef3b, 0xef3b,
0xef3b, 0xef3b, 0xef3b, 0xef3b, 0xef3b, 0xef3b, 0xce16, 0xce16, 0xce16, 0xce16,
0xce16, 0xce16, 0xce16, 0xce16, 0xce16, 0xce16, 0xce16, 0xce16, 0xce16, 0xce16,
0xce16, 0xce16, 0xce16, 0xce16, 0xce16, 0xce16, 0xce16, 0xce16, 0xce16, 0xce16,
0xce16, 0xce16, 0xce16, 0xce16, 0xce16, 0xce16, 0xce16, 0xce16, 0xce16, 0xce16,
0xce16, 0xce16, 0xce16, 0xce16, 0xce16, 0xce16, 0xce16, 0xce16, 0xce16, 0xce16,
0xce16, 0xce16, 0xce16, 0xce16, 
0x39c6, 0x39c6, 0x39c6, 0x39c6, 0x39c6, 0x39c6, 0x39c6, 0x39c6, 0x39c6, 0x39c6,
0x39c6, 0x39c6, 0x39c6, 0x39c6, 0x39c6, 0x39c6, 0x39c6, 0x39c6, 0x39c6, 0x39c6,
0x39c6, 0x39c6, 0x39c6, 0x39c6, 0x39c6, 0x39c6, 0x39c6, 0x39c6, 0x39c6, 0x39c6,
0x39c6, 0x39c6, 0x39c6, 0x39c6, 0x39c6, 0x39c6, 0x39c6, 0x39c6, 0x39c6, 0x39c6,
0x39c6, 0x39c6, 0x39c6, 0x39c6, 0x39c6, 0x39c6, 0x39c6, 0x39c6, 0x39c6, 0x39c6,
0x39c6, 0x39c6, 0x39c6, 0x39c6, 0x39c6, 0x39c6, 0x39c6, 0x39c6, 0x39c6, 0x39c6,
0x39c6, 0x39c6, 0x39c6, 0x39c6, 0x39c6, 0x39c6, 0x39c6, 0x39c6, 0x39c6, 0x39c6,
0x39c6, 0x39c6, 0x39c6, 0x39c6, 0x39c6, 0x39c6, 0x39c6, 0x39c6, 0x39c6, 0x39c6,
0x39c6, 0x39c6, 0x39c6, 0x39c6, 0x39c6, 0x39c6, 0x39c6, 0x39c6, 0x39c6, 0x39c6,
0x39c6, 0x39c6, 0x39c6, 0x39c6, 0x39c6, 0x39c6, 0x39c6, 0x39c6, 0x39c6, 0x39c6,
0x39c6, 0x39c6, 0x39c6, 0x39c6, 0x39c6, 0x39c6, 0x39c6, 0x39c6, 0x39c6, 0x39c6,
0x39c6, 0x39c6, 0x39c6, 0x39c6, 0x39c6, 0x39c6, 0x39c6, 0x39c6, 0x39c6, 0x39c6,
0x39c6, 0x39c6, 0x39c6, 0x39c6, 0x39c6, 0x39c6, 0x39c6, 0x39c6, 0x39c6, 0x39c6,
0x39c6, 0x39c6, 0x39c6, 0x39c6, 0x39c6, 0x39c6, 0x39c6, 0x39c6, 0x39c6, 0x39c6,
0x39c6, 0x39c6, 0x39c6, 0x39c6, 0x39c6, 0x39c6, 0x39c6, 0x39c6, 0x39c6, 0x39c6,
0x39c6, 0x39c6, 0x39c6, 0x39c6, 0x39c6, 0x39c6, 0x39c6, 0x39c6, 0x39c6, 0x39c6,
0x39c6, 0x39c6, 0x39c6, 0x39c6, 0x39c6, 0x39c6, 0x39c6, 0x39c6, 0x39c6, 0x39c6,
0x39c6, 0x39c6, 0x39c6, 0x39c6, 0x39c6, 0x39c6, 0x39c6, 0x39c6, 0x39c6, 0x39c6,
0x39c6, 0x39c6, 0x39c6, 0x39c6, 0x39c6, 0x39c6, 0x39c6, 0x39c6, 0x39c6, 0x39c6,
0x39c6, 0x39c6, 0x39c6, 0x39c6, 0x39c6, 0x39c6, 0x39c6, 0x39c6, 0x39c6, 0x39c6,
0x39c6, 0x39c6, 0x39c6, 0x39c6, 0x39c6, 0x39c6, 0x39c6, 0x39c6, 0x39c6, 0x39c6,
0x39c6, 0x39c6, 0x39c6, 0x39c6, 0x39c6, 0x39c6, 0x39c6, 0x39c6, 0x39c6, 0x39c6,
0x39c6, 0x39c6, 0x39c6, 0x39c6, 0x39c6, 0x39c6, 0x39c6, 0x39c6, 0x39c6, 0x39c6,
0x39c6, 0x39c6, 0x39c6, 0x39c6, 0x39c6, 0x39c6, 0x39c6, 0x39c6, 0x39c6, 0x39c6,
0x39c6, 0x39c6, 0x39c6, 0x39c6, 0x39c6, 0x39c6, 0x39c6, 0x39c6, 0x39c6, 0x39c6,
0x39c6, 0x39c6, 0x39c6, 0x39c6, 0x39c6, 0x39c6, 0x39c6, 0x39c6, 0x39c6, 0x39c6,
0x39c6, 0x39c6, 0x39c6, 0x39c6, 0x39c6, 0x39c6, 0x39c6, 0x39c6, 0x39c6, 0x39c6,
0x39c6, 0x39c6, 0x39c6, 0x39c6, 0x39c6, 0x39c6, 0x39c6, 0x39c6, 0x39c6, 0x39c6,
0x39c6, 0x39c6, 0x39c6, 0x39c6, 0x39c6, 0x39c6, 0x39c6, 0x3165, 0xee05, 0xee05,
0xee05, 0xee05, 0xee05, 0xee05, 0xee05, 0xee05, 0xee05, 0xee05, 0xee05, 0xee05,
0xee05, 0xee05, 0xee05, 0xee05, 0xee05, 0xee05, 0xee05, 0xee05, 0xee05, 0xee05,
0xee05, 0xee05, 0xee05, 0xee05, 0xee05, 0xee05, 0xee05, 0xee05, 0xee05, 0xee05,
0xee05, 0xee05, 0xee05, 0xee05, 0xee05, 0xee05, 0xee05, 0xee06, 0xee06, 0xee06,
0xee26, 0xee26, 0xee26, 0xee26, 0xee27, 0xee27, 0xee27, 0xee27, 0xee27, 0xee27,
0xee27, 0xee27, 0xee27, 0xee27, 0xee27, 0xee27, 0xee27, 0xee27, 0xee27, 0xee27,
0xee27, 0xee27, 0xee27, 0xee27, 0xee27, 0xee27, 0xee27, 0xee27, 0xee27, 0xee27,
0xee27, 0xee27, 0xee27, 0xee27, 0xee27, 0xee27, 0xee27, 0xee27, 0xee27, 0xee27,
0xee27, 0xee28, 0xee28, 0xee28, 0xee28, 0xee28, 0xee28, 0xee28, 0xee28, 0xee28,
0xee28, 0xee28, 0xee28, 0xee49, 0xee6d, 0xee4a, 0xee4a, 0xee4a, 0xee4a, 0xee4a,
0xee4a, 0xee4a, 0xee4a, 0xee4a, 0xee4a, 0xee4a, 0xee4a, 0xee4a, 0xee4a, 0xee4a,
0xee4a, 0xee4a, 0xee4a, 0xee4a, 0xee4a, 0xee4a, 0xee4a, 0xee4a, 0xee4a, 0xee4a,
0xee4a, 0xee4a, 0xee4a, 0xee4a, 0xee4a, 0xee4a, 0xee4a, 0xee4a, 0xee4a, 0xee4a,
0xee4a, 0xee4a, 0xee4a, 0xee4a, 0xee4a, 0xee4a, 0xee4a, 0xee4a, 0xee4a, 0xee4a,
0xee4a, 0xee4a, 0xee8e, 0xee6c, 0xee6c, 0xee6c, 0xee6c, 0xee6c, 0xee6c, 0xee6c,
0xee6c, 0xee6c, 0xee6c, 0xee6c, 0xee6c, 0xee6c, 0xee6c, 0xee6c, 0xee6c, 0xee6c,
0xee6c, 0xee6c, 0xee6c, 0xee6c, 0xee6c, 0xee6c, 0xee6c, 0xee6c, 0xee6c, 0xee6c,
0xee6c, 0xee6c, 0xee6c, 0xee6c, 0xee6c, 0xee6c, 0xee6c, 0xee6c, 0xee6c, 0xee6c,
0xee6c, 0xee6c, 0xee6c, 0xee6c, 0xee6c, 0xee6c, 0xee6c, 0xee6c, 0xee6c, 0xee6c,
0xee6e, 0xee6e, 0xee8e, 0xee8e, 0xee6e, 0xee6e, 0xee6e, 0xee6e, 0xee6e, 0xee6e,
0xee6e, 0xee6e, 0xee6e, 0xee6e, 0xee6e, 0xee6e, 0xee6e, 0xee6e, 0xee6e, 0xee6e,
0xee6e, 0xee6e, 0xee6e, 0xee6e, 0xee6e, 0xee6e, 0xee6e, 0xee6e, 0xee6e, 0xee6e,
0xee6e, 0xee6e, 0xee6e, 0xee6e, 0xee6e, 0xee6e, 0xee6e, 0xee6e, 0xee6e, 0xee6e,
0xee6e, 0xee6e, 0xee6e, 0xee6e, 0xee8e, 0xee6e, 0xee6e, 0xee6e, 0xf307, 0xf307,
0xf307, 0xf307, 0xf307, 0xf307, 0xf307, 0xf307, 0xf307, 0xf307, 0xf307, 0xf307,
0xf307, 0xf307, 0xf307, 0xf307, 0xf307, 0xf307, 0xf307, 0xf307, 0xf307, 0xf307,
0xf307, 0xf307, 0xf307, 0xf307, 0xf307, 0xf307, 0xf307, 0xf307, 0xf307, 0xf307,
0xf307, 0xf307, 0xf307, 0xf307, 0xf307, 0xf307, 0xf307, 0xf327, 0xf327, 0xf327,
0xf327, 0xf327, 0xf347, 0xf348, 0xf348, 0xf368, 0xec2d, 0xf3eb, 0xf3ec, 0xf3ec,
0xf40c, 0xf40c, 0xf40c, 0xf40c, 0xf40c, 0xf40c, 0xf40c, 0xf40c, 0xf40c, 0xf40c,
0xf40c, 0xf40c, 0xf40c, 0xf40c, 0xf40c, 0xf40c, 0xf40c, 0xf40c, 0xf40c, 0xf40c,
0xf40c, 0xf40c, 0xf40c, 0xf40c, 0xf40c, 0xf40c, 0xf40c, 0xf40c, 0xf40c, 0xf40c,
0xf40c, 0xf40c, 0xf40c, 0xf40c, 0xf40c, 0xf40c, 0xf40c, 0xf40c, 0xf40c, 0xf40c,
0xf40c, 0xf3ec, 0xf3eb, 0xf40b, 0xf4ac, 0xf4cc, 0xf4cc, 0xf4cc, 0xf4cc, 0xf4cc,
0xf4cc, 0xf4cc, 0xf4cc, 0xf4cc, 0xf4cc, 0xf4cc, 0xf4cc, 0xf4cc, 0xf4cc, 0xf4cc,
0xf4cc, 0xf4cc, 0xf4cc, 0xf4cc, 0xf4cc, 0xf4cc, 0xf4cc, 0xf4cc, 0xf4cc, 0xf4cc,
0xf4cc, 0xf4cc, 0xf4cc, 0xf4cc, 0xf4cc, 0xf4cc, 0xf4cc, 0xf4cc, 0xf4cc, 0xf4cc,
0xf4cc, 0xf4cc, 0xf4cc, 0xf4cc, 0xf4cc, 0xf4cc, 0xf4cc, 0xf4cc, 0xf4cc, 0xf4cc,
0xf4cc, 0xf4ac, 0xedaf, 0xf58f, 0xf58f, 0xf58f, 0xf58f, 0xf58f, 0xf58f, 0xf58f,
0xf58f, 0xf58f, 0xf58f, 0xf58f, 0xf58f, 0xf58f, 0xf58f, 0xf58f, 0xf58f, 0xf58f,
0xf58f, 0xf58f, 0xf58f, 0xf58f, 0xf58f, 0xf58f, 0xf58f, 0xf58f, 0xf58f, 0xf58f,
0xf58f, 0xf58f, 0xf58f, 0xf58f, 0xf58f, 0xf58f, 0xf58f, 0xf58f, 0xf58f, 0xf58f,
0xf58f, 0xf58f, 0xf58f, 0xf58f, 0xf58f, 0xf58f, 0xf58f, 0xf58f, 0xf58f, 0xf58f,
0xeef8, 0xef19, 0xef19, 0xef19, 0xef19, 0xef19, 0xef19, 0xef19, 0xef19, 0xef19,
0xef19, 0xef19, 0xef19, 0xef19, 0xef19, 0xef19, 0xef19, 0xef19, 0xef19, 0xef19,
0xef19, 0xef19, 0xef19, 0xef19, 0xef19, 0xef19, 0xef19, 0xef19, 0xef19, 0xef19,
0xef19, 0xef19, 0xef19, 0xef19, 0xef19, 0xef19, 0xef19, 0xef19, 0xef19, 0xef19,
0xef19, 0xef19, 0xef19, 0xef19, 0xef18, 0xef18, 0xef18, 0xeef8, 0xef3b, 0xef3b,
0xef3b, 0xef3b, 0xef3b, 0xef3b, 0xef3b, 0xef3b, 0xef3b, 0xef3b, 0xef3b, 0xef3b,
0xef3b, 0xef3b, 0xef3b, 0xef3b, 0xef3b, 0xef3b, 0xef3b, 0xef3b, 0xef3b, 0xef3b,
0xef3b, 0xef3b, 0xef3b, 0xef3b, 0xef3b, 0xef3b, 0xef3b, 0xef3b, 0xef3b, 0xef3b,
0xef3b, 0xef3b, 0xef3b, 0xef3b, 0xef3b, 0xef3b, 0xef3b, 0xef3b, 0xef3b, 0xef3b,
0xef3b, 0xef3b, 0xef3b, 0xef3b, 0xef3b, 0xef3b, 0xce16, 0xce16, 0xce16, 0xce16,
0xce16, 0xce16, 0xce16, 0xce16, 0xce16, 0xce16, 0xce16, 0xce16, 0xce16, 0xce16,
0xce16, 0xce16, 0xce16, 0xce16, 0xce16, 0xce16, 0xce16, 0xce16, 0xce16, 0xce16,
0xce16, 0xce16, 0xce16, 0xce16, 0xce16, 0xce16, 0xce16, 0xce16, 0xce16, 0xce16,
0xce16, 0xce16, 0xce16, 0xce16, 0xce16, 0xce16, 0xce16, 0xce16, 0xce16, 0xce16,
0xce16, 0xce16, 0xce16, 0xce16, 
0x39c6, 0x39c6, 0x39c6, 0x39c6, 0x39c6, 0x39c6, 0x39c6, 0x39c6, 0x39c6, 0x39c6,
0x39c6, 0x39c6, 0x39c6, 0x39c6, 0x39c6, 0x39c6, 0x39c6, 0x39c6, 0x39c6, 0x39c6,
0x39c6, 0x39c6, 0x39c6, 0x39c6, 0x39c6, 0x39c6, 0x39c6, 0x39c6, 0x39c6, 0x39c6,
0x39c6, 0x39c6, 0x39c6, 0x39c6, 0x39c6, 0x39c6, 0x39c6, 0x39c6, 0x39c6, 0x39c6,
0x39c6, 0x39c6, 0x39c6, 0x39c6, 0x39c6, 0x39c6, 0x39c6, 0x39c6, 0x39c6, 0x39c6,
0x39c6, 0x39c6, 0x39c6, 0x39c6, 0x39c6, 0x39c6, 0x39c6, 0x39c6, 0x39c6, 0x39c6,
0x39c6, 0x39c6, 0x39c6, 0x39c6, 0x39c6, 0x39c6, 0x39c6, 0x39c6, 0x39c6, 0x39c6,
0x39c6, 0x39c6, 0x39c6, 0x39c6, 0x39c6, 0x39c6, 0x39c6, 0x39c6, 0x39c6, 0x39c6,
0x39c6, 0x39c6, 0x39c6, 0x39c6, 0x39c6, 0x39c6, 0x39c6, 0x39c6, 0x39c6, 0x39c6,
0x39c6, 0x39c6, 0x39c6, 0x39c6, 0x39c6, 0x39c6, 0x39c6, 0x39c6, 0x39c6, 0x39c6,
0x39c6, 0x39c6, 0x39c6, 0x39c6, 0x39c6, 0x39c6, 0x39c6, 0x39c6, 0x39c6, 0x39c6,
0x39c6, 0x39c6, 0x39c6, 0x39c6, 0x39c6, 0x39c6, 0x39c6, 0x39c6, 0x39c6, 0x39c6,
0x39c6, 0x39c6, 0x39c6, 0x39c6, 0x39c6, 0x39c6, 0x39c6, 0x39c6, 0x39c6, 0x39c6,
0x39c6, 0x39c6, 0x39c6, 0x39c6, 0x39c6, 0x39c6, 0x39c6, 0x39c6, 0x39c6, 0x39c6,
0x39c6, 0x39c6, 0x39c6, 0x39c6, 0x39c6, 0x39c6, 0x39c6, 0x39c6, 0x39c6, 0x39c6,
0x39c6, 0x39c6, 0x39c6, 0x39c6, 0x39c6, 0x39c6, 0x39c6, 0x39c6, 0x39c6, 0x39c6,
0x39c6, 0x39c6, 0x39c6, 0x39c6, 0x39c6, 0x39c6, 0x39c6, 0x39c6, 0x39c6, 0x39c6,
0x39c6, 0x39c6, 0x39c6, 0x39c6, 0x39c6, 0x39c6, 0x39c6, 0x39c6, 0x39c6, 0x39c6,
0x39c6, 0x39c6, 0x39c6, 0x39c6, 0x39c6, 0x39c6, 0x39c6, 0x39c6, 0x39c6, 0x39c6,
0x39c6, 0x39c6, 0x39c6, 0x39c6, 0x39c6, 0x39c6, 0x39c6, 0x39c6, 0x39c6, 0x39c6,
0x39c6, 0x39c6, 0x39c6, 0x39c6, 0x39c6, 0x39c6, 0x39c6, 0x39c6, 0x39c6, 0x39c6,
0x39c6, 0x39c6, 0x39c6, 0x39c6, 0x39c6, 0x39c6, 0x39c6, 0x39c6, 0x39c6, 0x39c6,
0x39c6, 0x39c6, 0x39c6, 0x39c6, 0x39c6, 0x39c6, 0x39c6, 0x39c6, 0x39c6, 0x39c6,
0x39c6, 0x39c6, 0x39c6, 0x39c6, 0x39c6, 0x39c6, 0x39c6, 0x39c6, 0x39c6, 0x39c6,
0x39c6, 0x39c6, 0x39c6, 0x39c6, 0x39c6, 0x39c6, 0x39c6, 0x39c6, 0x39c6, 0x39c6,
0x39c6, 0x39c6, 0x39c6, 0x39c6, 0x39c6, 0x39c6, 0x39c6, 0x39c6, 0x39c6, 0x39c6,
0x39c6, 0x39c6, 0x39c6, 0x39c6, 0x39c6, 0x39c6, 0x39c6, 0x39c6, 0x39c6, 0x39c6,
0x39c6, 0x39c6, 0x39c6, 0x39c6, 0x39c6, 0x39c6, 0x39c6, 0x39c6, 0x39c6, 0x39c6,
0x39c6, 0x39c6, 0x39c6, 0x39c6, 0x39c6, 0x39c6, 0x39c6, 0x3165, 0xee05, 0xee05,
0xee05, 0xee05, 0xee05, 0xee05, 0xee05, 0xee05, 0xee05, 0xee05, 0xee05, 0xee05,
0xee05, 0xee05, 0xee05, 0xee05, 0xee05, 0xee05, 0xee05, 0xee05, 0xee05, 0xee05,
0xee05, 0xee05, 0xee05, 0xee05, 0xee05, 0xee05, 0xee05, 0xee05, 0xee05, 0xee05,
0xee05, 0xee05, 0xee05, 0xee05, 0xee05, 0xee05, 0xee05, 0xee06, 0xee06, 0xee06,
0xee06, 0xee26, 0xee26, 0xee26, 0xee27, 0xee27, 0xee27, 0xee27, 0xee27, 0xee27,
0xee27, 0xee27, 0xee27, 0xee27, 0xee27, 0xee27, 0xee27, 0xee27, 0xee27, 0xee27,
0xee27, 0xee27, 0xee27, 0xee27, 0xee27, 0xee27, 0xee27, 0xee27, 0xee27, 0xee27,
0xee27, 0xee27, 0xee27, 0xee27, 0xee27, 0xee27, 0xee27, 0xee27, 0xee27, 0xee27,
0xee27, 0xee27, 0xee28, 0xee28, 0xee28, 0xee28, 0xee28, 0xee28, 0xee28, 0xee28,
0xee28, 0xee28, 0xee28, 0xee49, 0xee6d, 0xee4a, 0xee4a, 0xee4a, 0xee4a, 0xee4a,
0xee4a, 0xee4a, 0xee4a, 0xee4a, 0xee4a, 0xee4a, 0xee4a, 0xee4a, 0xee4a, 0xee4a,
0xee4a, 0xee4a, 0xee4a, 0xee4a, 0xee4a, 0xee4a, 0xee4a, 0xee4a, 0xee4a, 0xee4a,
0xee4a, 0xee4a, 0xee4a, 0xee4a, 0xee4a, 0xee4a, 0xee4a, 0xee4a, 0xee4a, 0xee4a,
0xee4a, 0xee4a, 0xee4a, 0xee4a, 0xee4a, 0xee4a, 0xee4a, 0xee4a, 0xee4a, 0xee4a,
0xee4a, 0xee4b, 0xee8e, 0xee6c, 0xee6c, 0xee6c, 0xee6c, 0xee6c, 0xee6c, 0xee6c,
0xee6c, 0xee6c, 0xee6c, 0xee6c, 0xee6c, 0xee6c, 0xee6c, 0xee6c, 0xee6c, 0xee6c,
0xee6c, 0xee6c, 0xee6c, 0xee6c, 0xee6c, 0xee6c, 0xee6c, 0xee6c, 0xee6c, 0xee6c,
0xee6c, 0xee6c, 0xee6c, 0xee6c, 0xee6c, 0xee6c, 0xee6c, 0xee6c, 0xee6c, 0xee6c,
0xee6c, 0xee6c, 0xee6c, 0xee6c, 0xee6c, 0xee6c, 0xee6c, 0xee6c, 0xee6c, 0xee6c,
0xee6e, 0xee6e, 0xee6e, 0xee6e, 0xee8e, 0xee8e, 0xee8e, 0xee8e, 0xee8e, 0xee8e,
0xee8e, 0xee8e, 0xee8e, 0xee8e, 0xee6e, 0xee6e, 0xee6e, 0xee6e, 0xee6e, 0xee6e,
0xee6e, 0xee6e, 0xee6e, 0xee6e, 0xee6e, 0xee6e, 0xee6e, 0xee6e, 0xee6e, 0xee6e,
0xee6e, 0xee6e, 0xee6e, 0xee6e, 0xee8e, 0xee8e, 0xee8e, 0xee8e, 0xee8e, 0xee8e,
0xee8e, 0xee8e, 0xee8e, 0xee8e, 0xee6e, 0xee6e, 0xee6e, 0xee6e, 0xf307, 0xf307,
0xf307, 0xf307, 0xf307, 0xf307, 0xf307, 0xf307, 0xf307, 0xf327, 0xf327, 0xf307,
0xf327, 0xf327, 0xf327, 0xf327, 0xf327, 0xf327, 0xf327, 0xf327, 0xf327, 0xf327,
0xf327, 0xf327, 0xf327, 0xf327, 0xf327, 0xf327, 0xf327, 0xf327, 0xf327, 0xf327,
0xf327, 0xf327, 0xf327, 0xf327, 0xf327, 0xf327, 0xf327, 0xf327, 0xf327, 0xf327,
0xf327, 0xf328, 0xf348, 0xf348, 0xf348, 0xf368, 0xec2d, 0xf40c, 0xf40c, 0xf40c,
0xf40c, 0xf40c, 0xf40c, 0xf40c, 0xf40c, 0xf40c, 0xf40c, 0xf40c, 0xf40c, 0xf40c,
0xf40c, 0xf40c, 0xf40c, 0xf40c, 0xf40c, 0xf40c, 0xf40c, 0xf40c, 0xf40c, 0xf40c,
0xf40c, 0xf40c, 0xf40c, 0xf40c, 0xf40c, 0xf40c, 0xf40c, 0xf40c, 0xf40c, 0xf40c,
0xf40c, 0xf40c, 0xf40c, 0xf40c, 0xf40c, 0xf40c, 0xf40c, 0xf40c, 0xf40c, 0xf40c,
0xf40c, 0xf40c, 0xf40c, 0xf40c, 0xf4cc, 0xf4cc, 0xf4cc, 0xf4cc, 0xf4cc, 0xf4cc,
0xf4cc, 0xf4cc, 0xf4cc, 0xf4cc, 0xf4cc, 0xf4cc, 0xf4cc, 0xf4cc, 0xf4cc, 0xf4cc,
0xf4cc, 0xf4cc, 0xf4cc, 0xf4cc, 0xf4cc, 0xf4cc, 0xf4cc, 0xf4cc, 0xf4cc, 0xf4cc,
0xf4cc, 0xf4cc, 0xf4cc, 0xf4cc, 0xf4cc, 0xf4cc, 0xf4cc, 0xf4cc, 0xf4cc, 0xf4cc,
0xf4cc, 0xf4cc, 0xf4cc, 0xf4cc, 0xf4cc, 0xf4cc, 0xf4cc, 0xf4cc, 0xf4cc, 0xf4cc,
0xf4cc, 0xf4cc, 0xed8f, 0xf58f, 0xf58f, 0xf58f, 0xf58f, 0xf58f, 0xf58f, 0xf58f,
0xf58f, 0xf58f, 0xf58f, 0xf58f, 0xf58f, 0xf58f, 0xf58f, 0xf58f, 0xf58f, 0xf58f,
0xf58f, 0xf58f, 0xf58f, 0xf58f, 0xf58f, 0xf58f, 0xf58f, 0xf58f, 0xf58f, 0xf58f,
0xf58f, 0xf58f, 0xf58f, 0xf58f, 0xf58f, 0xf58f, 0xf58f, 0xf58f, 0xf58f, 0xf58f,
0xf58f, 0xf58f, 0xf58f, 0xf58f, 0xf58f, 0xf58f, 0xf58f, 0xf58f, 0xf58f, 0xf58f,
0xeef8, 0xef19, 0xef19, 0xef19, 0xef19, 0xef19, 0xef19, 0xef19, 0xef19, 0xef19,
0xef19, 0xef19, 0xef19, 0xef19, 0xef19, 0xef19, 0xef19, 0xef19, 0xef19, 0xef19,
0xef19, 0xef19, 0xef19, 0xef19, 0xef19, 0xef19, 0xef19, 0xef19, 0xef19, 0xef19,
0xef19, 0xef19, 0xef19, 0xef19, 0xef19, 0xef19, 0xef19, 0xef19, 0xef19, 0xef19,
0xef19, 0xef19, 0xef18, 0xef18, 0xef18, 0xef19, 0xef19, 0xeef8, 0xef3b, 0xef3b,
0xef3b, 0xef3b, 0xef3b, 0xef3b, 0xef3b, 0xef3b, 0xef3b, 0xef3b, 0xef3b, 0xef3b,
0xef3b, 0xef3b, 0xef3b, 0xef3b, 0xef3b, 0xef3b, 0xef3b, 0xef3b, 0xef3b, 0xef3b,
0xef3b, 0xef3b, 0xef3b, 0xef3b, 0xef3b, 0xef3b, 0xef3b, 0xef3b, 0xef3b, 0xef3b,
0xef3b, 0xef3b, 0xef3b, 0xef3b, 0xef3b, 0xef3b, 0xef3b, 0xef3b, 0xef3b, 0xef3b,
0xef3b, 0xef3b, 0xef3b, 0xef3b, 0xef3b, 0xef3b, 0xce16, 0xce16, 0xce16, 0xce16,
0xce16, 0xce16, 0xce16, 0xce16, 0xce16, 0xce16, 0xce16, 0xce16, 0xce16, 0xce16,
0xce16, 0xce16, 0xce16, 0xce16, 0xce16, 0xce16, 0xce16, 0xce16, 0xce16, 0xce16,
0xce16, 0xce16, 0xce16, 0xce16, 0xce16, 0xce16, 0xce16, 0xce16, 0xce16, 0xce16,
0xce16, 0xce16, 0xce16, 0xce16, 0xce16, 0xce16, 0xce16, 0xce16, 0xce16, 0xce16,
0xce16, 0xce16, 0xce16, 0xce16, 
0x39c6, 0x39c6, 0x39c6, 0x39c6, 0x39c6, 0x39c6, 0x39c6, 0x39c6, 0x39c6, 0x39c6,
0x39c6, 0x39c6, 0x39c6, 0x39c6, 0x39c6, 0x39c6, 0x39c6, 0x39c6, 0x39c6, 0x39c6,
0x39c6, 0x39c6, 0x39c6, 0x39c6, 0x39c6, 0x39c6, 0x39c6, 0x39c6, 0x39c6, 0x39c6,
0x39c6, 0x39c6, 0x39c6, 0x39c6, 0x39c6, 0x39c6, 0x39c6, 0x39c6, 0x39c6, 0x39c6,
0x39c6, 0x39c6, 0x39c6, 0x39c6, 0x39c6, 0x39c6, 0x39c6, 0x39c6, 0x39c6, 0x39c6,
0x39c6, 0x39c6, 0x39c6, 0x39c6, 0x39c6, 0x39c6, 0x39c6, 0x39c6, 0x39c6, 0x39c6,
0x39c6, 0x39c6, 0x39c6, 0x39c6, 0x39c6, 0x39c6, 0x39c6, 0x39c6, 0x39c6, 0x39c6,
0x39c6, 0x39c6, 0x39c6, 0x39c6, 0x39c6, 0x39c6, 0x39c6, 0x39c6, 0x39c6, 0x39c6,
0x39c6, 0x39c6, 0x39c6, 0x39c6, 0x39c6, 0x39c6, 0x39c6, 0x39c6, 0x39c6, 0x39c6,
0x39c6, 0x39c6, 0x39c6, 0x39c6, 0x39c6, 0x39c6, 0x39c6, 0x39c6, 0x39c6, 0x39c6,
0x39c6, 0x39c6, 0x39c6, 0x39c6, 0x39c6, 0x39c6, 0x39c6, 0x39c6, 0x39c6, 0x39c6,
0x39c6, 0x39c6, 0x39c6, 0x39c6, 0x39c6, 0x39c6, 0x39c6, 0x39c6, 0x39c6, 0x39c6,
0x39c6, 0x39c6, 0x39c6, 0x39c6, 0x39c6, 0x39c6, 0x39c6, 0x39c6, 0x39c6, 0x39c6,
0x39c6, 0x39c6, 0x39c6, 0x39c6, 0x39c6, 0x39c6, 0x39c6, 0x39c6, 0x39c6, 0x39c6,
0x39c6, 0x39c6, 0x39c6, 0x39c6, 0x39c6, 0x39c6, 0x39c6, 0x39c6, 0x39c6, 0x39c6,
0x39c6, 0x39c6, 0x39c6, 0x39c6, 0x39c6, 0x39c6, 0x39c6, 0x39c6, 0x39c6, 0x39c6,
0x39c6, 0x39c6, 0x39c6, 0x39c6, 0x39c6, 0x39c6, 0x39c6, 0x39c6, 0x39c6, 0x39c6,
0x39c6, 0x39c6, 0x39c6, 0x39c6, 0x39c6, 0x39c6, 0x39c6, 0x39c6, 0x39c6, 0x39c6,
0x39c6, 0x39c6, 0x39c6, 0x39c6, 0x39c6, 0x39c6, 0x39c6, 0x39c6, 0x39c6, 0x39c6,
0x39c6, 0x39c6, 0x39c6, 0x39c6, 0x39c6, 0x39c6, 0x39c6, 0x39c6, 0x39c6, 0x39c6,
0x39c6, 0x39c6, 0x39c6, 0x39c6, 0x39c6, 0x39c6, 0x39c6, 0x39c6, 0x39c6, 0x39c6,
0x39c6, 0x39c6, 0x39c6, 0x39c6, 0x39c6, 0x39c6, 0x39c6, 0x39c6, 0x39c6, 0x39c6,
0x39c6, 0x39c6, 0x39c6, 0x39c6, 0x39c6, 0x39c6, 0x39c6, 0x39c6, 0x39c6, 0x39c6,
0x39c6, 0x39c6, 0x39c6, 0x39c6, 0x39c6, 0x39c6, 0x39c6, 0x39c6, 0x39c6, 0x39c6,
0x39c6, 0x39c6, 0x39c6, 0x39c6, 0x39c6, 0x39c6, 0x39c6, 0x39c6, 0x39c6, 0x39c6,
0x39c6, 0x39c6, 0x39c6, 0x39c6, 0x39c6, 0x39c6, 0x39c6, 0x39c6, 0x39c6, 0x39c6,
0x39c6, 0x39c6, 0x39c6, 0x39c6, 0x39c6, 0x39c6, 0x39c6, 0x39c6, 0x39c6, 0x39c6,
0x39c6, 0x39c6, 0x39c6, 0x39c6, 0x39c6, 0x39c6, 0x39c6, 0x39c6, 0x39c6, 0x39c6,
0x39c6, 0x39c6, 0x39c6, 0x39c6, 0x39c6, 0x39c6, 0x39c6, 0x3165, 0xee05, 0xee05,
0xee05, 0xee05, 0xee05, 0xee05, 0xee05, 0xee05, 0xee05, 0xee05, 0xee05, 0xee05,
0xee05, 0xee05, 0xee05, 0xee05, 0xee05, 0xee05, 0xee05, 0xee05, 0xee05, 0xee05,
0xee05, 0xee05, 0xee05, 0xee05, 0xee05, 0xee05, 0xee05, 0xee05, 0xee05, 0xee05,
0xee05, 0xee05, 0xee05, 0xee05, 0xee05, 0xee05, 0xee05, 0xee06, 0xee06, 0xee06,
0xee06, 0xee26, 0xee26, 0xee26, 0xee27, 0xee27, 0xee27, 0xee27, 0xee27, 0xee27,
0xee27, 0xee27, 0xee27, 0xee27, 0xee27, 0xee27, 0xee27, 0xee27, 0xee27, 0xee27,
0xee27, 0xee27, 0xee27, 0xee27, 0xee27, 0xee27, 0xee27, 0xee27, 0xee27, 0xee27,
0xee27, 0xee27, 0xee27, 0xee27, 0xee27, 0xee27, 0xee27, 0xee27, 0xee27, 0xee27,
0xee27, 0xee27, 0xee28, 0xee28, 0xee27, 0xee28, 0xee28, 0xee28, 0xee28, 0xee28,
0xee28, 0xee28, 0xee28, 0xee49, 0xee6d, 0xee4a, 0xee4a, 0xee4a, 0xee4a, 0xee4a,
0xee4a, 0xee4a, 0xee4a, 0xee4a, 0xee4a, 0xee4a, 0xee4a, 0xee4a, 0xee4a, 0xee4a,
0xee4a, 0xee4a, 0xee4a, 0xee4a, 0xee4a, 0xee4a, 0xee4a, 0xee4a, 0xee4a, 0xee4a,
0xee4a, 0xee4a, 0xee4a, 0xee4a, 0xee4a, 0xee4a, 0xee4a, 0xee4a, 0xee4a, 0xee4a,
0xee4a, 0xee4a, 0xee4a, 0xee4a, 0xee4a, 0xee4a, 0xee4a, 0xee4a, 0xee4a, 0xee4a,
0xee4a, 0xee4b, 0xee8e, 0xee6c, 0xee6c, 0xee6c, 0xee6c, 0xee6c, 0xee6c, 0xee6c,
0xee6c, 0xee6c, 0xee6c, 0xee6c, 0xee6c, 0xee6c, 0xee6c, 0xee6c, 0xee6c, 0xee6c,
0xee6c, 0xee6c, 0xee6c, 0xee6c, 0xee6c, 0xee6c, 0xee6c, 0xee6c, 0xee6c, 0xee6c,
0xee6c, 0xee6c, 0xee6c, 0xee6c, 0xee6c, 0xee6c, 0xee6c, 0xee6c, 0xee6c, 0xee6c,
0xee6c, 0xee6c, 0xee6c, 0xee6c, 0xee6c, 0xee6c, 0xee6c, 0xee6c, 0xee6c, 0xee6c,
0xee6e, 0xee8e, 0xee8e, 0xee8e, 0xee8e, 0xee8e, 0xee8e, 0xee8e, 0xee6e, 0xee8e,
0xee6e, 0xee8e, 0xee6e, 0xee8e, 0xee8e, 0xee8e, 0xee8e, 0xee8e, 0xee8e, 0xee8e,
0xee8e, 0xee8e, 0xee8e, 0xee8e, 0xee8e, 0xee8e, 0xee8e, 0xee8e, 0xee8e, 0xee8e,
0xee8e, 0xee8e, 0xee8e, 0xee8e, 0xee8e, 0xee8e, 0xee8e, 0xee6e, 0xee6e, 0xee6e,
0xee8e, 0xee8e, 0xee8e, 0xee6e, 0xee8e, 0xee8e, 0xee8e, 0xee6e, 0xf327, 0xf307,
0xf327, 0xf307, 0xf327, 0xf327, 0xf327, 0xf327, 0xf327, 0xf327, 0xf327, 0xf327,
0xf327, 0xf327, 0xf327, 0xf327, 0xf327, 0xf327, 0xf327, 0xf327, 0xf327, 0xf327,
0xf327, 0xf327, 0xf327, 0xf327, 0xf327, 0xf327, 0xf327, 0xf327, 0xf327, 0xf327,
0xf327, 0xf327, 0xf327, 0xf327, 0xf327, 0xf328, 0xf327, 0xf327, 0xf327, 0xf348,
0xf347, 0xf348, 0xf348, 0xf348, 0xf348, 0xf368, 0xec4d, 0xf40c, 0xf40c, 0xf40c,
0xf40c, 0xf40c, 0xf40c, 0xf40c, 0xf40c, 0xf40c, 0xf40c, 0xf40c, 0xf40c, 0xf40c,
0xf40c, 0xf40c, 0xf40c, 0xf40c, 0xf40c, 0xf40c, 0xf40c, 0xf40c, 0xf40c, 0xf40c,
0xf40c, 0xf40c, 0xf40c, 0xf40c, 0xf40c, 0xf40c, 0xf40c, 0xf40c, 0xf40c, 0xf40c,
0xf40c, 0xf40c, 0xf40c, 0xf40c, 0xf40c, 0xf40c, 0xf40c, 0xf40c, 0xf40c, 0xf40c,
0xf40c, 0xf40c, 0xf40c, 0xf40c, 0xf4cc, 0xf4cc, 0xf4cc, 0xf4cc, 0xf4cc, 0xf4cc,
0xf4cc, 0xf4cc, 0xf4cc, 0xf4cc, 0xf4cc, 0xf4cc, 0xf4cc, 0xf4cc, 0xf4cc, 0xf4cc,
0xf4cc, 0xf4cc, 0xf4cc, 0xf4cc, 0xf4cc, 0xf4cc, 0xf4cc, 0xf4cc, 0xf4cc, 0xf4cc,
0xf4cc, 0xf4cc, 0xf4cc, 0xf4cc, 0xf4cc, 0xf4cc, 0xf4cc, 0xf4cc, 0xf4cc, 0xf4cc,
0xf4cc, 0xf4cc, 0xf4cc, 0xf4cc, 0xf4cc, 0xf4cc, 0xf4cc, 0xf4cc, 0xf4cc, 0xf4cc,
0xf4cc, 0xf4cc, 0xed8f, 0xf58f, 0xf58f, 0xf58f, 0xf58f, 0xf58f, 0xf58f, 0xf58f,
0xf58f, 0xf58f, 0xf58f, 0xf58f, 0xf58f, 0xf58f, 0xf58f, 0xf58f, 0xf58f, 0xf58f,
0xf58f, 0xf58f, 0xf58f, 0xf58f, 0xf58f, 0xf58f, 0xf58f, 0xf58f, 0xf58f, 0xf58f,
0xf58f, 0xf58f, 0xf58f, 0xf58f, 0xf58f, 0xf58f, 0xf58f, 0xf58f, 0xf58f, 0xf58f,
0xf58f, 0xf58f, 0xf58f, 0xf58f, 0xf58f, 0xf58f, 0xf58f, 0xf58f, 0xf58f, 0xf58f,
0xeef8, 0xef19, 0xef19, 0xef19, 0xef19, 0xef19, 0xef19, 0xef19, 0xef19, 0xef19,
0xef19, 0xef19, 0xef19, 0xef19, 0xef19, 0xef19, 0xef19, 0xef19, 0xef19, 0xef19,
0xef19, 0xef19, 0xef19, 0xef19, 0xef19, 0xef19, 0xef19, 0xef19, 0xef19, 0xef19,
0xef19, 0xef19, 0xef19, 0xef19, 0xef19, 0xef19, 0xef19, 0xef19, 0xef19, 0xef19,
0xef19, 0xef18, 0xef18, 0xef18, 0xef19, 0xef19, 0xef18, 0xeef8, 0xef3b, 0xef3b,
0xef3b, 0xef3b, 0xef3b, 0xef3b, 0xef3b, 0xef3b, 0xef3b, 0xef3b, 0xef3b, 0xef3b,
0xef3b, 0xef3b, 0xef3b, 0xef3b, 0xef3b, 0xef3b, 0xef3b, 0xef3b, 0xef3b, 0xef3b,
0xef3b, 0xef3b, 0xef3b, 0xef3b, 0xef3b, 0xef3b, 0xef3b, 0xef3b, 0xef3b, 0xef3b,
0xef3b, 0xef3b, 0xef3b, 0xef3b, 0xef3b, 0xef3b, 0xef3b, 0xef3b, 0xef3b, 0xef3b,
0xef3b, 0xef3b, 0xef3b, 0xef3b, 0xef3b, 0xef3b, 0xce16, 0xce16, 0xce16, 0xce16,
0xce16, 0xce16, 0xce16, 0xce16, 0xce16, 0xce16, 0xce16, 0xce16, 0xce16, 0xce16,
0xce16, 0xce16, 0xce16, 0xce16, 0xce16, 0xce16, 0xce16, 0xce16, 0xce16, 0xce16,
0xce16, 0xce16, 0xce16, 0xce16, 0xce16, 0xce16, 0xce16, 0xce16, 0xce16, 0xce16,
0xce16, 0xce16, 0xce16, 0xce16, 0xce16, 0xce16, 0xce16, 0xce16, 0xce16, 0xce16,
0xce16, 0xce16, 0xce16, 0xce16, 
0x39c6, 0x39c6, 0x39c6, 0x39c6, 0x39c6, 0x39c6, 0x39c6, 0x39c6, 0x39c6, 0x39c6,
0x39c6, 0x39c6, 0x39c6, 0x39c6, 0x39c6, 0x39c6, 0x39c6, 0x39c6, 0x39c6, 0x39c6,
0x39c6, 0x39c6, 0x39c6, 0x39c6, 0x39c6, 0x39c6, 0x39c6, 0x39c6, 0x39c6, 0x39c6,
0x39c6, 0x39c6, 0x39c6, 0x39c6, 0x39c6, 0x39c6, 0x39c6, 0x39c6, 0x39c6, 0x39c6,
0x39c6, 0x39c6, 0x39c6, 0x39c6, 0x39c6, 0x39c6, 0x39c6, 0x39c6, 0x39c6, 0x39c6,
0x39c6, 0x39c6, 0x39c6, 0x39c6, 0x39c6, 0x39c6, 0x39c6, 0x39c6, 0x39c6, 0x39c6,
0x39c6, 0x39c6, 0x39c6, 0x39c6, 0x39c6, 0x39c6, 0x39c6, 0x39c6, 0x39c6, 0x39c6,
0x39c6, 0x39c6, 0x39c6, 0x39c6, 0x39c6, 0x39c6, 0x39c6, 0x39c6, 0x39c6, 0x39c6,
0x39c6, 0x39c6, 0x39c6, 0x39c6, 0x39c6, 0x39c6, 0x39c6, 0x39c6, 0x39c6, 0x39c6,
0x39c6, 0x39c6, 0x39c6, 0x39c6, 0x39c6, 0x39c6, 0x39c6, 0x39c6, 0x39c6, 0x39c6,
0x39c6, 0x39c6, 0x39c6, 0x39c6, 0x39c6, 0x39c6, 0x39c6, 0x39c6, 0x39c6, 0x39c6,
0x39c6, 0x39c6, 0x39c6, 0x39c6, 0x39c6, 0x39c6, 0x39c6, 0x39c6, 0x39c6, 0x39c6,
0x39c6, 0x39c6, 0x39c6, 0x39c6, 0x39c6, 0x39c6, 0x39c6, 0x39c6, 0x39c6, 0x39c6,
0x39c6, 0x39c6, 0x39c6, 0x39c6, 0x39c6, 0x39c6, 0x39c6, 0x39c6, 0x39c6, 0x39c6,
0x39c6, 0x39c6, 0x39c6, 0x39c6, 0x39c6, 0x39c6, 0x39c6, 0x39c6, 0x39c6, 0x39c6,
0x39c6, 0x39c6, 0x39c6, 0x39c6, 0x39c6, 0x39c6, 0x39c6, 0x39c6, 0x39c6, 0x39c6,
0x39c6, 0x39c6, 0x39c6, 0x39c6, 0x39c6, 0x39c6, 0x39c6, 0x39c6, 0x39c6, 0x39c6,
0x39c6, 0x39c6, 0x39c6, 0x39c6, 0x39c6, 0x39c6, 0x39c6, 0x39c6, 0x39c6, 0x39c6,
0x39c6, 0x39c6, 0x39c6, 0x39c6, 0x39c6, 0x39c6, 0x39c6, 0x39c6, 0x39c6, 0x39c6,
0x39c6, 0x39c6, 0x39c6, 0x39c6, 0x39c6, 0x39c6, 0x39c6, 0x39c6, 0x39c6, 0x39c6,
0x39c6, 0x39c6, 0x39c6, 0x39c6, 0x39c6, 0x39c6, 0x39c6, 0x39c6, 0x39c6, 0x39c6,
0x39c6, 0x39c6, 0x39c6, 0x39c6, 0x39c6, 0x39c6, 0x39c6, 0x39c6, 0x39c6, 0x39c6,
0x39c6, 0x39c6, 0x39c6, 0x39c6, 0x39c6, 0x39c6, 0x39c6, 0x39c6, 0x39c6, 0x39c6,
0x39c6, 0x39c6, 0x39c6, 0x39c6, 0x39c6, 0x39c6, 0x39c6, 0x39c6, 0x39c6, 0x39c6,
0x39c6, 0x39c6, 0x39c6, 0x39c6, 0x39c6, 0x39c6, 0x39c6, 0x39c6, 0x39c6, 0x39c6,
0x39c6, 0x39c6, 0x39c6, 0x39c6, 0x39c6, 0x39c6, 0x39c6, 0x39c6, 0x39c6, 0x39c6,
0x39c6, 0x39c6, 0x39c6, 0x39c6, 0x39c6, 0x39c6, 0x39c6, 0x39c6, 0x39c6, 0x39c6,
0x39c6, 0x39c6, 0x39c6, 0x39c6, 0x39c6, 0x39c6, 0x39c6, 0x39c6, 0x39c6, 0x39c6,
0x39c6, 0x39c6, 0x39c6, 0x39c6, 0x39c6, 0x39c6, 0x39c6, 0x3165, 0xee05, 0xee05,
0xee05, 0xee05, 0xee05, 0xee05, 0xee05, 0xee05, 0xee05, 0xee05, 0xee05, 0xee05,
0xee05, 0xee05, 0xee05, 0xee05, 0xee05, 0xee05, 0xee05, 0xee05, 0xee05, 0xee05,
0xee05, 0xee05, 0xee05, 0xee05, 0xee05, 0xee05, 0xee05, 0xee05, 0xee05, 0xee05,
0xee05, 0xee05, 0xee05, 0xee05, 0xee05, 0xee05, 0xee05, 0xee06, 0xee06, 0xee26,
0xee06, 0xee06, 0xee26, 0xee26, 0xee26, 0xee27, 0xee27, 0xee27, 0xee27, 0xee27,
0xee27, 0xee27, 0xee27, 0xee27, 0xee27, 0xee27, 0xee27, 0xee27, 0xee27, 0xee27,
0xee27, 0xee27, 0xee27, 0xee27, 0xee27, 0xee27, 0xee27, 0xee27, 0xee27, 0xee27,
0xee27, 0xee27, 0xee27, 0xee27, 0xee27, 0xee27, 0xee27, 0xee27, 0xee27, 0xee27,
0xee27, 0xee27, 0xee28, 0xee28, 0xee27, 0xee28, 0xee28, 0xee28, 0xee28, 0xee28,
0xee28, 0xee28, 0xee28, 0xee49, 0xee6d, 0xee4a, 0xee4a, 0xee4a, 0xee4a, 0xee4a,
0xee4a, 0xee4a, 0xee4a, 0xee4a, 0xee4a, 0xee4a, 0xee4a, 0xee4a, 0xee4a, 0xee4a,
0xee4a, 0xee4a, 0xee4a, 0xee4a, 0xee4a, 0xee4a, 0xee4a, 0xee4a, 0xee4a, 0xee4a,
0xee4a, 0xee4a, 0xee4a, 0xee4a, 0xee4a, 0xee4a, 0xee4a, 0xee4a, 0xee4a, 0xee4a,
0xee4a, 0xee4a, 0xee4a, 0xee4a, 0xee4a, 0xee4a, 0xee4a, 0xee4a, 0xee4a, 0xee4a,
0xee4a, 0xee4a, 0xee8e, 0xee6c, 0xee6c, 0xee6c, 0xee6c, 0xee6c, 0xee6c, 0xee6c,
0xee6c, 0xee6c, 0xee6c, 0xee6c, 0xee6c, 0xee6c, 0xee6c, 0xee6c, 0xee6c, 0xee6c,
0xee6c, 0xee6c, 0xee6c, 0xee6c, 0xee6c, 0xee6c, 0xee6c, 0xee6c, 0xee6c, 0xee6c,
0xee6c, 0xee6c, 0xee6c, 0xee6c, 0xee6c, 0xee6c, 0xee6c, 0xee6c, 0xee6c, 0xee6c,
0xee6c, 0xee6c, 0xee6c, 0xee6c, 0xee6c, 0xee6c, 0xee6c, 0xee6c, 0xee6c, 0xee6c,
0xee6e, 0xee8e, 0xee8e, 0xee8e, 0xee6e, 0xee6e, 0xee6e, 0xee6e, 0xee6e, 0xee6e,
0xee6e, 0xee6e, 0xee6e, 0xee6e, 0xee6e, 0xee6e, 0xee6e, 0xee6e, 0xee6e, 0xee6e,
0xee6e, 0xee6e, 0xee6e, 0xee6e, 0xee6e, 0xee6e, 0xee6e, 0xee6e, 0xee6e, 0xee6e,
0xee6e, 0xee6e, 0xee6e, 0xee6e, 0xee6e, 0xee6e, 0xee6e, 0xee6e, 0xee6e, 0xee6e,
0xee6e, 0xee6e, 0xee6e, 0xee6e, 0xee6e, 0xee8e, 0xee8e, 0xee6e, 0xf327, 0xf327,
0xf327, 0xf327, 0xf327, 0xf327, 0xf327, 0xf327, 0xf327, 0xf327, 0xf327, 0xf327,
0xf327, 0xf327, 0xf327, 0xf327, 0xf327, 0xf327, 0xf327, 0xf327, 0xf327, 0xf327,
0xf327, 0xf327, 0xf327, 0xf327, 0xf327, 0xf327, 0xf327, 0xf327, 0xf327, 0xf327,
0xf327, 0xf327, 0xf327, 0xf327, 0xf327, 0xf328, 0xf328, 0xf347, 0xf348, 0xf348,
0xf348, 0xf348, 0xf348, 0xf368, 0xf368, 0xf388, 0xec4d, 0xf40c, 0xf40c, 0xf40c,
0xf40c, 0xf40c, 0xf40c, 0xf40c, 0xf40c, 0xf40c, 0xf40c, 0xf40c, 0xf40c, 0xf40c,
0xf40c, 0xf40c, 0xf40c, 0xf40c, 0xf40c, 0xf40c, 0xf40c, 0xf40c, 0xf40c, 0xf40c,
0xf40c, 0xf40c, 0xf40c, 0xf40c, 0xf40c, 0xf40c, 0xf40c, 0xf40c, 0xf40c, 0xf40c,
0xf40c, 0xf40c, 0xf40c, 0xf40c, 0xf40c, 0xf40c, 0xf40c, 0xf40c, 0xf40c, 0xf40c,
0xf40c, 0xf40c, 0xf40c, 0xf40c, 0xf4cc, 0xf4cc, 0xf4cc, 0xf4cc, 0xf4cc, 0xf4cc,
0xf4cc, 0xf4cc, 0xf4cc, 0xf4ec, 0xf4cc, 0xf4cc, 0xf4cc, 0xf4cc, 0xf4cc, 0xf4cc,
0xf4cc, 0xf4cc, 0xf4cc, 0xf4cc, 0xf4cc, 0xf4cc, 0xf4cc, 0xf4cc, 0xf4cc, 0xf4cc,
0xf4cc, 0xf4cc, 0xf4cc, 0xf4cc, 0xf4cc, 0xf4cc, 0xf4cc, 0xf4cc, 0xf4cc, 0xf4cc,
0xf4cc, 0xf4cc, 0xf4ec, 0xf4cc, 0xf4cc, 0xf4cc, 0xf4cc, 0xf4cc, 0xf4cc, 0xf4ec,
0xf4cc, 0xf4cc, 0xed8f, 0xf58f, 0xf58f, 0xf58f, 0xf58f, 0xf58f, 0xf58f, 0xf58f,
0xf58f, 0xf58f, 0xf58f, 0xf58f, 0xf58f, 0xf58f, 0xf58f, 0xf58f, 0xf58f, 0xf58f,
0xf58f, 0xf58f, 0xf58f, 0xf58f, 0xf58f, 0xf58f, 0xf58f, 0xf58f, 0xf58f, 0xf58f,
0xf58f, 0xf58f, 0xf58f, 0xf58f, 0xf58f, 0xf58f, 0xf58f, 0xf58f, 0xf58f, 0xf58f,
0xf58f, 0xf58f, 0xf58f, 0xf58f, 0xf58f, 0xf58f, 0xf58f, 0xf58f, 0xf58f, 0xf58f,
0xeef8, 0xef19, 0xef19, 0xef19, 0xef19, 0xef19, 0xef19, 0xef19, 0xef19, 0xef19,
0xef19, 0xef19, 0xef19, 0xef19, 0xef19, 0xef19, 0xef19, 0xef19, 0xef19, 0xef19,
0xef19, 0xef19, 0xef19, 0xef19, 0xef19, 0xef19, 0xef19, 0xef19, 0xef19, 0xef19,
0xef19, 0xef19, 0xef19, 0xef19, 0xef19, 0xef19, 0xef19, 0xef19, 0xef19, 0xef19,
0xef19, 0xef18, 0xef18, 0xef19, 0xeef8, 0xef18, 0xef18, 0xeef8, 0xef3b, 0xef3b,
0xef3b, 0xef3b, 0xef3b, 0xef3b, 0xef3b, 0xef3b, 0xef3b, 0xef3b, 0xef3b, 0xef3b,
0xef3b, 0xef3b, 0xef3b, 0xef3b, 0xef3b, 0xef3b, 0xef3b, 0xef3b, 0xef3b, 0xef3b,
0xef3b, 0xef3b, 0xef3b, 0xef3b, 0xef3b, 0xef3b, 0xef3b, 0xef3b, 0xef3b, 0xef3b,
0xef3b, 0xef3b, 0xef3b, 0xef3b, 0xef3b, 0xef3b, 0xef3b, 0xef3b, 0xef3b, 0xef3b,
0xef3b, 0xef3b, 0xef3b, 0xef3b, 0xef3b, 0xef3b, 0xce16, 0xce16, 0xce16, 0xce16,
0xce16, 0xce16, 0xce16, 0xce16, 0xce16, 0xce16, 0xce16, 0xce16, 0xce16, 0xce16,
0xce16, 0xce16, 0xce16, 0xce16, 0xce16, 0xce16, 0xce16, 0xce16, 0xce16, 0xce16,
0xce16, 0xce16, 0xce16, 0xce16, 0xce16, 0xce16, 0xce16, 0xce16, 0xce16, 0xce16,
0xce16, 0xce16, 0xce16, 0xce16, 0xce16, 0xce16, 0xce16, 0xce16, 0xce16, 0xce16,
0xce16, 0xce16, 0xce16, 0xce16, 
0x39c6, 0x39c6, 0x39c6, 0x39c6, 0x39c6, 0x39c6, 0x39c6, 0x39c6, 0x39c6, 0x39c6,
0x39c6, 0x39c6, 0x39c6, 0x39c6, 0x39c6, 0x39c6, 0x39c6, 0x39c6, 0x39c6, 0x39c6,
0x39c6, 0x39c6, 0x39c6, 0x39c6, 0x39c6, 0x39c6, 0x39c6, 0x39c6, 0x39c6, 0x39c6,
0x39c6, 0x39c6, 0x39c6, 0x39c6, 0x39c6, 0x39c6, 0x39c6, 0x39c6, 0x39c6, 0x39c6,
0x39c6, 0x39c6, 0x39c6, 0x39c6, 0x39c6, 0x39c6, 0x39c6, 0x39c6, 0x39c6, 0x39c6,
0x39c6, 0x39c6, 0x39c6, 0x39c6, 0x39c6, 0x39c6, 0x39c6, 0x39c6, 0x39c6, 0x39c6,
0x39c6, 0x39c6, 0x39c6, 0x39c6, 0x39c6, 0x39c6, 0x39c6, 0x39c6, 0x39c6, 0x39c6,
0x39c6, 0x39c6, 0x39c6, 0x39c6, 0x39c6, 0x39c6, 0x39c6, 0x39c6, 0x39c6, 0x39c6,
0x39c6, 0x39c6, 0x39c6, 0x39c6, 0x39c6, 0x39c6, 0x39c6, 0x39c6, 0x39c6, 0x39c6,
0x39c6, 0x39c6, 0x39c6, 0x39c6, 0x39c6, 0x39c6, 0x39c6, 0x39c6, 0x39c6, 0x39c6,
0x39c6, 0x39c6, 0x39c6, 0x39c6, 0x39c6, 0x39c6, 0x39c6, 0x39c6, 0x39c6, 0x39c6,
0x39c6, 0x39c6, 0x39c6, 0x39c6, 0x39c6, 0x39c6, 0x39c6, 0x39c6, 0x39c6, 0x39c6,
0x39c6, 0x39c6, 0x39c6, 0x39c6, 0x39c6, 0x39c6, 0x39c6, 0x39c6, 0x39c6, 0x39c6,
0x39c6, 0x39c6, 0x39c6, 0x39c6, 0x39c6, 0x39c6, 0x39c6, 0x39c6, 0x39c6, 0x39c6,
0x39c6, 0x39c6, 0x39c6, 0x39c6, 0x39c6, 0x39c6, 0x39c6, 0x39c6, 0x39c6, 0x39c6,
0x39c6, 0x39c6, 0x39c6, 0x39c6, 0x39c6, 0x39c6, 0x39c6, 0x39c6, 0x39c6, 0x39c6,
0x39c6, 0x39c6, 0x39c6, 0x39c6, 0x39c6, 0x39c6, 0x39c6, 0x39c6, 0x39c6, 0x39c6,
0x39c6, 0x39c6, 0x39c6, 0x39c6, 0x39c6, 0x39c6, 0x39c6, 0x39c6, 0x39c6, 0x39c6,
0x39c6, 0x39c6, 0x39c6, 0x39c6, 0x39c6, 0x39c6, 0x39c6, 0x39c6, 0x39c6, 0x39c6,
0x39c6, 0x39c6, 0x39c6, 0x39c6, 0x39c6, 0x39c6, 0x39c6, 0x39c6, 0x39c6, 0x39c6,
0x39c6, 0x39c6, 0x39c6, 0x39c6, 0x39c6, 0x39c6, 0x39c6, 0x39c6, 0x39c6, 0x39c6,
0x39c6, 0x39c6, 0x39c6, 0x39c6, 0x39c6, 0x39c6, 0x39c6, 0x39c6, 0x39c6, 0x39c6,
0x39c6, 0x39c6, 0x39c6, 0x39c6, 0x39c6, 0x39c6, 0x39c6, 0x39c6, 0x39c6, 0x39c6,
0x39c6, 0x39c6, 0x39c6, 0x39c6, 0x39c6, 0x39c6, 0x39c6, 0x39c6, 0x39c6, 0x39c6,
0x39c6, 0x39c6, 0x39c6, 0x39c6, 0x39c6, 0x39c6, 0x39c6, 0x39c6, 0x39c6, 0x39c6,
0x39c6, 0x39c6, 0x39c6, 0x39c6, 0x39c6, 0x39c6, 0x39c6, 0x39c6, 0x39c6, 0x39c6,
0x39c6, 0x39c6, 0x39c6, 0x39c6, 0x39c6, 0x39c6, 0x39c6, 0x39c6, 0x39c6, 0x39c6,
0x39c6, 0x39c6, 0x39c6, 0x39c6, 0x39c6, 0x39c6, 0x39c6, 0x39c6, 0x39c6, 0x39c6,
0x39c6, 0x39c6, 0x39c6, 0x39c6, 0x39c6, 0x39c6, 0x39c6, 0x3165, 0xee05, 0xee05,
0xee05, 0xee05, 0xee05, 0xee05, 0xee05, 0xee05, 0xee05, 0xee05, 0xee05, 0xee05,
0xee05, 0xee05, 0xee05, 0xee05, 0xee05, 0xee05, 0xee05, 0xee05, 0xee05, 0xee05,
0xee05, 0xee05, 0xee05, 0xee05, 0xee05, 0xee05, 0xee05, 0xee05, 0xee05, 0xee05,
0xee05, 0xee05, 0xee05, 0xee05, 0xee05, 0xee05, 0xee05, 0xee06, 0xee06, 0xee06,
0xee06, 0xee26, 0xee26, 0xee26, 0xee26, 0xee27, 0xee27, 0xee27, 0xee27, 0xee27,
0xee27, 0xee27, 0xee27, 0xee27, 0xee27, 0xee27, 0xee27, 0xee27, 0xee27, 0xee27,
0xee27, 0xee27, 0xee27, 0xee27, 0xee27, 0xee27, 0xee27, 0xee27, 0xee27, 0xee27,
0xee27, 0xee27, 0xee27, 0xee27, 0xee27, 0xee27, 0xee27, 0xee27, 0xee27, 0xee27,
0xee27, 0xee27, 0xee28, 0xee28, 0xee27, 0xee28, 0xee28, 0xee28, 0xee28, 0xee28,
0xee28, 0xee28, 0xee28, 0xee49, 0xee6d, 0xee4a, 0xee4a, 0xee4a, 0xee4a, 0xee4a,
0xee4a, 0xee4a, 0xee4a, 0xee4a, 0xee4a, 0xee4a, 0xee4a, 0xee4a, 0xee4a, 0xee4a,
0xee4a, 0xee4a, 0xee4a, 0xee4a, 0xee4a, 0xee4a, 0xee4a, 0xee4a, 0xee4a, 0xee4a,
0xee4a, 0xee4a, 0xee4a, 0xee4a, 0xee4a, 0xee4a, 0xee4a, 0xee4a, 0xee4a, 0xee4a,
0xee4a, 0xee4a, 0xee4a, 0xee4a, 0xee4a, 0xee4a, 0xee4a, 0xee4a, 0xee4a, 0xee4a,
0xee4a, 0xee4a, 0xee8e, 0xee6c, 0xee6c, 0xee6c, 0xee6c, 0xee6c, 0xee6c, 0xee6c,
0xee6c, 0xee6c, 0xee6c, 0xee6c, 0xee6c, 0xee6c, 0xee6c, 0xee6c, 0xee6c, 0xee6c,
0xee6c, 0xee6c, 0xee6c, 0xee6c, 0xee6c, 0xee6c, 0xee6c, 0xee6c, 0xee6c, 0xee6c,
0xee6c, 0xee6c, 0xee6c, 0xee6c, 0xee6c, 0xee6c, 0xee6c, 0xee6c, 0xee6c, 0xee6c,
0xee6c, 0xee6c, 0xee6c, 0xee6c, 0xee6c, 0xee6c, 0xee6c, 0xee6c, 0xee6c, 0xee6c,
0xee6e, 0xee6e, 0xee6e, 0xee6e, 0xee8e, 0xee6e, 0xee8e, 0xee6e, 0xee6e, 0xee6e,
0xee8e, 0xee8e, 0xee8e, 0xee8e, 0xee6e, 0xee8e, 0xee8e, 0xee8e, 0xee8e, 0xee8e,
0xee8e, 0xee8e, 0xee8e, 0xee8e, 0xee8e, 0xee8e, 0xee8e, 0xee8e, 0xee8e, 0xee8e,
0xee8e, 0xee8e, 0xee8e, 0xee6e, 0xee8e, 0xee8e, 0xee8e, 0xee8e, 0xee6e, 0xee6e,
0xee6e, 0xee8e, 0xee6e, 0xee8e, 0xee8e, 0xee8e, 0xee6e, 0xee6e, 0xf328, 0xf327,
0xf327, 0xf327, 0xf328, 0xf328, 0xf348, 0xf348, 0xf347, 0xf348, 0xf348, 0xf348,
0xf348, 0xf348, 0xf348, 0xf348, 0xf348, 0xf348, 0xf348, 0xf348, 0xf348, 0xf348,
0xf348, 0xf348, 0xf348, 0xf348, 0xf348, 0xf348, 0xf348, 0xf348, 0xf348, 0xf348,
0xf348, 0xf348, 0xf348, 0xf348, 0xf348, 0xf348, 0xf348, 0xf347, 0xf348, 0xf348,
0xf348, 0xf348, 0xf368, 0xf368, 0xf368, 0xf388, 0xec4d, 0xf40c, 0xf42c, 0xf40c,
0xf42c, 0xf42c, 0xf42c, 0xf42c, 0xf42c, 0xf42c, 0xf42c, 0xf42c, 0xf42c, 0xf42c,
0xf42c, 0xf42c, 0xf42c, 0xf42c, 0xf42c, 0xf42c, 0xf42c, 0xf42c, 0xf42c, 0xf42c,
0xf42c, 0xf42c, 0xf42c, 0xf42c, 0xf42c, 0xf42c, 0xf42c, 0xf42c, 0xf42c, 0xf42c,
0xf42c, 0xf42c, 0xf42c, 0xf42c, 0xf42c, 0xf42c, 0xf42c, 0xf42c, 0xf42c, 0xf42c,
0xf42c, 0xf42c, 0xf42c, 0xf42c, 0xf4cc, 0xf4cc, 0xf4cc, 0xf4ec, 0xf4ec, 0xf4ec,
0xf4ec, 0xf4ec, 0xf4ec, 0xf4ec, 0xf4ec, 0xf4ec, 0xf4ec, 0xf4ec, 0xf4ec, 0xf4ec,
0xf4ec, 0xf4ec, 0xf4ec, 0xf4ec, 0xf4ec, 0xf4ec, 0xf4ec, 0xf4ec, 0xf4ec, 0xf4ec,
0xf4ec, 0xf4ec, 0xf4ec, 0xf4ec, 0xf4ec, 0xf4ec, 0xf4ec, 0xf4ec, 0xf4ec, 0xf4ec,
0xf4ec, 0xf4ec, 0xf4ec, 0xf4ec, 0xf4ec, 0xf4ec, 0xf4ec, 0xf4ec, 0xf4ec, 0xf4ec,
0xf4ec, 0xf4cc, 0xedaf, 0xf58f, 0xf58f, 0xf58f, 0xf58f, 0xf58f, 0xf58f, 0xf58f,
0xf58f, 0xf58f, 0xf58f, 0xf58f, 0xf58f, 0xf58f, 0xf58f, 0xf58f, 0xf58f, 0xf58f,
0xf58f, 0xf58f, 0xf58f, 0xf58f, 0xf58f, 0xf58f, 0xf58f, 0xf58f, 0xf58f, 0xf58f,
0xf58f, 0xf58f, 0xf58f, 0xf58f, 0xf58f, 0xf58f, 0xf58f, 0xf58f, 0xf58f, 0xf58f,
0xf58f, 0xf58f, 0xf58f, 0xf58f, 0xf58f, 0xf58f, 0xf58f, 0xf58f, 0xf58f, 0xf58f,
0xeef8, 0xef19, 0xef19, 0xef19, 0xef19, 0xef19, 0xef19, 0xef19, 0xef19, 0xef19,
0xef19, 0xef19, 0xef19, 0xef19, 0xef19, 0xef19, 0xef19, 0xef19, 0xef19, 0xef19,
0xef19, 0xef19, 0xef19, 0xef19, 0xef19, 0xef19, 0xef19, 0xef19, 0xef19, 0xef19,
0xef19, 0xef19, 0xef19, 0xef19, 0xef19, 0xef19, 0xef19, 0xef19, 0xef19, 0xef19,
0xef18, 0xef18, 0xef19, 0xeef8, 0xef18, 0xeef8, 0xef18, 0xeef8, 0xef3b, 0xef3b,
0xef3b, 0xef3b, 0xef3b, 0xef3b, 0xef3b, 0xef3b, 0xef3b, 0xef3b, 0xef3b, 0xef3b,
0xef3b, 0xef3b, 0xef3b, 0xef3b, 0xef3b, 0xef3b, 0xef3b, 0xef3b, 0xef3b, 0xef3b,
0xef3b, 0xef3b, 0xef3b, 0xef3b, 0xef3b, 0xef3b, 0xef3b, 0xef3b, 0xef3b, 0xef3b,
0xef3b, 0xef3b, 0xef3b, 0xef3b, 0xef3b, 0xef3b, 0xef3b, 0xef3b, 0xef3b, 0xef3b,
0xef3b, 0xef3b, 0xef3b, 0xef3b, 0xef3b, 0xef3b, 0xce16, 0xce16, 0xce16, 0xce16,
0xce16, 0xce16, 0xce16, 0xce16, 0xce16, 0xce16, 0xce16, 0xce16, 0xce16, 0xce16,
0xce16, 0xce16, 0xce16, 0xce16, 0xce16, 0xce16, 0xce16, 0xce16, 0xce16, 0xce16,
0xce16, 0xce16, 0xce16, 0xce16, 0xce16, 0xce16, 0xce16, 0xce16, 0xce16, 0xce16,
0xce16, 0xce16, 0xce16, 0xce16, 0xce16, 0xce16, 0xce16, 0xce16, 0xce16, 0xce16,
0xce16, 0xce16, 0xce16, 0xce16, 
0x39c6, 0x39c6, 0x39c6, 0x39c6, 0x39c6, 0x39c6, 0x39c6, 0x39c6, 0x39c6, 0x39c6,
0x39c6, 0x39c6, 0x39c6, 0x39c6, 0x39c6, 0x39c6, 0x39c6, 0x39c6, 0x39c6, 0x39c6,
0x39c6, 0x39c6, 0x39c6, 0x39c6, 0x39c6, 0x39c6, 0x39c6, 0x39c6, 0x39c6, 0x39c6,
0x39c6, 0x39c6, 0x39c6, 0x39c6, 0x39c6, 0x39c6, 0x39c6, 0x39c6, 0x39c6, 0x39c6,
0x39c6, 0x39c6, 0x39c6, 0x39c6, 0x39c6, 0x39c6, 0x39c6, 0x39c6, 0x39c6, 0x39c6,
0x39c6, 0x39c6, 0x39c6, 0x39c6, 0x39c6, 0x39c6, 0x39c6, 0x39c6, 0x39c6, 0x39c6,
0x39c6, 0x39c6, 0x39c6, 0x39c6, 0x39c6, 0x39c6, 0x39c6, 0x39c6, 0x39c6, 0x39c6,
0x39c6, 0x39c6, 0x39c6, 0x39c6, 0x39c6, 0x39c6, 0x39c6, 0x39c6, 0x39c6, 0x39c6,
0x39c6, 0x39c6, 0x39c6, 0x39c6, 0x39c6, 0x39c6, 0x39c6, 0x39c6, 0x39c6, 0x39c6,
0x39c6, 0x39c6, 0x39c6, 0x39c6, 0x39c6, 0x39c6, 0x39c6, 0x39c6, 0x39c6, 0x39c6,
0x39c6, 0x39c6, 0x39c6, 0x39c6, 0x39c6, 0x39c6, 0x39c6, 0x39c6, 0x39c6, 0x39c6,
0x39c6, 0x39c6, 0x39c6, 0x39c6, 0x39c6, 0x39c6, 0x39c6, 0x39c6, 0x39c6, 0x39c6,
0x39c6, 0x39c6, 0x39c6, 0x39c6, 0x39c6, 0x39c6, 0x39c6, 0x39c6, 0x39c6, 0x39c6,
0x39c6, 0x39c6, 0x39c6, 0x39c6, 0x39c6, 0x39c6, 0x39c6, 0x39c6, 0x39c6, 0x39c6,
0x39c6, 0x39c6, 0x39c6, 0x39c6, 0x39c6, 0x39c6, 0x39c6, 0x39c6, 0x39c6, 0x39c6,
0x39c6, 0x39c6, 0x39c6, 0x39c6, 0x39c6, 0x39c6, 0x39c6, 0x39c6, 0x39c6, 0x39c6,
0x39c6, 0x39c6, 0x39c6, 0x39c6, 0x39c6, 0x39c6, 0x39c6, 0x39c6, 0x39c6, 0x39c6,
0x39c6, 0x39c6, 0x39c6, 0x39c6, 0x39c6, 0x39c6, 0x39c6, 0x39c6, 0x39c6, 0x39c6,
0x39c6, 0x39c6, 0x39c6, 0x39c6, 0x39c6, 0x39c6, 0x39c6, 0x39c6, 0x39c6, 0x39c6,
0x39c6, 0x39c6, 0x39c6, 0x39c6, 0x39c6, 0x39c6, 0x39c6, 0x39c6, 0x39c6, 0x39c6,
0x39c6, 0x39c6, 0x39c6, 0x39c6, 0x39c6, 0x39c6, 0x39c6, 0x39c6, 0x39c6, 0x39c6,
0x39c6, 0x39c6, 0x39c6, 0x39c6, 0x39c6, 0x39c6, 0x39c6, 0x39c6, 0x39c6, 0x39c6,
0x39c6, 0x39c6, 0x39c6, 0x39c6, 0x39c6, 0x39c6, 0x39c6, 0x39c6, 0x39c6, 0x39c6,
0x39c6, 0x39c6, 0x39c6, 0x39c6, 0x39c6, 0x39c6, 0x39c6, 0x39c6, 0x39c6, 0x39c6,
0x39c6, 0x39c6, 0x39c6, 0x39c6, 0x39c6, 0x39c6, 0x39c6, 0x39c6, 0x39c6, 0x39c6,
0x39c6, 0x39c6, 0x39c6, 0x39c6, 0x39c6, 0x39c6, 0x39c6, 0x39c6, 0x39c6, 0x39c6,
0x39c6, 0x39c6, 0x39c6, 0x39c6, 0x39c6, 0x39c6, 0x39c6, 0x39c6, 0x39c6, 0x39c6,
0x39c6, 0x39c6, 0x39c6, 0x39c6, 0x39c6, 0x39c6, 0x39c6, 0x39c6, 0x39c6, 0x39c6,
0x39c6, 0x39c6, 0x39c6, 0x39c6, 0x39c6, 0x39c6, 0x39c6, 0x3165, 0xee05, 0xee05,
0xee05, 0xee05, 0xee05, 0xee05, 0xee05, 0xee05, 0xee05, 0xee05, 0xee05, 0xee05,
0xee05, 0xee05, 0xee05, 0xee05, 0xee05, 0xee05, 0xee05, 0xee05, 0xee05, 0xee05,
0xee05, 0xee05, 0xee05, 0xee05, 0xee05, 0xee05, 0xee05, 0xee05, 0xee05, 0xee05,
0xee05, 0xee05, 0xee05, 0xee05, 0xee05, 0xee05, 0xee05, 0xee06, 0xee06, 0xee06,
0xee06, 0xee06, 0xee26, 0xee26, 0xee26, 0xee27, 0xee27, 0xee27, 0xee27, 0xee27,
0xee27, 0xee27, 0xee27, 0xee27, 0xee27, 0xee27, 0xee27, 0xee27, 0xee27, 0xee27,
0xee27, 0xee27, 0xee27, 0xee27, 0xee27, 0xee27, 0xee27, 0xee27, 0xee27, 0xee27,
0xee27, 0xee27, 0xee27, 0xee27, 0xee27, 0xee27, 0xee27, 0xee27, 0xee27, 0xee27,
0xee27, 0xee27, 0xee28, 0xee28, 0xee27, 0xee28, 0xee28, 0xee28, 0xee28, 0xee28,
0xee28, 0xee28, 0xee28, 0xee49, 0xee6d, 0xee4a, 0xee4a, 0xee4a, 0xee4a, 0xee4a,
0xee4a, 0xee4a, 0xee4a, 0xee4a, 0xee4a, 0xee4a, 0xee4a, 0xee4a, 0xee4a, 0xee4a,
0xee4a, 0xee4a, 0xee4a, 0xee4a, 0xee4a, 0xee4a, 0xee4a, 0xee4a, 0xee4a, 0xee4a,
0xee4a, 0xee4a, 0xee4a, 0xee4a, 0xee4a, 0xee4a, 0xee4a, 0xee4a, 0xee4a, 0xee4a,
0xee4a, 0xee4a, 0xee4a, 0xee4a, 0xee4a, 0xee4a, 0xee4a, 0xee4a, 0xee4a, 0xee4a,
0xee4a, 0xee4a, 0xee8e, 0xee6c, 0xee6c, 0xee6c, 0xee6c, 0xee6c, 0xee6c, 0xee6c,
0xee6c, 0xee6c, 0xee6c, 0xee6c, 0xee6c, 0xee6c, 0xee6c, 0xee6c, 0xee6c, 0xee6c,
0xee6c, 0xee6c, 0xee6c, 0xee6c, 0xee6c, 0xee6c, 0xee6c, 0xee6c, 0xee6c, 0xee6c,
0xee6c, 0xee6c, 0xee6c, 0xee6c, 0xee6c, 0xee6c, 0xee6c, 0xee6c, 0xee6c, 0xee6c,
0xee6c, 0xee6c, 0xee6c, 0xee6c, 0xee6c, 0xee6c, 0xee6c, 0xee6c, 0xee6c, 0xee6c,
0xee6e, 0xee6e, 0xee6e, 0xee6e, 0xee8e, 0xee8e, 0xee8e, 0xee8e, 0xee8e, 0xee8e,
0xee8e, 0xee8e, 0xee8e, 0xee8e, 0xee8e, 0xee8e, 0xee8e, 0xee8e, 0xee8e, 0xee8e,
0xee8e, 0xee8e, 0xee8e, 0xee8e, 0xee8e, 0xee8e, 0xee8e, 0xee8e, 0xee8e, 0xee8e,
0xee8e, 0xee8e, 0xee8e, 0xee8e, 0xee8e, 0xee8e, 0xee8e, 0xee8e, 0xee8e, 0xee8e,
0xee8e, 0xee8e, 0xee8e, 0xee8e, 0xee6e, 0xee6e, 0xee6e, 0xee6e, 0xf348, 0xf348,
0xf348, 0xf348, 0xf348, 0xf348, 0xf348, 0xf348, 0xf348, 0xf348, 0xf348, 0xf348,
0xf348, 0xf348, 0xf348, 0xf348, 0xf348, 0xf348, 0xf348, 0xf348, 0xf348, 0xf348,
0xf348, 0xf348, 0xf348, 0xf348, 0xf348, 0xf348, 0xf348, 0xf348, 0xf348, 0xf348,
0xf348, 0xf348, 0xf348, 0xf348, 0xf348, 0xf348, 0xf368, 0xf368, 0xf368, 0xf368,
0xf368, 0xf368, 0xf368, 0xf388, 0xf388, 0xf388, 0xec4d, 0xf42c, 0xf42c, 0xf42c,
0xf42c, 0xf42c, 0xf42c, 0xf42c, 0xf42c, 0xf42c, 0xf42c, 0xf42c, 0xf42c, 0xf42c,
0xf42c, 0xf42c, 0xf42c, 0xf42c, 0xf42c, 0xf42c, 0xf42c, 0xf42c, 0xf42c, 0xf42c,
0xf42c, 0xf42c, 0xf42c, 0xf42c, 0xf42c, 0xf42c, 0xf42c, 0xf42c, 0xf42c, 0xf42c,
0xf42c, 0xf42c, 0xf42c, 0xf42c, 0xf42c, 0xf42c, 0xf42c, 0xf44c, 0xf42c, 0xf42c,
0xf42c, 0xf42c, 0xf42c, 0xf42c, 0xf4ec, 0xf4ec, 0xf4ec, 0xf4ec, 0xf4ec, 0xf4ec,
0xf4ec, 0xf4ec, 0xf4ec, 0xf4ec, 0xf4ec, 0xf4ec, 0xf4ec, 0xf4ec, 0xf4ec, 0xf4ec,
0xf4ec, 0xf4ec, 0xf4ec, 0xf4ec, 0xf4ec, 0xf4ec, 0xf4ec, 0xf4ec, 0xf4ec, 0xf4ec,
0xf4ec, 0xf4ec, 0xf4ec, 0xf4ec, 0xf4ec, 0xf4ec, 0xf4ec, 0xf4ec, 0xf4ec, 0xf4ec,
0xf4ec, 0xf4ec, 0xf4ec, 0xf4ec, 0xf50c, 0xf4ec, 0xf4ec, 0xf4ec, 0xf4ec, 0xf4ec,
0xf4ec, 0xf4ec, 0xed8f, 0xf58f, 0xf58f, 0xf58f, 0xf58f, 0xf58f, 0xf58f, 0xf58f,
0xf58f, 0xf58f, 0xf58f, 0xf5af, 0xf5af, 0xf5af, 0xf5af, 0xf5af, 0xf5af, 0xf5af,
0xf5af, 0xf5af, 0xf5af, 0xf5af, 0xf5af, 0xf5af, 0xf5af, 0xf5af, 0xf5af, 0xf5af,
0xf5af, 0xf5af, 0xf5af, 0xf5af, 0xf5af, 0xf5af, 0xf5af, 0xf5af, 0xf5af, 0xf5af,
0xf58f, 0xf58f, 0xf58f, 0xf58f, 0xf58f, 0xf58f, 0xf58f, 0xf58f, 0xf58f, 0xf58f,
0xeef8, 0xef19, 0xef19, 0xef19, 0xef19, 0xef19, 0xef19, 0xef19, 0xef19, 0xef19,
0xef19, 0xef19, 0xef19, 0xef19, 0xef19, 0xef19, 0xef19, 0xef19, 0xef19, 0xef19,
0xef19, 0xef19, 0xef19, 0xef19, 0xef19, 0xef19, 0xef19, 0xef19, 0xef19, 0xef19,
0xef19, 0xef19, 0xef19, 0xef19, 0xef19, 0xef19, 0xef19, 0xef19, 0xef19, 0xef19,
0xef18, 0xef19, 0xef19, 0xef18, 0xeef8, 0xef18, 0xeef8, 0xeef8, 0xef3b, 0xef3b,
0xef3b, 0xef3b, 0xef3b, 0xef3b, 0xef3b, 0xef3b, 0xef3b, 0xef3b, 0xef3b, 0xef3b,
0xef3b, 0xef3b, 0xef3b, 0xef3b, 0xef3b, 0xef3b, 0xef3b, 0xef3b, 0xef3b, 0xef3b,
0xef3b, 0xef3b, 0xef3b, 0xef3b, 0xef3b, 0xef3b, 0xef3b, 0xef3b, 0xef3b, 0xef3b,
0xef3b, 0xef3b, 0xef3b, 0xef3b, 0xef3b, 0xef3b, 0xef3b, 0xef3b, 0xef3b, 0xef3b,
0xef3b, 0xef3b, 0xef3b, 0xef3b, 0xef3b, 0xef3b, 0xce16, 0xce16, 0xce16, 0xce16,
0xce16, 0xce16, 0xce16, 0xce16, 0xce16, 0xce16, 0xce16, 0xce16, 0xce16, 0xce16,
0xce16, 0xce16, 0xce16, 0xce16, 0xce16, 0xce16, 0xce16, 0xce16, 0xce16, 0xce16,
0xce16, 0xce16, 0xce16, 0xce16, 0xce16, 0xce16, 0xce16, 0xce16, 0xce16, 0xce16,
0xce16, 0xce16, 0xce16, 0xce16, 0xce16, 0xce16, 0xce16, 0xce16, 0xce16, 0xce16,
0xce16, 0xce16, 0xce16, 0xce16, 
0x39c6, 0x39c6, 0x39c6, 0x39c6, 0x39c6, 0x39c6, 0x39c6, 0x39c6, 0x39c6, 0x39c6,
0x39c6, 0x39c6, 0x39c6, 0x39c6, 0x39c6, 0x39c6, 0x39c6, 0x39c6, 0x39c6, 0x39c6,
0x39c6, 0x39c6, 0x39c6, 0x39c6, 0x39c6, 0x39c6, 0x39c6, 0x39c6, 0x39c6, 0x39c6,
0x39c6, 0x39c6, 0x39c6, 0x39c6, 0x39c6, 0x39c6, 0x39c6, 0x39c6, 0x39c6, 0x39c6,
0x39c6, 0x39c6, 0x39c6, 0x39c6, 0x39c6, 0x39c6, 0x39c6, 0x39c6, 0x39c6, 0x39c6,
0x39c6, 0x39c6, 0x39c6, 0x39c6, 0x39c6, 0x39c6, 0x39c6, 0x39c6, 0x39c6, 0x39c6,
0x39c6, 0x39c6, 0x39c6, 0x39c6, 0x39c6, 0x39c6, 0x39c6, 0x39c6, 0x39c6, 0x39c6,
0x39c6, 0x39c6, 0x39c6, 0x39c6, 0x39c6, 0x39c6, 0x39c6, 0x39c6, 0x39c6, 0x39c6,
0x39c6, 0x39c6, 0x39c6, 0x39c6, 0x39c6, 0x39c6, 0x39c6, 0x39c6, 0x39c6, 0x39c6,
0x39c6, 0x39c6, 0x39c6, 0x39c6, 0x39c6, 0x39c6, 0x39c6, 0x39c6, 0x39c6, 0x39c6,
0x39c6, 0x39c6, 0x39c6, 0x39c6, 0x39c6, 0x39c6, 0x39c6, 0x39c6, 0x39c6, 0x39c6,
0x39c6, 0x39c6, 0x39c6, 0x39c6, 0x39c6, 0x39c6, 0x39c6, 0x39c6, 0x39c6, 0x39c6,
0x39c6, 0x39c6, 0x39c6, 0x39c6, 0x39c6, 0x39c6, 0x39c6, 0x39c6, 0x39c6, 0x39c6,
0x39c6, 0x39c6, 0x39c6, 0x39c6, 0x39c6, 0x39c6, 0x39c6, 0x39c6, 0x39c6, 0x39c6,
0x39c6, 0x39c6, 0x39c6, 0x39c6, 0x39c6, 0x39c6, 0x39c6, 0x39c6, 0x39c6, 0x39c6,
0x39c6, 0x39c6, 0x39c6, 0x39c6, 0x39c6, 0x39c6, 0x39c6, 0x39c6, 0x39c6, 0x39c6,
0x39c6, 0x39c6, 0x39c6, 0x39c6, 0x39c6, 0x39c6, 0x39c6, 0x39c6, 0x39c6, 0x39c6,
0x39c6, 0x39c6, 0x39c6, 0x39c6, 0x39c6, 0x39c6, 0x39c6, 0x39c6, 0x39c6, 0x39c6,
0x39c6, 0x39c6, 0x39c6, 0x39c6, 0x39c6, 0x39c6, 0x39c6, 0x39c6, 0x39c6, 0x39c6,
0x39c6, 0x39c6, 0x39c6, 0x39c6, 0x39c6, 0x39c6, 0x39c6, 0x39c6, 0x39c6, 0x39c6,
0x39c6, 0x39c6, 0x39c6, 0x39c6, 0x39c6, 0x39c6, 0x39c6, 0x39c6, 0x39c6, 0x39c6,
0x39c6, 0x39c6, 0x39c6, 0x39c6, 0x39c6, 0x39c6, 0x39c6, 0x39c6, 0x39c6, 0x39c6,
0x39c6, 0x39c6, 0x39c6, 0x39c6, 0x39c6, 0x39c6, 0x39c6, 0x39c6, 0x39c6, 0x39c6,
0x39c6, 0x39c6, 0x39c6, 0x39c6, 0x39c6, 0x39c6, 0x39c6, 0x39c6, 0x39c6, 0x39c6,
0x39c6, 0x39c6, 0x39c6, 0x39c6, 0x39c6, 0x39c6, 0x39c6, 0x39c6, 0x39c6, 0x39c6,
0x39c6, 0x39c6, 0x39c6, 0x39c6, 0x39c6, 0x39c6, 0x39c6, 0x39c6, 0x39c6, 0x39c6,
0x39c6, 0x39c6, 0x39c6, 0x39c6, 0x39c6, 0x39c6, 0x39c6, 0x39c6, 0x39c6, 0x39c6,
0x39c6, 0x39c6, 0x39c6, 0x39c6, 0x39c6, 0x39c6, 0x39c6, 0x39c6, 0x39c6, 0x39c6,
0x39c6, 0x39c6, 0x39c6, 0x39c6, 0x39c6, 0x39c6, 0x39c6, 0x3185, 0xee05, 0xee05,
0xee05, 0xee05, 0xee05, 0xee05, 0xee05, 0xee05, 0xee05, 0xee05, 0xee05, 0xee05,
0xee05, 0xee05, 0xee05, 0xee05, 0xee05, 0xee05, 0xee05, 0xee05, 0xee05, 0xee05,
0xee05, 0xee05, 0xee05, 0xee05, 0xee05, 0xee05, 0xee05, 0xee05, 0xee05, 0xee05,
0xee05, 0xee05, 0xee05, 0xee05, 0xee05, 0xee05, 0xee05, 0xee06, 0xee06, 0xee06,
0xee26, 0xee06, 0xee26, 0xee26, 0xee26, 0xee27, 0xee27, 0xee27, 0xee27, 0xee27,
0xee27, 0xee27, 0xee27, 0xee27, 0xee27, 0xee27, 0xee27, 0xee27, 0xee27, 0xee27,
0xee27, 0xee27, 0xee27, 0xee27, 0xee27, 0xee27, 0xee27, 0xee27, 0xee27, 0xee27,
0xee27, 0xee27, 0xee27, 0xee27, 0xee27, 0xee27, 0xee27, 0xee27, 0xee27, 0xee27,
0xee27, 0xee27, 0xee28, 0xee28, 0xee28, 0xee28, 0xee28, 0xee28, 0xee28, 0xee28,
0xee28, 0xee28, 0xee28, 0xee49, 0xee6d, 0xee4a, 0xee4a, 0xee4a, 0xee4a, 0xee4a,
0xee4a, 0xee4a, 0xee4a, 0xee4a, 0xee4a, 0xee4a, 0xee4a, 0xee4a, 0xee4a, 0xee4a,
0xee4a, 0xee4a, 0xee4a, 0xee4a, 0xee4a, 0xee4a, 0xee4a, 0xee4a, 0xee4a, 0xee4a,
0xee4a, 0xee4a, 0xee4a, 0xee4a, 0xee4a, 0xee4a, 0xee4a, 0xee4a, 0xee4a, 0xee4a,
0xee4a, 0xee2a, 0xee4a, 0xee4a, 0xee4a, 0xee4a, 0xee4a, 0xee4a, 0xee4a, 0xee4a,
0xee4a, 0xee4a, 0xee8e, 0xee6c, 0xee6c, 0xee6c, 0xee6c, 0xee6c, 0xee6c, 0xee6c,
0xee6c, 0xee6c, 0xee6c, 0xee6c, 0xee6c, 0xee6c, 0xee6c, 0xee6c, 0xee6c, 0xee6c,
0xee6c, 0xee6c, 0xee6c, 0xee6c, 0xee6c, 0xee6c, 0xee6c, 0xee6c, 0xee6c, 0xee6c,
0xee6c, 0xee6c, 0xee6c, 0xee6c, 0xee6c, 0xee6c, 0xee6c, 0xee6c, 0xee6c, 0xee6c,
0xee6c, 0xee6c, 0xee6c, 0xee6c, 0xee6c, 0xee6c, 0xee6c, 0xee6c, 0xee6c, 0xee6c,
0xee6e, 0xee8e, 0xee8e, 0xee8e, 0xee8e, 0xee6e, 0xee8e, 0xee8e, 0xee8e, 0xee8e,
0xee8e, 0xee8e, 0xee8e, 0xee8e, 0xee8e, 0xee8e, 0xee8e, 0xee8e, 0xee8e, 0xee8e,
0xee8e, 0xee8e, 0xee8e, 0xee8e, 0xee8e, 0xee8e, 0xee8e, 0xee8e, 0xee8e, 0xee8e,
0xee8e, 0xee8e, 0xee8e, 0xee8e, 0xee8e, 0xee8e, 0xee8e, 0xee8e, 0xee8e, 0xee8e,
0xee8e, 0xee8e, 0xee8e, 0xee6e, 0xee8e, 0xee8e, 0xee8e, 0xee6e, 0xf348, 0xf348,
0xf348, 0xf348, 0xf368, 0xf368, 0xf368, 0xf368, 0xf368, 0xf368, 0xf368, 0xf368,
0xf368, 0xf368, 0xf368, 0xf368, 0xf368, 0xf368, 0xf368, 0xf368, 0xf368, 0xf368,
0xf368, 0xf368, 0xf368, 0xf368, 0xf368, 0xf368, 0xf368, 0xf368, 0xf368, 0xf368,
0xf368, 0xf368, 0xf368, 0xf368, 0xf368, 0xf368, 0xf368, 0xf368, 0xf368, 0xf368,
0xf368, 0xf388, 0xf388, 0xf388, 0xf388, 0xf3a9, 0xec6d, 0xf42c, 0xf42c, 0xf42c,
0xf42c, 0xf44c, 0xf44c, 0xf44c, 0xf44c, 0xf44c, 0xf44c, 0xf44c, 0xf44c, 0xf44c,
0xf44c, 0xf44c, 0xf44c, 0xf44c, 0xf44c, 0xf44c, 0xf44c, 0xf44c, 0xf44c, 0xf44c,
0xf44c, 0xf44c, 0xf44c, 0xf44c, 0xf44c, 0xf44c, 0xf44c, 0xf44c, 0xf44c, 0xf44c,
0xf44c, 0xf44c, 0xf44c, 0xf44c, 0xf44c, 0xf44c, 0xf44c, 0xf44c, 0xf44c, 0xf44c,
0xf44c, 0xf44c, 0xf44c, 0xf44c, 0xf4ec, 0xf4ec, 0xf4ec, 0xf4ec, 0xf4ec, 0xf4ec,
0xf50c, 0xf50c, 0xf50c, 0xf50c, 0xf50c, 0xf50c, 0xf50c, 0xf50c, 0xf50c, 0xf50c,
0xf50c, 0xf50c, 0xf50c, 0xf50c, 0xf50c, 0xf50c, 0xf50c, 0xf50c, 0xf50c, 0xf50c,
0xf50c, 0xf50c, 0xf50c, 0xf50c, 0xf50c, 0xf50c, 0xf50c, 0xf50c, 0xf50c, 0xf50c,
0xf50c, 0xf50c, 0xf50c, 0xf50c, 0xf50c, 0xf50c, 0xf50c, 0xf50c, 0xf50c, 0xf50c,
0xf50c, 0xf4ec, 0xedaf, 0xf58f, 0xf58f, 0xf58f, 0xf5af, 0xf58f, 0xf58f, 0xf5af,
0xf5af, 0xf5af, 0xf5af, 0xf5af, 0xf5af, 0xf5af, 0xf5af, 0xf5af, 0xf5af, 0xf5af,
0xf5af, 0xf5af, 0xf5af, 0xf5af, 0xf5af, 0xf5af, 0xf5af, 0xf5af, 0xf5af, 0xf5af,
0xf5af, 0xf5af, 0xf5af, 0xf5af, 0xf5af, 0xf5af, 0xf5af, 0xf5af, 0xf5af, 0xf5af,
0xf5af, 0xf5af, 0xf5af, 0xf58f, 0xf58f, 0xf58f, 0xf5af, 0xf5af, 0xf58f, 0xf5af,
0xeef8, 0xef19, 0xef19, 0xef19, 0xef19, 0xef19, 0xef19, 0xef19, 0xef19, 0xef19,
0xef19, 0xef19, 0xef19, 0xef19, 0xef19, 0xef19, 0xef19, 0xef19, 0xef19, 0xef19,
0xef19, 0xef19, 0xef19, 0xef19, 0xef19, 0xef19, 0xef19, 0xef19, 0xef19, 0xef19,
0xef19, 0xef19, 0xef19, 0xef19, 0xef19, 0xef19, 0xef19, 0xef19, 0xef19, 0xef18,
0xef18, 0xef19, 0xef18, 0xef18, 0xef18, 0xeef8, 0xef18, 0xeef8, 0xef3b, 0xef3b,
0xef3b, 0xef3b, 0xef3b, 0xef3b, 0xef3b, 0xef3b, 0xef3b, 0xef3b, 0xef3b, 0xef3b,
0xef3b, 0xef3b, 0xef3b, 0xef3b, 0xef3b, 0xef3b, 0xef3b, 0xef3b, 0xef3b, 0xef3b,
0xef3b, 0xef3b, 0xef3b, 0xef3b, 0xef3b, 0xef3b, 0xef3b, 0xef3b, 0xef3b, 0xef3b,
0xef3b, 0xef3b, 0xef3b, 0xef3b, 0xef3b, 0xef3b, 0xef3b, 0xef3b, 0xef3b, 0xef3b,
0xef3b, 0xef3b, 0xef3b, 0xef3b, 0xef3b, 0xef3b, 0xce16, 0xce16, 0xce16, 0xce16,
0xce16, 0xce16, 0xce16, 0xce16, 0xce16, 0xce16, 0xce16, 0xce16, 0xce16, 0xce16,
0xce16, 0xce16, 0xce16, 0xce16, 0xce16, 0xce16, 0xce16, 0xce16, 0xce16, 0xce16,
0xce16, 0xce16, 0xce16, 0xce16, 0xce16, 0xce16, 0xce16, 0xce16, 0xce16, 0xce16,
0xce16, 0xce16, 0xce16, 0xce16, 0xce16, 0xce16, 0xce16, 0xce16, 0xce16, 0xce16,
0xce16, 0xce16, 0xce16, 0xce16, 
0x6b0b, 0x39c6, 0x39c6, 0x39c6, 0x39c6, 0x39c6, 0x39c6, 0x39c6, 0x39c6, 0x39c6,
0x39c6, 0x39c6, 0x39c6, 0x39c6, 0x39c6, 0x39c6, 0x39c6, 0x39c6, 0x39c6, 0x39c6,
0x39c6, 0x39c6, 0x39c6, 0x39c6, 0x39c6, 0x39c6, 0x39c6, 0x39c6, 0x39c6, 0x39c6,
0x39c6, 0x39c6, 0x39c6, 0x39c6, 0x39c6, 0x39c6, 0x39c6, 0x39c6, 0x39c6, 0x39c6,
0x39c6, 0x39c6, 0x39c6, 0x39c6, 0x39c6, 0x39c6, 0x39c6, 0x5aa9, 0x5288, 0x39c6,
0x39c6, 0x39c6, 0x39c6, 0x39c6, 0x39c6, 0x39c6, 0x39c6, 0x39c6, 0x39c6, 0x39c6,
0x39c6, 0x39c6, 0x39c6, 0x39c6, 0x39c6, 0x39c6, 0x39c6, 0x39c6, 0x39c6, 0x39c6,
0x39c6, 0x39c6, 0x39c6, 0x39c6, 0x39c6, 0x39c6, 0x39c6, 0x39c6, 0x39c6, 0x39c6,
0x39c6, 0x39c6, 0x39c6, 0x39c6, 0x39c6, 0x39c6, 0x39c6, 0x39c6, 0x39c6, 0x39c6,
0x39c6, 0x39c6, 0x39c6, 0x39c6, 0x39c6, 0x6b4c, 0x6b0b, 0x39c6, 0x39c6, 0x39c6,
0x39c6, 0x39c6, 0x39c6, 0x39c6, 0x39c6, 0x39c6, 0x39c6, 0x39c6, 0x39c6, 0x39c6,
0x39c6, 0x39c6, 0x39c6, 0x39c6, 0x39c6, 0x39c6, 0x39c6, 0x39c6, 0x39c6, 0x39c6,
0x39c6, 0x39c6, 0x39c6, 0x39c6, 0x39c6, 0x39c6, 0x39c6, 0x39c6, 0x39c6, 0x39c6,
0x39c6, 0x39c6, 0x39c6, 0x39c6, 0x39c6, 0x39c6, 0x39c6, 0x39c6, 0x39c6, 0x39c6,
0x39c6, 0x39c6, 0x39c6, 0x52a9, 0x5288, 0x39c6, 0x39c6, 0x39c6, 0x39c6, 0x39c6,
0x39c6, 0x39c6, 0x39c6, 0x39c6, 0x39c6, 0x39c6, 0x39c6, 0x39c6, 0x39c6, 0x39c6,
0x39c6, 0x39c6, 0x39c6, 0x39c6, 0x39c6, 0x39c6, 0x39c6, 0x39c6, 0x39c6, 0x39c6,
0x39c6, 0x39c6, 0x39c6, 0x39c6, 0x39c6, 0x39c6, 0x39c6, 0x39c6, 0x39c6, 0x39c6,
0x39c6, 0x39c6, 0x39c6, 0x39c6, 0x39c6, 0x39c6, 0x39c6, 0x39c6, 0x39c6, 0x39c6,
0x39c6, 0x6b0b, 0x6b0b, 0x39c6, 0x39c6, 0x39c6, 0x39c6, 0x39c6, 0x39c6, 0x39c6,
0x39c6, 0x39c6, 0x39c6, 0x39c6, 0x39c6, 0x39c6, 0x39c6, 0x39c6, 0x39c6, 0x39c6,
0x39c6, 0x39c6, 0x39c6, 0x39c6, 0x39c6, 0x39c6, 0x39c6, 0x39c6, 0x39c6, 0x39c6,
0x39c6, 0x39c6, 0x39c6, 0x39c6, 0x39c6, 0x39c6, 0x39c6, 0x39c6, 0x39c6, 0x39c6,
0x39c6, 0x39c6, 0x39c6, 0x39c6, 0x39c6, 0x39c6, 0x39c6, 0x39c6, 0x39c6, 0x52a9,
0x5288, 0x39c6, 0x39c6, 0x39c6, 0x39c6, 0x39c6, 0x39c6, 0x39c6, 0x39c6, 0x39c6,
0x39c6, 0x39c6, 0x39c6, 0x39c6, 0x39c6, 0x39c6, 0x39c6, 0x39c6, 0x39c6, 0x39c6,
0x39c6, 0x39c6, 0x39c6, 0x39c6, 0x39c6, 0x39c6, 0x39c6, 0x39c6, 0x39c6, 0x39c6,
0x39c6, 0x39c6, 0x39c6, 0x39c6, 0x39c6, 0x39c6, 0x39c6, 0x39c6, 0x39c6, 0x39c6,
0x39c6, 0x39c6, 0x39c6, 0x39c6, 0x39c6, 0x39c6, 0x39c6, 0x62eb, 0xee8e, 0xee05,
0xee05, 0xee05, 0xee05, 0xee05, 0xee05, 0xee05, 0xee05, 0xee05, 0xee05, 0xee05,
0xee05, 0xee05, 0xee05, 0xee05, 0xee05, 0xee05, 0xee05, 0xee05, 0xee05, 0xee05,
0xee05, 0xee05, 0xee05, 0xee05, 0xee05, 0xee05, 0xee05, 0xee05, 0xee05, 0xee05,
0xee05, 0xee05, 0xee05, 0xee05, 0xee06, 0xee06, 0xee06, 0xee06, 0xee06, 0xee06,
0xee26, 0xee26, 0xee26, 0xee26, 0xee26, 0xee6c, 0xee8f, 0xee28, 0xee28, 0xee28,
0xee28, 0xee28, 0xee28, 0xee28, 0xee28, 0xee28, 0xee28, 0xee28, 0xee28, 0xee28,
0xee28, 0xee28, 0xee28, 0xee28, 0xee28, 0xee28, 0xee28, 0xee28, 0xee28, 0xee28,
0xee28, 0xee28, 0xee28, 0xee28, 0xee28, 0xee28, 0xee28, 0xee28, 0xee28, 0xee28,
0xee28, 0xee28, 0xee28, 0xee28, 0xee28, 0xee28, 0xee28, 0xee28, 0xee28, 0xee28,
0xee28, 0xee28, 0xee28, 0xee4c, 0xe66f, 0xee4a, 0xee4a, 0xee4a, 0xee4a, 0xee4a,
0xee4a, 0xee4a, 0xee4a, 0xee4a, 0xee4a, 0xee4a, 0xee4a, 0xee4a, 0xee4a, 0xee4a,
0xee4a, 0xee4a, 0xee4a, 0xee4a, 0xee4a, 0xee4a, 0xee4a, 0xee4a, 0xee4a, 0xee4a,
0xee4a, 0xee4a, 0xee4a, 0xee4a, 0xee4a, 0xee4a, 0xee4a, 0xee4a, 0xee4a, 0xee4a,
0xee4a, 0xee2a, 0xee4a, 0xee4a, 0xee4a, 0xee4a, 0xee4a, 0xee4a, 0xee4a, 0xee4a,
0xee4a, 0xee6e, 0xee90, 0xee6c, 0xee6c, 0xee6c, 0xee6c, 0xee6c, 0xee6c, 0xee6c,
0xee6c, 0xee6c, 0xee6c, 0xee6c, 0xee6c, 0xee6c, 0xee6c, 0xee6c, 0xee6c, 0xee6c,
0xee6c, 0xee6c, 0xee6c, 0xee6c, 0xee6c, 0xee6c, 0xee6c, 0xee6c, 0xee6c, 0xee6c,
0xee6c, 0xee6c, 0xee6c, 0xee6c, 0xee6c, 0xee6c, 0xee6c, 0xee6c, 0xee6c, 0xee6c,
0xee6c, 0xee6c, 0xee6c, 0xee6c, 0xee6c, 0xee6c, 0xee6c, 0xee6c, 0xee6c, 0xee6f,
0xde31, 0xee8e, 0xee8e, 0xee8e, 0xee8e, 0xee8e, 0xee8e, 0xee8e, 0xee8e, 0xee8e,
0xee8e, 0xee8e, 0xee8e, 0xee8e, 0xee8e, 0xee8e, 0xee8e, 0xee8e, 0xee8e, 0xee8e,
0xee8e, 0xee8e, 0xee8e, 0xee8e, 0xee8e, 0xee8e, 0xee8e, 0xee8e, 0xee8e, 0xee8e,
0xee8e, 0xee8e, 0xee8e, 0xee8e, 0xee8e, 0xee8e, 0xee8e, 0xee8e, 0xee8e, 0xee8e,
0xee8e, 0xee8e, 0xee8e, 0xee8e, 0xee8e, 0xee8e, 0xee8e, 0xee90, 0xebca, 0xf368,
0xf368, 0xf368, 0xf368, 0xf368, 0xf368, 0xf388, 0xf368, 0xf368, 0xf368, 0xf388,
0xf388, 0xf388, 0xf388, 0xf388, 0xf388, 0xf388, 0xf388, 0xf388, 0xf388, 0xf388,
0xf388, 0xf388, 0xf388, 0xf388, 0xf388, 0xf388, 0xf388, 0xf388, 0xf388, 0xf388,
0xf388, 0xf388, 0xf388, 0xf388, 0xf388, 0xf388, 0xf388, 0xf388, 0xf388, 0xf388,
0xf388, 0xf388, 0xf3a8, 0xf3a8, 0xf3a8, 0xe48d, 0xdcef, 0xf44c, 0xf44c, 0xf44c,
0xf44c, 0xf44c, 0xf44c, 0xf44c, 0xf46c, 0xf46c, 0xf46c, 0xf46c, 0xf46c, 0xf46c,
0xf46c, 0xf46c, 0xf46c, 0xf46c, 0xf46c, 0xf46c, 0xf46c, 0xf46c, 0xf46c, 0xf46c,
0xf46c, 0xf46c, 0xf46c, 0xf46c, 0xf46c, 0xf46c, 0xf46c, 0xf46c, 0xf46c, 0xf46c,
0xf46c, 0xf46c, 0xf46c, 0xf46c, 0xf46c, 0xf46c, 0xf46c, 0xf46c, 0xf46c, 0xf46c,
0xf46c, 0xf44c, 0xf44c, 0xf48d, 0xf52e, 0xf50c, 0xf50c, 0xf50c, 0xf50c, 0xf50c,
0xf50c, 0xf50c, 0xf50c, 0xf50c, 0xf50c, 0xf50c, 0xf50c, 0xf50c, 0xf50c, 0xf50c,
0xf50c, 0xf50c, 0xf50c, 0xf50c, 0xf50c, 0xf50c, 0xf50c, 0xf50c, 0xf50c, 0xf50c,
0xf50c, 0xf50c, 0xf50c, 0xf50c, 0xf50c, 0xf50c, 0xf50c, 0xf50c, 0xf50c, 0xf50c,
0xf50c, 0xf50c, 0xf50c, 0xf50c, 0xf50c, 0xf50c, 0xf50c, 0xf50c, 0xf50c, 0xf50c,
0xf50c, 0xed6f, 0xe590, 0xf58f, 0xf5af, 0xf5af, 0xf5af, 0xf5af, 0xf5af, 0xf5af,
0xf5af, 0xf5af, 0xf5af, 0xf5af, 0xf5af, 0xf5af, 0xf5af, 0xf5af, 0xf5af, 0xf5af,
0xf5af, 0xf5af, 0xf5af, 0xf5af, 0xf5af, 0xf5af, 0xf5af, 0xf5af, 0xf5af, 0xf5af,
0xf5af, 0xf5af, 0xf5af, 0xf5af, 0xf5af, 0xf5af, 0xf5af, 0xf5af, 0xf5af, 0xf5af,
0xf5af, 0xf5af, 0xf5af, 0xf5af, 0xf5af, 0xf5af, 0xf5af, 0xf5af, 0xf58f, 0xf5af,
0xeef8, 0xef19, 0xef19, 0xef19, 0xef19, 0xef19, 0xef19, 0xef19, 0xef19, 0xef19,
0xef19, 0xef19, 0xef19, 0xef19, 0xef19, 0xef19, 0xef19, 0xef19, 0xef19, 0xef19,
0xef19, 0xef19, 0xef19, 0xef19, 0xef19, 0xef19, 0xef19, 0xef19, 0xef19, 0xef19,
0xef19, 0xef19, 0xef19, 0xef19, 0xef19, 0xef19, 0xef19, 0xef19, 0xef19, 0xef18,
0xef19, 0xeef8, 0xef18, 0xef18, 0xeef8, 0xef18, 0xef18, 0xe697, 0xde98, 0xef3b,
0xef3b, 0xef3b, 0xef3b, 0xef3b, 0xef3b, 0xef3b, 0xef3b, 0xef3b, 0xef3b, 0xef3b,
0xef3b, 0xef3b, 0xef3b, 0xef3b, 0xef3b, 0xef3b, 0xef3b, 0xef3b, 0xef3b, 0xef3b,
0xef3b, 0xef3b, 0xef3b, 0xef3b, 0xef3b, 0xef3b, 0xef3b, 0xef3b, 0xef3b, 0xef3b,
0xef3b, 0xef3b, 0xef3b, 0xef3b, 0xef3b, 0xef3b, 0xef3b, 0xef3b, 0xef3b, 0xef3b,
0xef3b, 0xef3b, 0xef3b, 0xef3b, 0xef3b, 0xe6da, 0xcdf6, 0xce16, 0xce16, 0xce16,
0xce16, 0xce16, 0xce16, 0xce16, 0xce16, 0xce16, 0xce16, 0xce16, 0xce16, 0xce16,
0xce16, 0xce16, 0xce16, 0xce16, 0xce16, 0xce16, 0xce16, 0xce16, 0xce16, 0xce16,
0xce16, 0xce16, 0xce16, 0xce16, 0xce16, 0xce16, 0xce16, 0xce16, 0xce16, 0xce16,
0xce16, 0xce16, 0xce16, 0xce16, 0xce16, 0xce16, 0xce16, 0xce16, 0xce16, 0xce16,
0xce16, 0xce16, 0xce16, 0xc5d5, 

};

const struct bitmap bm__2048_tiles = { 
    .width = BMPWIDTH__2048_tiles, 
    .height = BMPHEIGHT__2048_tiles, 
    .format = FORMAT_NATIVE, 
    .data = (unsigned char*)_2048_tiles,
};
