#include "lcd.h"
#include "pluginbitmaps/bubbles_background.h"
const unsigned short bubbles_background[] = {
0x424b, 0x424b, 0x4a4b, 0x4a4b, 0x4a4b, 0x4a4b, 0x4a4b, 0x4a4b, 0x4a4b, 0x4a4b,
0x4a4b, 0x4a4b, 0x4a4b, 0x4a4b, 0x4a4b, 0x4a4b, 0x4a4b, 0x4a4b, 0x4a4b, 0x4a4b,
0x0000, 0x0000, 0x0000, 0x0000, 0x0000, 0x0000, 0x0000, 0x0000, 0x0000, 0x0000,
0x0000, 0x0000, 0x0000, 0x0000, 0x0000, 0x0000, 0x0000, 0x0000, 0x0000, 0x0000,
0x0000, 0x0000, 0x0000, 0x0000, 0x0000, 0x0000, 0x0000, 0x0000, 0x0000, 0x0000,
0x0000, 0x0000, 0x0000, 0x31ee, 0x318f, 0x3130, 0x290e, 0x39cd, 0x6b71, 0x9cf7,
0xbddb, 0xbddc, 0xad5a, 0x9cd9, 0x9498, 0x94b8, 0x8cb6, 0x8474, 0x6bb1, 0x4a8e,
0x2969, 0x18c6, 0xb5bb, 0xb5bb, 0xb5bb, 0xb5bb, 0xb5bb, 0xb5bb, 0xb5bb, 0xb5bb,
0xb5bb, 0xb5bb, 0xb5bb, 0xb5bb, 0xb5bb, 0xb5bb, 0xb5bb, 0xb5bb, 0xb5bb, 0xb5bb,
0xb5bb, 0xb5bb, 0xb5bb, 0xb5bb, 0xb5bb, 0xb5bb, 0xb5bb, 0xb5bb, 0xb5bb, 0xb5bb,
0xb5bb, 0xb5bb, 0xb5bb, 0xb5bb, 0xb5bb, 0xb5bb, 0xb5bb, 0xb5bb, 0xb5bb, 0xb5bb,
0xb5bb, 0xb5bb, 0xb5bb, 0xb5bb, 0xb5bb, 0xb5bb, 0xb5bb, 0xb5bb, 0xb5bb, 0xb5bb,
0xb5bb, 0xb5bb, 0xb5bb, 0xb5bb, 0xb5bb, 0xb5bb, 0xb5bb, 0xb5bb, 0xb5bb, 0xb5bb,
0xb5bb, 0xb5bb, 0xb5bb, 0xb5bb, 0xb5bb, 0xb5bb, 0xb5bb, 0xb5bb, 0xb5bb, 0xb5bb,
0xb5bb, 0xb5bb, 0xb5bb, 0xb5bb, 0xb5bb, 0xb5bb, 0xb5bb, 0xb5bb, 0xb5bb, 0xb5bb,
0xb5bb, 0xb5bb, 0xb5bb, 0xb5bb, 0xb5bb, 0xb5bb, 0xb5bb, 0xb5bb, 0xb5bb, 0xb5bb,
0xb5bb, 0xb5bb, 0xb5bb, 0xb5bb, 0xb5bb, 0xb5bb, 0xb5bb, 0xb5bb, 0xb5bb, 0xb5bb,
0xb5bb, 0xb5bb, 0xb5bb, 0xb5bb, 0xb5bb, 0xb5bb, 0xb5bb, 0xb5bb, 0xb5bb, 0xb5bb,
0xb5bb, 0xb5bb, 0xb5bb, 0xb5bb, 0xb5bb, 0xb5bb, 0xb5bb, 0xb5bb, 0xb5bb, 0xb5bb,
0xb5bb, 0xb5bb, 0xb5bb, 0xb5bb, 0xb5bb, 0xb5bb, 0xb5bb, 0xb5bb, 0xb5bb, 0xb5bb,
0xb5bb, 0xb5bb, 0xb5bb, 0xb5bb, 0xb5bb, 0xb5bb, 0xb5bb, 0xb5bb, 0xb5bb, 0xb5bb,
0xb5bb, 0xb5bb, 0xb5bb, 0xb5bb, 0xb5bb, 0xb5bb, 0xb5bb, 0xb5bb, 0xb5bb, 0xb5bb,
0xb5bb, 0xb5bb, 0xb5bb, 0xb5bb, 0xb5bb, 0xb5bb, 0xb5bb, 0xb5bb, 0xb5bb, 0xb5bb,
0xb5bb, 0xb5bb, 0xb5bb, 0xb5bb, 0xb5bb, 0xb5bb, 0xb5bb, 0xb5bb, 0xb5bb, 0xb5bb,
0xb5bb, 0xb5bb, 0xb5bb, 0xb5bb, 0xb5bb, 0xb5bb, 0xb5bb, 0xb5bb, 0xb5bb, 0xb59b,
0x9cd7, 0x7bd2, 0x5aed, 0x528c, 0x528e, 0x5ad0, 0x6313, 0x7395, 0x8c78, 0xad5a,
0xc61c, 0xd69c, 0xb5b9, 0x7394, 0x39b0, 0x20cd, 0x18eb, 0x214b, 0x31ae, 0x4211,
0x39f2, 0x318e, 0x210a, 0x2108, 0x2968, 0x39e9, 0x424a, 0x4a4b, 0x4a4b, 0x4a4b,
0x4a4b, 0x4a4b, 0x4a4b, 0x4a4b, 0x4a4b, 0x4a4b, 0x4a4b, 0x4a4b, 0x4a4b, 0x4a4b,
0x4a4b, 0x4a4b, 0x4a4b, 0x4a4b, 0x4a4b, 0x4a4b, 0x4a4b, 0x4a4b, 0x4a4b, 0x4a4b,
0x4a4b, 0x4a4b, 0x4a4b, 0x4a4b, 0x4a4b, 0x4a4b, 0x4a4b, 0x4a4b, 0x4a4b, 0x4a4b,
0x4a4b, 0x4a4b, 0x4a4b, 0x4a4b, 0x4a4b, 0x4a4b, 0x4a4b, 0x4a4b, 0x4a4b, 0x4a4b,

0x422a, 0x422a, 0x426b, 0x4a4b, 0x4a4b, 0x4a4b, 0x4a4b, 0x4a4b, 0x4a4b, 0x4a4b,
0x4a4b, 0x4a4b, 0x4a4b, 0x4a4b, 0x4a4b, 0x4a4b, 0x4a4b, 0x4a4b, 0x4a4b, 0x4a4b,
0x0000, 0xb5bb, 0xb5bb, 0xb5bb, 0xb5bb, 0xb5bb, 0xb5bb, 0xb5bb, 0xb5bb, 0xb5bb,
0xb5bb, 0xb5bb, 0xb5bb, 0xb5bb, 0xb5bb, 0xb5bb, 0xb5bb, 0xb5bb, 0xb5bb, 0xb5bb,
0xb5bb, 0xb5bb, 0xb5bb, 0xb5bb, 0xb5bb, 0xb5bb, 0xb5bb, 0xb5bb, 0xb5bb, 0xb5bb,
0xb5bb, 0xb5bb, 0x0000, 0x31ee, 0x31cf, 0x3171, 0x290e, 0x41ed, 0x7bd1, 0xad77,
0xc63c, 0xc61c, 0xad9b, 0xa51a, 0x9498, 0x7bf6, 0x7395, 0x7c16, 0x7c34, 0x5b0e,
0x39a9, 0x18e6, 0xb5bb, 0xb5bb, 0xb5bb, 0xb5bb, 0xb5bb, 0xb5bb, 0xb5bb, 0xb5bb,
0xb5bb, 0xb5bb, 0xb5bb, 0xb5bb, 0xb5bb, 0xb5bb, 0xb5bb, 0xb5bb, 0xb5bb, 0xb5bb,
0xb5bb, 0xb5bb, 0xb5bb, 0xb5bb, 0xb5bb, 0xb5bb, 0xb5bb, 0xb5bb, 0xb5bb, 0xb5bb,
0xb5bb, 0xb5bb, 0xb5bb, 0xb5bb, 0xb5bb, 0xb5bb, 0xb5bb, 0xb5bb, 0xb5bb, 0xb5bb,
0xb5bb, 0xb5bb, 0xb5bb, 0xb5bb, 0xb5bb, 0xb5bb, 0xb5bb, 0xb5bb, 0xb5bb, 0xb5bb,
0xb5bb, 0xb5bb, 0xb5bb, 0xb5bb, 0xb5bb, 0xb5bb, 0xb5bb, 0xb5bb, 0xb5bb, 0xb5bb,
0xb5bb, 0xb5bb, 0xb5bb, 0xb5bb, 0xb5bb, 0xb5bb, 0xb5bb, 0xb5bb, 0xb5bb, 0xb5bb,
0xb5bb, 0xb5bb, 0xb5bb, 0xb5bb, 0xb5bb, 0xb5bb, 0xb5bb, 0xb5bb, 0xb5bb, 0xb5bb,
0xb5bb, 0xb5bb, 0xb5bb, 0xb5bb, 0xb5bb, 0xb5bb, 0xb5bb, 0xb5bb, 0xb5bb, 0xb5bb,
0xb5bb, 0xb5bb, 0xb5bb, 0xb5bb, 0xb5bb, 0xb5bb, 0xb5bb, 0xb5bb, 0xb5bb, 0xb5bb,
0xb5bb, 0xb5bb, 0xb5bb, 0xb5bb, 0xb5bb, 0xb5bb, 0xb5bb, 0xb5bb, 0xb5bb, 0xb5bb,
0xb5bb, 0xb5bb, 0xb5bb, 0xb5bb, 0xb5bb, 0xb5bb, 0xb5bb, 0xb5bb, 0xb5bb, 0xb5bb,
0xb5bb, 0xb5bb, 0xb5bb, 0xb5bb, 0xb5bb, 0xb5bb, 0xb5bb, 0xb5bb, 0xb5bb, 0xb5bb,
0xb5bb, 0xb5bb, 0xb5bb, 0xb5bb, 0xb5bb, 0xb5bb, 0xb5bb, 0xb5bb, 0xb5bb, 0xb5bb,
0xb5bb, 0xb5bb, 0xb5bb, 0xb5bb, 0xb5bb, 0xb5bb, 0xb5bb, 0xb5bb, 0xb5bb, 0xb5bb,
0xb5bb, 0xb5bb, 0xb5bb, 0xb5bb, 0xb5bb, 0xb5bb, 0xb5bb, 0xb5bb, 0xb5bb, 0xb5bb,
0xb5bb, 0xb5bb, 0xb5bb, 0xb5bb, 0xb5bb, 0xb5bb, 0xb5bb, 0xb5bb, 0xb5bb, 0xb5bb,
0xb5bb, 0xb5bb, 0xb5bb, 0xb5bb, 0xb5bb, 0xb5bb, 0xb5bb, 0xb5bb, 0xb5bb, 0xad9a,
0x94d7, 0x6bb1, 0x52cd, 0x4a8c, 0x52ae, 0x5b11, 0x6374, 0x7bf6, 0x94d8, 0xb5bb,
0xd69d, 0xe71e, 0xbdfa, 0x7bd5, 0x39b1, 0x20cd, 0x20eb, 0x294b, 0x31ae, 0x4231,
0x3a32, 0x31ce, 0x214a, 0x2128, 0x2968, 0x39e9, 0x424a, 0x4a4b, 0x4a4b, 0x4a4b,
0x4a4b, 0x4a4b, 0x4a4b, 0x4a4b, 0x4a4b, 0x4a4b, 0x4a4b, 0x4a4b, 0x4a4b, 0x4a4b,
0x4a4b, 0x4a4b, 0x4a4b, 0x4a4b, 0x4a4b, 0x4a4b, 0x4a4b, 0x4a4b, 0x4a4b, 0x4a4b,
0x4a4b, 0x4a4b, 0x4a4b, 0x4a4b, 0x4a4b, 0x4a4b, 0x4a4b, 0x4a4b, 0x4a4b, 0x4a4b,
0x4a4b, 0x4a4b, 0x4a4b, 0x4a4b, 0x4a4b, 0x4a4b, 0x4a4b, 0x4a4b, 0x4a4b, 0x4a4b,

0x420a, 0x420a, 0x422a, 0x422a, 0x422a, 0x424b, 0x4a4b, 0x4a4b, 0x4a4b, 0x4a4b,
0x4a4b, 0x4a4b, 0x4a4b, 0x4a4b, 0x4a4b, 0x4a4b, 0x4a4b, 0x4a4b, 0x4a4b, 0x4a4b,
0x0000, 0xb5bb, 0xb5bb, 0xb5bb, 0xb5bb, 0xb5bb, 0xb5bb, 0xb5bb, 0xb5bb, 0xb5bb,
0xb5bb, 0xb5bb, 0xb5bb, 0xb5bb, 0xb5bb, 0xb5bb, 0xb5bb, 0xb5bb, 0xb5bb, 0xb5bb,
0xb5bb, 0xb5bb, 0xb5bb, 0xb5bb, 0xb5bb, 0xb5bb, 0xb5bb, 0xb5bb, 0xb5bb, 0xb5bb,
0xb5bb, 0xb5bb, 0x0000, 0x31ae, 0x318f, 0x3170, 0x290e, 0x41ed, 0x83f2, 0xb598,
0xc65c, 0xc61c, 0xb59b, 0xa53a, 0x8c98, 0x6b96, 0x5af4, 0x73d6, 0x8456, 0x630e,
0x39c8, 0x2126, 0xb5bb, 0xb5bb, 0xb5bb, 0xb5bb, 0xb5bb, 0xb5bb, 0xb5bb, 0xb5bb,
0xb5bb, 0xb5bb, 0xb5bb, 0xb5bb, 0xb5bb, 0xb5bb, 0xb5bb, 0xb5bb, 0xb5bb, 0xb5bb,
0xb5bb, 0xb5bb, 0xb5bb, 0xb5bb, 0xb5bb, 0xb5bb, 0xb5bb, 0xb5bb, 0xb5bb, 0xb5bb,
0xb5bb, 0xb5bb, 0xb5bb, 0xb5bb, 0xb5bb, 0xb5bb, 0xb5bb, 0xb5bb, 0xb5bb, 0xb5bb,
0xb5bb, 0xb5bb, 0xb5bb, 0xb5bb, 0xb5bb, 0xb5bb, 0xb5bb, 0xb5bb, 0xb5bb, 0xb5bb,
0xb5bb, 0xb5bb, 0xb5bb, 0xb5bb, 0xb5bb, 0xb5bb, 0xb5bb, 0xb5bb, 0xb5bb, 0xb5bb,
0xb5bb, 0xb5bb, 0xb5bb, 0xb5bb, 0xb5bb, 0xb5bb, 0xb5bb, 0xb5bb, 0xb5bb, 0xb5bb,
0xb5bb, 0xb5bb, 0xb5bb, 0xb5bb, 0xb5bb, 0xb5bb, 0xb5bb, 0xb5bb, 0xb5bb, 0xb5bb,
0xb5bb, 0xb5bb, 0xb5bb, 0xb5bb, 0xb5bb, 0xb5bb, 0xb5bb, 0xb5bb, 0xb5bb, 0xb5bb,
0xb5bb, 0xb5bb, 0xb5bb, 0xb5bb, 0xb5bb, 0xb5bb, 0xb5bb, 0xb5bb, 0xb5bb, 0xb5bb,
0xb5bb, 0xb5bb, 0xb5bb, 0xb5bb, 0xb5bb, 0xb5bb, 0xb5bb, 0xb5bb, 0xb5bb, 0xb5bb,
0xb5bb, 0xb5bb, 0xb5bb, 0xb5bb, 0xb5bb, 0xb5bb, 0xb5bb, 0xb5bb, 0xb5bb, 0xb5bb,
0xb5bb, 0xb5bb, 0xb5bb, 0xb5bb, 0xb5bb, 0xb5bb, 0xb5bb, 0xb5bb, 0xb5bb, 0xb5bb,
0xb5bb, 0xb5bb, 0xb5bb, 0xb5bb, 0xb5bb, 0xb5bb, 0xb5bb, 0xb5bb, 0xb5bb, 0xb5bb,
0xb5bb, 0xb5bb, 0xb5bb, 0xb5bb, 0xb5bb, 0xb5bb, 0xb5bb, 0xb5bb, 0xb5bb, 0xb5bb,
0xb5bb, 0xb5bb, 0xb5bb, 0xb5bb, 0xb5bb, 0xb5bb, 0xb5bb, 0xb5bb, 0xb5bb, 0xb5bb,
0xb5bb, 0xb5bb, 0xb5bb, 0xb5bb, 0xb5bb, 0xb5bb, 0xb5bb, 0xb5bb, 0xb5bb, 0xb5bb,
0xb5bb, 0xb5bb, 0xb5bb, 0xb5bb, 0xb5bb, 0xb5bb, 0xb5bb, 0xb5bb, 0xbddc, 0xad9a,
0x8c95, 0x634f, 0x4a8c, 0x4a6c, 0x52cf, 0x5b33, 0x6bb5, 0x7c37, 0x9d19, 0xb5dc,
0xd6be, 0xe73e, 0xc63b, 0x7bd5, 0x39b1, 0x20ce, 0x28eb, 0x294b, 0x31ae, 0x4231,
0x3a31, 0x31ce, 0x216a, 0x2148, 0x2968, 0x39e9, 0x424a, 0x4a4b, 0x4a4b, 0x4a4b,
0x4a4b, 0x4a4b, 0x4a4b, 0x4a4b, 0x4a4b, 0x4a4b, 0x4a4b, 0x4a4b, 0x4a4b, 0x4a4b,
0x4a4b, 0x4a4b, 0x4a4b, 0x4a4b, 0x4a4b, 0x4a4b, 0x4a4b, 0x4a4b, 0x4a4b, 0x4a4b,
0x4a4b, 0x4a4b, 0x4a4b, 0x4a4b, 0x4a4b, 0x4a4b, 0x4a4b, 0x4a4b, 0x4a4b, 0x4a4b,
0x4a4b, 0x4a4b, 0x4a4b, 0x4a4b, 0x4a4b, 0x4a4b, 0x4a4b, 0x4a4b, 0x4a4b, 0x4a4b,

0x420a, 0x420a, 0x420a, 0x420a, 0x422a, 0x424b, 0x424b, 0x4a4b, 0x4a4b, 0x4a4b,
0x4a4b, 0x4a4b, 0x4a4b, 0x4a4b, 0x4a4b, 0x4a4b, 0x4a4b, 0x4a4b, 0x4a4b, 0x4a4b,
0x0000, 0xb5bb, 0xb5bb, 0xb5bb, 0xb5bb, 0xb5bb, 0xb5bb, 0xb5bb, 0xb5bb, 0xb5bb,
0xb5bb, 0xb5bb, 0xb5bb, 0xb5bb, 0xb5bb, 0xb5bb, 0xb5bb, 0xb5bb, 0xb5bb, 0xb5bb,
0xb5bb, 0xb5bb, 0xb5bb, 0xb5bb, 0xb5bb, 0xb5bb, 0xb5bb, 0xb5bb, 0xb5bb, 0xb5bb,
0xb5bb, 0xb5bb, 0x0000, 0x318e, 0x316f, 0x3130, 0x290d, 0x41ed, 0x7bf1, 0xb598,
0xce5c, 0xc61c, 0xb59b, 0xa51a, 0x8c78, 0x6bb6, 0x5b34, 0x6bb5, 0x73f4, 0x52ad,
0x39c8, 0x31a8, 0xb5bb, 0xb5bb, 0xb5bb, 0xb5bb, 0xb5bb, 0xb5bb, 0xb5bb, 0xb5bb,
0xb5bb, 0xb5bb, 0xb5bb, 0xb5bb, 0xb5bb, 0xb5bb, 0xb5bb, 0xb5bb, 0xb5bb, 0xb5bb,
0xb5bb, 0xb5bb, 0xb5bb, 0xb5bb, 0xb5bb, 0xb5bb, 0xb5bb, 0xb5bb, 0xb5bb, 0xb5bb,
0xb5bb, 0xb5bb, 0xb5bb, 0xb5bb, 0xb5bb, 0xb5bb, 0xb5bb, 0xb5bb, 0xb5bb, 0xb5bb,
0xb5bb, 0xb5bb, 0xb5bb, 0xb5bb, 0xb5bb, 0xb5bb, 0xb5bb, 0xb5bb, 0xb5bb, 0xb5bb,
0xb5bb, 0xb5bb, 0xb5bb, 0xb5bb, 0xb5bb, 0xb5bb, 0xb5bb, 0xb5bb, 0xb5bb, 0xb5bb,
0xb5bb, 0xb5bb, 0xb5bb, 0xb5bb, 0xb5bb, 0xb5bb, 0xb5bb, 0xb5bb, 0xb5bb, 0xb5bb,
0xb5bb, 0xb5bb, 0xb5bb, 0xb5bb, 0xb5bb, 0xb5bb, 0xb5bb, 0xb5bb, 0xb5bb, 0xb5bb,
0xb5bb, 0xb5bb, 0xb5bb, 0xb5bb, 0xb5bb, 0xb5bb, 0xb5bb, 0xb5bb, 0xb5bb, 0xb5bb,
0xb5bb, 0xb5bb, 0xb5bb, 0xb5bb, 0xb5bb, 0xb5bb, 0xb5bb, 0xb5bb, 0xb5bb, 0xb5bb,
0xb5bb, 0xb5bb, 0xb5bb, 0xb5bb, 0xb5bb, 0xb5bb, 0xb5bb, 0xb5bb, 0xb5bb, 0xb5bb,
0xb5bb, 0xb5bb, 0xb5bb, 0xb5bb, 0xb5bb, 0xb5bb, 0xb5bb, 0xb5bb, 0xb5bb, 0xb5bb,
0xb5bb, 0xb5bb, 0xb5bb, 0xb5bb, 0xb5bb, 0xb5bb, 0xb5bb, 0xb5bb, 0xb5bb, 0xb5bb,
0xb5bb, 0xb5bb, 0xb5bb, 0xb5bb, 0xb5bb, 0xb5bb, 0xb5bb, 0xb5bb, 0xb5bb, 0xb5bb,
0xb5bb, 0xb5bb, 0xb5bb, 0xb5bb, 0xb5bb, 0xb5bb, 0xb5bb, 0xb5bb, 0xb5bb, 0xb5bb,
0xb5bb, 0xb5bb, 0xb5bb, 0xb5bb, 0xb5bb, 0xb5bb, 0xb5bb, 0xb5bb, 0xb5bb, 0xb5bb,
0xb5bb, 0xb5bb, 0xb5bb, 0xb5bb, 0xb5bb, 0xb5bb, 0xb5bb, 0xb5bb, 0xb5bb, 0xb5bb,
0xb5bb, 0xb5bb, 0xb5bb, 0xb5bb, 0xb5bb, 0xb5bb, 0xb5bb, 0xb5bb, 0xb5bc, 0xa539,
0x7bf3, 0x5aed, 0x4a8c, 0x4a6d, 0x52d0, 0x6353, 0x73d5, 0x8477, 0xa55a, 0xbdfc,
0xd69e, 0xe71e, 0xc61b, 0x7bd5, 0x39b1, 0x20ce, 0x20eb, 0x294b, 0x31ae, 0x41f1,
0x3a12, 0x31ce, 0x216a, 0x2148, 0x2968, 0x39e9, 0x424a, 0x4a4b, 0x4a4b, 0x4a4b,
0x4a4b, 0x4a4b, 0x4a4b, 0x4a4b, 0x4a4b, 0x4a4b, 0x4a4b, 0x4a4b, 0x4a4b, 0x4a4b,
0x4a4b, 0x4a4b, 0x4a4b, 0x4a4b, 0x4a4b, 0x4a4b, 0x4a4b, 0x4a4b, 0x4a4b, 0x4a4b,
0x4a4b, 0x4a4b, 0x4a4b, 0x4a4b, 0x4a4b, 0x4a4b, 0x4a4b, 0x4a4b, 0x4a4b, 0x4a4b,
0x4a4b, 0x4a4b, 0x4a4b, 0x4a4b, 0x4a4b, 0x4a4b, 0x4a4b, 0x4a4b, 0x4a4b, 0x4a4b,

0x420a, 0x420a, 0x420a, 0x420a, 0x420a, 0x420a, 0x420a, 0x422a, 0x424b, 0x424b,
0x4a4b, 0x4a4b, 0x4a4b, 0x4a4b, 0x4a4b, 0x4a4b, 0x4a4b, 0x4a4b, 0x4a4b, 0x4a4b,
0x0000, 0xb5bb, 0xb5bb, 0xb5bb, 0xb5bb, 0xb5bb, 0xb5bb, 0xb5bb, 0xb5bb, 0xb5bb,
0xb5bb, 0xb5bb, 0xb5bb, 0xb5bb, 0xb5bb, 0xb5bb, 0xb5bb, 0xb5bb, 0xb5bb, 0xb5bb,
0xb5bb, 0xb5bb, 0xb5bb, 0xb5bb, 0xb5bb, 0xb5bb, 0xb5bb, 0xb5bb, 0xb5bb, 0xb5bb,
0xb5bb, 0xb5bb, 0x0000, 0x318e, 0x316f, 0x3130, 0x290e, 0x41ed, 0x7bf2, 0xb5b8,
0xd69c, 0xce5d, 0xbddc, 0xa51a, 0x8437, 0x73b6, 0x6b95, 0x73b4, 0x6b71, 0x4a4b,
0x39e9, 0x4a4b, 0xb5bb, 0xb5bb, 0xb5bb, 0xb5bb, 0xb5bb, 0xb5bb, 0xb5bb, 0xb5bb,
0xb5bb, 0xb5bb, 0xb5bb, 0xb5bb, 0xb5bb, 0xb5bb, 0xb5bb, 0xb5bb, 0xb5bb, 0xb5bb,
0xb5bb, 0xb5bb, 0xb5bb, 0xb5bb, 0xb5bb, 0xb5bb, 0xb5bb, 0xb5bb, 0xb5bb, 0xb5bb,
0xb5bb, 0xb5bb, 0xb5bb, 0xb5bb, 0xb5bb, 0xb5bb, 0xb5bb, 0xb5bb, 0xb5bb, 0xb5bb,
0xb5bb, 0xb5bb, 0xb5bb, 0xb5bb, 0xb5bb, 0xb5bb, 0xb5bb, 0xb5bb, 0xb5bb, 0xb5bb,
0xb5bb, 0xb5bb, 0xb5bb, 0xb5bb, 0xb5bb, 0xb5bb, 0xb5bb, 0xb5bb, 0xb5bb, 0xb5bb,
0xb5bb, 0xb5bb, 0xb5bb, 0xb5bb, 0xb5bb, 0xb5bb, 0xb5bb, 0xb5bb, 0xb5bb, 0xb5bb,
0xb5bb, 0xb5bb, 0xb5bb, 0xb5bb, 0xb5bb, 0xb5bb, 0xb5bb, 0xb5bb, 0xb5bb, 0xb5bb,
0xb5bb, 0xb5bb, 0xb5bb, 0xb5bb, 0xb5bb, 0xb5bb, 0xb5bb, 0xb5bb, 0xb5bb, 0xb5bb,
0xb5bb, 0xb5bb, 0xb5bb, 0xb5bb, 0xb5bb, 0xb5bb, 0xb5bb, 0xb5bb, 0xb5bb, 0xb5bb,
0xb5bb, 0xb5bb, 0xb5bb, 0xb5bb, 0xb5bb, 0xb5bb, 0xb5bb, 0xb5bb, 0xb5bb, 0xb5bb,
0xb5bb, 0xb5bb, 0xb5bb, 0xb5bb, 0xb5bb, 0xb5bb, 0xb5bb, 0xb5bb, 0xb5bb, 0xb5bb,
0xb5bb, 0xb5bb, 0xb5bb, 0xb5bb, 0xb5bb, 0xb5bb, 0xb5bb, 0xb5bb, 0xb5bb, 0xb5bb,
0xb5bb, 0xb5bb, 0xb5bb, 0xb5bb, 0xb5bb, 0xb5bb, 0xb5bb, 0xb5bb, 0xb5bb, 0xb5bb,
0xb5bb, 0xb5bb, 0xb5bb, 0xb5bb, 0xb5bb, 0xb5bb, 0xb5bb, 0xb5bb, 0xb5bb, 0xb5bb,
0xb5bb, 0xb5bb, 0xb5bb, 0xb5bb, 0xb5bb, 0xb5bb, 0xb5bb, 0xb5bb, 0xb5bb, 0xb5bb,
0xb5bb, 0xb5bb, 0xb5bb, 0xb5bb, 0xb5bb, 0xb5bb, 0xb5bb, 0xb5bb, 0xb5bb, 0xb5bb,
0xb5bb, 0xb5bb, 0xb5bb, 0xb5bb, 0xb5bb, 0xb5bb, 0xb5bb, 0xb5bb, 0xad7a, 0x9475,
0x6b50, 0x52ac, 0x4a8c, 0x4aae, 0x52f0, 0x6353, 0x7bf6, 0x94b8, 0xa59a, 0xbe3c,
0xdede, 0xe73e, 0xc61b, 0x7bd5, 0x39d1, 0x20ce, 0x20eb, 0x294b, 0x31ae, 0x4211,
0x3a12, 0x31ce, 0x216a, 0x2148, 0x2968, 0x39e9, 0x424a, 0x4a4b, 0x4a4b, 0x4a4b,
0x4a4b, 0x4a4b, 0x4a4b, 0x4a4b, 0x4a4b, 0x4a4b, 0x4a4b, 0x4a4b, 0x4a4b, 0x4a4b,
0x4a4b, 0x4a4b, 0x4a4b, 0x4a4b, 0x4a4b, 0x4a4b, 0x4a4b, 0x4a4b, 0x4a4b, 0x4a4b,
0x4a4b, 0x4a4b, 0x4a4b, 0x4a4b, 0x4a4b, 0x4a4b, 0x4a4b, 0x4a4b, 0x4a4b, 0x4a4b,
0x4a4b, 0x4a4b, 0x4a4b, 0x4a4b, 0x4a4b, 0x4a4b, 0x4a4b, 0x4a4b, 0x4a4b, 0x4a4b,

0x422a, 0x420a, 0x420a, 0x420a, 0x420a, 0x420a, 0x420a, 0x420a, 0x422a, 0x424a,
0x424b, 0x4a4b, 0x4a4b, 0x4a4b, 0x4a4b, 0x4a4b, 0x4a4b, 0x4a4b, 0x4a4b, 0x4a4b,
0x0000, 0xb5bb, 0xb5bb, 0xb5bb, 0xb5bb, 0xb5bb, 0xb5bb, 0xb5bb, 0xb5bb, 0xb5bb,
0xb5bb, 0xb5bb, 0xb5bb, 0xb5bb, 0xb5bb, 0xb5bb, 0xb5bb, 0xb5bb, 0xb5bb, 0xb5bb,
0xb5bb, 0xb5bb, 0xb5bb, 0xb5bb, 0xb5bb, 0xb5bb, 0xb5bb, 0xb5bb, 0xb5bb, 0xb5bb,
0xb5bb, 0xb5bb, 0x0000, 0x318e, 0x316f, 0x3130, 0x290d, 0x41ed, 0x7bf1, 0xb5b8,
0xd69c, 0xce5c, 0xb5bb, 0xa51a, 0x8417, 0x73d6, 0x73f6, 0x7bf4, 0x6b50, 0x4a6b,
0x422a, 0x528c, 0xb5bb, 0xb5bb, 0xb5bb, 0xb5bb, 0xb5bb, 0xb5bb, 0xb5bb, 0xb5bb,
0xb5bb, 0xb5bb, 0xb5bb, 0xb5bb, 0xb5bb, 0xb5bb, 0xb5bb, 0xb5bb, 0xb5bb, 0xb5bb,
0xb5bb, 0xb5bb, 0xb5bb, 0xb5bb, 0xb5bb, 0xb5bb, 0xb5bb, 0xb5bb, 0xb5bb, 0xb5bb,
0xb5bb, 0xb5bb, 0xb5bb, 0xb5bb, 0xb5bb, 0xb5bb, 0xb5bb, 0xb5bb, 0xb5bb, 0xb5bb,
0xb5bb, 0xb5bb, 0xb5bb, 0xb5bb, 0xb5bb, 0xb5bb, 0xb5bb, 0xb5bb, 0xb5bb, 0xb5bb,
0xb5bb, 0xb5bb, 0xb5bb, 0xb5bb, 0xb5bb, 0xb5bb, 0xb5bb, 0xb5bb, 0xb5bb, 0xb5bb,
0xb5bb, 0xb5bb, 0xb5bb, 0xb5bb, 0xb5bb, 0xb5bb, 0xb5bb, 0xb5bb, 0xb5bb, 0xb5bb,
0xb5bb, 0xb5bb, 0xb5bb, 0xb5bb, 0xb5bb, 0xb5bb, 0xb5bb, 0xb5bb, 0xb5bb, 0xb5bb,
0xb5bb, 0xb5bb, 0xb5bb, 0xb5bb, 0xb5bb, 0xb5bb, 0xb5bb, 0xb5bb, 0xb5bb, 0xb5bb,
0xb5bb, 0xb5bb, 0xb5bb, 0xb5bb, 0xb5bb, 0xb5bb, 0xb5bb, 0xb5bb, 0xb5bb, 0xb5bb,
0xb5bb, 0xb5bb, 0xb5bb, 0xb5bb, 0xb5bb, 0xb5bb, 0xb5bb, 0xb5bb, 0xb5bb, 0xb5bb,
0xb5bb, 0xb5bb, 0xb5bb, 0xb5bb, 0xb5bb, 0xb5bb, 0xb5bb, 0xb5bb, 0xb5bb, 0xb5bb,
0xb5bb, 0xb5bb, 0xb5bb, 0xb5bb, 0xb5bb, 0xb5bb, 0xb5bb, 0xb5bb, 0xb5bb, 0xb5bb,
0xb5bb, 0xb5bb, 0xb5bb, 0xb5bb, 0xb5bb, 0xb5bb, 0xb5bb, 0xb5bb, 0xb5bb, 0xb5bb,
0xb5bb, 0xb5bb, 0xb5bb, 0xb5bb, 0xb5bb, 0xb5bb, 0xb5bb, 0xb5bb, 0xb5bb, 0xb5bb,
0xb5bb, 0xb5bb, 0xb5bb, 0xb5bb, 0xb5bb, 0xb5bb, 0xb5bb, 0xb5bb, 0xb5bb, 0xb5bb,
0xb5bb, 0xb5bb, 0xb5bb, 0xb5bb, 0xb5bb, 0xb5bb, 0xb5bb, 0xb5bb, 0xb5bb, 0xb5bb,
0xb5bb, 0xb5bb, 0xb5bb, 0xb5bb, 0xb5bb, 0xb5bb, 0xb5bb, 0xb5bb, 0xa559, 0x8433,
0x630e, 0x528c, 0x4a8d, 0x52af, 0x52f1, 0x6353, 0x7c16, 0x9cd9, 0xad9b, 0xc63c,
0xdede, 0xe73e, 0xc61b, 0x7bd5, 0x39d1, 0x20cd, 0x20eb, 0x294b, 0x31ae, 0x4211,
0x3a11, 0x31ce, 0x216a, 0x2148, 0x2968, 0x39e9, 0x424a, 0x4a4b, 0x4a4b, 0x4a4b,
0x4a4b, 0x4a4b, 0x4a4b, 0x4a4b, 0x4a4b, 0x4a4b, 0x4a4b, 0x4a4b, 0x4a4b, 0x4a4b,
0x4a4b, 0x4a4b, 0x4a4b, 0x4a4b, 0x4a4b, 0x4a4b, 0x4a4b, 0x4a4b, 0x4a4b, 0x4a4b,
0x4a4b, 0x4a4b, 0x4a4b, 0x4a4b, 0x4a4b, 0x4a4b, 0x4a4b, 0x4a4b, 0x4a4b, 0x4a4b,
0x4a4b, 0x4a4b, 0x4a4b, 0x4a4b, 0x4a4b, 0x4a4b, 0x4a4b, 0x4a4b, 0x4a4b, 0x4a4b,

0x426b, 0x424b, 0x420a, 0x420a, 0x420a, 0x420a, 0x420a, 0x420a, 0x420a, 0x420a,
0x424b, 0x424b, 0x4a4b, 0x4a4b, 0x4a4b, 0x4a4b, 0x4a4b, 0x4a4b, 0x4a4b, 0x4a4b,
0x0000, 0xb5bb, 0xb5bb, 0xb5bb, 0xb5bb, 0xb5bb, 0xb5bb, 0xb5bb, 0xb5bb, 0xb5bb,
0xb5bb, 0xb5bb, 0xb5bb, 0xb5bb, 0xb5bb, 0xb5bb, 0xb5bb, 0xb5bb, 0xb5bb, 0xb5bb,
0xb5bb, 0xb5bb, 0xb5bb, 0xb5bb, 0xb5bb, 0xb5bb, 0xb5bb, 0xb5bb, 0xb5bb, 0xb5bb,
0xb5bb, 0xb5bb, 0x0000, 0x318e, 0x316f, 0x3130, 0x290e, 0x41ed, 0x8411, 0xb5b8,
0xd67c, 0xce7d, 0xbdfb, 0xa53a, 0x7c17, 0x73d6, 0x7c16, 0x7c14, 0x6b70, 0x528c,
0x4a6c, 0x52ae, 0xb5bb, 0xb5bb, 0xb5bb, 0xb5bb, 0xb5bb, 0xb5bb, 0xb5bb, 0xb5bb,
0xb5bb, 0xb5bb, 0xb5bb, 0xb5bb, 0xb5bb, 0xb5bb, 0xb5bb, 0xb5bb, 0xb5bb, 0xb5bb,
0xb5bb, 0xb5bb, 0xb5bb, 0xb5bb, 0xb5bb, 0xb5bb, 0xb5bb, 0xb5bb, 0xb5bb, 0xb5bb,
0xb5bb, 0xb5bb, 0xb5bb, 0xb5bb, 0xb5bb, 0xb5bb, 0xb5bb, 0xb5bb, 0xb5bb, 0xb5bb,
0xb5bb, 0xb5bb, 0xb5bb, 0xb5bb, 0xb5bb, 0xb5bb, 0xb5bb, 0xb5bb, 0xb5bb, 0xb5bb,
0xb5bb, 0xb5bb, 0xb5bb, 0xb5bb, 0xb5bb, 0xb5bb, 0xb5bb, 0xb5bb, 0xb5bb, 0xb5bb,
0xb5bb, 0xb5bb, 0xb5bb, 0xb5bb, 0xb5bb, 0xb5bb, 0xb5bb, 0xb5bb, 0xb5bb, 0xb5bb,
0xb5bb, 0xb5bb, 0xb5bb, 0xb5bb, 0xb5bb, 0xb5bb, 0xb5bb, 0xb5bb, 0xb5bb, 0xb5bb,
0xb5bb, 0xb5bb, 0xb5bb, 0xb5bb, 0xb5bb, 0xb5bb, 0xb5bb, 0xb5bb, 0xb5bb, 0xb5bb,
0xb5bb, 0xb5bb, 0xb5bb, 0xb5bb, 0xb5bb, 0xb5bb, 0xb5bb, 0xb5bb, 0xb5bb, 0xb5bb,
0xb5bb, 0xb5bb, 0xb5bb, 0xb5bb, 0xb5bb, 0xb5bb, 0xb5bb, 0xb5bb, 0xb5bb, 0xb5bb,
0xb5bb, 0xb5bb, 0xb5bb, 0xb5bb, 0xb5bb, 0xb5bb, 0xb5bb, 0xb5bb, 0xb5bb, 0xb5bb,
0xb5bb, 0xb5bb, 0xb5bb, 0xb5bb, 0xb5bb, 0xb5bb, 0xb5bb, 0xb5bb, 0xb5bb, 0xb5bb,
0xb5bb, 0xb5bb, 0xb5bb, 0xb5bb, 0xb5bb, 0xb5bb, 0xb5bb, 0xb5bb, 0xb5bb, 0xb5bb,
0xb5bb, 0xb5bb, 0xb5bb, 0xb5bb, 0xb5bb, 0xb5bb, 0xb5bb, 0xb5bb, 0xb5bb, 0xb5bb,
0xb5bb, 0xb5bb, 0xb5bb, 0xb5bb, 0xb5bb, 0xb5bb, 0xb5bb, 0xb5bb, 0xb5bb, 0xb5bb,
0xb5bb, 0xb5bb, 0xb5bb, 0xb5bb, 0xb5bb, 0xb5bb, 0xb5bb, 0xb5bb, 0xb5bb, 0xb5bb,
0xb5bb, 0xb5bb, 0xb5bb, 0xb5bb, 0xb5bb, 0xb5bb, 0xb5bb, 0xb59b, 0x9d18, 0x73d2,
0x5aad, 0x4a6b, 0x528d, 0x52b0, 0x52f1, 0x6373, 0x8436, 0x9cf9, 0xb59b, 0xc63c,
0xdede, 0xe71e, 0xc61b, 0x7bd5, 0x39d1, 0x20cd, 0x20eb, 0x294b, 0x31ae, 0x4211,
0x3a11, 0x31ce, 0x216a, 0x2148, 0x2968, 0x39e9, 0x424a, 0x4a4b, 0x4a4b, 0x4a4b,
0x4a4b, 0x4a4b, 0x4a4b, 0x4a4b, 0x4a4b, 0x4a4b, 0x4a4b, 0x4a4b, 0x4a4b, 0x4a4b,
0x4a4b, 0x4a4b, 0x4a4b, 0x4a4b, 0x4a4b, 0x4a4b, 0x4a4b, 0x4a4b, 0x4a4b, 0x4a4b,
0x4a4b, 0x4a4b, 0x4a4b, 0x4a4b, 0x4a4b, 0x4a4b, 0x4a4b, 0x4a4b, 0x4a4b, 0x4a4b,
0x4a4b, 0x4a4b, 0x4a4b, 0x4a4b, 0x4a4b, 0x4a4b, 0x4a4b, 0x4a4b, 0x4a4b, 0x4a4b,

0x4a8c, 0x4a6b, 0x4a4b, 0x420a, 0x420a, 0x420a, 0x420a, 0x420a, 0x420a, 0x420a,
0x420a, 0x424b, 0x424b, 0x4a4b, 0x4a4b, 0x4a4b, 0x4a4b, 0x4a4b, 0x4a4b, 0x4a4b,
0x0000, 0xb5bb, 0xb5bb, 0xb5bb, 0xb5bb, 0xb5bb, 0xb5bb, 0xb5bb, 0xb5bb, 0xb5bb,
0xb5bb, 0xb5bb, 0xb5bb, 0xb5bb, 0xb5bb, 0xb5bb, 0xb5bb, 0xb5bb, 0xb5bb, 0xb5bb,
0xb5bb, 0xb5bb, 0xb5bb, 0xb5bb, 0xb5bb, 0xb5bb, 0xb5bb, 0xb5bb, 0xb5bb, 0xb5bb,
0xb5bb, 0xb5bb, 0x0000, 0x318e, 0x316f, 0x3130, 0x290e, 0x420d, 0x8431, 0xbdd8,
0xd69d, 0xd69d, 0xc61b, 0xa55a, 0x7c37, 0x73d6, 0x8416, 0x8414, 0x6b70, 0x52ac,
0x528c, 0x5acf, 0xb5bb, 0xb5bb, 0xb5bb, 0xb5bb, 0xb5bb, 0xb5bb, 0xb5bb, 0xb5bb,
0xb5bb, 0xb5bb, 0xb5bb, 0xb5bb, 0xb5bb, 0xb5bb, 0xb5bb, 0xb5bb, 0xb5bb, 0xb5bb,
0xb5bb, 0xb5bb, 0xb5bb, 0xb5bb, 0xb5bb, 0xb5bb, 0xb5bb, 0xb5bb, 0xb5bb, 0xb5bb,
0xb5bb, 0xb5bb, 0xb5bb, 0xb5bb, 0xb5bb, 0xb5bb, 0xb5bb, 0xb5bb, 0xb5bb, 0xb5bb,
0xb5bb, 0xb5bb, 0xb5bb, 0xb5bb, 0xb5bb, 0xb5bb, 0xb5bb, 0xb5bb, 0xb5bb, 0xb5bb,
0xb5bb, 0xb5bb, 0xb5bb, 0xb5bb, 0xb5bb, 0xb5bb, 0xb5bb, 0xb5bb, 0xb5bb, 0xb5bb,
0xb5bb, 0xb5bb, 0xb5bb, 0xb5bb, 0xb5bb, 0xb5bb, 0xb5bb, 0xb5bb, 0xb5bb, 0xb5bb,
0xb5bb, 0xb5bb, 0xb5bb, 0xb5bb, 0xb5bb, 0xb5bb, 0xb5bb, 0xb5bb, 0xb5bb, 0xb5bb,
0xb5bb, 0xb5bb, 0xb5bb, 0xb5bb, 0xb5bb, 0xb5bb, 0xb5bb, 0xb5bb, 0xb5bb, 0xb5bb,
0xb5bb, 0xb5bb, 0xb5bb, 0xb5bb, 0xb5bb, 0xb5bb, 0xb5bb, 0xb5bb, 0xb5bb, 0xb5bb,
0xb5bb, 0xb5bb, 0xb5bb, 0xb5bb, 0xb5bb, 0xb5bb, 0xb5bb, 0xb5bb, 0xb5bb, 0xb5bb,
0xb5bb, 0xb5bb, 0xb5bb, 0xb5bb, 0xb5bb, 0xb5bb, 0xb5bb, 0xb5bb, 0xb5bb, 0xb5bb,
0xb5bb, 0xb5bb, 0xb5bb, 0xb5bb, 0xb5bb, 0xb5bb, 0xb5bb, 0xb5bb, 0xb5bb, 0xb5bb,
0xb5bb, 0xb5bb, 0xb5bb, 0xb5bb, 0xb5bb, 0xb5bb, 0xb5bb, 0xb5bb, 0xb5bb, 0xb5bb,
0xb5bb, 0xb5bb, 0xb5bb, 0xb5bb, 0xb5bb, 0xb5bb, 0xb5bb, 0xb5bb, 0xb5bb, 0xb5bb,
0xb5bb, 0xb5bb, 0xb5bb, 0xb5bb, 0xb5bb, 0xb5bb, 0xb5bb, 0xb5bb, 0xb5bb, 0xb5bb,
0xb5bb, 0xb5bb, 0xb5bb, 0xb5bb, 0xb5bb, 0xb5bb, 0xb5bb, 0xb5bb, 0xb5bb, 0xb5bb,
0xb5bb, 0xb5bb, 0xb5bb, 0xb5bb, 0xb5bb, 0xb5bb, 0xb5bb, 0xb5bc, 0x9496, 0x5aee,
0x4a4b, 0x424b, 0x4a8e, 0x4ab0, 0x5312, 0x6bb4, 0x8c77, 0xa539, 0xbddb, 0xce5c,
0xdede, 0xe73e, 0xc61b, 0x7bd5, 0x39d1, 0x20ce, 0x20eb, 0x294b, 0x31ae, 0x4211,
0x3a12, 0x31ce, 0x216a, 0x2148, 0x2968, 0x39e9, 0x424a, 0x4a4b, 0x4a4b, 0x4a4b,
0x4a4b, 0x4a4b, 0x4a4b, 0x4a4b, 0x4a4b, 0x4a4b, 0x4a4b, 0x4a4b, 0x4a4b, 0x4a4b,
0x4a4b, 0x4a4b, 0x4a4b, 0x4a4b, 0x4a4b, 0x4a4b, 0x4a4b, 0x4a4b, 0x4a4b, 0x4a4b,
0x4a4b, 0x4a4b, 0x4a4b, 0x4a4b, 0x4a4b, 0x4a4b, 0x4a4b, 0x4a4b, 0x4a4b, 0x4a4b,
0x4a4b, 0x4a4b, 0x4a4b, 0x4a4b, 0x4a4b, 0x4a4b, 0x4a4b, 0x4a4b, 0x4a4b, 0x4a4b,

0x528c, 0x528c, 0x4a8c, 0x4a8b, 0x4a6a, 0x4a4b, 0x420a, 0x420a, 0x420a, 0x420a,
0x420a, 0x420a, 0x420a, 0x420a, 0x4a4b, 0x4a4b, 0x4a4b, 0x4a4b, 0x4a4b, 0x4a4b,
0x0000, 0xb5bb, 0xb5bb, 0xb5bb, 0xb5bb, 0xb5bb, 0xb5bb, 0xb5bb, 0xb5bb, 0xb5bb,
0xb5bb, 0xb5bb, 0xb5bb, 0xb5bb, 0xb5bb, 0xb5bb, 0xb5bb, 0xb5bb, 0xb5bb, 0xb5bb,
0xb5bb, 0xb5bb, 0xb5bb, 0xb5bb, 0xb5bb, 0xb5bb, 0xb5bb, 0xb5bb, 0xb5bb, 0xb5bb,
0xb5bb, 0xb5bb, 0x0000, 0x318e, 0x316f, 0x3130, 0x290e, 0x420d, 0x8431, 0xbe18,
0xd6dd, 0xce7d, 0xbddb, 0xa53a, 0x7c17, 0x73f6, 0x8456, 0x8454, 0x6b90, 0x52ac,
0x528c, 0x630f, 0xb5bb, 0xb5bb, 0xb5bb, 0xb5bb, 0xb5bb, 0xb5bb, 0xb5bb, 0xb5bb,
0xb5bb, 0xb5bb, 0xb5bb, 0xb5bb, 0xb5bb, 0xb5bb, 0xb5bb, 0xb5bb, 0xb5bb, 0xb5bb,
0xb5bb, 0xb5bb, 0xb5bb, 0xb5bb, 0xb5bb, 0xb5bb, 0xb5bb, 0xb5bb, 0xb5bb, 0xb5bb,
0xb5bb, 0xb5bb, 0xb5bb, 0xb5bb, 0xb5bb, 0xb5bb, 0xb5bb, 0xb5bb, 0xb5bb, 0xb5bb,
0xb5bb, 0xb5bb, 0xb5bb, 0xb5bb, 0xb5bb, 0xb5bb, 0xb5bb, 0xb5bb, 0xb5bb, 0xb5bb,
0xb5bb, 0xb5bb, 0xb5bb, 0xb5bb, 0xb5bb, 0xb5bb, 0xb5bb, 0xb5bb, 0xb5bb, 0xb5bb,
0xb5bb, 0xb5bb, 0xb5bb, 0xb5bb, 0xb5bb, 0xb5bb, 0xb5bb, 0xb5bb, 0xb5bb, 0xb5bb,
0xb5bb, 0xb5bb, 0xb5bb, 0xb5bb, 0xb5bb, 0xb5bb, 0xb5bb, 0xb5bb, 0xb5bb, 0xb5bb,
0xb5bb, 0xb5bb, 0xb5bb, 0xb5bb, 0xb5bb, 0xb5bb, 0xb5bb, 0xb5bb, 0xb5bb, 0xb5bb,
0xb5bb, 0xb5bb, 0xb5bb, 0xb5bb, 0xb5bb, 0xb5bb, 0xb5bb, 0xb5bb, 0xb5bb, 0xb5bb,
0xb5bb, 0xb5bb, 0xb5bb, 0xb5bb, 0xb5bb, 0xb5bb, 0xb5bb, 0xb5bb, 0xb5bb, 0xb5bb,
0xb5bb, 0xb5bb, 0xb5bb, 0xb5bb, 0xb5bb, 0xb5bb, 0xb5bb, 0xb5bb, 0xb5bb, 0xb5bb,
0xb5bb, 0xb5bb, 0xb5bb, 0xb5bb, 0xb5bb, 0xb5bb, 0xb5bb, 0xb5bb, 0xb5bb, 0xb5bb,
0xb5bb, 0xb5bb, 0xb5bb, 0xb5bb, 0xb5bb, 0xb5bb, 0xb5bb, 0xb5bb, 0xb5bb, 0xb5bb,
0xb5bb, 0xb5bb, 0xb5bb, 0xb5bb, 0xb5bb, 0xb5bb, 0xb5bb, 0xb5bb, 0xb5bb, 0xb5bb,
0xb5bb, 0xb5bb, 0xb5bb, 0xb5bb, 0xb5bb, 0xb5bb, 0xb5bb, 0xb5bb, 0xb5bb, 0xb5bb,
0xb5bb, 0xb5bb, 0xb5bb, 0xb5bb, 0xb5bb, 0xb5bb, 0xb5bb, 0xb5bb, 0xb5bb, 0xb5bb,
0xb5bb, 0xb5bb, 0xb5bb, 0xb5bb, 0xb5bb, 0xb5bb, 0xb5bb, 0x0000, 0x7bf3, 0x31e9,
0x3a2a, 0x4a8d, 0x4a8f, 0x4ab1, 0x5b32, 0x7c15, 0x94d8, 0xad5a, 0xbddb, 0xc63c,
0xdede, 0xe73e, 0xc61b, 0x7bd5, 0x39d1, 0x20ce, 0x20eb, 0x294b, 0x31ae, 0x4211,
0x3a12, 0x31ce, 0x216a, 0x2148, 0x2968, 0x39e9, 0x424a, 0x4a4b, 0x4a4b, 0x4a4b,
0x4a4b, 0x4a4b, 0x4a4b, 0x4a4b, 0x4a4b, 0x4a4b, 0x4a4b, 0x4a4b, 0x4a4b, 0x4a4b,
0x4a4b, 0x4a4b, 0x4a4b, 0x4a4b, 0x4a4b, 0x4a4b, 0x4a4b, 0x4a4b, 0x4a4b, 0x4a4b,
0x4a4b, 0x4a4b, 0x4a4b, 0x4a4b, 0x4a4b, 0x4a4b, 0x4a4b, 0x4a4b, 0x4a4b, 0x4a4b,
0x4a4b, 0x4a4b, 0x4a4b, 0x4a4b, 0x4a4b, 0x4a4b, 0x4a4b, 0x4a4b, 0x4a4b, 0x4a4b,

0x528c, 0x528c, 0x528c, 0x4a8c, 0x4a8c, 0x4a6b, 0x4a4b, 0x420a, 0x420a, 0x420a,
0x420a, 0x420a, 0x420a, 0x420a, 0x420a, 0x422a, 0x424b, 0x424b, 0x4a4b, 0x4a4b,
0x0000, 0xb5bb, 0xb5bb, 0xb5bb, 0xb5bb, 0xb5bb, 0xb5bb, 0xb5bb, 0xb5bb, 0xb5bb,
0xb5bb, 0xb5bb, 0xb5bb, 0xb5bb, 0xb5bb, 0xb5bb, 0xb5bb, 0xb5bb, 0xb5bb, 0xb5bb,
0xb5bb, 0xb5bb, 0xb5bb, 0xb5bb, 0xb5bb, 0xb5bb, 0xb5bb, 0xb5bb, 0xb5bb, 0xb5bb,
0xb5bb, 0xb5bb, 0x0000, 0x318e, 0x316f, 0x3130, 0x290e, 0x420d, 0x8431, 0xbdf8,
0xd69c, 0xce5c, 0xb5bb, 0xa51a, 0x7c16, 0x73d5, 0x7c36, 0x7c35, 0x7390, 0x52ac,
0x528c, 0x630f, 0xb5bb, 0xb5bb, 0xb5bb, 0xb5bb, 0xb5bb, 0xb5bb, 0xb5bb, 0xb5bb,
0xb5bb, 0xb5bb, 0xb5bb, 0xb5bb, 0xb5bb, 0xb5bb, 0xb5bb, 0xb5bb, 0xb5bb, 0xb5bb,
0xb5bb, 0xb5bb, 0xb5bb, 0xb5bb, 0xb5bb, 0xb5bb, 0xb5bb, 0xb5bb, 0xb5bb, 0xb5bb,
0xb5bb, 0xb5bb, 0xb5bb, 0xb5bb, 0xb5bb, 0xb5bb, 0xb5bb, 0xb5bb, 0xb5bb, 0xb5bb,
0xb5bb, 0xb5bb, 0xb5bb, 0xb5bb, 0xb5bb, 0xb5bb, 0xb5bb, 0xb5bb, 0xb5bb, 0xb5bb,
0xb5bb, 0xb5bb, 0xb5bb, 0xb5bb, 0xb5bb, 0xb5bb, 0xb5bb, 0xb5bb, 0xb5bb, 0xb5bb,
0xb5bb, 0xb5bb, 0xb5bb, 0xb5bb, 0xb5bb, 0xb5bb, 0xb5bb, 0xb5bb, 0xb5bb, 0xb5bb,
0xb5bb, 0xb5bb, 0xb5bb, 0xb5bb, 0xb5bb, 0xb5bb, 0xb5bb, 0xb5bb, 0xb5bb, 0xb5bb,
0xb5bb, 0xb5bb, 0xb5bb, 0xb5bb, 0xb5bb, 0xb5bb, 0xb5bb, 0xb5bb, 0xb5bb, 0xb5bb,
0xb5bb, 0xb5bb, 0xb5bb, 0xb5bb, 0xb5bb, 0xb5bb, 0xb5bb, 0xb5bb, 0xb5bb, 0xb5bb,
0xb5bb, 0xb5bb, 0xb5bb, 0xb5bb, 0xb5bb, 0xb5bb, 0xb5bb, 0xb5bb, 0xb5bb, 0xb5bb,
0xb5bb, 0xb5bb, 0xb5bb, 0xb5bb, 0xb5bb, 0xb5bb, 0xb5bb, 0xb5bb, 0xb5bb, 0xb5bb,
0xb5bb, 0xb5bb, 0xb5bb, 0xb5bb, 0xb5bb, 0xb5bb, 0xb5bb, 0xb5bb, 0xb5bb, 0xb5bb,
0xb5bb, 0xb5bb, 0xb5bb, 0xb5bb, 0xb5bb, 0xb5bb, 0xb5bb, 0xb5bb, 0xb5bb, 0xb5bb,
0xb5bb, 0xb5bb, 0xb5bb, 0xb5bb, 0xb5bb, 0xb5bb, 0xb5bb, 0xb5bb, 0xb5bb, 0xb5bb,
0xb5bb, 0xb5bb, 0xb5bb, 0xb5bb, 0xb5bb, 0xb5bb, 0xb5bb, 0xb5bb, 0xb5bb, 0xb5bb,
0xb5bb, 0xb5bb, 0xb5bb, 0xb5bb, 0xb5bb, 0xb5bb, 0xb5bb, 0xb5bb, 0xb5bb, 0xb5bb,
0xb5bb, 0xb5bb, 0xb5bb, 0xb5bb, 0xb5bb, 0xb5bb, 0xb5bb, 0x0000, 0x5aee, 0x3188,
0x3a0b, 0x424e, 0x426f, 0x4ab1, 0x6353, 0x8436, 0x9cd8, 0xad5a, 0xbddb, 0xc63c,
0xdede, 0xe71e, 0xc61b, 0x7bd5, 0x39d1, 0x20cd, 0x20eb, 0x294b, 0x31ae, 0x4211,
0x3a11, 0x31ce, 0x216a, 0x2148, 0x2968, 0x39e9, 0x424a, 0x4a4b, 0x4a4b, 0x4a4b,
0x4a4b, 0x4a4b, 0x4a4b, 0x4a4b, 0x4a4b, 0x4a4b, 0x4a4b, 0x4a4b, 0x4a4b, 0x4a4b,
0x4a4b, 0x4a4b, 0x4a4b, 0x4a4b, 0x4a4b, 0x4a4b, 0x4a4b, 0x4a4b, 0x4a4b, 0x4a4b,
0x4a4b, 0x4a4b, 0x4a4b, 0x4a4b, 0x4a4b, 0x4a4b, 0x4a4b, 0x4a4b, 0x4a4b, 0x4a4b,
0x4a4b, 0x4a4b, 0x4a4b, 0x4a4b, 0x4a4b, 0x4a4b, 0x4a4b, 0x4a4b, 0x4a4b, 0x4a4b,

0x4a8c, 0x528c, 0x528c, 0x528c, 0x528c, 0x528c, 0x4a6c, 0x4a4b, 0x422a, 0x422a,
0x420a, 0x420a, 0x420a, 0x420a, 0x420a, 0x420a, 0x422a, 0x424b, 0x4a4b, 0x4a4b,
0x0000, 0xb5bb, 0xb5bb, 0xb5bb, 0xb5bb, 0xb5bb, 0xb5bb, 0xb5bb, 0xb5bb, 0xb5bb,
0xb5bb, 0xb5bb, 0xb5bb, 0xb5bb, 0xb5bb, 0xb5bb, 0xb5bb, 0xb5bb, 0xb5bb, 0xb5bb,
0xb5bb, 0xb5bb, 0xb5bb, 0xb5bb, 0xb5bb, 0xb5bb, 0xb5bb, 0xb5bb, 0xb5bb, 0xb5bb,
0xb5bb, 0xb5bb, 0x0000, 0x318e, 0x316f, 0x3130, 0x290e, 0x420d, 0x8431, 0xbdd8,
0xd67c, 0xce5c, 0xbddc, 0xa51a, 0x7c16, 0x73d5, 0x7c16, 0x73d3, 0x632f, 0x52ac,
0x52ad, 0x6330, 0xb5bb, 0xb5bb, 0xb5bb, 0xb5bb, 0xb5bb, 0xb5bb, 0xb5bb, 0xb5bb,
0xb5bb, 0xb5bb, 0xb5bb, 0xb5bb, 0xb5bb, 0xb5bb, 0xb5bb, 0xb5bb, 0xb5bb, 0xb5bb,
0xb5bb, 0xb5bb, 0xb5bb, 0xb5bb, 0xb5bb, 0xb5bb, 0xb5bb, 0xb5bb, 0xb5bb, 0xb5bb,
0xb5bb, 0xb5bb, 0xb5bb, 0xb5bb, 0xb5bb, 0xb5bb, 0xb5bb, 0xb5bb, 0xb5bb, 0xb5bb,
0xb5bb, 0xb5bb, 0xb5bb, 0xb5bb, 0xb5bb, 0xb5bb, 0xb5bb, 0xb5bb, 0xb5bb, 0xb5bb,
0xb5bb, 0xb5bb, 0xb5bb, 0xb5bb, 0xb5bb, 0xb5bb, 0xb5bb, 0xb5bb, 0xb5bb, 0xb5bb,
0xb5bb, 0xb5bb, 0xb5bb, 0xb5bb, 0xb5bb, 0xb5bb, 0xb5bb, 0xb5bb, 0xb5bb, 0xb5bb,
0xb5bb, 0xb5bb, 0xb5bb, 0xb5bb, 0xb5bb, 0xb5bb, 0xb5bb, 0xb5bb, 0xb5bb, 0xb5bb,
0xb5bb, 0xb5bb, 0xb5bb, 0xb5bb, 0xb5bb, 0xb5bb, 0xb5bb, 0xb5bb, 0xb5bb, 0xb5bb,
0xb5bb, 0xb5bb, 0xb5bb, 0xb5bb, 0xb5bb, 0xb5bb, 0xb5bb, 0xb5bb, 0xb5bb, 0xb5bb,
0xb5bb, 0xb5bb, 0xb5bb, 0xb5bb, 0xb5bb, 0xb5bb, 0xb5bb, 0xb5bb, 0xb5bb, 0xb5bb,
0xb5bb, 0xb5bb, 0xb5bb, 0xb5bb, 0xb5bb, 0xb5bb, 0xb5bb, 0xb5bb, 0xb5bb, 0xb5bb,
0xb5bb, 0xb5bb, 0xb5bb, 0xb5bb, 0xb5bb, 0xb5bb, 0xb5bb, 0xb5bb, 0xb5bb, 0xb5bb,
0xb5bb, 0xb5bb, 0xb5bb, 0xb5bb, 0xb5bb, 0xb5bb, 0xb5bb, 0xb5bb, 0xb5bb, 0xb5bb,
0xb5bb, 0xb5bb, 0xb5bb, 0xb5bb, 0xb5bb, 0xb5bb, 0xb5bb, 0xb5bb, 0xb5bb, 0xb5bb,
0xb5bb, 0xb5bb, 0xb5bb, 0xb5bb, 0xb5bb, 0xb5bb, 0xb5bb, 0xb5bb, 0xb5bb, 0xb5bb,
0xb5bb, 0xb5bb, 0xb5bb, 0xb5bb, 0xb5bb, 0xb5bb, 0xb5bb, 0xb5bb, 0xb5bb, 0xb5bb,
0xb5bb, 0xb5bb, 0xb5bb, 0xb5bb, 0xb5bb, 0xb5bb, 0xb5bb, 0x0000, 0x4a6b, 0x31a9,
0x41ec, 0x422e, 0x426f, 0x52f2, 0x6b94, 0x8436, 0x9cd8, 0xad5a, 0xb5db, 0xc63c,
0xd6de, 0xe71e, 0xc61a, 0x7bd5, 0x39d1, 0x20cd, 0x20eb, 0x294b, 0x31ae, 0x4211,
0x3a11, 0x31ce, 0x216a, 0x2148, 0x2968, 0x39e9, 0x424a, 0x4a4b, 0x4a4b, 0x4a4b,
0x4a4b, 0x4a4b, 0x4a4b, 0x4a4b, 0x4a4b, 0x4a4b, 0x4a4b, 0x4a4b, 0x4a4b, 0x4a4b,
0x4a4b, 0x4a4b, 0x4a4b, 0x4a4b, 0x4a4b, 0x4a4b, 0x4a4b, 0x4a4b, 0x4a4b, 0x4a4b,
0x4a4b, 0x4a4b, 0x4a4b, 0x4a4b, 0x4a4b, 0x4a4b, 0x4a4b, 0x4a4b, 0x4a4b, 0x4a4b,
0x4a4b, 0x4a4b, 0x4a4b, 0x4a4b, 0x4a4b, 0x4a4b, 0x4a4b, 0x4a4b, 0x4a4b, 0x4a4b,

0x4a8c, 0x4a8c, 0x528c, 0x528c, 0x528c, 0x528c, 0x528c, 0x528c, 0x4a8b, 0x426b,
0x424b, 0x420a, 0x420a, 0x420a, 0x420a, 0x420a, 0x420a, 0x422a, 0x424b, 0x4a4b,
0x0000, 0xb5bb, 0xb5bb, 0xb5bb, 0xb5bb, 0xb5bb, 0xb5bb, 0xb5bb, 0xb5bb, 0xb5bb,
0xb5bb, 0xb5bb, 0xb5bb, 0xb5bb, 0xb5bb, 0xb5bb, 0xb5bb, 0xb5bb, 0xb5bb, 0xb5bb,
0xb5bb, 0xb5bb, 0xb5bb, 0xb5bb, 0xb5bb, 0xb5bb, 0xb5bb, 0xb5bb, 0xb5bb, 0xb5bb,
0xb5bb, 0xb5bb, 0x0000, 0x318e, 0x316f, 0x3130, 0x290e, 0x420d, 0x8431, 0xbdd8,
0xd69d, 0xce5d, 0xbddb, 0xa51a, 0x7c17, 0x73f6, 0x8477, 0x73b2, 0x528c, 0x4a6b,
0x5ace, 0x6b51, 0xb5bb, 0xb5bb, 0xb5bb, 0xb5bb, 0xb5bb, 0xb5bb, 0xb5bb, 0xb5bb,
0xb5bb, 0xb5bb, 0xb5bb, 0xb5bb, 0xb5bb, 0xb5bb, 0xb5bb, 0xb5bb, 0xb5bb, 0xb5bb,
0xb5bb, 0xb5bb, 0xb5bb, 0xb5bb, 0xb5bb, 0xb5bb, 0xb5bb, 0xb5bb, 0xb5bb, 0xb5bb,
0xb5bb, 0xb5bb, 0xb5bb, 0xb5bb, 0xb5bb, 0xb5bb, 0xb5bb, 0xb5bb, 0xb5bb, 0xb5bb,
0xb5bb, 0xb5bb, 0xb5bb, 0xb5bb, 0xb5bb, 0xb5bb, 0xb5bb, 0xb5bb, 0xb5bb, 0xb5bb,
0xb5bb, 0xb5bb, 0xb5bb, 0xb5bb, 0xb5bb, 0xb5bb, 0xb5bb, 0xb5bb, 0xb5bb, 0xb5bb,
0xb5bb, 0xb5bb, 0xb5bb, 0xb5bb, 0xb5bb, 0xb5bb, 0xb5bb, 0xb5bb, 0xb5bb, 0xb5bb,
0xb5bb, 0xb5bb, 0xb5bb, 0xb5bb, 0xb5bb, 0xb5bb, 0xb5bb, 0xb5bb, 0xb5bb, 0xb5bb,
0xb5bb, 0xb5bb, 0xb5bb, 0xb5bb, 0xb5bb, 0xb5bb, 0xb5bb, 0xb5bb, 0xb5bb, 0xb5bb,
0xb5bb, 0xb5bb, 0xb5bb, 0xb5bb, 0xb5bb, 0xb5bb, 0xb5bb, 0xb5bb, 0xb5bb, 0xb5bb,
0xb5bb, 0xb5bb, 0xb5bb, 0xb5bb, 0xb5bb, 0xb5bb, 0xb5bb, 0xb5bb, 0xb5bb, 0xb5bb,
0xb5bb, 0xb5bb, 0xb5bb, 0xb5bb, 0xb5bb, 0xb5bb, 0xb5bb, 0xb5bb, 0xb5bb, 0xb5bb,
0xb5bb, 0xb5bb, 0xb5bb, 0xb5bb, 0xb5bb, 0xb5bb, 0xb5bb, 0xb5bb, 0xb5bb, 0xb5bb,
0xb5bb, 0xb5bb, 0xb5bb, 0xb5bb, 0xb5bb, 0xb5bb, 0xb5bb, 0xb5bb, 0xb5bb, 0xb5bb,
0xb5bb, 0xb5bb, 0xb5bb, 0xb5bb, 0xb5bb, 0xb5bb, 0xb5bb, 0xb5bb, 0xb5bb, 0xb5bb,
0xb5bb, 0xb5bb, 0xb5bb, 0xb5bb, 0xb5bb, 0xb5bb, 0xb5bb, 0xb5bb, 0xb5bb, 0xb5bb,
0xb5bb, 0xb5bb, 0xb5bb, 0xb5bb, 0xb5bb, 0xb5bb, 0xb5bb, 0xb5bb, 0xb5bb, 0xb5bb,
0xb5bb, 0xb5bb, 0xb5bb, 0xb5bb, 0xb5bb, 0xb5bb, 0xb5bb, 0x0000, 0x4a8b, 0x31ea,
0x420c, 0x422e, 0x4270, 0x5b13, 0x6bd5, 0x8477, 0x9cf8, 0xad5a, 0xb5db, 0xbe1c,
0xd69e, 0xdf1d, 0xbe3a, 0x7bd5, 0x39b1, 0x20ce, 0x20eb, 0x294b, 0x31ae, 0x4211,
0x3a12, 0x31ce, 0x216a, 0x2148, 0x2968, 0x39e9, 0x424a, 0x4a4b, 0x4a4b, 0x4a4b,
0x4a4b, 0x4a4b, 0x4a4b, 0x4a4b, 0x4a4b, 0x4a4b, 0x4a4b, 0x4a4b, 0x4a4b, 0x4a4b,
0x4a4b, 0x4a4b, 0x4a4b, 0x4a4b, 0x4a4b, 0x4a4b, 0x4a4b, 0x4a4b, 0x4a4b, 0x4a4b,
0x4a4b, 0x4a4b, 0x4a4b, 0x4a4b, 0x4a4b, 0x4a4b, 0x4a4b, 0x4a4b, 0x4a4b, 0x4a4b,
0x4a4b, 0x4a4b, 0x4a4b, 0x4a4b, 0x4a4b, 0x4a4b, 0x4a4b, 0x4a4b, 0x4a4b, 0x4a4b,

0x4a8c, 0x4a8b, 0x4a8b, 0x4a8c, 0x4a8c, 0x528c, 0x528c, 0x528c, 0x528c, 0x4a8c,
0x4a6c, 0x4a4b, 0x420a, 0x420a, 0x420a, 0x420a, 0x420a, 0x420a, 0x420a, 0x420b,
0x0000, 0xb5bb, 0xb5bb, 0xb5bb, 0xb5bb, 0xb5bb, 0xb5bb, 0xb5bb, 0xb5bb, 0xb5bb,
0xb5bb, 0xb5bb, 0xb5bb, 0xb5bb, 0xb5bb, 0xb5bb, 0xb5bb, 0xb5bb, 0xb5bb, 0xb5bb,
0xb5bb, 0xb5bb, 0xb5bb, 0xb5bb, 0xb5bb, 0xb5bb, 0xb5bb, 0xb5bb, 0xb5bb, 0xb5bb,
0xb5bb, 0xb5bb, 0x0000, 0x318e, 0x316f, 0x3130, 0x290e, 0x420d, 0x8431, 0xbdf8,
0xd6dd, 0xd69d, 0xbdfc, 0xa51a, 0x73f7, 0x7c17, 0x9cd8, 0x7c13, 0x4aac, 0x422a,
0x52ad, 0x6b70, 0xb5bb, 0xb5bb, 0xb5bb, 0xb5bb, 0xb5bb, 0xb5bb, 0xb5bb, 0xb5bb,
0xb5bb, 0xb5bb, 0xb5bb, 0xb5bb, 0xb5bb, 0xb5bb, 0xb5bb, 0xb5bb, 0xb5bb, 0xb5bb,
0xb5bb, 0xb5bb, 0xb5bb, 0xb5bb, 0xb5bb, 0xb5bb, 0xb5bb, 0xb5bb, 0xb5bb, 0xb5bb,
0xb5bb, 0xb5bb, 0xb5bb, 0xb5bb, 0xb5bb, 0xb5bb, 0xb5bb, 0xb5bb, 0xb5bb, 0xb5bb,
0xb5bb, 0xb5bb, 0xb5bb, 0xb5bb, 0xb5bb, 0xb5bb, 0xb5bb, 0xb5bb, 0xb5bb, 0xb5bb,
0xb5bb, 0xb5bb, 0xb5bb, 0xb5bb, 0xb5bb, 0xb5bb, 0xb5bb, 0xb5bb, 0xb5bb, 0xb5bb,
0xb5bb, 0xb5bb, 0xb5bb, 0xb5bb, 0xb5bb, 0xb5bb, 0xb5bb, 0xb5bb, 0xb5bb, 0xb5bb,
0xb5bb, 0xb5bb, 0xb5bb, 0xb5bb, 0xb5bb, 0xb5bb, 0xb5bb, 0xb5bb, 0xb5bb, 0xb5bb,
0xb5bb, 0xb5bb, 0xb5bb, 0xb5bb, 0xb5bb, 0xb5bb, 0xb5bb, 0xb5bb, 0xb5bb, 0xb5bb,
0xb5bb, 0xb5bb, 0xb5bb, 0xb5bb, 0xb5bb, 0xb5bb, 0xb5bb, 0xb5bb, 0xb5bb, 0xb5bb,
0xb5bb, 0xb5bb, 0xb5bb, 0xb5bb, 0xb5bb, 0xb5bb, 0xb5bb, 0xb5bb, 0xb5bb, 0xb5bb,
0xb5bb, 0xb5bb, 0xb5bb, 0xb5bb, 0xb5bb, 0xb5bb, 0xb5bb, 0xb5bb, 0xb5bb, 0xb5bb,
0xb5bb, 0xb5bb, 0xb5bb, 0xb5bb, 0xb5bb, 0xb5bb, 0xb5bb, 0xb5bb, 0xb5bb, 0xb5bb,
0xb5bb, 0xb5bb, 0xb5bb, 0xb5bb, 0xb5bb, 0xb5bb, 0xb5bb, 0xb5bb, 0xb5bb, 0xb5bb,
0xb5bb, 0xb5bb, 0xb5bb, 0xb5bb, 0xb5bb, 0xb5bb, 0xb5bb, 0xb5bb, 0xb5bb, 0xb5bb,
0xb5bb, 0xb5bb, 0xb5bb, 0xb5bb, 0xb5bb, 0xb5bb, 0xb5bb, 0xb5bb, 0xb5bb, 0xb5bb,
0xb5bb, 0xb5bb, 0xb5bb, 0xb5bb, 0xb5bb, 0xb5bb, 0xb5bb, 0xb5bb, 0xb5bb, 0xb5bb,
0xb5bb, 0xb5bb, 0xb5bb, 0xb5bb, 0xb5bb, 0xb5bb, 0xb5bb, 0x0000, 0x52cc, 0x3a2b,
0x424c, 0x422e, 0x4a50, 0x5b13, 0x6bb5, 0x8437, 0x94b8, 0xa53a, 0xb5bb, 0xbddc,
0xce5d, 0xdedd, 0xbdfa, 0x7bb4, 0x39b1, 0x20ce, 0x20eb, 0x294b, 0x31ae, 0x41f1,
0x3a12, 0x31ce, 0x212a, 0x2108, 0x2968, 0x3a09, 0x424a, 0x4a4b, 0x4a4b, 0x4a4b,
0x4a4b, 0x4a4b, 0x4a4b, 0x4a4b, 0x4a4b, 0x4a4b, 0x4a4b, 0x4a4b, 0x4a4b, 0x4a4b,
0x4a4b, 0x4a4b, 0x4a4b, 0x4a4b, 0x4a4b, 0x4a4b, 0x4a4b, 0x4a4b, 0x4a4b, 0x4a4b,
0x4a4b, 0x4a4b, 0x4a4b, 0x4a4b, 0x4a4b, 0x4a4b, 0x4a4b, 0x4a4b, 0x4a4b, 0x4a4b,
0x4a4b, 0x4a4b, 0x4a4b, 0x4a4b, 0x4a4b, 0x4a4b, 0x4a4b, 0x4a4b, 0x424b, 0x424b,

0x4a8c, 0x4a8b, 0x4a8b, 0x4a8b, 0x4a8b, 0x4a8b, 0x528c, 0x528c, 0x528c, 0x528c,
0x4a8c, 0x4a8c, 0x424b, 0x422a, 0x422a, 0x422a, 0x420a, 0x420a, 0x420a, 0x420a,
0x0000, 0xb5bb, 0xb5bb, 0xb5bb, 0xb5bb, 0xb5bb, 0xb5bb, 0xb5bb, 0xb5bb, 0xb5bb,
0xb5bb, 0xb5bb, 0xb5bb, 0xb5bb, 0xb5bb, 0xb5bb, 0xb5bb, 0xb5bb, 0xb5bb, 0xb5bb,
0xb5bb, 0xb5bb, 0xb5bb, 0xb5bb, 0xb5bb, 0xb5bb, 0xb5bb, 0xb5bb, 0xb5bb, 0xb5bb,
0xb5bb, 0xb5bb, 0x0000, 0x318e, 0x316f, 0x3130, 0x290e, 0x420d, 0x8431, 0xbdf8,
0xd6dd, 0xd6bd, 0xc61b, 0xa53a, 0x7bf6, 0x7bf6, 0x94b8, 0x8c95, 0x6b8f, 0x4a8b,
0x528c, 0x632f, 0xb5bb, 0xb5bb, 0xb5bb, 0xb5bb, 0xb5bb, 0xb5bb, 0xb5bb, 0xb5bb,
0xb5bb, 0xb5bb, 0xb5bb, 0xb5bb, 0xb5bb, 0xb5bb, 0xb5bb, 0xb5bb, 0xb5bb, 0xb5bb,
0xb5bb, 0xb5bb, 0xb5bb, 0xb5bb, 0xb5bb, 0xb5bb, 0xb5bb, 0xb5bb, 0xb5bb, 0xb5bb,
0xb5bb, 0xb5bb, 0xb5bb, 0xb5bb, 0xb5bb, 0xb5bb, 0xb5bb, 0xb5bb, 0xb5bb, 0xb5bb,
0xb5bb, 0xb5bb, 0xb5bb, 0xb5bb, 0xb5bb, 0xb5bb, 0xb5bb, 0xb5bb, 0xb5bb, 0xb5bb,
0xb5bb, 0xb5bb, 0xb5bb, 0xb5bb, 0xb5bb, 0xb5bb, 0xb5bb, 0xb5bb, 0xb5bb, 0xb5bb,
0xb5bb, 0xb5bb, 0xb5bb, 0xb5bb, 0xb5bb, 0xb5bb, 0xb5bb, 0xb5bb, 0xb5bb, 0xb5bb,
0xb5bb, 0xb5bb, 0xb5bb, 0xb5bb, 0xb5bb, 0xb5bb, 0xb5bb, 0xb5bb, 0xb5bb, 0xb5bb,
0xb5bb, 0xb5bb, 0xb5bb, 0xb5bb, 0xb5bb, 0xb5bb, 0xb5bb, 0xb5bb, 0xb5bb, 0xb5bb,
0xb5bb, 0xb5bb, 0xb5bb, 0xb5bb, 0xb5bb, 0xb5bb, 0xb5bb, 0xb5bb, 0xb5bb, 0xb5bb,
0xb5bb, 0xb5bb, 0xb5bb, 0xb5bb, 0xb5bb, 0xb5bb, 0xb5bb, 0xb5bb, 0xb5bb, 0xb5bb,
0xb5bb, 0xb5bb, 0xb5bb, 0xb5bb, 0xb5bb, 0xb5bb, 0xb5bb, 0xb5bb, 0xb5bb, 0xb5bb,
0xb5bb, 0xb5bb, 0xb5bb, 0xb5bb, 0xb5bb, 0xb5bb, 0xb5bb, 0xb5bb, 0xb5bb, 0xb5bb,
0xb5bb, 0xb5bb, 0xb5bb, 0xb5bb, 0xb5bb, 0xb5bb, 0xb5bb, 0xb5bb, 0xb5bb, 0xb5bb,
0xb5bb, 0xb5bb, 0xb5bb, 0xb5bb, 0xb5bb, 0xb5bb, 0xb5bb, 0xb5bb, 0xb5bb, 0xb5bb,
0xb5bb, 0xb5bb, 0xb5bb, 0xb5bb, 0xb5bb, 0xb5bb, 0xb5bb, 0xb5bb, 0xb5bb, 0xb5bb,
0xb5bb, 0xb5bb, 0xb5bb, 0xb5bb, 0xb5bb, 0xb5bb, 0xb5bb, 0xb5bb, 0xb5bb, 0xb5bb,
0xb5bb, 0xb5bb, 0xb5bb, 0xb5bb, 0xb5bb, 0xb5bb, 0xb5bb, 0x0000, 0x4a6c, 0x31c9,
0x424c, 0x4a6f, 0x52b2, 0x5b34, 0x73b6, 0x8418, 0x9479, 0x9cd9, 0xad7a, 0xb5db,
0xc65c, 0xd6bd, 0xbdba, 0x7b94, 0x39b0, 0x20ce, 0x20eb, 0x294b, 0x31ae, 0x41f1,
0x3a11, 0x31ce, 0x214a, 0x2108, 0x2968, 0x39e9, 0x424a, 0x4a4b, 0x4a4b, 0x4a4b,
0x4a4b, 0x4a4b, 0x4a4b, 0x4a4b, 0x4a4b, 0x4a4b, 0x4a4b, 0x4a4b, 0x4a4b, 0x4a4b,
0x4a4b, 0x4a4b, 0x4a4b, 0x4a4b, 0x4a4b, 0x4a4b, 0x4a4b, 0x4a4b, 0x4a4b, 0x4a4b,
0x4a4b, 0x4a4b, 0x4a4b, 0x4a4b, 0x4a4b, 0x4a4b, 0x4a4b, 0x4a4b, 0x4a4b, 0x4a4b,
0x4a4b, 0x4a4b, 0x4a4b, 0x4a4b, 0x4a4b, 0x4a4b, 0x4a4b, 0x4a4b, 0x424b, 0x424a,

0x4a8c, 0x4a8c, 0x4a8c, 0x4a8b, 0x4a8b, 0x4a8b, 0x4a8c, 0x528c, 0x528c, 0x528c,
0x528c, 0x4a8c, 0x4a6c, 0x4a6b, 0x426a, 0x424a, 0x420a, 0x420a, 0x420a, 0x420a,
0x0000, 0xb5bb, 0xb5bb, 0xb5bb, 0xb5bb, 0xb5bb, 0xb5bb, 0xb5bb, 0xb5bb, 0xb5bb,
0xb5bb, 0xb5bb, 0xb5bb, 0xb5bb, 0xb5bb, 0xb5bb, 0xb5bb, 0xb5bb, 0xb5bb, 0xb5bb,
0xb5bb, 0xb5bb, 0xb5bb, 0xb5bb, 0xb5bb, 0xb5bb, 0xb5bb, 0xb5bb, 0xb5bb, 0xb5bb,
0xb5bb, 0xb5bb, 0x0000, 0x318e, 0x316f, 0x3130, 0x290e, 0x420d, 0x8431, 0xbdf8,
0xdedd, 0xd69d, 0xc61c, 0xad7a, 0x8c57, 0x73d6, 0x7c16, 0x8c96, 0x8453, 0x5aed,
0x528c, 0x630f, 0xb5bb, 0xb5bb, 0xb5bb, 0xb5bb, 0xb5bb, 0xb5bb, 0xb5bb, 0xb5bb,
0xb5bb, 0xb5bb, 0xb5bb, 0xb5bb, 0xb5bb, 0xb5bb, 0xb5bb, 0xb5bb, 0xb5bb, 0xb5bb,
0xb5bb, 0xb5bb, 0xb5bb, 0xb5bb, 0xb5bb, 0xb5bb, 0xb5bb, 0xb5bb, 0xb5bb, 0xb5bb,
0xb5bb, 0xb5bb, 0xb5bb, 0xb5bb, 0xb5bb, 0xb5bb, 0xb5bb, 0xb5bb, 0xb5bb, 0xb5bb,
0xb5bb, 0xb5bb, 0xb5bb, 0xb5bb, 0xb5bb, 0xb5bb, 0xb5bb, 0xb5bb, 0xb5bb, 0xb5bb,
0xb5bb, 0xb5bb, 0xb5bb, 0xb5bb, 0xb5bb, 0xb5bb, 0xb5bb, 0xb5bb, 0xb5bb, 0xb5bb,
0xb5bb, 0xb5bb, 0xb5bb, 0xb5bb, 0xb5bb, 0xb5bb, 0xb5bb, 0xb5bb, 0xb5bb, 0xb5bb,
0xb5bb, 0xb5bb, 0xb5bb, 0xb5bb, 0xb5bb, 0xb5bb, 0xb5bb, 0xb5bb, 0xb5bb, 0xb5bb,
0xb5bb, 0xb5bb, 0xb5bb, 0xb5bb, 0xb5bb, 0xb5bb, 0xb5bb, 0xb5bb, 0xb5bb, 0xb5bb,
0xb5bb, 0xb5bb, 0xb5bb, 0xb5bb, 0xb5bb, 0xb5bb, 0xb5bb, 0xb5bb, 0xb5bb, 0xb5bb,
0xb5bb, 0xb5bb, 0xb5bb, 0xb5bb, 0xb5bb, 0xb5bb, 0xb5bb, 0xb5bb, 0xb5bb, 0xb5bb,
0xb5bb, 0xb5bb, 0xb5bb, 0xb5bb, 0xb5bb, 0xb5bb, 0xb5bb, 0xb5bb, 0xb5bb, 0xb5bb,
0xb5bb, 0xb5bb, 0xb5bb, 0xb5bb, 0xb5bb, 0xb5bb, 0xb5bb, 0xb5bb, 0xb5bb, 0xb5bb,
0xb5bb, 0xb5bb, 0xb5bb, 0xb5bb, 0xb5bb, 0xb5bb, 0xb5bb, 0xb5bb, 0xb5bb, 0xb5bb,
0xb5bb, 0xb5bb, 0xb5bb, 0xb5bb, 0xb5bb, 0xb5bb, 0xb5bb, 0xb5bb, 0xb5bb, 0xb5bb,
0xb5bb, 0xb5bb, 0xb5bb, 0xb5bb, 0xb5bb, 0xb5bb, 0xb5bb, 0xb5bb, 0xb5bb, 0xb5bb,
0xb5bb, 0xb5bb, 0xb5bb, 0xb5bb, 0xb5bb, 0xb5bb, 0xb5bb, 0xb5bb, 0xb5bb, 0xb5bb,
0xb5bb, 0xb5bb, 0xb5bb, 0xb5bb, 0xb5bb, 0xb5bb, 0xb5bb, 0x7390, 0x4a4b, 0x2967,
0x422c, 0x528f, 0x52d2, 0x5b13, 0x6b95, 0x8417, 0x8c78, 0x94b9, 0xa55a, 0xad9b,
0xbe3c, 0xce9d, 0xb5b9, 0x7b94, 0x39b1, 0x20ce, 0x20eb, 0x294b, 0x31ae, 0x4211,
0x3a12, 0x31ce, 0x216a, 0x2148, 0x2968, 0x39e9, 0x424a, 0x4a4b, 0x4a4b, 0x4a4b,
0x4a4b, 0x4a4b, 0x4a4b, 0x4a4b, 0x4a4b, 0x4a4b, 0x4a4b, 0x4a4b, 0x4a4b, 0x4a4b,
0x4a4b, 0x4a4b, 0x4a4b, 0x4a4b, 0x4a4b, 0x4a4b, 0x4a4b, 0x4a4b, 0x4a4b, 0x4a4b,
0x4a4b, 0x4a4b, 0x4a4b, 0x4a4b, 0x4a4b, 0x4a4b, 0x4a4b, 0x4a4b, 0x4a4b, 0x4a4b,
0x4a4b, 0x4a4b, 0x4a4b, 0x4a4b, 0x4a4b, 0x4a4b, 0x4a4b, 0x4a4b, 0x424a, 0x424a,

0x528c, 0x4a8c, 0x4a8c, 0x4a8c, 0x4a8c, 0x4a8c, 0x4a8c, 0x4a8c, 0x528c, 0x528c,
0x528c, 0x528c, 0x528c, 0x528c, 0x4a8b, 0x428a, 0x424a, 0x422a, 0x420a, 0x420a,
0x0000, 0xb5bb, 0xb5bb, 0xb5bb, 0xb5bb, 0xb5bb, 0xb5bb, 0xb5bb, 0xb5bb, 0xb5bb,
0xb5bb, 0xb5bb, 0xb5bb, 0xb5bb, 0xb5bb, 0xb5bb, 0xb5bb, 0xb5bb, 0xb5bb, 0xb5bb,
0xb5bb, 0xb5bb, 0xb5bb, 0xb5bb, 0xb5bb, 0xb5bb, 0xb5bb, 0xb5bb, 0xb5bb, 0xb5bb,
0xb5bb, 0xb5bb, 0x0000, 0x318e, 0x316f, 0x3130, 0x290e, 0x420d, 0x8432, 0xbe18,
0xdedd, 0xd69e, 0xc61d, 0xadbb, 0x94d8, 0x7416, 0x6b95, 0x8416, 0x8c54, 0x5b2e,
0x4a8d, 0x5acf, 0xb5bb, 0xb5bb, 0xb5bb, 0xb5bb, 0xb5bb, 0xb5bb, 0xb5bb, 0xb5bb,
0xb5bb, 0xb5bb, 0xb5bb, 0xb5bb, 0xb5bb, 0xb5bb, 0xb5bb, 0xb5bb, 0xb5bb, 0xb5bb,
0xb5bb, 0xb5bb, 0xb5bb, 0xb5bb, 0xb5bb, 0xb5bb, 0xb5bb, 0xb5bb, 0xb5bb, 0xb5bb,
0xb5bb, 0xb5bb, 0xb5bb, 0xb5bb, 0xb5bb, 0xb5bb, 0xb5bb, 0xb5bb, 0xb5bb, 0xb5bb,
0xb5bb, 0xb5bb, 0xb5bb, 0xb5bb, 0xb5bb, 0xb5bb, 0xb5bb, 0xb5bb, 0xb5bb, 0xb5bb,
0xb5bb, 0xb5bb, 0xb5bb, 0xb5bb, 0xb5bb, 0xb5bb, 0xb5bb, 0xb5bb, 0xb5bb, 0xb5bb,
0xb5bb, 0xb5bb, 0xb5bb, 0xb5bb, 0xb5bb, 0xb5bb, 0xb5bb, 0xb5bb, 0xb5bb, 0xb5bb,
0xb5bb, 0xb5bb, 0xb5bb, 0xb5bb, 0xb5bb, 0xb5bb, 0xb5bb, 0xb5bb, 0xb5bb, 0xb5bb,
0xb5bb, 0xb5bb, 0xb5bb, 0xb5bb, 0xb5bb, 0xb5bb, 0xb5bb, 0xb5bb, 0xb5bb, 0xb5bb,
0xb5bb, 0xb5bb, 0xb5bb, 0xb5bb, 0xb5bb, 0xb5bb, 0xb5bb, 0xb5bb, 0xb5bb, 0xb5bb,
0xb5bb, 0xb5bb, 0xb5bb, 0xb5bb, 0xb5bb, 0xb5bb, 0xb5bb, 0xb5bb, 0xb5bb, 0xb5bb,
0xb5bb, 0xb5bb, 0xb5bb, 0xb5bb, 0xb5bb, 0xb5bb, 0xb5bb, 0xb5bb, 0xb5bb, 0xb5bb,
0xb5bb, 0xb5bb, 0xb5bb, 0xb5bb, 0xb5bb, 0xb5bb, 0xb5bb, 0xb5bb, 0xb5bb, 0xb5bb,
0xb5bb, 0xb5bb, 0xb5bb, 0xb5bb, 0xb5bb, 0xb5bb, 0xb5bb, 0xb5bb, 0xb5bb, 0xb5bb,
0xb5bb, 0xb5bb, 0xb5bb, 0xb5bb, 0xb5bb, 0xb5bb, 0xb5bb, 0xb5bb, 0xb5bb, 0xb5bb,
0xb5bb, 0xb5bb, 0xb5bb, 0xb5bb, 0xb5bb, 0xb5bb, 0xb5bb, 0xb5bb, 0xb5bb, 0xb5bb,
0xb5bb, 0xb5bb, 0xb5bb, 0xb5bb, 0xb5bb, 0xb5bb, 0xb5bb, 0xb5bb, 0xb5bb, 0xb5bb,
0xb5bb, 0xb5bb, 0xb5bb, 0xb5bb, 0xb5bb, 0xb5bb, 0xb5bb, 0x9494, 0x630e, 0x2968,
0x39ea, 0x4a4d, 0x4a4e, 0x4aaf, 0x5b31, 0x73d4, 0x8c77, 0x9cd9, 0xa51a, 0xad5b,
0xbddc, 0xce9c, 0xadb9, 0x7394, 0x41b1, 0x28ce, 0x28eb, 0x294b, 0x31ae, 0x4211,
0x3a12, 0x31ce, 0x216a, 0x2148, 0x2968, 0x39e9, 0x424a, 0x4a4b, 0x4a4b, 0x4a4b,
0x4a4b, 0x4a4b, 0x4a4b, 0x4a4b, 0x4a4b, 0x4a4b, 0x4a4b, 0x4a4b, 0x4a4b, 0x4a4b,
0x4a4b, 0x4a4b, 0x4a4b, 0x4a4b, 0x4a4b, 0x4a4b, 0x4a4b, 0x4a4b, 0x4a4b, 0x4a4b,
0x4a4b, 0x4a4b, 0x4a4b, 0x4a4b, 0x4a4b, 0x4a4b, 0x4a4b, 0x4a4b, 0x4a4b, 0x4a4b,
0x4a4b, 0x4a4b, 0x4a4b, 0x4a4b, 0x4a4b, 0x4a4b, 0x4a4b, 0x424b, 0x424a, 0x424a,

0x528c, 0x528c, 0x4a8c, 0x528c, 0x4a8c, 0x4a8c, 0x4a8c, 0x4a8c, 0x4a8c, 0x4a8c,
0x4a8c, 0x528c, 0x52ac, 0x52cc, 0x52ac, 0x4a8b, 0x4a8a, 0x424a, 0x422a, 0x420a,
0x0000, 0xb5bb, 0xb5bb, 0xb5bb, 0xb5bb, 0xb5bb, 0xb5bb, 0xb5bb, 0xb5bb, 0xb5bb,
0xb5bb, 0xb5bb, 0xb5bb, 0xb5bb, 0xb5bb, 0xb5bb, 0xb5bb, 0xb5bb, 0xb5bb, 0xb5bb,
0xb5bb, 0xb5bb, 0xb5bb, 0xb5bb, 0xb5bb, 0xb5bb, 0xb5bb, 0xb5bb, 0xb5bb, 0xb5bb,
0xb5bb, 0xb5bb, 0x0000, 0x318e, 0x316f, 0x3130, 0x290e, 0x420d, 0x8432, 0xbdf8,
0xdedd, 0xd6de, 0xc63d, 0xb59b, 0x9cf9, 0x7c17, 0x6375, 0x8456, 0x8cb5, 0x5b0e,
0x422b, 0x4a6d, 0xb5bb, 0xb5bb, 0xb5bb, 0xb5bb, 0xb5bb, 0xb5bb, 0xb5bb, 0xb5bb,
0xb5bb, 0xb5bb, 0xb5bb, 0xb5bb, 0xb5bb, 0xb5bb, 0xb5bb, 0xb5bb, 0xb5bb, 0xb5bb,
0xb5bb, 0xb5bb, 0xb5bb, 0xb5bb, 0xb5bb, 0xb5bb, 0xb5bb, 0xb5bb, 0xb5bb, 0xb5bb,
0xb5bb, 0xb5bb, 0xb5bb, 0xb5bb, 0xb5bb, 0xb5bb, 0xb5bb, 0xb5bb, 0xb5bb, 0xb5bb,
0xb5bb, 0xb5bb, 0xb5bb, 0xb5bb, 0xb5bb, 0xb5bb, 0xb5bb, 0xb5bb, 0xb5bb, 0xb5bb,
0xb5bb, 0xb5bb, 0xb5bb, 0xb5bb, 0xb5bb, 0xb5bb, 0xb5bb, 0xb5bb, 0xb5bb, 0xb5bb,
0xb5bb, 0xb5bb, 0xb5bb, 0xb5bb, 0xb5bb, 0xb5bb, 0xb5bb, 0xb5bb, 0xb5bb, 0xb5bb,
0xb5bb, 0xb5bb, 0xb5bb, 0xb5bb, 0xb5bb, 0xb5bb, 0xb5bb, 0xb5bb, 0xb5bb, 0xb5bb,
0xb5bb, 0xb5bb, 0xb5bb, 0xb5bb, 0xb5bb, 0xb5bb, 0xb5bb, 0xb5bb, 0xb5bb, 0xb5bb,
0xb5bb, 0xb5bb, 0xb5bb, 0xb5bb, 0xb5bb, 0xb5bb, 0xb5bb, 0xb5bb, 0xb5bb, 0xb5bb,
0xb5bb, 0xb5bb, 0xb5bb, 0xb5bb, 0xb5bb, 0xb5bb, 0xb5bb, 0xb5bb, 0xb5bb, 0xb5bb,
0xb5bb, 0xb5bb, 0xb5bb, 0xb5bb, 0xb5bb, 0xb5bb, 0xb5bb, 0xb5bb, 0xb5bb, 0xb5bb,
0xb5bb, 0xb5bb, 0xb5bb, 0xb5bb, 0xb5bb, 0xb5bb, 0xb5bb, 0xb5bb, 0xb5bb, 0xb5bb,
0xb5bb, 0xb5bb, 0xb5bb, 0xb5bb, 0xb5bb, 0xb5bb, 0xb5bb, 0xb5bb, 0xb5bb, 0xb5bb,
0xb5bb, 0xb5bb, 0xb5bb, 0xb5bb, 0xb5bb, 0xb5bb, 0xb5bb, 0xb5bb, 0xb5bb, 0xb5bb,
0xb5bb, 0xb5bb, 0xb5bb, 0xb5bb, 0xb5bb, 0xb5bb, 0xb5bb, 0xb5bb, 0xb5bb, 0xb5bb,
0xb5bb, 0xb5bb, 0xb5bb, 0xb5bb, 0xb5bb, 0xb5bb, 0xb5bb, 0xb5bb, 0xb5bb, 0xb5bb,
0xb5bb, 0xb5bb, 0xb5bb, 0xb5bb, 0xb5bb, 0xb5bb, 0xb5bb, 0xb5bb, 0x7391, 0x2947,
0x2968, 0x3a0b, 0x4a8e, 0x5b10, 0x6372, 0x73d5, 0x7c56, 0x8c98, 0x9cf9, 0xa53a,
0xbddb, 0xce5c, 0xad99, 0x7394, 0x41b1, 0x28ce, 0x28eb, 0x294b, 0x31ae, 0x4211,
0x3a11, 0x31ce, 0x216a, 0x2148, 0x2968, 0x39e9, 0x424a, 0x4a4b, 0x4a4b, 0x4a4b,
0x4a4b, 0x4a4b, 0x4a4b, 0x4a4b, 0x4a4b, 0x4a4b, 0x4a4b, 0x4a4b, 0x4a4b, 0x4a4b,
0x4a4b, 0x4a4b, 0x4a4b, 0x4a4b, 0x4a4b, 0x4a4b, 0x4a4b, 0x4a4b, 0x4a4b, 0x4a4b,
0x4a4b, 0x4a4b, 0x4a4b, 0x4a4b, 0x4a4b, 0x4a4b, 0x4a4b, 0x4a4b, 0x4a4b, 0x4a4b,
0x4a4b, 0x4a4b, 0x4a4b, 0x4a4b, 0x424b, 0x424b, 0x424b, 0x424a, 0x424a, 0x424b,

0x528c, 0x528c, 0x528c, 0x528c, 0x4a8c, 0x4a8c, 0x4a8c, 0x4a8c, 0x4a8c, 0x4a8c,
0x4a8c, 0x4a8c, 0x4aac, 0x52ac, 0x528c, 0x528c, 0x4a8b, 0x4a8b, 0x426b, 0x422a,
0x0000, 0xb5bb, 0xb5bb, 0xb5bb, 0xb5bb, 0xb5bb, 0xb5bb, 0xb5bb, 0xb5bb, 0xb5bb,
0xb5bb, 0xb5bb, 0xb5bb, 0xb5bb, 0xb5bb, 0xb5bb, 0xb5bb, 0xb5bb, 0xb5bb, 0xb5bb,
0xb5bb, 0xb5bb, 0xb5bb, 0xb5bb, 0xb5bb, 0xb5bb, 0xb5bb, 0xb5bb, 0xb5bb, 0xb5bb,
0xb5bb, 0xb5bb, 0x0000, 0x318e, 0x316f, 0x3130, 0x290e, 0x420d, 0x8431, 0xbdf8,
0xdedd, 0xd6de, 0xc65c, 0xb5bb, 0x9d19, 0x7c57, 0x6b95, 0x8456, 0x94b5, 0x6b6f,
0x4a6b, 0x424b, 0xb5bb, 0xb5bb, 0xb5bb, 0xb5bb, 0xb5bb, 0xb5bb, 0xb5bb, 0xb5bb,
0xb5bb, 0xb5bb, 0xb5bb, 0xb5bb, 0xb5bb, 0xb5bb, 0xb5bb, 0xb5bb, 0xb5bb, 0xb5bb,
0xb5bb, 0xb5bb, 0xb5bb, 0xb5bb, 0xb5bb, 0xb5bb, 0xb5bb, 0xb5bb, 0xb5bb, 0xb5bb,
0xb5bb, 0xb5bb, 0xb5bb, 0xb5bb, 0xb5bb, 0xb5bb, 0xb5bb, 0xb5bb, 0xb5bb, 0xb5bb,
0xb5bb, 0xb5bb, 0xb5bb, 0xb5bb, 0xb5bb, 0xb5bb, 0xb5bb, 0xb5bb, 0xb5bb, 0xb5bb,
0xb5bb, 0xb5bb, 0xb5bb, 0xb5bb, 0xb5bb, 0xb5bb, 0xb5bb, 0xb5bb, 0xb5bb, 0xb5bb,
0xb5bb, 0xb5bb, 0xb5bb, 0xb5bb, 0xb5bb, 0xb5bb, 0xb5bb, 0xb5bb, 0xb5bb, 0xb5bb,
0xb5bb, 0xb5bb, 0xb5bb, 0xb5bb, 0xb5bb, 0xb5bb, 0xb5bb, 0xb5bb, 0xb5bb, 0xb5bb,
0xb5bb, 0xb5bb, 0xb5bb, 0xb5bb, 0xb5bb, 0xb5bb, 0xb5bb, 0xb5bb, 0xb5bb, 0xb5bb,
0xb5bb, 0xb5bb, 0xb5bb, 0xb5bb, 0xb5bb, 0xb5bb, 0xb5bb, 0xb5bb, 0xb5bb, 0xb5bb,
0xb5bb, 0xb5bb, 0xb5bb, 0xb5bb, 0xb5bb, 0xb5bb, 0xb5bb, 0xb5bb, 0xb5bb, 0xb5bb,
0xb5bb, 0xb5bb, 0xb5bb, 0xb5bb, 0xb5bb, 0xb5bb, 0xb5bb, 0xb5bb, 0xb5bb, 0xb5bb,
0xb5bb, 0xb5bb, 0xb5bb, 0xb5bb, 0xb5bb, 0xb5bb, 0xb5bb, 0xb5bb, 0xb5bb, 0xb5bb,
0xb5bb, 0xb5bb, 0xb5bb, 0xb5bb, 0xb5bb, 0xb5bb, 0xb5bb, 0xb5bb, 0xb5bb, 0xb5bb,
0xb5bb, 0xb5bb, 0xb5bb, 0xb5bb, 0xb5bb, 0xb5bb, 0xb5bb, 0xb5bb, 0xb5bb, 0xb5bb,
0xb5bb, 0xb5bb, 0xb5bb, 0xb5bb, 0xb5bb, 0xb5bb, 0xb5bb, 0xb5bb, 0xb5bb, 0xb5bb,
0xb5bb, 0xb5bb, 0xb5bb, 0xb5bb, 0xb5bb, 0xb5bb, 0xb5bb, 0xb5bb, 0xb5bb, 0xb5bb,
0xb5bb, 0xb5bb, 0xb5bb, 0xb5bb, 0xb5bb, 0xb5bb, 0xb5bb, 0x9cd8, 0x6310, 0x2127,
0x31a9, 0x422d, 0x52b0, 0x5b32, 0x6374, 0x73b5, 0x73f6, 0x8437, 0x94b8, 0xa519,
0xb5bb, 0xc61c, 0xad59, 0x7374, 0x41b0, 0x28cd, 0x28eb, 0x294b, 0x31ae, 0x4211,
0x3a11, 0x31ce, 0x216a, 0x2148, 0x2968, 0x39e9, 0x424a, 0x4a4b, 0x4a4b, 0x4a4b,
0x4a4b, 0x4a4b, 0x4a4b, 0x4a4b, 0x4a4b, 0x4a4b, 0x4a4b, 0x4a4b, 0x4a4b, 0x4a4b,
0x4a4b, 0x4a4b, 0x4a4b, 0x4a4b, 0x4a4b, 0x4a4b, 0x4a4b, 0x4a4b, 0x4a4b, 0x4a4b,
0x4a4b, 0x4a4b, 0x4a4b, 0x4a4b, 0x4a4b, 0x4a4b, 0x4a4b, 0x4a4b, 0x4a4b, 0x4a4b,
0x4a4b, 0x4a4b, 0x4a4b, 0x424b, 0x424b, 0x424b, 0x422a, 0x424a, 0x424a, 0x424b,

0x528c, 0x528c, 0x528c, 0x528c, 0x4a8c, 0x4a8c, 0x4a8c, 0x4a8c, 0x4a8c, 0x4a8c,
0x4a8c, 0x4a8c, 0x4a8c, 0x528c, 0x528c, 0x528c, 0x528c, 0x4a8b, 0x4a8b, 0x426a,
0x0000, 0xb5bb, 0xb5bb, 0xb5bb, 0xb5bb, 0xb5bb, 0xb5bb, 0xb5bb, 0xb5bb, 0xb5bb,
0xb5bb, 0xb5bb, 0xb5bb, 0xb5bb, 0xb5bb, 0xb5bb, 0xb5bb, 0xb5bb, 0xb5bb, 0xb5bb,
0xb5bb, 0xb5bb, 0xb5bb, 0xb5bb, 0xb5bb, 0xb5bb, 0xb5bb, 0xb5bb, 0xb5bb, 0xb5bb,
0xb5bb, 0xb5bb, 0x0000, 0x318e, 0x316f, 0x3130, 0x290e, 0x420d, 0x8432, 0xbdf8,
0xdedd, 0xdede, 0xce5c, 0xbdfb, 0xa559, 0x8477, 0x6b95, 0x73d6, 0x8c56, 0x8412,
0x632e, 0x424b, 0xb5bb, 0xb5bb, 0xb5bb, 0xb5bb, 0xb5bb, 0xb5bb, 0xb5bb, 0xb5bb,
0xb5bb, 0xb5bb, 0xb5bb, 0xb5bb, 0xb5bb, 0xb5bb, 0xb5bb, 0xb5bb, 0xb5bb, 0xb5bb,
0xb5bb, 0xb5bb, 0xb5bb, 0xb5bb, 0xb5bb, 0xb5bb, 0xb5bb, 0xb5bb, 0xb5bb, 0xb5bb,
0xb5bb, 0xb5bb, 0xb5bb, 0xb5bb, 0xb5bb, 0xb5bb, 0xb5bb, 0xb5bb, 0xb5bb, 0xb5bb,
0xb5bb, 0xb5bb, 0xb5bb, 0xb5bb, 0xb5bb, 0xb5bb, 0xb5bb, 0xb5bb, 0xb5bb, 0xb5bb,
0xb5bb, 0xb5bb, 0xb5bb, 0xb5bb, 0xb5bb, 0xb5bb, 0xb5bb, 0xb5bb, 0xb5bb, 0xb5bb,
0xb5bb, 0xb5bb, 0xb5bb, 0xb5bb, 0xb5bb, 0xb5bb, 0xb5bb, 0xb5bb, 0xb5bb, 0xb5bb,
0xb5bb, 0xb5bb, 0xb5bb, 0xb5bb, 0xb5bb, 0xb5bb, 0xb5bb, 0xb5bb, 0xb5bb, 0xb5bb,
0xb5bb, 0xb5bb, 0xb5bb, 0xb5bb, 0xb5bb, 0xb5bb, 0xb5bb, 0xb5bb, 0xb5bb, 0xb5bb,
0xb5bb, 0xb5bb, 0xb5bb, 0xb5bb, 0xb5bb, 0xb5bb, 0xb5bb, 0xb5bb, 0xb5bb, 0xb5bb,
0xb5bb, 0xb5bb, 0xb5bb, 0xb5bb, 0xb5bb, 0xb5bb, 0xb5bb, 0xb5bb, 0xb5bb, 0xb5bb,
0xb5bb, 0xb5bb, 0xb5bb, 0xb5bb, 0xb5bb, 0xb5bb, 0xb5bb, 0xb5bb, 0xb5bb, 0xb5bb,
0xb5bb, 0xb5bb, 0xb5bb, 0xb5bb, 0xb5bb, 0xb5bb, 0xb5bb, 0xb5bb, 0xb5bb, 0xb5bb,
0xb5bb, 0xb5bb, 0xb5bb, 0xb5bb, 0xb5bb, 0xb5bb, 0xb5bb, 0xb5bb, 0xb5bb, 0xb5bb,
0xb5bb, 0xb5bb, 0xb5bb, 0xb5bb, 0xb5bb, 0xb5bb, 0xb5bb, 0xb5bb, 0xb5bb, 0xb5bb,
0xb5bb, 0xb5bb, 0xb5bb, 0xb5bb, 0xb5bb, 0xb5bb, 0xb5bb, 0xb5bb, 0xb5bb, 0xb5bb,
0xb5bb, 0xb5bb, 0xb5bb, 0xb5bb, 0xb5bb, 0xb5bb, 0xb5bb, 0xb5bb, 0xb5bb, 0xb5bb,
0xb5bb, 0xb5bb, 0xb5bb, 0xb5bb, 0xb5bb, 0xb5bb, 0xb5bb, 0x5aee, 0x420b, 0x3189,
0x4a4d, 0x5290, 0x5291, 0x52d3, 0x5b14, 0x6b55, 0x7396, 0x7bf7, 0x8c78, 0x9cf9,
0xb59b, 0xbe1c, 0xad39, 0x7354, 0x4191, 0x28ce, 0x28eb, 0x294b, 0x31ae, 0x4211,
0x3a12, 0x31ce, 0x216a, 0x2148, 0x2968, 0x39e9, 0x424a, 0x4a4b, 0x4a4b, 0x4a4b,
0x4a4b, 0x4a4b, 0x4a4b, 0x4a4b, 0x4a4b, 0x4a4b, 0x4a4b, 0x4a4b, 0x4a4b, 0x4a4b,
0x4a4b, 0x4a4b, 0x4a4b, 0x4a4b, 0x4a4b, 0x4a4b, 0x4a4b, 0x4a4b, 0x4a4b, 0x4a4b,
0x4a4b, 0x4a4b, 0x4a4b, 0x4a4b, 0x4a4b, 0x4a4b, 0x4a4b, 0x4a4b, 0x4a4b, 0x4a4b,
0x4a4b, 0x4a4b, 0x424b, 0x424b, 0x424b, 0x422a, 0x420a, 0x424b, 0x424b, 0x4a4b,

0x528c, 0x528c, 0x528c, 0x528c, 0x4a8c, 0x4a8c, 0x4a8c, 0x4a8c, 0x4a8c, 0x4a8b,
0x4a8b, 0x4a8b, 0x4a8b, 0x4a8b, 0x4a8c, 0x4a8c, 0x528c, 0x528c, 0x528c, 0x4a4b,
0x0000, 0x0000, 0x0000, 0x0000, 0x0000, 0x0000, 0x0000, 0x0000, 0x0000, 0x0000,
0x0000, 0x0000, 0x0000, 0x0000, 0x0000, 0x0000, 0x0000, 0x0000, 0x0000, 0x0000,
0x0000, 0x0000, 0x0000, 0x0000, 0x0000, 0x0000, 0x0000, 0x0000, 0x0000, 0x0000,
0x0000, 0x0000, 0x0000, 0x318e, 0x316f, 0x3130, 0x290e, 0x420d, 0x8432, 0xbdf8,
0xdedd, 0xdede, 0xce5c, 0xbdfb, 0xad5a, 0x8c78, 0x6b74, 0x6354, 0x73d5, 0x8434,
0x7390, 0x4a4b, 0xb5bb, 0xb5bb, 0xb5bb, 0xb5bb, 0xb5bb, 0xb5bb, 0xb5bb, 0xb5bb,
0xb5bb, 0xb5bb, 0xb5bb, 0xb5bb, 0xb5bb, 0xb5bb, 0xb5bb, 0xb5bb, 0xb5bb, 0xb5bb,
0xb5bb, 0xb5bb, 0xb5bb, 0xb5bb, 0xb5bb, 0xb5bb, 0xb5bb, 0xb5bb, 0xb5bb, 0xb5bb,
0xb5bb, 0xb5bb, 0xb5bb, 0xb5bb, 0xb5bb, 0xb5bb, 0xb5bb, 0xb5bb, 0xb5bb, 0xb5bb,
0xb5bb, 0xb5bb, 0xb5bb, 0xb5bb, 0xb5bb, 0xb5bb, 0xb5bb, 0xb5bb, 0xb5bb, 0xb5bb,
0xb5bb, 0xb5bb, 0xb5bb, 0xb5bb, 0xb5bb, 0xb5bb, 0xb5bb, 0xb5bb, 0xb5bb, 0xb5bb,
0xb5bb, 0xb5bb, 0xb5bb, 0xb5bb, 0xb5bb, 0xb5bb, 0xb5bb, 0xb5bb, 0xb5bb, 0xb5bb,
0xb5bb, 0xb5bb, 0xb5bb, 0xb5bb, 0xb5bb, 0xb5bb, 0xb5bb, 0xb5bb, 0xb5bb, 0xb5bb,
0xb5bb, 0xb5bb, 0xb5bb, 0xb5bb, 0xb5bb, 0xb5bb, 0xb5bb, 0xb5bb, 0xb5bb, 0xb5bb,
0xb5bb, 0xb5bb, 0xb5bb, 0xb5bb, 0xb5bb, 0xb5bb, 0xb5bb, 0xb5bb, 0xb5bb, 0xb5bb,
0xb5bb, 0xb5bb, 0xb5bb, 0xb5bb, 0xb5bb, 0xb5bb, 0xb5bb, 0xb5bb, 0xb5bb, 0xb5bb,
0xb5bb, 0xb5bb, 0xb5bb, 0xb5bb, 0xb5bb, 0xb5bb, 0xb5bb, 0xb5bb, 0xb5bb, 0xb5bb,
0xb5bb, 0xb5bb, 0xb5bb, 0xb5bb, 0xb5bb, 0xb5bb, 0xb5bb, 0xb5bb, 0xb5bb, 0xb5bb,
0xb5bb, 0xb5bb, 0xb5bb, 0xb5bb, 0xb5bb, 0xb5bb, 0xb5bb, 0xb5bb, 0xb5bb, 0xb5bb,
0xb5bb, 0xb5bb, 0xb5bb, 0xb5bb, 0xb5bb, 0xb5bb, 0xb5bb, 0xb5bb, 0xb5bb, 0xb5bb,
0xb5bb, 0xb5bb, 0xb5bb, 0xb5bb, 0xb5bb, 0xb5bb, 0xb5bb, 0xb5bb, 0xb5bb, 0xb5bb,
0xb5bb, 0xb5bb, 0xb5bb, 0xb5bb, 0xb5bb, 0xb5bb, 0xb5bb, 0xb5bb, 0xb5bb, 0xb5bb,
0xb5bb, 0xb5bb, 0xb5bb, 0xb5bb, 0xb5bb, 0xb5bb, 0xb5bb, 0x4a8b, 0x3a0a, 0x39cb,
0x424f, 0x4270, 0x4250, 0x4a92, 0x52d3, 0x6314, 0x7395, 0x7bf7, 0x8c58, 0x9cd9,
0xb59b, 0xc61c, 0xad39, 0x7354, 0x4191, 0x28ce, 0x28eb, 0x294b, 0x31ae, 0x4211,
0x3a12, 0x31ce, 0x216a, 0x2148, 0x2968, 0x39e9, 0x424a, 0x4a4b, 0x4a4b, 0x4a4b,
0x4a4b, 0x4a4b, 0x4a4b, 0x4a4b, 0x4a4b, 0x4a4b, 0x4a4b, 0x4a4b, 0x4a4b, 0x4a4b,
0x4a4b, 0x4a4b, 0x4a4b, 0x4a4b, 0x4a4b, 0x4a4b, 0x4a4b, 0x4a4b, 0x4a4b, 0x4a4b,
0x4a4b, 0x4a4b, 0x4a4b, 0x4a4b, 0x4a4b, 0x4a4b, 0x4a4b, 0x4a4b, 0x4a4b, 0x4a4b,
0x424b, 0x424b, 0x424b, 0x424b, 0x420a, 0x422a, 0x424a, 0x424a, 0x4a6b, 0x528c,

0x528c, 0x528c, 0x528c, 0x4a8c, 0x4a8c, 0x4a8c, 0x4a8c, 0x4a8c, 0x4a8c, 0x4a8b,
0x4a8a, 0x4a8a, 0x4a8b, 0x4a8b, 0x4a8b, 0x4a8b, 0x4a8c, 0x528c, 0x528c, 0x4a8c,
0x4a6b, 0x424a, 0x424a, 0x422a, 0x420a, 0x420a, 0x420a, 0x420a, 0x422a, 0x424b,
0x4a4b, 0x4a4b, 0x4a4b, 0x4a4b, 0x4a4b, 0x4a4b, 0x4a4b, 0x4a4b, 0x4a4b, 0x4a4b,
0x4a4b, 0x4a4b, 0x4a4b, 0x4a6b, 0x422a, 0x31c8, 0x2187, 0x3a0a, 0x632f, 0x6332,
0x4a51, 0x4212, 0x39f1, 0x318e, 0x316f, 0x3130, 0x290e, 0x41ed, 0x8431, 0xbdf8,
0xdedd, 0xd6de, 0xc65c, 0xb5bb, 0xa51a, 0x8457, 0x6375, 0x5313, 0x6393, 0x7c54,
0x7390, 0x422a, 0xb5bb, 0xb5bb, 0xb5bb, 0xb5bb, 0xb5bb, 0xb5bb, 0xb5bb, 0xb5bb,
0xb5bb, 0xb5bb, 0xb5bb, 0xb5bb, 0xb5bb, 0xb5bb, 0xb5bb, 0xb5bb, 0xb5bb, 0xb5bb,
0xb5bb, 0xb5bb, 0xb5bb, 0xb5bb, 0xb5bb, 0xb5bb, 0xb5bb, 0xb5bb, 0xb5bb, 0xb5bb,
0xb5bb, 0xb5bb, 0xb5bb, 0xb5bb, 0xb5bb, 0xb5bb, 0xb5bb, 0xb5bb, 0xb5bb, 0xb5bb,
0xb5bb, 0xb5bb, 0xb5bb, 0xb5bb, 0xb5bb, 0xb5bb, 0xb5bb, 0xb5bb, 0xb5bb, 0xb5bb,
0xb5bb, 0xb5bb, 0xb5bb, 0xb5bb, 0xb5bb, 0xb5bb, 0xb5bb, 0xb5bb, 0xb5bb, 0xb5bb,
0xb5bb, 0xb5bb, 0xb5bb, 0xb5bb, 0xb5bb, 0xb5bb, 0xb5bb, 0xb5bb, 0xb5bb, 0xb5bb,
0xb5bb, 0xb5bb, 0xb5bb, 0xb5bb, 0xb5bb, 0xb5bb, 0xb5bb, 0xb5bb, 0xb5bb, 0xb5bb,
0xb5bb, 0xb5bb, 0xb5bb, 0xb5bb, 0xb5bb, 0xb5bb, 0xb5bb, 0xb5bb, 0xb5bb, 0xb5bb,
0xb5bb, 0xb5bb, 0xb5bb, 0xb5bb, 0xb5bb, 0xb5bb, 0xb5bb, 0xb5bb, 0xb5bb, 0xb5bb,
0xb5bb, 0xb5bb, 0xb5bb, 0xb5bb, 0xb5bb, 0xb5bb, 0xb5bb, 0xb5bb, 0xb5bb, 0xb5bb,
0xb5bb, 0xb5bb, 0xb5bb, 0xb5bb, 0xb5bb, 0xb5bb, 0xb5bb, 0xb5bb, 0xb5bb, 0xb5bb,
0xb5bb, 0xb5bb, 0xb5bb, 0xb5bb, 0xb5bb, 0xb5bb, 0xb5bb, 0xb5bb, 0xb5bb, 0xb5bb,
0xb5bb, 0xb5bb, 0xb5bb, 0xb5bb, 0xb5bb, 0xb5bb, 0xb5bb, 0xb5bb, 0xb5bb, 0xb5bb,
0xb5bb, 0xb5bb, 0xb5bb, 0xb5bb, 0xb5bb, 0xb5bb, 0xb5bb, 0xb5bb, 0xb5bb, 0xb5bb,
0xb5bb, 0xb5bb, 0xb5bb, 0xb5bb, 0xb5bb, 0xb5bb, 0xb5bb, 0xb5bb, 0xb5bb, 0xb5bb,
0xb5bb, 0xb5bb, 0xb5bb, 0xb5bb, 0xb5bb, 0xb5bb, 0xb5bb, 0xb5bb, 0xb5bb, 0xb5bb,
0xb5bb, 0xb5bb, 0xb5bb, 0xb5bb, 0xb5bb, 0xb5bb, 0xb5bb, 0x52ed, 0x424c, 0x29ac,
0x31ee, 0x3a2f, 0x4250, 0x4a71, 0x52b2, 0x6313, 0x6b74, 0x7bd5, 0x8c57, 0x94b9,
0xad7b, 0xbe1b, 0xa558, 0x6b54, 0x4191, 0x28cd, 0x28eb, 0x294b, 0x31ae, 0x4211,
0x3a11, 0x31ce, 0x216a, 0x2148, 0x2968, 0x39e9, 0x424a, 0x4a4b, 0x4a4b, 0x4a4b,
0x4a4b, 0x4a4b, 0x4a4b, 0x4a4b, 0x4a4b, 0x4a4b, 0x4a4b, 0x4a4b, 0x4a4b, 0x4a4b,
0x4a4b, 0x4a4b, 0x4a4b, 0x4a4b, 0x4a4b, 0x4a4b, 0x4a4b, 0x4a4b, 0x4a4b, 0x4a4b,
0x4a4b, 0x4a4b, 0x4a4b, 0x4a4b, 0x4a4b, 0x4a4b, 0x4a4b, 0x4a4b, 0x4a4b, 0x4a4b,
0x424b, 0x424b, 0x422a, 0x422a, 0x422a, 0x424a, 0x424a, 0x4a6b, 0x528c, 0x528c,

0x4a8b, 0x4a8c, 0x4a8c, 0x4a8c, 0x4a8c, 0x4a8c, 0x4a8c, 0x4a8c, 0x4a8c, 0x4a8b,
0x4a8b, 0x4a8b, 0x4a8b, 0x4a8b, 0x4a8b, 0x4a8b, 0x4a8c, 0x4a8c, 0x4a8c, 0x4a8c,
0x4a8c, 0x4a6b, 0x424a, 0x424a, 0x422a, 0x420a, 0x420a, 0x420a, 0x420a, 0x422a,
0x424b, 0x4a4b, 0x4a4b, 0x4a4b, 0x4a4b, 0x4a4b, 0x4a4b, 0x4a4b, 0x4a4b, 0x4a4b,
0x4a4b, 0x4a4b, 0x4a4b, 0x4a6b, 0x422a, 0x31e8, 0x2187, 0x3a0a, 0x632f, 0x6332,
0x4a51, 0x4212, 0x39f1, 0x318e, 0x316f, 0x3130, 0x290e, 0x420d, 0x8431, 0xbdf8,
0xd6bd, 0xcedd, 0xbe3c, 0xb59b, 0x9cd9, 0x7416, 0x5b34, 0x4b13, 0x6373, 0x73f2,
0x632e, 0x39e9, 0xb5bb, 0xb5bb, 0xb5bb, 0xb5bb, 0xb5bb, 0xb5bb, 0xb5bb, 0xb5bb,
0xb5bb, 0xb5bb, 0xb5bb, 0xb5bb, 0xb5bb, 0xb5bb, 0xb5bb, 0xb5bb, 0xb5bb, 0xb5bb,
0xb5bb, 0xb5bb, 0xb5bb, 0xb5bb, 0xb5bb, 0xb5bb, 0xb5bb, 0xb5bb, 0xb5bb, 0xb5bb,
0xb5bb, 0xb5bb, 0xb5bb, 0xb5bb, 0xb5bb, 0xb5bb, 0xb5bb, 0xb5bb, 0xb5bb, 0xb5bb,
0xb5bb, 0xb5bb, 0xb5bb, 0xb5bb, 0xb5bb, 0xb5bb, 0xb5bb, 0xb5bb, 0xb5bb, 0xb5bb,
0xb5bb, 0xb5bb, 0xb5bb, 0xb5bb, 0xb5bb, 0xb5bb, 0xb5bb, 0xb5bb, 0xb5bb, 0xb5bb,
0xb5bb, 0xb5bb, 0xb5bb, 0xb5bb, 0xb5bb, 0xb5bb, 0xb5bb, 0xb5bb, 0xb5bb, 0xb5bb,
0xb5bb, 0xb5bb, 0xb5bb, 0xb5bb, 0xb5bb, 0xb5bb, 0xb5bb, 0xb5bb, 0xb5bb, 0xb5bb,
0xb5bb, 0xb5bb, 0xb5bb, 0xb5bb, 0xb5bb, 0xb5bb, 0xb5bb, 0xb5bb, 0xb5bb, 0xb5bb,
0xb5bb, 0xb5bb, 0xb5bb, 0xb5bb, 0xb5bb, 0xb5bb, 0xb5bb, 0xb5bb, 0xb5bb, 0xb5bb,
0xb5bb, 0xb5bb, 0xb5bb, 0xb5bb, 0xb5bb, 0xb5bb, 0xb5bb, 0xb5bb, 0xb5bb, 0xb5bb,
0xb5bb, 0xb5bb, 0xb5bb, 0xb5bb, 0xb5bb, 0xb5bb, 0xb5bb, 0xb5bb, 0xb5bb, 0xb5bb,
0xb5bb, 0xb5bb, 0xb5bb, 0xb5bb, 0xb5bb, 0xb5bb, 0xb5bb, 0xb5bb, 0xb5bb, 0xb5bb,
0xb5bb, 0xb5bb, 0xb5bb, 0xb5bb, 0xb5bb, 0xb5bb, 0xb5bb, 0xb5bb, 0xb5bb, 0xb5bb,
0xb5bb, 0xb5bb, 0xb5bb, 0xb5bb, 0xb5bb, 0xb5bb, 0xb5bb, 0xb5bb, 0xb5bb, 0xb5bb,
0xb5bb, 0xb5bb, 0xb5bb, 0xb5bb, 0xb5bb, 0xb5bb, 0xb5bb, 0xb5bb, 0xb5bb, 0xb5bb,
0xb5bb, 0xb5bb, 0xb5bb, 0xb5bb, 0xb5bb, 0xb5bb, 0xb5bb, 0xb5bb, 0xb5bb, 0xb5bb,
0xb5bb, 0xb5bb, 0xb5bb, 0xb5bb, 0xb5bb, 0xb5bb, 0xb5bb, 0x5b2e, 0x426d, 0x298c,
0x29ad, 0x320f, 0x4250, 0x4a71, 0x52b2, 0x6313, 0x6b75, 0x73b6, 0x8437, 0x9498,
0xa55a, 0xb5db, 0xa538, 0x6b54, 0x3991, 0x28cd, 0x28eb, 0x294b, 0x31ae, 0x4211,
0x3a11, 0x31ce, 0x216a, 0x2148, 0x2968, 0x39e9, 0x424a, 0x4a4b, 0x4a4b, 0x4a4b,
0x4a4b, 0x4a4b, 0x4a4b, 0x4a4b, 0x4a4b, 0x4a4b, 0x4a4b, 0x4a4b, 0x4a4b, 0x4a4b,
0x4a4b, 0x4a4b, 0x4a4b, 0x4a4b, 0x4a4b, 0x4a4b, 0x4a4b, 0x4a4b, 0x4a4b, 0x4a4b,
0x4a4b, 0x4a4b, 0x4a4b, 0x4a4b, 0x4a4b, 0x4a4b, 0x4a4b, 0x4a4b, 0x4a4b, 0x4a4b,
0x424b, 0x422a, 0x420a, 0x420a, 0x424b, 0x4a4b, 0x4a6b, 0x528c, 0x528c, 0x528c,

0x4a8b, 0x4a8b, 0x4a8c, 0x4a8c, 0x4a8c, 0x4a8c, 0x4a8c, 0x4a8c, 0x4a8c, 0x4a8c,
0x4a8c, 0x4a8c, 0x4a8c, 0x4a8c, 0x4a8c, 0x4a8c, 0x4a8c, 0x4a8c, 0x4a8c, 0x4a8c,
0x4a8c, 0x4a8c, 0x4a6b, 0x4a4b, 0x424a, 0x422a, 0x420a, 0x420a, 0x420a, 0x420a,
0x422a, 0x424b, 0x4a4b, 0x4a4b, 0x4a4b, 0x4a4b, 0x4a4b, 0x4a4b, 0x4a4b, 0x4a4b,
0x4a4b, 0x4a4b, 0x4a4b, 0x4a6b, 0x422a, 0x31c8, 0x2187, 0x3a0a, 0x632f, 0x6332,
0x4a51, 0x4212, 0x39f1, 0x318e, 0x316f, 0x3130, 0x290e, 0x420d, 0x8432, 0xbdd8,
0xd69c, 0xce9c, 0xbdfb, 0xad5a, 0x9498, 0x7395, 0x52d2, 0x52f2, 0x6b73, 0x6330,
0x526c, 0x39c9, 0xb5bb, 0xb5bb, 0xb5bb, 0xb5bb, 0xb5bb, 0xb5bb, 0xb5bb, 0xb5bb,
0xb5bb, 0xb5bb, 0xb5bb, 0xb5bb, 0xb5bb, 0xb5bb, 0xb5bb, 0xb5bb, 0xb5bb, 0xb5bb,
0xb5bb, 0xb5bb, 0xb5bb, 0xb5bb, 0xb5bb, 0xb5bb, 0xb5bb, 0xb5bb, 0xb5bb, 0xb5bb,
0xb5bb, 0xb5bb, 0xb5bb, 0xb5bb, 0xb5bb, 0xb5bb, 0xb5bb, 0xb5bb, 0xb5bb, 0xb5bb,
0xb5bb, 0xb5bb, 0xb5bb, 0xb5bb, 0xb5bb, 0xb5bb, 0xb5bb, 0xb5bb, 0xb5bb, 0xb5bb,
0xb5bb, 0xb5bb, 0xb5bb, 0xb5bb, 0xb5bb, 0xb5bb, 0xb5bb, 0xb5bb, 0xb5bb, 0xb5bb,
0xb5bb, 0xb5bb, 0xb5bb, 0xb5bb, 0xb5bb, 0xb5bb, 0xb5bb, 0xb5bb, 0xb5bb, 0xb5bb,
0xb5bb, 0xb5bb, 0xb5bb, 0xb5bb, 0xb5bb, 0xb5bb, 0xb5bb, 0xb5bb, 0xb5bb, 0xb5bb,
0xb5bb, 0xb5bb, 0xb5bb, 0xb5bb, 0xb5bb, 0xb5bb, 0xb5bb, 0xb5bb, 0xb5bb, 0xb5bb,
0xb5bb, 0xb5bb, 0xb5bb, 0xb5bb, 0xb5bb, 0xb5bb, 0xb5bb, 0xb5bb, 0xb5bb, 0xb5bb,
0xb5bb, 0xb5bb, 0xb5bb, 0xb5bb, 0xb5bb, 0xb5bb, 0xb5bb, 0xb5bb, 0xb5bb, 0xb5bb,
0xb5bb, 0xb5bb, 0xb5bb, 0xb5bb, 0xb5bb, 0xb5bb, 0xb5bb, 0xb5bb, 0xb5bb, 0xb5bb,
0xb5bb, 0xb5bb, 0xb5bb, 0xb5bb, 0xb5bb, 0xb5bb, 0xb5bb, 0xb5bb, 0xb5bb, 0xb5bb,
0xb5bb, 0xb5bb, 0xb5bb, 0xb5bb, 0xb5bb, 0xb5bb, 0xb5bb, 0xb5bb, 0xb5bb, 0xb5bb,
0xb5bb, 0xb5bb, 0xb5bb, 0xb5bb, 0xb5bb, 0xb5bb, 0xb5bb, 0xb5bb, 0xb5bb, 0xb5bb,
0xb5bb, 0xb5bb, 0xb5bb, 0xb5bb, 0xb5bb, 0xb5bb, 0xb5bb, 0xb5bb, 0xb5bb, 0xb5bb,
0xb5bb, 0xb5bb, 0xb5bb, 0xb5bb, 0xb5bb, 0xb5bb, 0xb5bb, 0xb5bb, 0xb5bb, 0xb5bb,
0xb5bb, 0xb5bb, 0xb5bb, 0xb5bb, 0xb5bb, 0xb5bb, 0xb5bb, 0x52cd, 0x3a2c, 0x29ac,
0x31cd, 0x31ee, 0x3a0f, 0x4270, 0x52d2, 0x6314, 0x6b75, 0x73b6, 0x8417, 0x8c98,
0xa55a, 0xb5bb, 0xa519, 0x6b54, 0x39b1, 0x28ce, 0x28eb, 0x294b, 0x31ae, 0x4211,
0x3a12, 0x31ce, 0x216a, 0x2148, 0x2968, 0x39e9, 0x424a, 0x4a4b, 0x4a4b, 0x4a4b,
0x4a4b, 0x4a4b, 0x4a4b, 0x4a4b, 0x4a4b, 0x4a4b, 0x4a4b, 0x4a4b, 0x4a4b, 0x4a4b,
0x4a4b, 0x4a4b, 0x4a4b, 0x4a4b, 0x4a4b, 0x4a4b, 0x4a4b, 0x4a4b, 0x4a4b, 0x4a4b,
0x4a4b, 0x4a4b, 0x4a4b, 0x4a4b, 0x4a4b, 0x4a4b, 0x4a4b, 0x4a4b, 0x4a4b, 0x424b,
0x422a, 0x420a, 0x420a, 0x422a, 0x4a4b, 0x4a6b, 0x528c, 0x528c, 0x528c, 0x528c,

0x4a4b, 0x4a6b, 0x4a8b, 0x4a8b, 0x4a8b, 0x4a8c, 0x4a8c, 0x4a8c, 0x4a8c, 0x4a8c,
0x4a8c, 0x4a8c, 0x4a8c, 0x4a8c, 0x4a8c, 0x4a8c, 0x4a8c, 0x4a8c, 0x4a8c, 0x4a8c,
0x4a8c, 0x528c, 0x4a8c, 0x4a8c, 0x4a8b, 0x426a, 0x422a, 0x420a, 0x420a, 0x420a,
0x420a, 0x422a, 0x424b, 0x424b, 0x4a4b, 0x4a4b, 0x4a4b, 0x4a4b, 0x4a4b, 0x4a4b,
0x4a4b, 0x4a4b, 0x4a4b, 0x4a6b, 0x422a, 0x31a8, 0x2167, 0x3a0a, 0x632f, 0x6332,
0x4a51, 0x4212, 0x39f1, 0x318e, 0x316f, 0x3130, 0x290e, 0x41ed, 0x7bf2, 0xb5d8,
0xd69c, 0xc63d, 0xb59b, 0x9cf9, 0x7c17, 0x6354, 0x52b2, 0x5b32, 0x6371, 0x4a8b,
0x31e8, 0x39c9, 0xb5bb, 0xb5bb, 0xb5bb, 0xb5bb, 0xb5bb, 0xb5bb, 0xb5bb, 0xb5bb,
0xb5bb, 0xb5bb, 0xb5bb, 0xb5bb, 0xb5bb, 0xb5bb, 0xb5bb, 0xb5bb, 0xb5bb, 0xb5bb,
0xb5bb, 0xb5bb, 0xb5bb, 0xb5bb, 0xb5bb, 0xb5bb, 0xb5bb, 0xb5bb, 0xb5bb, 0xb5bb,
0xb5bb, 0xb5bb, 0xb5bb, 0xb5bb, 0xb5bb, 0xb5bb, 0xb5bb, 0xb5bb, 0xb5bb, 0xb5bb,
0xb5bb, 0xb5bb, 0xb5bb, 0xb5bb, 0xb5bb, 0xb5bb, 0xb5bb, 0xb5bb, 0xb5bb, 0xb5bb,
0xb5bb, 0xb5bb, 0xb5bb, 0xb5bb, 0xb5bb, 0xb5bb, 0xb5bb, 0xb5bb, 0xb5bb, 0xb5bb,
0xb5bb, 0xb5bb, 0xb5bb, 0xb5bb, 0xb5bb, 0xb5bb, 0xb5bb, 0xb5bb, 0xb5bb, 0xb5bb,
0xb5bb, 0xb5bb, 0xb5bb, 0xb5bb, 0xb5bb, 0xb5bb, 0xb5bb, 0xb5bb, 0xb5bb, 0xb5bb,
0xb5bb, 0xb5bb, 0xb5bb, 0xb5bb, 0xb5bb, 0xb5bb, 0xb5bb, 0xb5bb, 0xb5bb, 0xb5bb,
0xb5bb, 0xb5bb, 0xb5bb, 0xb5bb, 0xb5bb, 0xb5bb, 0xb5bb, 0xb5bb, 0xb5bb, 0xb5bb,
0xb5bb, 0xb5bb, 0xb5bb, 0xb5bb, 0xb5bb, 0xb5bb, 0xb5bb, 0xb5bb, 0xb5bb, 0xb5bb,
0xb5bb, 0xb5bb, 0xb5bb, 0xb5bb, 0xb5bb, 0xb5bb, 0xb5bb, 0xb5bb, 0xb5bb, 0xb5bb,
0xb5bb, 0xb5bb, 0xb5bb, 0xb5bb, 0xb5bb, 0xb5bb, 0xb5bb, 0xb5bb, 0xb5bb, 0xb5bb,
0xb5bb, 0xb5bb, 0xb5bb, 0xb5bb, 0xb5bb, 0xb5bb, 0xb5bb, 0xb5bb, 0xb5bb, 0xb5bb,
0xb5bb, 0xb5bb, 0xb5bb, 0xb5bb, 0xb5bb, 0xb5bb, 0xb5bb, 0xb5bb, 0xb5bb, 0xb5bb,
0xb5bb, 0xb5bb, 0xb5bb, 0xb5bb, 0xb5bb, 0xb5bb, 0xb5bb, 0xb5bb, 0xb5bb, 0xb5bb,
0xb5bb, 0xb5bb, 0xb5bb, 0xb5bb, 0xb5bb, 0xb5bb, 0xb5bb, 0xb5bb, 0xb5bb, 0xb5bb,
0xb5bb, 0xb5bb, 0xb5bb, 0xb5bb, 0xb5bb, 0xb5bb, 0xb5bb, 0x4a4b, 0x3a0a, 0x31cb,
0x320c, 0x39cd, 0x39ce, 0x4270, 0x52d2, 0x52f2, 0x5b12, 0x6b72, 0x7c36, 0x94b8,
0xad5a, 0xbddb, 0xa518, 0x6b54, 0x39b1, 0x28ce, 0x28eb, 0x294b, 0x31ae, 0x4211,
0x3a12, 0x31ce, 0x216a, 0x2148, 0x2968, 0x39e9, 0x424a, 0x4a4b, 0x4a4b, 0x4a4b,
0x4a4b, 0x4a4b, 0x4a4b, 0x4a4b, 0x4a4b, 0x4a4b, 0x4a4b, 0x4a4b, 0x4a4b, 0x4a4b,
0x4a4b, 0x4a4b, 0x4a4b, 0x4a4b, 0x4a4b, 0x4a4b, 0x4a4b, 0x4a4b, 0x4a4b, 0x4a4b,
0x4a4b, 0x4a4b, 0x4a4b, 0x4a4b, 0x4a4b, 0x4a4b, 0x4a4b, 0x4a4b, 0x4a4b, 0x424a,
0x424a, 0x424a, 0x424a, 0x4a4b, 0x4a8c, 0x4a8c, 0x528c, 0x528c, 0x528c, 0x528c,

0x422a, 0x424a, 0x426a, 0x4a6b, 0x4a6b, 0x4a8b, 0x4a8b, 0x4a8b, 0x4a8c, 0x4a8c,
0x4a8c, 0x4a8c, 0x4a8c, 0x4a8c, 0x4a8c, 0x4a8c, 0x4a8c, 0x4a8c, 0x4a8c, 0x4a8c,
0x4a8c, 0x4a8c, 0x4a8c, 0x4a8c, 0x528c, 0x4a8b, 0x426a, 0x422a, 0x420a, 0x420a,
0x420a, 0x420a, 0x422a, 0x424a, 0x424b, 0x4a4b, 0x4a4b, 0x4a4b, 0x4a4b, 0x4a4b,
0x4a4b, 0x4a4b, 0x4a4b, 0x4a6b, 0x420a, 0x3188, 0x2147, 0x320a, 0x630f, 0x6332,
0x4a51, 0x4212, 0x39f1, 0x318e, 0x316f, 0x3130, 0x290d, 0x41ed, 0x7bf1, 0xb5b8,
0xce5c, 0xbdfc, 0xad3a, 0x9498, 0x6b95, 0x5b13, 0x5b12, 0x5b11, 0x52ad, 0x39e9,
0x31c8, 0x420a, 0xb5bb, 0xb5bb, 0xb5bb, 0xb5bb, 0xb5bb, 0xb5bb, 0xb5bb, 0xb5bb,
0xb5bb, 0xb5bb, 0xb5bb, 0xb5bb, 0xb5bb, 0xb5bb, 0xb5bb, 0xb5bb, 0xb5bb, 0xb5bb,
0xb5bb, 0xb5bb, 0xb5bb, 0xb5bb, 0xb5bb, 0xb5bb, 0xb5bb, 0xb5bb, 0xb5bb, 0xb5bb,
0xb5bb, 0xb5bb, 0xb5bb, 0xb5bb, 0xb5bb, 0xb5bb, 0xb5bb, 0xb5bb, 0xb5bb, 0xb5bb,
0xb5bb, 0xb5bb, 0xb5bb, 0xb5bb, 0xb5bb, 0xb5bb, 0xb5bb, 0xb5bb, 0xb5bb, 0xb5bb,
0xb5bb, 0xb5bb, 0xb5bb, 0xb5bb, 0xb5bb, 0xb5bb, 0xb5bb, 0xb5bb, 0xb5bb, 0xb5bb,
0xb5bb, 0xb5bb, 0xb5bb, 0xb5bb, 0xb5bb, 0xb5bb, 0xb5bb, 0xb5bb, 0xb5bb, 0xb5bb,
0xb5bb, 0xb5bb, 0xb5bb, 0xb5bb, 0xb5bb, 0xb5bb, 0xb5bb, 0xb5bb, 0xb5bb, 0xb5bb,
0xb5bb, 0xb5bb, 0xb5bb, 0xb5bb, 0xb5bb, 0xb5bb, 0xb5bb, 0xb5bb, 0xb5bb, 0xb5bb,
0xb5bb, 0xb5bb, 0xb5bb, 0xb5bb, 0xb5bb, 0xb5bb, 0xb5bb, 0xb5bb, 0xb5bb, 0xb5bb,
0xb5bb, 0xb5bb, 0xb5bb, 0xb5bb, 0xb5bb, 0xb5bb, 0xb5bb, 0xb5bb, 0xb5bb, 0xb5bb,
0xb5bb, 0xb5bb, 0xb5bb, 0xb5bb, 0xb5bb, 0xb5bb, 0xb5bb, 0xb5bb, 0xb5bb, 0xb5bb,
0xb5bb, 0xb5bb, 0xb5bb, 0xb5bb, 0xb5bb, 0xb5bb, 0xb5bb, 0xb5bb, 0xb5bb, 0xb5bb,
0xb5bb, 0xb5bb, 0xb5bb, 0xb5bb, 0xb5bb, 0xb5bb, 0xb5bb, 0xb5bb, 0xb5bb, 0xb5bb,
0xb5bb, 0xb5bb, 0xb5bb, 0xb5bb, 0xb5bb, 0xb5bb, 0xb5bb, 0xb5bb, 0xb5bb, 0xb5bb,
0xb5bb, 0xb5bb, 0xb5bb, 0xb5bb, 0xb5bb, 0xb5bb, 0xb5bb, 0xb5bb, 0xb5bb, 0xb5bb,
0xb5bb, 0xb5bb, 0xb5bb, 0xb5bb, 0xb5bb, 0xb5bb, 0xb5bb, 0xb5bb, 0xb5bb, 0xb5bb,
0xb5bb, 0xb5bb, 0xb5bb, 0xb5bb, 0xb5bb, 0xb5bb, 0xb5bb, 0x4a6b, 0x39c9, 0x2989,
0x3a2d, 0x424e, 0x420e, 0x3a2d, 0x3a0b, 0x3a0b, 0x4a6d, 0x6b51, 0x8c75, 0x9cf9,
0xad7b, 0xb5bc, 0x9d18, 0x6b54, 0x39b1, 0x28cd, 0x28eb, 0x294b, 0x31ae, 0x4211,
0x3a11, 0x31ce, 0x216a, 0x2148, 0x2968, 0x39e9, 0x424a, 0x4a4b, 0x4a4b, 0x4a4b,
0x4a4b, 0x4a4b, 0x4a4b, 0x4a4b, 0x4a4b, 0x4a4b, 0x4a4b, 0x4a4b, 0x4a4b, 0x4a4b,
0x4a4b, 0x4a4b, 0x4a4b, 0x4a4b, 0x4a4b, 0x4a4b, 0x4a4b, 0x4a4b, 0x4a4b, 0x4a4b,
0x4a4b, 0x4a4b, 0x4a4b, 0x4a4b, 0x4a4b, 0x4a4b, 0x4a4b, 0x4a4b, 0x424b, 0x422a,
0x422a, 0x424a, 0x424a, 0x4a4b, 0x4a8c, 0x4a8c, 0x528c, 0x528c, 0x528c, 0x528c,

0x420a, 0x422a, 0x422a, 0x422a, 0x424b, 0x4a8a, 0x4a8b, 0x4a8b, 0x4a8c, 0x4a8b,
0x4a8c, 0x4a8c, 0x4a8c, 0x4a8c, 0x4a8c, 0x4a8c, 0x4a8c, 0x4a8c, 0x4a8c, 0x4a8c,
0x4a8b, 0x4a8c, 0x4a8c, 0x528c, 0x528c, 0x528c, 0x4a8b, 0x426a, 0x424a, 0x420a,
0x420a, 0x420a, 0x420a, 0x420a, 0x424a, 0x424b, 0x4a4b, 0x4a4b, 0x4a4b, 0x4a4b,
0x4a4b, 0x424b, 0x424b, 0x426b, 0x3a2a, 0x31a8, 0x2967, 0x3a0a, 0x632f, 0x6332,
0x4a51, 0x4212, 0x39f1, 0x318e, 0x316f, 0x3130, 0x290e, 0x41ed, 0x7bf1, 0xb597,
0xc63c, 0xbddc, 0x9d19, 0x8436, 0x6333, 0x5b33, 0x6372, 0x52ce, 0x39ea, 0x39c9,
0x420b, 0x4a6d, 0xb5bb, 0xb5bb, 0xb5bb, 0xb5bb, 0xb5bb, 0xb5bb, 0xb5bb, 0xb5bb,
0xb5bb, 0xb5bb, 0xb5bb, 0xb5bb, 0xb5bb, 0xb5bb, 0xb5bb, 0xb5bb, 0xb5bb, 0xb5bb,
0xb5bb, 0xb5bb, 0xb5bb, 0xb5bb, 0xb5bb, 0xb5bb, 0xb5bb, 0xb5bb, 0xb5bb, 0xb5bb,
0xb5bb, 0xb5bb, 0xb5bb, 0xb5bb, 0xb5bb, 0xb5bb, 0xb5bb, 0xb5bb, 0xb5bb, 0xb5bb,
0xb5bb, 0xb5bb, 0xb5bb, 0xb5bb, 0xb5bb, 0xb5bb, 0xb5bb, 0xb5bb, 0xb5bb, 0xb5bb,
0xb5bb, 0xb5bb, 0xb5bb, 0xb5bb, 0xb5bb, 0xb5bb, 0xb5bb, 0xb5bb, 0xb5bb, 0xb5bb,
0xb5bb, 0xb5bb, 0xb5bb, 0xb5bb, 0xb5bb, 0xb5bb, 0xb5bb, 0xb5bb, 0xb5bb, 0xb5bb,
0xb5bb, 0xb5bb, 0xb5bb, 0xb5bb, 0xb5bb, 0xb5bb, 0xb5bb, 0xb5bb, 0xb5bb, 0xb5bb,
0xb5bb, 0xb5bb, 0xb5bb, 0xb5bb, 0xb5bb, 0xb5bb, 0xb5bb, 0xb5bb, 0xb5bb, 0xb5bb,
0xb5bb, 0xb5bb, 0xb5bb, 0xb5bb, 0xb5bb, 0xb5bb, 0xb5bb, 0xb5bb, 0xb5bb, 0xb5bb,
0xb5bb, 0xb5bb, 0xb5bb, 0xb5bb, 0xb5bb, 0xb5bb, 0xb5bb, 0xb5bb, 0xb5bb, 0xb5bb,
0xb5bb, 0xb5bb, 0xb5bb, 0xb5bb, 0xb5bb, 0xb5bb, 0xb5bb, 0xb5bb, 0xb5bb, 0xb5bb,
0xb5bb, 0xb5bb, 0xb5bb, 0xb5bb, 0xb5bb, 0xb5bb, 0xb5bb, 0xb5bb, 0xb5bb, 0xb5bb,
0xb5bb, 0xb5bb, 0xb5bb, 0xb5bb, 0xb5bb, 0xb5bb, 0xb5bb, 0xb5bb, 0xb5bb, 0xb5bb,
0xb5bb, 0xb5bb, 0xb5bb, 0xb5bb, 0xb5bb, 0xb5bb, 0xb5bb, 0xb5bb, 0xb5bb, 0xb5bb,
0xb5bb, 0xb5bb, 0xb5bb, 0xb5bb, 0xb5bb, 0xb5bb, 0xb5bb, 0xb5bb, 0xb5bb, 0xb5bb,
0xb5bb, 0xb5bb, 0xb5bb, 0xb5bb, 0xb5bb, 0xb5bb, 0xb5bb, 0xb5bb, 0xb5bb, 0xb5bb,
0xb5bb, 0xb5bb, 0xb5bb, 0xb5bb, 0xb5bb, 0xb5bb, 0xb5bb, 0x632f, 0x39ea, 0x2948,
0x4a8d, 0x52ef, 0x4a4d, 0x31ca, 0x29a8, 0x3a0a, 0x52ae, 0x73b3, 0x9477, 0x9d1a,
0xad9c, 0xbddc, 0xa519, 0x6b54, 0x41b0, 0x28ce, 0x28eb, 0x294b, 0x31ae, 0x4211,
0x3a11, 0x31ce, 0x216a, 0x2148, 0x2968, 0x39e9, 0x424a, 0x4a4b, 0x4a4b, 0x4a4b,
0x4a4b, 0x4a4b, 0x4a4b, 0x4a4b, 0x4a4b, 0x4a4b, 0x4a4b, 0x4a4b, 0x4a4b, 0x4a4b,
0x4a4b, 0x4a4b, 0x4a4b, 0x4a4b, 0x4a4b, 0x4a4b, 0x4a4b, 0x4a4b, 0x4a4b, 0x4a4b,
0x4a4b, 0x4a4b, 0x4a4b, 0x4a4b, 0x4a4b, 0x4a4b, 0x4a4b, 0x424b, 0x422a, 0x420a,
0x422a, 0x424b, 0x4a4b, 0x4a6b, 0x528c, 0x528c, 0x528c, 0x528c, 0x528c, 0x528c,

0x420a, 0x420a, 0x420a, 0x420a, 0x422a, 0x424a, 0x4a4b, 0x4a6b, 0x4a8b, 0x4a8b,
0x4a8b, 0x4a8c, 0x4a8c, 0x4a8c, 0x4a8c, 0x4a8c, 0x4a8c, 0x4a8c, 0x4a8c, 0x4a8b,
0x4a8b, 0x4a8b, 0x4a8c, 0x4a8c, 0x528c, 0x528c, 0x528c, 0x4a8b, 0x428a, 0x424a,
0x422a, 0x420a, 0x420a, 0x420a, 0x420a, 0x424a, 0x424b, 0x4a4b, 0x4a4b, 0x4a4b,
0x424b, 0x424b, 0x424b, 0x426b, 0x422a, 0x39e8, 0x3187, 0x420a, 0x632f, 0x6332,
0x4a51, 0x4212, 0x39f1, 0x318e, 0x316f, 0x3130, 0x290e, 0x41ed, 0x7bf2, 0xad77,
0xbdfb, 0xadbb, 0x8cb8, 0x73d5, 0x6353, 0x6373, 0x6371, 0x4a6c, 0x39c8, 0x420a,
0x528d, 0x5acf, 0xb5bb, 0xb5bb, 0xb5bb, 0xb5bb, 0xb5bb, 0xb5bb, 0xb5bb, 0xb5bb,
0xb5bb, 0xb5bb, 0xb5bb, 0xb5bb, 0xb5bb, 0xb5bb, 0xb5bb, 0xb5bb, 0xb5bb, 0xb5bb,
0xb5bb, 0xb5bb, 0xb5bb, 0xb5bb, 0xb5bb, 0xb5bb, 0xb5bb, 0xb5bb, 0xb5bb, 0xb5bb,
0xb5bb, 0xb5bb, 0xb5bb, 0xb5bb, 0xb5bb, 0xb5bb, 0xb5bb, 0xb5bb, 0xb5bb, 0xb5bb,
0xb5bb, 0xb5bb, 0xb5bb, 0xb5bb, 0xb5bb, 0xb5bb, 0xb5bb, 0xb5bb, 0xb5bb, 0xb5bb,
0xb5bb, 0xb5bb, 0xb5bb, 0xb5bb, 0xb5bb, 0xb5bb, 0xb5bb, 0xb5bb, 0xb5bb, 0xb5bb,
0xb5bb, 0xb5bb, 0xb5bb, 0xb5bb, 0xb5bb, 0xb5bb, 0xb5bb, 0xb5bb, 0xb5bb, 0xb5bb,
0xb5bb, 0xb5bb, 0xb5bb, 0xb5bb, 0xb5bb, 0xb5bb, 0xb5bb, 0xb5bb, 0xb5bb, 0xb5bb,
0xb5bb, 0xb5bb, 0xb5bb, 0xb5bb, 0xb5bb, 0xb5bb, 0xb5bb, 0xb5bb, 0xb5bb, 0xb5bb,
0xb5bb, 0xb5bb, 0xb5bb, 0xb5bb, 0xb5bb, 0xb5bb, 0xb5bb, 0xb5bb, 0xb5bb, 0xb5bb,
0xb5bb, 0xb5bb, 0xb5bb, 0xb5bb, 0xb5bb, 0xb5bb, 0xb5bb, 0xb5bb, 0xb5bb, 0xb5bb,
0xb5bb, 0xb5bb, 0xb5bb, 0xb5bb, 0xb5bb, 0xb5bb, 0xb5bb, 0xb5bb, 0xb5bb, 0xb5bb,
0xb5bb, 0xb5bb, 0xb5bb, 0xb5bb, 0xb5bb, 0xb5bb, 0xb5bb, 0xb5bb, 0xb5bb, 0xb5bb,
0xb5bb, 0xb5bb, 0xb5bb, 0xb5bb, 0xb5bb, 0xb5bb, 0xb5bb, 0xb5bb, 0xb5bb, 0xb5bb,
0xb5bb, 0xb5bb, 0xb5bb, 0xb5bb, 0xb5bb, 0xb5bb, 0xb5bb, 0xb5bb, 0xb5bb, 0xb5bb,
0xb5bb, 0xb5bb, 0xb5bb, 0xb5bb, 0xb5bb, 0xb5bb, 0xb5bb, 0xb5bb, 0xb5bb, 0xb5bb,
0xb5bb, 0xb5bb, 0xb5bb, 0xb5bb, 0xb5bb, 0xb5bb, 0xb5bb, 0xb5bb, 0xb5bb, 0xb5bb,
0xb5bb, 0xb5bb, 0xb5bb, 0xb5bb, 0xb5bb, 0xb5bb, 0xb5bb, 0x8c73, 0x52ad, 0x2968,
0x4a8c, 0x52cd, 0x422b, 0x420b, 0x4a6c, 0x5b30, 0x73b4, 0x8416, 0x9499, 0x9cfa,
0xb59c, 0xc61c, 0xad39, 0x7354, 0x4191, 0x28ce, 0x28eb, 0x294b, 0x31ae, 0x4211,
0x3a12, 0x31ce, 0x216a, 0x2148, 0x2968, 0x39e9, 0x424a, 0x4a4b, 0x4a4b, 0x4a4b,
0x4a4b, 0x4a4b, 0x4a4b, 0x4a4b, 0x4a4b, 0x4a4b, 0x4a4b, 0x4a4b, 0x4a4b, 0x4a4b,
0x4a4b, 0x4a4b, 0x4a4b, 0x4a4b, 0x4a4b, 0x4a4b, 0x4a4b, 0x4a4b, 0x4a4b, 0x4a4b,
0x4a4b, 0x4a4b, 0x4a4b, 0x4a4b, 0x4a4b, 0x4a4b, 0x424b, 0x422a, 0x420a, 0x424a,
0x424a, 0x4a4b, 0x526c, 0x528c, 0x528c, 0x528c, 0x528c, 0x528c, 0x528c, 0x528c,

0x420a, 0x420a, 0x420a, 0x420a, 0x420a, 0x420a, 0x420a, 0x422a, 0x4a6b, 0x4a4b,
0x4a6b, 0x4a8b, 0x4a8b, 0x4a8c, 0x4a8c, 0x4a8c, 0x4a8c, 0x4a8c, 0x4a8c, 0x4a8c,
0x0000, 0x0000, 0x0000, 0x0000, 0x0000, 0x0000, 0x0000, 0x0000, 0x0000, 0x0000,
0x0000, 0x0000, 0x0000, 0x0000, 0x0000, 0x0000, 0x0000, 0x0000, 0x0000, 0x0000,
0x0000, 0x0000, 0x0000, 0x0000, 0x0000, 0x0000, 0x0000, 0x0000, 0x0000, 0x0000,
0x0000, 0x0000, 0x0000, 0x318e, 0x316f, 0x3130, 0x290e, 0x41ed, 0x7bd2, 0xad37,
0xb5db, 0xa55a, 0x7c16, 0x6373, 0x6b93, 0x6bb2, 0x5aee, 0x422a, 0x39ea, 0x4a6c,
0x630f, 0x6b71, 0xb5bb, 0xb5bb, 0xb5bb, 0xb5bb, 0xb5bb, 0xb5bb, 0xb5bb, 0xb5bb,
0xb5bb, 0xb5bb, 0xb5bb, 0xb5bb, 0xb5bb, 0xb5bb, 0xb5bb, 0xb5bb, 0xb5bb, 0xb5bb,
0xb5bb, 0xb5bb, 0xb5bb, 0xb5bb, 0xb5bb, 0xb5bb, 0xb5bb, 0xb5bb, 0xb5bb, 0xb5bb,
0xb5bb, 0xb5bb, 0xb5bb, 0xb5bb, 0xb5bb, 0xb5bb, 0xb5bb, 0xb5bb, 0xb5bb, 0xb5bb,
0xb5bb, 0xb5bb, 0xb5bb, 0xb5bb, 0xb5bb, 0xb5bb, 0xb5bb, 0xb5bb, 0xb5bb, 0xb5bb,
0xb5bb, 0xb5bb, 0xb5bb, 0xb5bb, 0xb5bb, 0xb5bb, 0xb5bb, 0xb5bb, 0xb5bb, 0xb5bb,
0xb5bb, 0xb5bb, 0xb5bb, 0xb5bb, 0xb5bb, 0xb5bb, 0xb5bb, 0xb5bb, 0xb5bb, 0xb5bb,
0xb5bb, 0xb5bb, 0xb5bb, 0xb5bb, 0xb5bb, 0xb5bb, 0xb5bb, 0xb5bb, 0xb5bb, 0xb5bb,
0xb5bb, 0xb5bb, 0xb5bb, 0xb5bb, 0xb5bb, 0xb5bb, 0xb5bb, 0xb5bb, 0xb5bb, 0xb5bb,
0xb5bb, 0xb5bb, 0xb5bb, 0xb5bb, 0xb5bb, 0xb5bb, 0xb5bb, 0xb5bb, 0xb5bb, 0xb5bb,
0xb5bb, 0xb5bb, 0xb5bb, 0xb5bb, 0xb5bb, 0xb5bb, 0xb5bb, 0xb5bb, 0xb5bb, 0xb5bb,
0xb5bb, 0xb5bb, 0xb5bb, 0xb5bb, 0xb5bb, 0xb5bb, 0xb5bb, 0xb5bb, 0xb5bb, 0xb5bb,
0xb5bb, 0xb5bb, 0xb5bb, 0xb5bb, 0xb5bb, 0xb5bb, 0xb5bb, 0xb5bb, 0xb5bb, 0xb5bb,
0xb5bb, 0xb5bb, 0xb5bb, 0xb5bb, 0xb5bb, 0xb5bb, 0xb5bb, 0xb5bb, 0xb5bb, 0xb5bb,
0xb5bb, 0xb5bb, 0xb5bb, 0xb5bb, 0xb5bb, 0xb5bb, 0xb5bb, 0xb5bb, 0xb5bb, 0xb5bb,
0xb5bb, 0xb5bb, 0xb5bb, 0xb5bb, 0xb5bb, 0xb5bb, 0xb5bb, 0xb5bb, 0xb5bb, 0xb5bb,
0xb5bb, 0xb5bb, 0xb5bb, 0xb5bb, 0xb5bb, 0xb5bb, 0xb5bb, 0xb5bb, 0xb5bb, 0xb5bb,
0xb5bb, 0xb5bb, 0xb5bb, 0xb5bb, 0xb5bb, 0xb5bb, 0xb5bb, 0xad56, 0x7390, 0x31a9,
0x31a8, 0x39e8, 0x422a, 0x528e, 0x5b11, 0x6b95, 0x7c17, 0x8c78, 0x94ba, 0xa51b,
0xb5bb, 0xc63c, 0xad59, 0x7354, 0x4191, 0x28ce, 0x28eb, 0x294b, 0x31ae, 0x4211,
0x3a12, 0x31ce, 0x216a, 0x2148, 0x2968, 0x39e9, 0x424a, 0x4a4b, 0x4a4b, 0x4a4b,
0x4a4b, 0x4a4b, 0x4a4b, 0x4a4b, 0x4a4b, 0x4a4b, 0x4a4b, 0x4a4b, 0x4a4b, 0x4a4b,
0x4a4b, 0x4a4b, 0x4a4b, 0x4a4b, 0x4a4b, 0x4a4b, 0x4a4b, 0x4a4b, 0x4a4b, 0x4a4b,
0x4a4b, 0x4a4b, 0x4a4b, 0x4a4b, 0x424b, 0x424b, 0x422a, 0x420a, 0x420a, 0x422a,
0x4a6b, 0x4a8c, 0x4a8c, 0x528c, 0x528c, 0x528c, 0x528c, 0x528c, 0x528c, 0x524c,

0x4a4b, 0x422a, 0x420a, 0x420a, 0x3a0a, 0x3a0a, 0x3a0a, 0x420a, 0x422a, 0x422a,
0x424a, 0x4a6b, 0x4a6b, 0x4a8b, 0x4a8b, 0x4a8b, 0x4a8c, 0x4a8c, 0x4a8b, 0x4a8c,
0x0000, 0xb5bb, 0xb5bb, 0xb5bb, 0xb5bb, 0xb5bb, 0xb5bb, 0xb5bb, 0xb5bb, 0xb5bb,
0xb5bb, 0xb5bb, 0xb5bb, 0xb5bb, 0xb5bb, 0xb5bb, 0xb5bb, 0xb5bb, 0xb5bb, 0xb5bb,
0xb5bb, 0xb5bb, 0xb5bb, 0xb5bb, 0xb5bb, 0xb5bb, 0xb5bb, 0xb5bb, 0xb5bb, 0xb5bb,
0xb5bb, 0xb5bb, 0x0000, 0x318e, 0x316f, 0x2930, 0x290e, 0x41cd, 0x7391, 0xa4f6,
0xad7a, 0x9cf8, 0x73d4, 0x6372, 0x73d3, 0x6bb1, 0x4a6b, 0x39e9, 0x4a4b, 0x5ace,
0x6b71, 0x7bf3, 0xb5bb, 0xb5bb, 0xb5bb, 0xb5bb, 0xb5bb, 0xb5bb, 0xb5bb, 0xb5bb,
0xb5bb, 0xb5bb, 0xb5bb, 0xb5bb, 0xb5bb, 0xb5bb, 0xb5bb, 0xb5bb, 0xb5bb, 0xb5bb,
0xb5bb, 0xb5bb, 0xb5bb, 0xb5bb, 0xb5bb, 0xb5bb, 0xb5bb, 0xb5bb, 0xb5bb, 0xb5bb,
0xb5bb, 0xb5bb, 0xb5bb, 0xb5bb, 0xb5bb, 0xb5bb, 0xb5bb, 0xb5bb, 0xb5bb, 0xb5bb,
0xb5bb, 0xb5bb, 0xb5bb, 0xb5bb, 0xb5bb, 0xb5bb, 0xb5bb, 0xb5bb, 0xb5bb, 0xb5bb,
0xb5bb, 0xb5bb, 0xb5bb, 0xb5bb, 0xb5bb, 0xb5bb, 0xb5bb, 0xb5bb, 0xb5bb, 0xb5bb,
0xb5bb, 0xb5bb, 0xb5bb, 0xb5bb, 0xb5bb, 0xb5bb, 0xb5bb, 0xb5bb, 0xb5bb, 0xb5bb,
0xb5bb, 0xb5bb, 0xb5bb, 0xb5bb, 0xb5bb, 0xb5bb, 0xb5bb, 0xb5bb, 0xb5bb, 0xb5bb,
0xb5bb, 0xb5bb, 0xb5bb, 0xb5bb, 0xb5bb, 0xb5bb, 0xb5bb, 0xb5bb, 0xb5bb, 0xb5bb,
0xb5bb, 0xb5bb, 0xb5bb, 0xb5bb, 0xb5bb, 0xb5bb, 0xb5bb, 0xb5bb, 0xb5bb, 0xb5bb,
0xb5bb, 0xb5bb, 0xb5bb, 0xb5bb, 0xb5bb, 0xb5bb, 0xb5bb, 0xb5bb, 0xb5bb, 0xb5bb,
0xb5bb, 0xb5bb, 0xb5bb, 0xb5bb, 0xb5bb, 0xb5bb, 0xb5bb, 0xb5bb, 0xb5bb, 0xb5bb,
0xb5bb, 0xb5bb, 0xb5bb, 0xb5bb, 0xb5bb, 0xb5bb, 0xb5bb, 0xb5bb, 0xb5bb, 0xb5bb,
0xb5bb, 0xb5bb, 0xb5bb, 0xb5bb, 0xb5bb, 0xb5bb, 0xb5bb, 0xb5bb, 0xb5bb, 0xb5bb,
0xb5bb, 0xb5bb, 0xb5bb, 0xb5bb, 0xb5bb, 0xb5bb, 0xb5bb, 0xb5bb, 0xb5bb, 0xb5bb,
0xb5bb, 0xb5bb, 0xb5bb, 0xb5bb, 0xb5bb, 0xb5bb, 0xb5bb, 0xb5bb, 0xb5bb, 0xb5bb,
0xb5bb, 0xb5bb, 0xb5bb, 0xb5bb, 0xb5bb, 0xb5bb, 0xb5bb, 0xb5bb, 0xb5bb, 0xb5bb,
0xb5bb, 0xb5bb, 0xb5bb, 0xb5bb, 0xb5bb, 0xb5bb, 0xb5bb, 0xb599, 0x8413, 0x420a,
0x2967, 0x31a8, 0x424b, 0x52b0, 0x5b13, 0x6375, 0x7c17, 0x9499, 0x9cfa, 0xad5b,
0xbdfc, 0xc67c, 0xad99, 0x7374, 0x41b0, 0x28cd, 0x28eb, 0x294b, 0x31ae, 0x4211,
0x3a11, 0x31ce, 0x216a, 0x2148, 0x2968, 0x39e9, 0x424a, 0x4a4b, 0x4a4b, 0x4a4b,
0x4a4b, 0x4a4b, 0x4a4b, 0x4a4b, 0x4a4b, 0x4a4b, 0x4a4b, 0x4a4b, 0x4a4b, 0x4a4b,
0x4a4b, 0x4a4b, 0x4a4b, 0x4a4b, 0x4a4b, 0x4a4b, 0x4a4b, 0x4a4b, 0x4a4b, 0x4a4b,
0x4a4b, 0x4a4b, 0x4a4b, 0x424b, 0x424a, 0x422a, 0x420a, 0x420a, 0x422a, 0x4a4a,
0x4a6b, 0x4a8c, 0x528c, 0x528c, 0x528c, 0x528c, 0x528c, 0x526c, 0x524c, 0x524c,

0x52ac, 0x528c, 0x4a4b, 0x420a, 0x3a0a, 0x3a0a, 0x3a0a, 0x420a, 0x420a, 0x422a,
0x424a, 0x424a, 0x4a6b, 0x4a8b, 0x4a8a, 0x4a8b, 0x4a8c, 0x4a8b, 0x4a8b, 0x4a8b,
0x0000, 0xb5bb, 0xb5bb, 0xb5bb, 0xb5bb, 0xb5bb, 0xb5bb, 0xb5bb, 0xb5bb, 0xb5bb,
0xb5bb, 0xb5bb, 0xb5bb, 0xb5bb, 0xb5bb, 0xb5bb, 0xb5bb, 0xb5bb, 0xb5bb, 0xb5bb,
0xb5bb, 0xb5bb, 0xb5bb, 0xb5bb, 0xb5bb, 0xb5bb, 0xb5bb, 0xb5bb, 0xb5bb, 0xb5bb,
0xb5bb, 0xb5bb, 0x0000, 0x318e, 0x316f, 0x3150, 0x290e, 0x39cd, 0x6b70, 0x94b5,
0x9d18, 0x8c97, 0x6b93, 0x6352, 0x7c13, 0x73f1, 0x4a8b, 0x3a09, 0x528c, 0x632f,
0x7bd2, 0x8435, 0xb5bb, 0xb5bb, 0xb5bb, 0xb5bb, 0xb5bb, 0xb5bb, 0xb5bb, 0xb5bb,
0xb5bb, 0xb5bb, 0xb5bb, 0xb5bb, 0xb5bb, 0xb5bb, 0xb5bb, 0xb5bb, 0xb5bb, 0xb5bb,
0xb5bb, 0xb5bb, 0xb5bb, 0xb5bb, 0xb5bb, 0xb5bb, 0xb5bb, 0xb5bb, 0xb5bb, 0xb5bb,
0xb5bb, 0xb5bb, 0xb5bb, 0xb5bb, 0xb5bb, 0xb5bb, 0xb5bb, 0xb5bb, 0xb5bb, 0xb5bb,
0xb5bb, 0xb5bb, 0xb5bb, 0xb5bb, 0xb5bb, 0xb5bb, 0xb5bb, 0xb5bb, 0xb5bb, 0xb5bb,
0xb5bb, 0xb5bb, 0xb5bb, 0xb5bb, 0xb5bb, 0xb5bb, 0xb5bb, 0xb5bb, 0xb5bb, 0xb5bb,
0xb5bb, 0xb5bb, 0xb5bb, 0xb5bb, 0xb5bb, 0xb5bb, 0xb5bb, 0xb5bb, 0xb5bb, 0xb5bb,
0xb5bb, 0xb5bb, 0xb5bb, 0xb5bb, 0xb5bb, 0xb5bb, 0xb5bb, 0xb5bb, 0xb5bb, 0xb5bb,
0xb5bb, 0xb5bb, 0xb5bb, 0xb5bb, 0xb5bb, 0xb5bb, 0xb5bb, 0xb5bb, 0xb5bb, 0xb5bb,
0xb5bb, 0xb5bb, 0xb5bb, 0xb5bb, 0xb5bb, 0xb5bb, 0xb5bb, 0xb5bb, 0xb5bb, 0xb5bb,
0xb5bb, 0xb5bb, 0xb5bb, 0xb5bb, 0xb5bb, 0xb5bb, 0xb5bb, 0xb5bb, 0xb5bb, 0xb5bb,
0xb5bb, 0xb5bb, 0xb5bb, 0xb5bb, 0xb5bb, 0xb5bb, 0xb5bb, 0xb5bb, 0xb5bb, 0xb5bb,
0xb5bb, 0xb5bb, 0xb5bb, 0xb5bb, 0xb5bb, 0xb5bb, 0xb5bb, 0xb5bb, 0xb5bb, 0xb5bb,
0xb5bb, 0xb5bb, 0xb5bb, 0xb5bb, 0xb5bb, 0xb5bb, 0xb5bb, 0xb5bb, 0xb5bb, 0xb5bb,
0xb5bb, 0xb5bb, 0xb5bb, 0xb5bb, 0xb5bb, 0xb5bb, 0xb5bb, 0xb5bb, 0xb5bb, 0xb5bb,
0xb5bb, 0xb5bb, 0xb5bb, 0xb5bb, 0xb5bb, 0xb5bb, 0xb5bb, 0xb5bb, 0xb5bb, 0xb5bb,
0xb5bb, 0xb5bb, 0xb5bb, 0xb5bb, 0xb5bb, 0xb5bb, 0xb5bb, 0xb5bb, 0xb5bb, 0xb5bb,
0xb5bb, 0xb5bb, 0xb5bb, 0xb5bb, 0xb5bb, 0xb5bb, 0xb5bb, 0xb5bc, 0x8c75, 0x52ad,
0x420a, 0x420a, 0x4a6d, 0x52b0, 0x52f2, 0x6354, 0x7c17, 0x9499, 0xa53a, 0xb59b,
0xc61c, 0xce9c, 0xb5b9, 0x7394, 0x41b1, 0x28ce, 0x28eb, 0x294b, 0x31ae, 0x4211,
0x3a12, 0x31ce, 0x216a, 0x2148, 0x2968, 0x39e9, 0x424a, 0x4a4b, 0x4a4b, 0x4a4b,
0x4a4b, 0x4a4b, 0x4a4b, 0x4a4b, 0x4a4b, 0x4a4b, 0x4a4b, 0x4a4b, 0x4a4b, 0x4a4b,
0x4a4b, 0x4a4b, 0x4a4b, 0x4a4b, 0x4a4b, 0x4a4b, 0x4a4b, 0x4a4b, 0x4a4b, 0x4a4b,
0x4a4b, 0x4a4b, 0x424b, 0x424b, 0x422a, 0x41e9, 0x420a, 0x422a, 0x424b, 0x424b,
0x4a4b, 0x528c, 0x528c, 0x528c, 0x528c, 0x528c, 0x526c, 0x524c, 0x524c, 0x524c,

0x5b0d, 0x52ed, 0x52ac, 0x4a4b, 0x424a, 0x424a, 0x422a, 0x420a, 0x420a, 0x420a,
0x420a, 0x424a, 0x424a, 0x4a4b, 0x4a6b, 0x4a8b, 0x4a8b, 0x4a8b, 0x4a8b, 0x4a8b,
0x0000, 0xb5bb, 0xb5bb, 0xb5bb, 0xb5bb, 0xb5bb, 0xb5bb, 0xb5bb, 0xb5bb, 0xb5bb,
0xb5bb, 0xb5bb, 0xb5bb, 0xb5bb, 0xb5bb, 0xb5bb, 0xb5bb, 0xb5bb, 0xb5bb, 0xb5bb,
0xb5bb, 0xb5bb, 0xb5bb, 0xb5bb, 0xb5bb, 0xb5bb, 0xb5bb, 0xb5bb, 0xb5bb, 0xb5bb,
0xb5bb, 0xb5bb, 0x0000, 0x318e, 0x318f, 0x3990, 0x292e, 0x39ad, 0x6331, 0x8475,
0x8c97, 0x73f5, 0x52d1, 0x4ab0, 0x73f3, 0x7c53, 0x530d, 0x424a, 0x52ad, 0x7390,
0x8434, 0x8c76, 0xb5bb, 0xb5bb, 0xb5bb, 0xb5bb, 0xb5bb, 0xb5bb, 0xb5bb, 0xb5bb,
0xb5bb, 0xb5bb, 0xb5bb, 0xb5bb, 0xb5bb, 0xb5bb, 0xb5bb, 0xb5bb, 0xb5bb, 0xb5bb,
0xb5bb, 0xb5bb, 0xb5bb, 0xb5bb, 0xb5bb, 0xb5bb, 0xb5bb, 0xb5bb, 0xb5bb, 0xb5bb,
0xb5bb, 0xb5bb, 0xb5bb, 0xb5bb, 0xb5bb, 0xb5bb, 0xb5bb, 0xb5bb, 0xb5bb, 0xb5bb,
0xb5bb, 0xb5bb, 0xb5bb, 0xb5bb, 0xb5bb, 0xb5bb, 0xb5bb, 0xb5bb, 0xb5bb, 0xb5bb,
0xb5bb, 0xb5bb, 0xb5bb, 0xb5bb, 0xb5bb, 0xb5bb, 0xb5bb, 0xb5bb, 0xb5bb, 0xb5bb,
0xb5bb, 0xb5bb, 0xb5bb, 0xb5bb, 0xb5bb, 0xb5bb, 0xb5bb, 0xb5bb, 0xb5bb, 0xb5bb,
0xb5bb, 0xb5bb, 0xb5bb, 0xb5bb, 0xb5bb, 0xb5bb, 0xb5bb, 0xb5bb, 0xb5bb, 0xb5bb,
0xb5bb, 0xb5bb, 0xb5bb, 0xb5bb, 0xb5bb, 0xb5bb, 0xb5bb, 0xb5bb, 0xb5bb, 0xb5bb,
0xb5bb, 0xb5bb, 0xb5bb, 0xb5bb, 0xb5bb, 0xb5bb, 0xb5bb, 0xb5bb, 0xb5bb, 0xb5bb,
0xb5bb, 0xb5bb, 0xb5bb, 0xb5bb, 0xb5bb, 0xb5bb, 0xb5bb, 0xb5bb, 0xb5bb, 0xb5bb,
0xb5bb, 0xb5bb, 0xb5bb, 0xb5bb, 0xb5bb, 0xb5bb, 0xb5bb, 0xb5bb, 0xb5bb, 0xb5bb,
0xb5bb, 0xb5bb, 0xb5bb, 0xb5bb, 0xb5bb, 0xb5bb, 0xb5bb, 0xb5bb, 0xb5bb, 0xb5bb,
0xb5bb, 0xb5bb, 0xb5bb, 0xb5bb, 0xb5bb, 0xb5bb, 0xb5bb, 0xb5bb, 0xb5bb, 0xb5bb,
0xb5bb, 0xb5bb, 0xb5bb, 0xb5bb, 0xb5bb, 0xb5bb, 0xb5bb, 0xb5bb, 0xb5bb, 0xb5bb,
0xb5bb, 0xb5bb, 0xb5bb, 0xb5bb, 0xb5bb, 0xb5bb, 0xb5bb, 0xb5bb, 0xb5bb, 0xb5bb,
0xb5bb, 0xb5bb, 0xb5bb, 0xb5bb, 0xb5bb, 0xb5bb, 0xb5bb, 0xb5bb, 0xb5bb, 0xb5bb,
0xb5bb, 0xb5bb, 0xb5bb, 0xb5bb, 0xb5bb, 0xb5bb, 0xb5bb, 0xb5bb, 0x9496, 0x630f,
0x528c, 0x526c, 0x528d, 0x52b0, 0x5313, 0x6b95, 0x8458, 0x9cda, 0xad5a, 0xb5bb,
0xce5d, 0xd6bd, 0xbdba, 0x7b94, 0x39b1, 0x20ce, 0x20eb, 0x294b, 0x31ae, 0x4211,
0x3a12, 0x31ce, 0x216a, 0x2148, 0x2968, 0x39e9, 0x424a, 0x4a4b, 0x4a4b, 0x4a4b,
0x4a4b, 0x4a4b, 0x4a4b, 0x4a4b, 0x4a4b, 0x4a4b, 0x4a4b, 0x4a4b, 0x4a4b, 0x4a4b,
0x4a4b, 0x4a4b, 0x4a4b, 0x4a4b, 0x4a4b, 0x4a4b, 0x4a4b, 0x4a4b, 0x4a4b, 0x4a4b,
0x4a4b, 0x4a4b, 0x424b, 0x424b, 0x422a, 0x420a, 0x420a, 0x422a, 0x4a4b, 0x4a4c,
0x4a6c, 0x528c, 0x528c, 0x528c, 0x524c, 0x524c, 0x524c, 0x524c, 0x524c, 0x524c,

0x632e, 0x5b0e, 0x52ed, 0x52ac, 0x528c, 0x4a6b, 0x4a4b, 0x422a, 0x420a, 0x420a,
0x420a, 0x422a, 0x420a, 0x420a, 0x4a4b, 0x4a8b, 0x4a8b, 0x4a8b, 0x4a8b, 0x4a8b,
0x0000, 0xb5bb, 0xb5bb, 0xb5bb, 0xb5bb, 0xb5bb, 0xb5bb, 0xb5bb, 0xb5bb, 0xb5bb,
0xb5bb, 0xb5bb, 0xb5bb, 0xb5bb, 0xb5bb, 0xb5bb, 0xb5bb, 0xb5bb, 0xb5bb, 0xb5bb,
0xb5bb, 0xb5bb, 0xb5bb, 0xb5bb, 0xb5bb, 0xb5bb, 0xb5bb, 0xb5bb, 0xb5bb, 0xb5bb,
0xb5bb, 0xb5bb, 0x0000, 0x318e, 0x318f, 0x3990, 0x292e, 0x39ad, 0x6310, 0x7bf4,
0x7c16, 0x6374, 0x4270, 0x424f, 0x6b93, 0x7bd2, 0x52ac, 0x422a, 0x52ad, 0x7391,
0x8c35, 0x9497, 0xb5bb, 0xb5bb, 0xb5bb, 0xb5bb, 0xb5bb, 0xb5bb, 0xb5bb, 0xb5bb,
0xb5bb, 0xb5bb, 0xb5bb, 0xb5bb, 0xb5bb, 0xb5bb, 0xb5bb, 0xb5bb, 0xb5bb, 0xb5bb,
0xb5bb, 0xb5bb, 0xb5bb, 0xb5bb, 0xb5bb, 0xb5bb, 0xb5bb, 0xb5bb, 0xb5bb, 0xb5bb,
0xb5bb, 0xb5bb, 0xb5bb, 0xb5bb, 0xb5bb, 0xb5bb, 0xb5bb, 0xb5bb, 0xb5bb, 0xb5bb,
0xb5bb, 0xb5bb, 0xb5bb, 0xb5bb, 0xb5bb, 0xb5bb, 0xb5bb, 0xb5bb, 0xb5bb, 0xb5bb,
0xb5bb, 0xb5bb, 0xb5bb, 0xb5bb, 0xb5bb, 0xb5bb, 0xb5bb, 0xb5bb, 0xb5bb, 0xb5bb,
0xb5bb, 0xb5bb, 0xb5bb, 0xb5bb, 0xb5bb, 0xb5bb, 0xb5bb, 0xb5bb, 0xb5bb, 0xb5bb,
0xb5bb, 0xb5bb, 0xb5bb, 0xb5bb, 0xb5bb, 0xb5bb, 0xb5bb, 0xb5bb, 0xb5bb, 0xb5bb,
0xb5bb, 0xb5bb, 0xb5bb, 0xb5bb, 0xb5bb, 0xb5bb, 0xb5bb, 0xb5bb, 0xb5bb, 0xb5bb,
0xb5bb, 0xb5bb, 0xb5bb, 0xb5bb, 0xb5bb, 0xb5bb, 0xb5bb, 0xb5bb, 0xb5bb, 0xb5bb,
0xb5bb, 0xb5bb, 0xb5bb, 0xb5bb, 0xb5bb, 0xb5bb, 0xb5bb, 0xb5bb, 0xb5bb, 0xb5bb,
0xb5bb, 0xb5bb, 0xb5bb, 0xb5bb, 0xb5bb, 0xb5bb, 0xb5bb, 0xb5bb, 0xb5bb, 0xb5bb,
0xb5bb, 0xb5bb, 0xb5bb, 0xb5bb, 0xb5bb, 0xb5bb, 0xb5bb, 0xb5bb, 0xb5bb, 0xb5bb,
0xb5bb, 0xb5bb, 0xb5bb, 0xb5bb, 0xb5bb, 0xb5bb, 0xb5bb, 0xb5bb, 0xb5bb, 0xb5bb,
0xb5bb, 0xb5bb, 0xb5bb, 0xb5bb, 0xb5bb, 0xb5bb, 0xb5bb, 0xb5bb, 0xb5bb, 0xb5bb,
0xb5bb, 0xb5bb, 0xb5bb, 0xb5bb, 0xb5bb, 0xb5bb, 0xb5bb, 0xb5bb, 0xb5bb, 0xb5bb,
0xb5bb, 0xb5bb, 0xb5bb, 0xb5bb, 0xb5bb, 0xb5bb, 0xb5bb, 0xb5bb, 0xb5bb, 0xb5bb,
0xb5bb, 0xb5bb, 0xb5bb, 0xb5bb, 0xb5bb, 0xb5bb, 0xb5bb, 0xb5bb, 0x94b6, 0x630e,
0x526b, 0x4a6c, 0x4a8e, 0x52b1, 0x5af3, 0x6b95, 0x8458, 0x9cda, 0xad5a, 0xbdbb,
0xce5d, 0xd69d, 0xbdba, 0x7b94, 0x39b0, 0x20ce, 0x20eb, 0x294b, 0x31ae, 0x4211,
0x3a11, 0x31ce, 0x216a, 0x2148, 0x2968, 0x39e9, 0x424a, 0x4a4b, 0x4a4b, 0x4a4b,
0x4a4b, 0x4a4b, 0x4a4b, 0x4a4b, 0x4a4b, 0x4a4b, 0x4a4b, 0x4a4b, 0x4a4b, 0x4a4b,
0x4a4b, 0x4a4b, 0x4a4b, 0x4a4b, 0x4a4b, 0x4a4b, 0x4a4b, 0x4a4b, 0x4a4b, 0x4a4b,
0x4a4b, 0x424b, 0x424b, 0x424b, 0x424a, 0x422a, 0x422a, 0x4a2b, 0x4a4b, 0x4a6c,
0x4a8c, 0x528c, 0x526c, 0x524c, 0x524c, 0x524c, 0x524c, 0x524c, 0x524c, 0x524c,

0x630e, 0x5b0e, 0x5b0e, 0x5aee, 0x5aed, 0x52cc, 0x4a8c, 0x4a4b, 0x422a, 0x422a,
0x422a, 0x420a, 0x41ea, 0x420a, 0x420a, 0x4a4b, 0x4a6b, 0x4a8b, 0x4a8b, 0x4a8b,
0x0000, 0xb5bb, 0xb5bb, 0xb5bb, 0xb5bb, 0xb5bb, 0xb5bb, 0xb5bb, 0xb5bb, 0xb5bb,
0xb5bb, 0xb5bb, 0xb5bb, 0xb5bb, 0xb5bb, 0xb5bb, 0xb5bb, 0xb5bb, 0xb5bb, 0xb5bb,
0xb5bb, 0xb5bb, 0xb5bb, 0xb5bb, 0xb5bb, 0xb5bb, 0xb5bb, 0xb5bb, 0xb5bb, 0xb5bb,
0xb5bb, 0xb5bb, 0x0000, 0x318e, 0x318f, 0x3990, 0x292e, 0x39ad, 0x5aef, 0x7392,
0x7374, 0x5b32, 0x4a90, 0x426f, 0x52d0, 0x52ce, 0x3a09, 0x4209, 0x5acd, 0x73b1,
0x8455, 0x94b7, 0xb5bb, 0xb5bb, 0xb5bb, 0xb5bb, 0xb5bb, 0xb5bb, 0xb5bb, 0xb5bb,
0xb5bb, 0xb5bb, 0xb5bb, 0xb5bb, 0xb5bb, 0xb5bb, 0xb5bb, 0xb5bb, 0xb5bb, 0xb5bb,
0xb5bb, 0xb5bb, 0xb5bb, 0xb5bb, 0xb5bb, 0xb5bb, 0xb5bb, 0xb5bb, 0xb5bb, 0xb5bb,
0xb5bb, 0xb5bb, 0xb5bb, 0xb5bb, 0xb5bb, 0xb5bb, 0xb5bb, 0xb5bb, 0xb5bb, 0xb5bb,
0xb5bb, 0xb5bb, 0xb5bb, 0xb5bb, 0xb5bb, 0xb5bb, 0xb5bb, 0xb5bb, 0xb5bb, 0xb5bb,
0xb5bb, 0xb5bb, 0xb5bb, 0xb5bb, 0xb5bb, 0xb5bb, 0xb5bb, 0xb5bb, 0xb5bb, 0xb5bb,
0xb5bb, 0xb5bb, 0xb5bb, 0xb5bb, 0xb5bb, 0xb5bb, 0xb5bb, 0xb5bb, 0xb5bb, 0xb5bb,
0xb5bb, 0xb5bb, 0xb5bb, 0xb5bb, 0xb5bb, 0xb5bb, 0xb5bb, 0xb5bb, 0xb5bb, 0xb5bb,
0xb5bb, 0xb5bb, 0xb5bb, 0xb5bb, 0xb5bb, 0xb5bb, 0xb5bb, 0xb5bb, 0xb5bb, 0xb5bb,
0xb5bb, 0xb5bb, 0xb5bb, 0xb5bb, 0xb5bb, 0xb5bb, 0xb5bb, 0xb5bb, 0xb5bb, 0xb5bb,
0xb5bb, 0xb5bb, 0xb5bb, 0xb5bb, 0xb5bb, 0xb5bb, 0xb5bb, 0xb5bb, 0xb5bb, 0xb5bb,
0xb5bb, 0xb5bb, 0xb5bb, 0xb5bb, 0xb5bb, 0xb5bb, 0xb5bb, 0xb5bb, 0xb5bb, 0xb5bb,
0xb5bb, 0xb5bb, 0xb5bb, 0xb5bb, 0xb5bb, 0xb5bb, 0xb5bb, 0xb5bb, 0xb5bb, 0xb5bb,
0xb5bb, 0xb5bb, 0xb5bb, 0xb5bb, 0xb5bb, 0xb5bb, 0xb5bb, 0xb5bb, 0xb5bb, 0xb5bb,
0xb5bb, 0xb5bb, 0xb5bb, 0xb5bb, 0xb5bb, 0xb5bb, 0xb5bb, 0xb5bb, 0xb5bb, 0xb5bb,
0xb5bb, 0xb5bb, 0xb5bb, 0xb5bb, 0xb5bb, 0xb5bb, 0xb5bb, 0xb5bb, 0xb5bb, 0xb5bb,
0xb5bb, 0xb5bb, 0xb5bb, 0xb5bb, 0xb5bb, 0xb5bb, 0xb5bb, 0xb5bb, 0xb5bb, 0xb5bb,
0xb5bb, 0xb5bb, 0xb5bb, 0xb5bb, 0xb5bb, 0xb5bb, 0xb5bb, 0xb5bb, 0x9496, 0x5aee,
0x422a, 0x422b, 0x4aaf, 0x52d1, 0x5b13, 0x6b95, 0x8438, 0x9cd9, 0xa55a, 0xb5ba,
0xc63c, 0xd69c, 0xb5b9, 0x7394, 0x39b0, 0x20ce, 0x20eb, 0x294b, 0x31ae, 0x4211,
0x3a11, 0x31ce, 0x216a, 0x2148, 0x2968, 0x39e9, 0x424a, 0x4a4b, 0x4a4b, 0x4a4b,
0x4a4b, 0x4a4b, 0x4a4b, 0x4a4b, 0x4a4b, 0x4a4b, 0x4a4b, 0x4a4b, 0x4a4b, 0x4a4b,
0x4a4b, 0x4a4b, 0x4a4b, 0x4a4b, 0x4a4b, 0x4a4b, 0x4a4b, 0x4a4b, 0x4a4b, 0x4a4b,
0x4a4b, 0x424b, 0x424b, 0x424a, 0x424a, 0x424a, 0x4a4b, 0x4a4b, 0x4a6b, 0x4a8c,
0x4a8c, 0x526c, 0x4a4c, 0x4a4c, 0x524c, 0x524c, 0x524c, 0x524c, 0x524c, 0x524c,

0x630e, 0x630e, 0x630e, 0x630e, 0x632e, 0x5b0d, 0x52cc, 0x526c, 0x4a6b, 0x426a,
0x424a, 0x422a, 0x420a, 0x420a, 0x420a, 0x420a, 0x4a2b, 0x4a6b, 0x4a8b, 0x4a8b,
0x0000, 0xb5bb, 0xb5bb, 0xb5bb, 0xb5bb, 0xb5bb, 0xb5bb, 0xb5bb, 0xb5bb, 0xb5bb,
0xb5bb, 0xb5bb, 0xb5bb, 0xb5bb, 0xb5bb, 0xb5bb, 0xb5bb, 0xb5bb, 0xb5bb, 0xb5bb,
0xb5bb, 0xb5bb, 0xb5bb, 0xb5bb, 0xb5bb, 0xb5bb, 0xb5bb, 0xb5bb, 0xb5bb, 0xb5bb,
0xb5bb, 0xb5bb, 0x0000, 0x318e, 0x318f, 0x3990, 0x312e, 0x31ad, 0x4aae, 0x6352,
0x6b53, 0x52f2, 0x426f, 0x3a2d, 0x31eb, 0x31c9, 0x31c8, 0x422a, 0x630e, 0x73f2,
0x8c95, 0x9d18, 0xb5bb, 0xb5bb, 0xb5bb, 0xb5bb, 0xb5bb, 0xb5bb, 0xb5bb, 0xb5bb,
0xb5bb, 0xb5bb, 0xb5bb, 0xb5bb, 0xb5bb, 0xb5bb, 0xb5bb, 0xb5bb, 0xb5bb, 0xb5bb,
0xb5bb, 0xb5bb, 0xb5bb, 0xb5bb, 0xb5bb, 0xb5bb, 0xb5bb, 0xb5bb, 0xb5bb, 0xb5bb,
0xb5bb, 0xb5bb, 0xb5bb, 0xb5bb, 0xb5bb, 0xb5bb, 0xb5bb, 0xb5bb, 0xb5bb, 0xb5bb,
0xb5bb, 0xb5bb, 0xb5bb, 0xb5bb, 0xb5bb, 0xb5bb, 0xb5bb, 0xb5bb, 0xb5bb, 0xb5bb,
0xb5bb, 0xb5bb, 0xb5bb, 0xb5bb, 0xb5bb, 0xb5bb, 0xb5bb, 0xb5bb, 0xb5bb, 0xb5bb,
0xb5bb, 0xb5bb, 0xb5bb, 0xb5bb, 0xb5bb, 0xb5bb, 0xb5bb, 0xb5bb, 0xb5bb, 0xb5bb,
0xb5bb, 0xb5bb, 0xb5bb, 0xb5bb, 0xb5bb, 0xb5bb, 0xb5bb, 0xb5bb, 0xb5bb, 0xb5bb,
0xb5bb, 0xb5bb, 0xb5bb, 0xb5bb, 0xb5bb, 0xb5bb, 0xb5bb, 0xb5bb, 0xb5bb, 0xb5bb,
0xb5bb, 0xb5bb, 0xb5bb, 0xb5bb, 0xb5bb, 0xb5bb, 0xb5bb, 0xb5bb, 0xb5bb, 0xb5bb,
0xb5bb, 0xb5bb, 0xb5bb, 0xb5bb, 0xb5bb, 0xb5bb, 0xb5bb, 0xb5bb, 0xb5bb, 0xb5bb,
0xb5bb, 0xb5bb, 0xb5bb, 0xb5bb, 0xb5bb, 0xb5bb, 0xb5bb, 0xb5bb, 0xb5bb, 0xb5bb,
0xb5bb, 0xb5bb, 0xb5bb, 0xb5bb, 0xb5bb, 0xb5bb, 0xb5bb, 0xb5bb, 0xb5bb, 0xb5bb,
0xb5bb, 0xb5bb, 0xb5bb, 0xb5bb, 0xb5bb, 0xb5bb, 0xb5bb, 0xb5bb, 0xb5bb, 0xb5bb,
0xb5bb, 0xb5bb, 0xb5bb, 0xb5bb, 0xb5bb, 0xb5bb, 0xb5bb, 0xb5bb, 0xb5bb, 0xb5bb,
0xb5bb, 0xb5bb, 0xb5bb, 0xb5bb, 0xb5bb, 0xb5bb, 0xb5bb, 0xb5bb, 0xb5bb, 0xb5bb,
0xb5bb, 0xb5bb, 0xb5bb, 0xb5bb, 0xb5bb, 0xb5bb, 0xb5bb, 0xb5bb, 0xb5bb, 0xb5bb,
0xb5bb, 0xb5bb, 0xb5bb, 0xb5bb, 0xb5bb, 0xb5bb, 0xb5bb, 0xb5bb, 0x8c76, 0x52ae,
0x420a, 0x422b, 0x4aaf, 0x5311, 0x5b33, 0x6b95, 0x8437, 0x9cd8, 0xa559, 0xad9a,
0xc61b, 0xd69c, 0xb5b9, 0x7394, 0x41b1, 0x28ce, 0x28eb, 0x294b, 0x31ae, 0x4211,
0x3a12, 0x31ce, 0x216a, 0x2148, 0x2968, 0x39e9, 0x424a, 0x4a4b, 0x4a4b, 0x4a4b,
0x4a4b, 0x4a4b, 0x4a4b, 0x4a4b, 0x4a4b, 0x4a4b, 0x4a4b, 0x4a4b, 0x4a4b, 0x4a4b,
0x4a4b, 0x4a4b, 0x4a4b, 0x4a4b, 0x4a4b, 0x4a4b, 0x4a4b, 0x4a4b, 0x4a4b, 0x4a4b,
0x4a4b, 0x424b, 0x424a, 0x424a, 0x424a, 0x424a, 0x4a4b, 0x4a6b, 0x4a8c, 0x528c,
0x526c, 0x524c, 0x4a4c, 0x4a4c, 0x524c, 0x524c, 0x524c, 0x524c, 0x524c, 0x524c,

0x630e, 0x630e, 0x630e, 0x630e, 0x630e, 0x630e, 0x5b0d, 0x52ed, 0x52cd, 0x4aac,
0x426b, 0x424a, 0x422a, 0x420a, 0x420a, 0x420a, 0x420a, 0x422a, 0x4a4b, 0x4a8b,
0x0000, 0xb5bb, 0xb5bb, 0xb5bb, 0xb5bb, 0xb5bb, 0xb5bb, 0xb5bb, 0xb5bb, 0xb5bb,
0xb5bb, 0xb5bb, 0xb5bb, 0xb5bb, 0xb5bb, 0xb5bb, 0xb5bb, 0xb5bb, 0xb5bb, 0xb5bb,
0xb5bb, 0xb5bb, 0xb5bb, 0xb5bb, 0xb5bb, 0xb5bb, 0xb5bb, 0xb5bb, 0xb5bb, 0xb5bb,
0xb5bb, 0xb5bb, 0x0000, 0x318e, 0x318f, 0x3990, 0x312e, 0x318c, 0x4a6e, 0x5b31,
0x6353, 0x52d1, 0x3a0c, 0x2989, 0x2127, 0x3187, 0x422a, 0x52ad, 0x6350, 0x8413,
0x9cf7, 0xb59b, 0xb5bb, 0xb5bb, 0xb5bb, 0xb5bb, 0xb5bb, 0xb5bb, 0xb5bb, 0xb5bb,
0xb5bb, 0xb5bb, 0xb5bb, 0xb5bb, 0xb5bb, 0xb5bb, 0xb5bb, 0xb5bb, 0xb5bb, 0xb5bb,
0xb5bb, 0xb5bb, 0xb5bb, 0xb5bb, 0xb5bb, 0xb5bb, 0xb5bb, 0xb5bb, 0xb5bb, 0xb5bb,
0xb5bb, 0xb5bb, 0xb5bb, 0xb5bb, 0xb5bb, 0xb5bb, 0xb5bb, 0xb5bb, 0xb5bb, 0xb5bb,
0xb5bb, 0xb5bb, 0xb5bb, 0xb5bb, 0xb5bb, 0xb5bb, 0xb5bb, 0xb5bb, 0xb5bb, 0xb5bb,
0xb5bb, 0xb5bb, 0xb5bb, 0xb5bb, 0xb5bb, 0xb5bb, 0xb5bb, 0xb5bb, 0xb5bb, 0xb5bb,
0xb5bb, 0xb5bb, 0xb5bb, 0xb5bb, 0xb5bb, 0xb5bb, 0xb5bb, 0xb5bb, 0xb5bb, 0xb5bb,
0xb5bb, 0xb5bb, 0xb5bb, 0xb5bb, 0xb5bb, 0xb5bb, 0xb5bb, 0xb5bb, 0xb5bb, 0xb5bb,
0xb5bb, 0xb5bb, 0xb5bb, 0xb5bb, 0xb5bb, 0xb5bb, 0xb5bb, 0xb5bb, 0xb5bb, 0xb5bb,
0xb5bb, 0xb5bb, 0xb5bb, 0xb5bb, 0xb5bb, 0xb5bb, 0xb5bb, 0xb5bb, 0xb5bb, 0xb5bb,
0xb5bb, 0xb5bb, 0xb5bb, 0xb5bb, 0xb5bb, 0xb5bb, 0xb5bb, 0xb5bb, 0xb5bb, 0xb5bb,
0xb5bb, 0xb5bb, 0xb5bb, 0xb5bb, 0xb5bb, 0xb5bb, 0xb5bb, 0xb5bb, 0xb5bb, 0xb5bb,
0xb5bb, 0xb5bb, 0xb5bb, 0xb5bb, 0xb5bb, 0xb5bb, 0xb5bb, 0xb5bb, 0xb5bb, 0xb5bb,
0xb5bb, 0xb5bb, 0xb5bb, 0xb5bb, 0xb5bb, 0xb5bb, 0xb5bb, 0xb5bb, 0xb5bb, 0xb5bb,
0xb5bb, 0xb5bb, 0xb5bb, 0xb5bb, 0xb5bb, 0xb5bb, 0xb5bb, 0xb5bb, 0xb5bb, 0xb5bb,
0xb5bb, 0xb5bb, 0xb5bb, 0xb5bb, 0xb5bb, 0xb5bb, 0xb5bb, 0xb5bb, 0xb5bb, 0xb5bb,
0xb5bb, 0xb5bb, 0xb5bb, 0xb5bb, 0xb5bb, 0xb5bb, 0xb5bb, 0xb5bb, 0xb5bb, 0xb5bb,
0xb5bb, 0xb5bb, 0xb5bb, 0xb5bb, 0xb5bb, 0xb5bb, 0xb5bb, 0xb5bb, 0x8435, 0x4a4b,
0x4209, 0x420b, 0x4a6f, 0x52d1, 0x5b12, 0x6373, 0x7bf5, 0x8c57, 0x9cd8, 0xa539,
0xbddb, 0xce5c, 0xad99, 0x7394, 0x41b1, 0x28ce, 0x28eb, 0x294b, 0x31ae, 0x4211,
0x3a12, 0x31ce, 0x216a, 0x2148, 0x2968, 0x39e9, 0x424a, 0x4a4b, 0x4a4b, 0x4a4b,
0x4a4b, 0x4a4b, 0x4a4b, 0x4a4b, 0x4a4b, 0x4a4b, 0x4a4b, 0x4a4b, 0x4a4b, 0x4a4b,
0x4a4b, 0x4a4b, 0x4a4b, 0x4a4b, 0x4a4b, 0x4a4b, 0x4a4b, 0x4a4b, 0x4a4b, 0x424b,
0x424b, 0x422a, 0x420a, 0x420a, 0x422a, 0x424b, 0x4a4b, 0x4a4b, 0x4a4c, 0x4a4c,
0x4a4c, 0x4a4c, 0x4a4b, 0x4a4b, 0x524c, 0x524c, 0x524c, 0x4a4c, 0x4a4c, 0x4a4b,

0x630e, 0x630e, 0x630e, 0x630e, 0x630e, 0x630e, 0x630e, 0x5b0e, 0x5b0e, 0x5acd,
0x52ac, 0x428b, 0x424a, 0x420a, 0x420a, 0x420a, 0x420a, 0x422a, 0x424a, 0x4a4b,
0x0000, 0xb5bb, 0xb5bb, 0xb5bb, 0xb5bb, 0xb5bb, 0xb5bb, 0xb5bb, 0xb5bb, 0xb5bb,
0xb5bb, 0xb5bb, 0xb5bb, 0xb5bb, 0xb5bb, 0xb5bb, 0xb5bb, 0xb5bb, 0xb5bb, 0xb5bb,
0xb5bb, 0xb5bb, 0xb5bb, 0xb5bb, 0xb5bb, 0xb5bb, 0xb5bb, 0xb5bb, 0xb5bb, 0xb5bb,
0xb5bb, 0xb5bb, 0x0000, 0x318e, 0x318f, 0x3990, 0x312e, 0x39ad, 0x4a8e, 0x52cf,
0x52af, 0x52ae, 0x4a6c, 0x3a0a, 0x2947, 0x3167, 0x4a6b, 0x5aee, 0x73b2, 0x9cf8,
0xb59b, 0xb5bc, 0xb5bb, 0xb5bb, 0xb5bb, 0xb5bb, 0xb5bb, 0xb5bb, 0xb5bb, 0xb5bb,
0xb5bb, 0xb5bb, 0xb5bb, 0xb5bb, 0xb5bb, 0xb5bb, 0xb5bb, 0xb5bb, 0xb5bb, 0xb5bb,
0xb5bb, 0xb5bb, 0xb5bb, 0xb5bb, 0xb5bb, 0xb5bb, 0xb5bb, 0xb5bb, 0xb5bb, 0xb5bb,
0xb5bb, 0xb5bb, 0xb5bb, 0xb5bb, 0xb5bb, 0xb5bb, 0xb5bb, 0xb5bb, 0xb5bb, 0xb5bb,
0xb5bb, 0xb5bb, 0xb5bb, 0xb5bb, 0xb5bb, 0xb5bb, 0xb5bb, 0xb5bb, 0xb5bb, 0xb5bb,
0xb5bb, 0xb5bb, 0xb5bb, 0xb5bb, 0xb5bb, 0xb5bb, 0xb5bb, 0xb5bb, 0xb5bb, 0xb5bb,
0xb5bb, 0xb5bb, 0xb5bb, 0xb5bb, 0xb5bb, 0xb5bb, 0xb5bb, 0xb5bb, 0xb5bb, 0xb5bb,
0xb5bb, 0xb5bb, 0xb5bb, 0xb5bb, 0xb5bb, 0xb5bb, 0xb5bb, 0xb5bb, 0xb5bb, 0xb5bb,
0xb5bb, 0xb5bb, 0xb5bb, 0xb5bb, 0xb5bb, 0xb5bb, 0xb5bb, 0xb5bb, 0xb5bb, 0xb5bb,
0xb5bb, 0xb5bb, 0xb5bb, 0xb5bb, 0xb5bb, 0xb5bb, 0xb5bb, 0xb5bb, 0xb5bb, 0xb5bb,
0xb5bb, 0xb5bb, 0xb5bb, 0xb5bb, 0xb5bb, 0xb5bb, 0xb5bb, 0xb5bb, 0xb5bb, 0xb5bb,
0xb5bb, 0xb5bb, 0xb5bb, 0xb5bb, 0xb5bb, 0xb5bb, 0xb5bb, 0xb5bb, 0xb5bb, 0xb5bb,
0xb5bb, 0xb5bb, 0xb5bb, 0xb5bb, 0xb5bb, 0xb5bb, 0xb5bb, 0xb5bb, 0xb5bb, 0xb5bb,
0xb5bb, 0xb5bb, 0xb5bb, 0xb5bb, 0xb5bb, 0xb5bb, 0xb5bb, 0xb5bb, 0xb5bb, 0xb5bb,
0xb5bb, 0xb5bb, 0xb5bb, 0xb5bb, 0xb5bb, 0xb5bb, 0xb5bb, 0xb5bb, 0xb5bb, 0xb5bb,
0xb5bb, 0xb5bb, 0xb5bb, 0xb5bb, 0xb5bb, 0xb5bb, 0xb5bb, 0xb5bb, 0xb5bb, 0xb5bb,
0xb5bb, 0xb5bb, 0xb5bb, 0xb5bb, 0xb5bb, 0xb5bb, 0xb5bb, 0xb5bb, 0xb5bb, 0xb5bb,
0xb5bb, 0xb5bb, 0xb5bb, 0xb5bb, 0xb5bb, 0xb5bb, 0xb5bb, 0xb5bb, 0x7bf3, 0x39e9,
0x422b, 0x4a4d, 0x424e, 0x424f, 0x4a70, 0x5b12, 0x6b53, 0x7bd5, 0x8c76, 0x9cf7,
0xb579, 0xbdfb, 0xa538, 0x6b73, 0x39b0, 0x28ce, 0x28eb, 0x294b, 0x31ae, 0x4211,
0x3a11, 0x31ce, 0x216a, 0x2148, 0x2968, 0x39e9, 0x424a, 0x4a4b, 0x4a4b, 0x4a4b,
0x4a4b, 0x4a4b, 0x4a4b, 0x4a4b, 0x4a4b, 0x4a4b, 0x4a4b, 0x4a4b, 0x4a4b, 0x4a4b,
0x4a4b, 0x4a4b, 0x4a4b, 0x424b, 0x424b, 0x424b, 0x426b, 0x424b, 0x422a, 0x420a,
0x420a, 0x420a, 0x41e9, 0x420a, 0x422a, 0x424b, 0x4a4b, 0x4a4b, 0x4a4b, 0x4a4b,
0x4a4b, 0x4a4b, 0x4a4b, 0x4a4b, 0x4a4c, 0x4a4c, 0x4a4b, 0x4a4b, 0x4a4b, 0x4a4b,

0x630e, 0x630e, 0x630e, 0x630e, 0x630e, 0x630e, 0x630e, 0x630e, 0x630e, 0x630d,
0x5acd, 0x52ad, 0x4a6b, 0x422a, 0x420a, 0x420a, 0x420a, 0x422a, 0x424a, 0x424a,
0x0000, 0xb5bb, 0xb5bb, 0xb5bb, 0xb5bb, 0xb5bb, 0xb5bb, 0xb5bb, 0xb5bb, 0xb5bb,
0xb5bb, 0xb5bb, 0xb5bb, 0xb5bb, 0xb5bb, 0xb5bb, 0xb5bb, 0xb5bb, 0xb5bb, 0xb5bb,
0xb5bb, 0xb5bb, 0xb5bb, 0xb5bb, 0xb5bb, 0xb5bb, 0xb5bb, 0xb5bb, 0xb5bb, 0xb5bb,
0xb5bb, 0xb5bb, 0x0000, 0x318e, 0x318f, 0x3990, 0x312e, 0x39ad, 0x526d, 0x4a4c,
0x422b, 0x52ad, 0x7390, 0x7390, 0x4a6b, 0x31a9, 0x4a6b, 0x632f, 0x8435, 0xad7a,
0xbddc, 0xb59b, 0xb5bb, 0xb5bb, 0xb5bb, 0xb5bb, 0xb5bb, 0xb5bb, 0xb5bb, 0xb5bb,
0xb5bb, 0xb5bb, 0xb5bb, 0xb5bb, 0xb5bb, 0xb5bb, 0xb5bb, 0xb5bb, 0xb5bb, 0xb5bb,
0xb5bb, 0xb5bb, 0xb5bb, 0xb5bb, 0xb5bb, 0xb5bb, 0xb5bb, 0xb5bb, 0xb5bb, 0xb5bb,
0xb5bb, 0xb5bb, 0xb5bb, 0xb5bb, 0xb5bb, 0xb5bb, 0xb5bb, 0xb5bb, 0xb5bb, 0xb5bb,
0xb5bb, 0xb5bb, 0xb5bb, 0xb5bb, 0xb5bb, 0xb5bb, 0xb5bb, 0xb5bb, 0xb5bb, 0xb5bb,
0xb5bb, 0xb5bb, 0xb5bb, 0xb5bb, 0xb5bb, 0xb5bb, 0xb5bb, 0xb5bb, 0xb5bb, 0xb5bb,
0xb5bb, 0xb5bb, 0xb5bb, 0xb5bb, 0xb5bb, 0xb5bb, 0xb5bb, 0xb5bb, 0xb5bb, 0xb5bb,
0xb5bb, 0xb5bb, 0xb5bb, 0xb5bb, 0xb5bb, 0xb5bb, 0xb5bb, 0xb5bb, 0xb5bb, 0xb5bb,
0xb5bb, 0xb5bb, 0xb5bb, 0xb5bb, 0xb5bb, 0xb5bb, 0xb5bb, 0xb5bb, 0xb5bb, 0xb5bb,
0xb5bb, 0xb5bb, 0xb5bb, 0xb5bb, 0xb5bb, 0xb5bb, 0xb5bb, 0xb5bb, 0xb5bb, 0xb5bb,
0xb5bb, 0xb5bb, 0xb5bb, 0xb5bb, 0xb5bb, 0xb5bb, 0xb5bb, 0xb5bb, 0xb5bb, 0xb5bb,
0xb5bb, 0xb5bb, 0xb5bb, 0xb5bb, 0xb5bb, 0xb5bb, 0xb5bb, 0xb5bb, 0xb5bb, 0xb5bb,
0xb5bb, 0xb5bb, 0xb5bb, 0xb5bb, 0xb5bb, 0xb5bb, 0xb5bb, 0xb5bb, 0xb5bb, 0xb5bb,
0xb5bb, 0xb5bb, 0xb5bb, 0xb5bb, 0xb5bb, 0xb5bb, 0xb5bb, 0xb5bb, 0xb5bb, 0xb5bb,
0xb5bb, 0xb5bb, 0xb5bb, 0xb5bb, 0xb5bb, 0xb5bb, 0xb5bb, 0xb5bb, 0xb5bb, 0xb5bb,
0xb5bb, 0xb5bb, 0xb5bb, 0xb5bb, 0xb5bb, 0xb5bb, 0xb5bb, 0xb5bb, 0xb5bb, 0xb5bb,
0xb5bb, 0xb5bb, 0xb5bb, 0xb5bb, 0xb5bb, 0xb5bb, 0xb5bb, 0xb5bb, 0xb5bb, 0xb5bb,
0xb5bb, 0xb5bb, 0xb5bb, 0xb5bb, 0xb5bb, 0xb5bb, 0xb5bb, 0xb5bb, 0x7392, 0x31a8,
0x424b, 0x4a8e, 0x3a4e, 0x31ed, 0x3a0e, 0x4ab0, 0x5af1, 0x6b52, 0x7bf4, 0x8c76,
0xa518, 0xb599, 0x9cd7, 0x6b33, 0x39b0, 0x28ee, 0x28eb, 0x292b, 0x31ae, 0x4211,
0x3a11, 0x31ce, 0x216a, 0x2148, 0x2968, 0x39e9, 0x424a, 0x4a4b, 0x4a4b, 0x4a4b,
0x4a4b, 0x4a4b, 0x4a4b, 0x4a4b, 0x4a4b, 0x4a4b, 0x4a4b, 0x4a4b, 0x4a4b, 0x4a4b,
0x424b, 0x424b, 0x424b, 0x424a, 0x424a, 0x422a, 0x422a, 0x422a, 0x420a, 0x4209,
0x420a, 0x422a, 0x420a, 0x422a, 0x422a, 0x424b, 0x4a4b, 0x4a4b, 0x4a4b, 0x4a4b,
0x4a4b, 0x4a4b, 0x4a4b, 0x4a4b, 0x4a4c, 0x4a4b, 0x4a4b, 0x4a4b, 0x4a4b, 0x4a4b,

0x630e, 0x630e, 0x630e, 0x630e, 0x630e, 0x630e, 0x630e, 0x630e, 0x630e, 0x630e,
0x630e, 0x5aed, 0x52ac, 0x4a4b, 0x420a, 0x420a, 0x420a, 0x420a, 0x420a, 0x424a,
0x0000, 0xb5bb, 0xb5bb, 0xb5bb, 0xb5bb, 0xb5bb, 0xb5bb, 0xb5bb, 0xb5bb, 0xb5bb,
0xb5bb, 0xb5bb, 0xb5bb, 0xb5bb, 0xb5bb, 0xb5bb, 0xb5bb, 0xb5bb, 0xb5bb, 0xb5bb,
0xb5bb, 0xb5bb, 0xb5bb, 0xb5bb, 0xb5bb, 0xb5bb, 0xb5bb, 0xb5bb, 0xb5bb, 0xb5bb,
0xb5bb, 0xb5bb, 0x0000, 0x318e, 0x318f, 0x3990, 0x312e, 0x318c, 0x4a4c, 0x4a6c,
0x4a6d, 0x52cf, 0x73d3, 0x8c75, 0x6bb1, 0x4a8b, 0x422a, 0x5b0e, 0x8475, 0xad7a,
0xbddc, 0xb5bb, 0xb5bb, 0xb5bb, 0xb5bb, 0xb5bb, 0xb5bb, 0xb5bb, 0xb5bb, 0xb5bb,
0xb5bb, 0xb5bb, 0xb5bb, 0xb5bb, 0xb5bb, 0xb5bb, 0xb5bb, 0xb5bb, 0xb5bb, 0xb5bb,
0xb5bb, 0xb5bb, 0xb5bb, 0xb5bb, 0xb5bb, 0xb5bb, 0xb5bb, 0xb5bb, 0xb5bb, 0xb5bb,
0xb5bb, 0xb5bb, 0xb5bb, 0xb5bb, 0xb5bb, 0xb5bb, 0xb5bb, 0xb5bb, 0xb5bb, 0xb5bb,
0xb5bb, 0xb5bb, 0xb5bb, 0xb5bb, 0xb5bb, 0xb5bb, 0xb5bb, 0xb5bb, 0xb5bb, 0xb5bb,
0xb5bb, 0xb5bb, 0xb5bb, 0xb5bb, 0xb5bb, 0xb5bb, 0xb5bb, 0xb5bb, 0xb5bb, 0xb5bb,
0xb5bb, 0xb5bb, 0xb5bb, 0xb5bb, 0xb5bb, 0xb5bb, 0xb5bb, 0xb5bb, 0xb5bb, 0xb5bb,
0xb5bb, 0xb5bb, 0xb5bb, 0xb5bb, 0xb5bb, 0xb5bb, 0xb5bb, 0xb5bb, 0xb5bb, 0xb5bb,
0xb5bb, 0xb5bb, 0xb5bb, 0xb5bb, 0xb5bb, 0xb5bb, 0xb5bb, 0xb5bb, 0xb5bb, 0xb5bb,
0xb5bb, 0xb5bb, 0xb5bb, 0xb5bb, 0xb5bb, 0xb5bb, 0xb5bb, 0xb5bb, 0xb5bb, 0xb5bb,
0xb5bb, 0xb5bb, 0xb5bb, 0xb5bb, 0xb5bb, 0xb5bb, 0xb5bb, 0xb5bb, 0xb5bb, 0xb5bb,
0xb5bb, 0xb5bb, 0xb5bb, 0xb5bb, 0xb5bb, 0xb5bb, 0xb5bb, 0xb5bb, 0xb5bb, 0xb5bb,
0xb5bb, 0xb5bb, 0xb5bb, 0xb5bb, 0xb5bb, 0xb5bb, 0xb5bb, 0xb5bb, 0xb5bb, 0xb5bb,
0xb5bb, 0xb5bb, 0xb5bb, 0xb5bb, 0xb5bb, 0xb5bb, 0xb5bb, 0xb5bb, 0xb5bb, 0xb5bb,
0xb5bb, 0xb5bb, 0xb5bb, 0xb5bb, 0xb5bb, 0xb5bb, 0xb5bb, 0xb5bb, 0xb5bb, 0xb5bb,
0xb5bb, 0xb5bb, 0xb5bb, 0xb5bb, 0xb5bb, 0xb5bb, 0xb5bb, 0xb5bb, 0xb5bb, 0xb5bb,
0xb5bb, 0xb5bb, 0xb5bb, 0xb5bb, 0xb5bb, 0xb5bb, 0xb5bb, 0xb5bb, 0xb5bb, 0xb5bb,
0xb5bb, 0xb5bb, 0xb5bb, 0xb5bb, 0xb5bb, 0xb5bb, 0xb5bb, 0xb5bb, 0x73b2, 0x31a8,
0x3a2a, 0x424c, 0x31ed, 0x31cd, 0x31ed, 0x424f, 0x528f, 0x5af0, 0x6b72, 0x8414,
0x9cd6, 0xa537, 0x9496, 0x6b13, 0x41d0, 0x290e, 0x28eb, 0x292b, 0x31ae, 0x4211,
0x3a12, 0x31ce, 0x216a, 0x2148, 0x2968, 0x39e9, 0x424a, 0x4a4b, 0x4a4b, 0x4a4b,
0x4a4b, 0x4a4b, 0x4a4b, 0x4a4b, 0x4a4b, 0x4a4b, 0x4a4b, 0x4a4b, 0x4a4b, 0x424b,
0x424b, 0x424b, 0x424b, 0x424a, 0x422a, 0x420a, 0x420a, 0x420a, 0x420a, 0x422a,
0x424a, 0x424b, 0x424b, 0x424b, 0x424b, 0x4a4b, 0x4a4b, 0x4a4b, 0x4a4b, 0x4a4b,
0x4a4b, 0x4a4b, 0x4a4b, 0x4a4b, 0x4a4b, 0x4a4b, 0x4a4b, 0x4a4b, 0x4a4b, 0x4a4b,

0x630e, 0x630e, 0x630e, 0x630e, 0x630e, 0x630e, 0x630e, 0x630e, 0x630e, 0x630e,
0x632e, 0x5b0e, 0x52cd, 0x526c, 0x424b, 0x3a2a, 0x420a, 0x420a, 0x420a, 0x420a,
0x0000, 0xb5bb, 0xb5bb, 0xb5bb, 0xb5bb, 0xb5bb, 0xb5bb, 0xb5bb, 0xb5bb, 0xb5bb,
0xb5bb, 0xb5bb, 0xb5bb, 0xb5bb, 0xb5bb, 0xb5bb, 0xb5bb, 0xb5bb, 0xb5bb, 0xb5bb,
0xb5bb, 0xb5bb, 0xb5bb, 0xb5bb, 0xb5bb, 0xb5bb, 0xb5bb, 0xb5bb, 0xb5bb, 0xb5bb,
0xb5bb, 0xb5bb, 0x0000, 0x318e, 0x318f, 0x3990, 0x314e, 0x316c, 0x422c, 0x62f0,
0x6332, 0x4ab1, 0x4ad1, 0x6373, 0x8454, 0x73af, 0x422a, 0x4a4b, 0x7bf3, 0xad7a,
0xbdfc, 0xb5bb, 0xb5bb, 0xb5bb, 0xb5bb, 0xb5bb, 0xb5bb, 0xb5bb, 0xb5bb, 0xb5bb,
0xb5bb, 0xb5bb, 0xb5bb, 0xb5bb, 0xb5bb, 0xb5bb, 0xb5bb, 0xb5bb, 0xb5bb, 0xb5bb,
0xb5bb, 0xb5bb, 0xb5bb, 0xb5bb, 0xb5bb, 0xb5bb, 0xb5bb, 0xb5bb, 0xb5bb, 0xb5bb,
0xb5bb, 0xb5bb, 0xb5bb, 0xb5bb, 0xb5bb, 0xb5bb, 0xb5bb, 0xb5bb, 0xb5bb, 0xb5bb,
0xb5bb, 0xb5bb, 0xb5bb, 0xb5bb, 0xb5bb, 0xb5bb, 0xb5bb, 0xb5bb, 0xb5bb, 0xb5bb,
0xb5bb, 0xb5bb, 0xb5bb, 0xb5bb, 0xb5bb, 0xb5bb, 0xb5bb, 0xb5bb, 0xb5bb, 0xb5bb,
0xb5bb, 0xb5bb, 0xb5bb, 0xb5bb, 0xb5bb, 0xb5bb, 0xb5bb, 0xb5bb, 0xb5bb, 0xb5bb,
0xb5bb, 0xb5bb, 0xb5bb, 0xb5bb, 0xb5bb, 0xb5bb, 0xb5bb, 0xb5bb, 0xb5bb, 0xb5bb,
0xb5bb, 0xb5bb, 0xb5bb, 0xb5bb, 0xb5bb, 0xb5bb, 0xb5bb, 0xb5bb, 0xb5bb, 0xb5bb,
0xb5bb, 0xb5bb, 0xb5bb, 0xb5bb, 0xb5bb, 0xb5bb, 0xb5bb, 0xb5bb, 0xb5bb, 0xb5bb,
0xb5bb, 0xb5bb, 0xb5bb, 0xb5bb, 0xb5bb, 0xb5bb, 0xb5bb, 0xb5bb, 0xb5bb, 0xb5bb,
0xb5bb, 0xb5bb, 0xb5bb, 0xb5bb, 0xb5bb, 0xb5bb, 0xb5bb, 0xb5bb, 0xb5bb, 0xb5bb,
0xb5bb, 0xb5bb, 0xb5bb, 0xb5bb, 0xb5bb, 0xb5bb, 0xb5bb, 0xb5bb, 0xb5bb, 0xb5bb,
0xb5bb, 0xb5bb, 0xb5bb, 0xb5bb, 0xb5bb, 0xb5bb, 0xb5bb, 0xb5bb, 0xb5bb, 0xb5bb,
0xb5bb, 0xb5bb, 0xb5bb, 0xb5bb, 0xb5bb, 0xb5bb, 0xb5bb, 0xb5bb, 0xb5bb, 0xb5bb,
0xb5bb, 0xb5bb, 0xb5bb, 0xb5bb, 0xb5bb, 0xb5bb, 0xb5bb, 0xb5bb, 0xb5bb, 0xb5bb,
0xb5bb, 0xb5bb, 0xb5bb, 0xb5bb, 0xb5bb, 0xb5bb, 0xb5bb, 0xb5bb, 0xb5bb, 0xb5bb,
0xb5bb, 0xb5bb, 0xb5bb, 0xb5bb, 0xb5bb, 0xb5bb, 0xb5bb, 0xb5bb, 0x7c13, 0x3a2a,
0x39e9, 0x3189, 0x294a, 0x2149, 0x296a, 0x39cc, 0x4a4d, 0x52ae, 0x6331, 0x7bd3,
0x9496, 0x9cf7, 0x8c76, 0x6313, 0x39d0, 0x290e, 0x28eb, 0x292b, 0x31ae, 0x4211,
0x3a12, 0x31ce, 0x216a, 0x2148, 0x2968, 0x39e9, 0x424a, 0x4a4b, 0x4a4b, 0x4a4b,
0x4a4b, 0x4a4b, 0x4a4b, 0x4a4b, 0x4a4b, 0x4a4b, 0x4a4b, 0x4a4b, 0x424b, 0x424b,
0x424b, 0x422a, 0x420a, 0x420a, 0x422a, 0x424a, 0x424a, 0x4a2b, 0x4a2a, 0x426b,
0x428c, 0x428c, 0x428c, 0x4a8c, 0x4a8c, 0x4a6c, 0x4a4c, 0x4a4b, 0x4a4b, 0x4a4b,
0x4a4b, 0x4a4b, 0x4a4b, 0x4a4b, 0x4a4b, 0x4a4b, 0x4a4b, 0x4a4b, 0x4a4b, 0x4a4b,

0x630e, 0x630e, 0x630e, 0x630e, 0x630e, 0x630e, 0x630e, 0x630e, 0x630e, 0x630e,
0x630e, 0x5b0e, 0x5b0d, 0x52cc, 0x4a8c, 0x4a4b, 0x422a, 0x420a, 0x420a, 0x420a,
0x0000, 0xb5bb, 0xb5bb, 0xb5bb, 0xb5bb, 0xb5bb, 0xb5bb, 0xb5bb, 0xb5bb, 0xb5bb,
0xb5bb, 0xb5bb, 0xb5bb, 0xb5bb, 0xb5bb, 0xb5bb, 0xb5bb, 0xb5bb, 0xb5bb, 0xb5bb,
0xb5bb, 0xb5bb, 0xb5bb, 0xb5bb, 0xb5bb, 0xb5bb, 0xb5bb, 0xb5bb, 0xb5bb, 0xb5bb,
0xb5bb, 0xb5bb, 0x0000, 0x318e, 0x318f, 0x3990, 0x312e, 0x318c, 0x4a6e, 0x6b73,
0x6b95, 0x5ad2, 0x3a0f, 0x4a70, 0x8414, 0x8c53, 0x52ac, 0x420a, 0x5aef, 0x8c55,
0xad5a, 0xbdbc, 0xb5bb, 0xb5bb, 0xb5bb, 0xb5bb, 0xb5bb, 0xb5bb, 0xb5bb, 0xb5bb,
0xb5bb, 0xb5bb, 0xb5bb, 0xb5bb, 0xb5bb, 0xb5bb, 0xb5bb, 0xb5bb, 0xb5bb, 0xb5bb,
0xb5bb, 0xb5bb, 0xb5bb, 0xb5bb, 0xb5bb, 0xb5bb, 0xb5bb, 0xb5bb, 0xb5bb, 0xb5bb,
0xb5bb, 0xb5bb, 0xb5bb, 0xb5bb, 0xb5bb, 0xb5bb, 0xb5bb, 0xb5bb, 0xb5bb, 0xb5bb,
0xb5bb, 0xb5bb, 0xb5bb, 0xb5bb, 0xb5bb, 0xb5bb, 0xb5bb, 0xb5bb, 0xb5bb, 0xb5bb,
0xb5bb, 0xb5bb, 0xb5bb, 0xb5bb, 0xb5bb, 0xb5bb, 0xb5bb, 0xb5bb, 0xb5bb, 0xb5bb,
0xb5bb, 0xb5bb, 0xb5bb, 0xb5bb, 0xb5bb, 0xb5bb, 0xb5bb, 0xb5bb, 0xb5bb, 0xb5bb,
0xb5bb, 0xb5bb, 0xb5bb, 0xb5bb, 0xb5bb, 0xb5bb, 0xb5bb, 0xb5bb, 0xb5bb, 0xb5bb,
0xb5bb, 0xb5bb, 0xb5bb, 0xb5bb, 0xb5bb, 0xb5bb, 0xb5bb, 0xb5bb, 0xb5bb, 0xb5bb,
0xb5bb, 0xb5bb, 0xb5bb, 0xb5bb, 0xb5bb, 0xb5bb, 0xb5bb, 0xb5bb, 0xb5bb, 0xb5bb,
0xb5bb, 0xb5bb, 0xb5bb, 0xb5bb, 0xb5bb, 0xb5bb, 0xb5bb, 0xb5bb, 0xb5bb, 0xb5bb,
0xb5bb, 0xb5bb, 0xb5bb, 0xb5bb, 0xb5bb, 0xb5bb, 0xb5bb, 0xb5bb, 0xb5bb, 0xb5bb,
0xb5bb, 0xb5bb, 0xb5bb, 0xb5bb, 0xb5bb, 0xb5bb, 0xb5bb, 0xb5bb, 0xb5bb, 0xb5bb,
0xb5bb, 0xb5bb, 0xb5bb, 0xb5bb, 0xb5bb, 0xb5bb, 0xb5bb, 0xb5bb, 0xb5bb, 0xb5bb,
0xb5bb, 0xb5bb, 0xb5bb, 0xb5bb, 0xb5bb, 0xb5bb, 0xb5bb, 0xb5bb, 0xb5bb, 0xb5bb,
0xb5bb, 0xb5bb, 0xb5bb, 0xb5bb, 0xb5bb, 0xb5bb, 0xb5bb, 0xb5bb, 0xb5bb, 0xb5bb,
0xb5bb, 0xb5bb, 0xb5bb, 0xb5bb, 0xb5bb, 0xb5bb, 0xb5bb, 0xb5bb, 0xb5bb, 0xb5bb,
0xb5bb, 0xb5bb, 0xb5bb, 0xb5bb, 0xb5bb, 0xb5bb, 0xb5bb, 0xb5bb, 0x8454, 0x4a8c,
0x39ea, 0x3188, 0x2127, 0x1907, 0x2949, 0x41eb, 0x528e, 0x5aef, 0x6370, 0x7bd2,
0x9475, 0x9cf7, 0x8c76, 0x6313, 0x39d0, 0x290e, 0x28eb, 0x292b, 0x31ae, 0x4211,
0x3a11, 0x31ce, 0x216a, 0x2148, 0x2968, 0x39e9, 0x424a, 0x4a4b, 0x4a4b, 0x4a4b,
0x4a4b, 0x4a4b, 0x4a4b, 0x4a4b, 0x4a4b, 0x4a4b, 0x4a4b, 0x424b, 0x424b, 0x424b,
0x422a, 0x422a, 0x422a, 0x420a, 0x424a, 0x426b, 0x4a6b, 0x4a6c, 0x4a8c, 0x52ac,
0x52ad, 0x52ac, 0x52ac, 0x52ac, 0x52ac, 0x52ac, 0x4a8d, 0x4a6c, 0x4a6b, 0x4a6b,
0x4a6b, 0x4a4b, 0x4a4b, 0x4a4b, 0x4a4b, 0x4a4b, 0x4a4b, 0x4a4b, 0x4a4b, 0x4a4b,

0x630e, 0x630e, 0x630e, 0x630e, 0x630e, 0x630e, 0x630e, 0x630e, 0x630e, 0x630e,
0x630e, 0x630e, 0x632e, 0x5b2d, 0x52cc, 0x528c, 0x4a6b, 0x422a, 0x420a, 0x420a,
0x0000, 0xb5bb, 0xb5bb, 0xb5bb, 0xb5bb, 0xb5bb, 0xb5bb, 0xb5bb, 0xb5bb, 0xb5bb,
0xb5bb, 0xb5bb, 0xb5bb, 0xb5bb, 0xb5bb, 0xb5bb, 0xb5bb, 0xb5bb, 0xb5bb, 0xb5bb,
0xb5bb, 0xb5bb, 0xb5bb, 0xb5bb, 0xb5bb, 0xb5bb, 0xb5bb, 0xb5bb, 0xb5bb, 0xb5bb,
0xb5bb, 0xb5bb, 0x0000, 0x318e, 0x318f, 0x3990, 0x312e, 0x39ad, 0x5ad0, 0x73d4,
0x73f6, 0x6b54, 0x4a50, 0x420f, 0x6312, 0x7bf3, 0x73b0, 0x528c, 0x422b, 0x6350,
0x9496, 0xad7a, 0xb5bb, 0xb5bb, 0xb5bb, 0xb5bb, 0xb5bb, 0xb5bb, 0xb5bb, 0xb5bb,
0xb5bb, 0xb5bb, 0xb5bb, 0xb5bb, 0xb5bb, 0xb5bb, 0xb5bb, 0xb5bb, 0xb5bb, 0xb5bb,
0xb5bb, 0xb5bb, 0xb5bb, 0xb5bb, 0xb5bb, 0xb5bb, 0xb5bb, 0xb5bb, 0xb5bb, 0xb5bb,
0xb5bb, 0xb5bb, 0xb5bb, 0xb5bb, 0xb5bb, 0xb5bb, 0xb5bb, 0xb5bb, 0xb5bb, 0xb5bb,
0xb5bb, 0xb5bb, 0xb5bb, 0xb5bb, 0xb5bb, 0xb5bb, 0xb5bb, 0xb5bb, 0xb5bb, 0xb5bb,
0xb5bb, 0xb5bb, 0xb5bb, 0xb5bb, 0xb5bb, 0xb5bb, 0xb5bb, 0xb5bb, 0xb5bb, 0xb5bb,
0xb5bb, 0xb5bb, 0xb5bb, 0xb5bb, 0xb5bb, 0xb5bb, 0xb5bb, 0xb5bb, 0xb5bb, 0xb5bb,
0xb5bb, 0xb5bb, 0xb5bb, 0xb5bb, 0xb5bb, 0xb5bb, 0xb5bb, 0xb5bb, 0xb5bb, 0xb5bb,
0xb5bb, 0xb5bb, 0xb5bb, 0xb5bb, 0xb5bb, 0xb5bb, 0xb5bb, 0xb5bb, 0xb5bb, 0xb5bb,
0xb5bb, 0xb5bb, 0xb5bb, 0xb5bb, 0xb5bb, 0xb5bb, 0xb5bb, 0xb5bb, 0xb5bb, 0xb5bb,
0xb5bb, 0xb5bb, 0xb5bb, 0xb5bb, 0xb5bb, 0xb5bb, 0xb5bb, 0xb5bb, 0xb5bb, 0xb5bb,
0xb5bb, 0xb5bb, 0xb5bb, 0xb5bb, 0xb5bb, 0xb5bb, 0xb5bb, 0xb5bb, 0xb5bb, 0xb5bb,
0xb5bb, 0xb5bb, 0xb5bb, 0xb5bb, 0xb5bb, 0xb5bb, 0xb5bb, 0xb5bb, 0xb5bb, 0xb5bb,
0xb5bb, 0xb5bb, 0xb5bb, 0xb5bb, 0xb5bb, 0xb5bb, 0xb5bb, 0xb5bb, 0xb5bb, 0xb5bb,
0xb5bb, 0xb5bb, 0xb5bb, 0xb5bb, 0xb5bb, 0xb5bb, 0xb5bb, 0xb5bb, 0xb5bb, 0xb5bb,
0xb5bb, 0xb5bb, 0xb5bb, 0xb5bb, 0xb5bb, 0xb5bb, 0xb5bb, 0xb5bb, 0xb5bb, 0xb5bb,
0xb5bb, 0xb5bb, 0xb5bb, 0xb5bb, 0xb5bb, 0xb5bb, 0xb5bb, 0xb5bb, 0xb5bb, 0xb5bb,
0xb5bb, 0xb5bb, 0xb5bb, 0xb5bb, 0xb5bb, 0xb5bb, 0xb5bb, 0xb5bb, 0x8c75, 0x630f,
0x52ae, 0x422b, 0x31a8, 0x3168, 0x39ca, 0x4a8d, 0x6310, 0x6351, 0x6b91, 0x7bf3,
0x9476, 0x9cf7, 0x8c76, 0x6313, 0x39d0, 0x290e, 0x28eb, 0x292b, 0x31ae, 0x4211,
0x3a11, 0x31ce, 0x216a, 0x2148, 0x2968, 0x39e9, 0x424a, 0x4a4b, 0x4a4b, 0x4a4b,
0x4a4b, 0x4a4b, 0x4a4b, 0x4a4b, 0x4a4b, 0x4a4b, 0x424b, 0x424b, 0x424b, 0x422a,
0x420a, 0x422a, 0x424b, 0x4a4b, 0x4a6c, 0x4aac, 0x528c, 0x52ac, 0x52ed, 0x52ed,
0x5aed, 0x5aed, 0x5aed, 0x5aed, 0x5acd, 0x5aed, 0x52ed, 0x52cc, 0x52ac, 0x52ac,
0x528c, 0x4a4b, 0x4a4b, 0x4a4b, 0x4a4b, 0x4a4b, 0x4a4b, 0x4a4b, 0x4a4b, 0x4a4b,

0x630e, 0x630e, 0x630e, 0x630e, 0x630e, 0x630e, 0x630e, 0x630e, 0x630e, 0x630e,
0x630e, 0x630e, 0x630e, 0x630e, 0x5aed, 0x52cd, 0x4a8c, 0x424b, 0x420a, 0x420a,
0x0000, 0xb5bb, 0xb5bb, 0xb5bb, 0xb5bb, 0xb5bb, 0xb5bb, 0xb5bb, 0xb5bb, 0xb5bb,
0xb5bb, 0xb5bb, 0xb5bb, 0xb5bb, 0xb5bb, 0xb5bb, 0xb5bb, 0xb5bb, 0xb5bb, 0xb5bb,
0xb5bb, 0xb5bb, 0xb5bb, 0xb5bb, 0xb5bb, 0xb5bb, 0xb5bb, 0xb5bb, 0xb5bb, 0xb5bb,
0xb5bb, 0xb5bb, 0x0000, 0x318e, 0x318f, 0x3990, 0x312e, 0x39ad, 0x5af0, 0x8415,
0x8c78, 0x7bd6, 0x5b13, 0x4a90, 0x3a2f, 0x5b11, 0x8433, 0x6b2e, 0x424b, 0x5b0f,
0x7c34, 0x94f7, 0xb5bb, 0xb5bb, 0xb5bb, 0xb5bb, 0xb5bb, 0xb5bb, 0xb5bb, 0xb5bb,
0xb5bb, 0xb5bb, 0xb5bb, 0xb5bb, 0xb5bb, 0xb5bb, 0xb5bb, 0xb5bb, 0xb5bb, 0xb5bb,
0xb5bb, 0xb5bb, 0xb5bb, 0xb5bb, 0xb5bb, 0xb5bb, 0xb5bb, 0xb5bb, 0xb5bb, 0xb5bb,
0xb5bb, 0xb5bb, 0xb5bb, 0xb5bb, 0xb5bb, 0xb5bb, 0xb5bb, 0xb5bb, 0xb5bb, 0xb5bb,
0xb5bb, 0xb5bb, 0xb5bb, 0xb5bb, 0xb5bb, 0xb5bb, 0xb5bb, 0xb5bb, 0xb5bb, 0xb5bb,
0xb5bb, 0xb5bb, 0xb5bb, 0xb5bb, 0xb5bb, 0xb5bb, 0xb5bb, 0xb5bb, 0xb5bb, 0xb5bb,
0xb5bb, 0xb5bb, 0xb5bb, 0xb5bb, 0xb5bb, 0xb5bb, 0xb5bb, 0xb5bb, 0xb5bb, 0xb5bb,
0xb5bb, 0xb5bb, 0xb5bb, 0xb5bb, 0xb5bb, 0xb5bb, 0xb5bb, 0xb5bb, 0xb5bb, 0xb5bb,
0xb5bb, 0xb5bb, 0xb5bb, 0xb5bb, 0xb5bb, 0xb5bb, 0xb5bb, 0xb5bb, 0xb5bb, 0xb5bb,
0xb5bb, 0xb5bb, 0xb5bb, 0xb5bb, 0xb5bb, 0xb5bb, 0xb5bb, 0xb5bb, 0xb5bb, 0xb5bb,
0xb5bb, 0xb5bb, 0xb5bb, 0xb5bb, 0xb5bb, 0xb5bb, 0xb5bb, 0xb5bb, 0xb5bb, 0xb5bb,
0xb5bb, 0xb5bb, 0xb5bb, 0xb5bb, 0xb5bb, 0xb5bb, 0xb5bb, 0xb5bb, 0xb5bb, 0xb5bb,
0xb5bb, 0xb5bb, 0xb5bb, 0xb5bb, 0xb5bb, 0xb5bb, 0xb5bb, 0xb5bb, 0xb5bb, 0xb5bb,
0xb5bb, 0xb5bb, 0xb5bb, 0xb5bb, 0xb5bb, 0xb5bb, 0xb5bb, 0xb5bb, 0xb5bb, 0xb5bb,
0xb5bb, 0xb5bb, 0xb5bb, 0xb5bb, 0xb5bb, 0xb5bb, 0xb5bb, 0xb5bb, 0xb5bb, 0xb5bb,
0xb5bb, 0xb5bb, 0xb5bb, 0xb5bb, 0xb5bb, 0xb5bb, 0xb5bb, 0xb5bb, 0xb5bb, 0xb5bb,
0xb5bb, 0xb5bb, 0xb5bb, 0xb5bb, 0xb5bb, 0xb5bb, 0xb5bb, 0xb5bb, 0xb5bb, 0xb5bb,
0xb5bb, 0xb5bb, 0xb5bb, 0xb5bb, 0xb5bb, 0xb5bb, 0xb5bb, 0xb5bb, 0x9497, 0x73b2,
0x73b2, 0x5aee, 0x422a, 0x422a, 0x4a8c, 0x52cf, 0x5b10, 0x6331, 0x7393, 0x7bf4,
0x9497, 0xa538, 0x94b7, 0x6b13, 0x41d0, 0x290e, 0x28eb, 0x292b, 0x31ae, 0x4211,
0x3a12, 0x31ce, 0x216a, 0x2148, 0x2968, 0x39e9, 0x424a, 0x4a4b, 0x4a4b, 0x4a4b,
0x4a4b, 0x4a4b, 0x4a4b, 0x4a4b, 0x4a4b, 0x424b, 0x424b, 0x424b, 0x422a, 0x420a,
0x424b, 0x424b, 0x4a4b, 0x526c, 0x52ac, 0x52cd, 0x52cd, 0x5acd, 0x5b0d, 0x5b0d,
0x5b0e, 0x5b0e, 0x5b0e, 0x630e, 0x5b0e, 0x5b0e, 0x5b0d, 0x5aed, 0x5acd, 0x5acd,
0x52cd, 0x528c, 0x4a6b, 0x4a4b, 0x4a4b, 0x4a4b, 0x4a4b, 0x4a4b, 0x4a4b, 0x4a4b,

0x630e, 0x630e, 0x630e, 0x630e, 0x630e, 0x630e, 0x630e, 0x630e, 0x630e, 0x630e,
0x630e, 0x630e, 0x630e, 0x630e, 0x630e, 0x5aee, 0x52cd, 0x4a6b, 0x422a, 0x420a,
0x0000, 0xb5bb, 0xb5bb, 0xb5bb, 0xb5bb, 0xb5bb, 0xb5bb, 0xb5bb, 0xb5bb, 0xb5bb,
0xb5bb, 0xb5bb, 0xb5bb, 0xb5bb, 0xb5bb, 0xb5bb, 0xb5bb, 0xb5bb, 0xb5bb, 0xb5bb,
0xb5bb, 0xb5bb, 0xb5bb, 0xb5bb, 0xb5bb, 0xb5bb, 0xb5bb, 0xb5bb, 0xb5bb, 0xb5bb,
0xb5bb, 0xb5bb, 0x0000, 0x318e, 0x318f, 0x3990, 0x292e, 0x39ad, 0x6330, 0x8c75,
0x9cd8, 0x8c57, 0x6b94, 0x4af1, 0x320e, 0x4a6f, 0x73b3, 0x6b4f, 0x4a6b, 0x5ace,
0x73b2, 0x8c76, 0xb5bb, 0xb5bb, 0xb5bb, 0xb5bb, 0xb5bb, 0xb5bb, 0xb5bb, 0xb5bb,
0xb5bb, 0xb5bb, 0xb5bb, 0xb5bb, 0xb5bb, 0xb5bb, 0xb5bb, 0xb5bb, 0xb5bb, 0xb5bb,
0xb5bb, 0xb5bb, 0xb5bb, 0xb5bb, 0xb5bb, 0xb5bb, 0xb5bb, 0xb5bb, 0xb5bb, 0xb5bb,
0xb5bb, 0xb5bb, 0xb5bb, 0xb5bb, 0xb5bb, 0xb5bb, 0xb5bb, 0xb5bb, 0xb5bb, 0xb5bb,
0xb5bb, 0xb5bb, 0xb5bb, 0xb5bb, 0xb5bb, 0xb5bb, 0xb5bb, 0xb5bb, 0xb5bb, 0xb5bb,
0xb5bb, 0xb5bb, 0xb5bb, 0xb5bb, 0xb5bb, 0xb5bb, 0xb5bb, 0xb5bb, 0xb5bb, 0xb5bb,
0xb5bb, 0xb5bb, 0xb5bb, 0xb5bb, 0xb5bb, 0xb5bb, 0xb5bb, 0xb5bb, 0xb5bb, 0xb5bb,
0xb5bb, 0xb5bb, 0xb5bb, 0xb5bb, 0xb5bb, 0xb5bb, 0xb5bb, 0xb5bb, 0xb5bb, 0xb5bb,
0xb5bb, 0xb5bb, 0xb5bb, 0xb5bb, 0xb5bb, 0xb5bb, 0xb5bb, 0xb5bb, 0xb5bb, 0xb5bb,
0xb5bb, 0xb5bb, 0xb5bb, 0xb5bb, 0xb5bb, 0xb5bb, 0xb5bb, 0xb5bb, 0xb5bb, 0xb5bb,
0xb5bb, 0xb5bb, 0xb5bb, 0xb5bb, 0xb5bb, 0xb5bb, 0xb5bb, 0xb5bb, 0xb5bb, 0xb5bb,
0xb5bb, 0xb5bb, 0xb5bb, 0xb5bb, 0xb5bb, 0xb5bb, 0xb5bb, 0xb5bb, 0xb5bb, 0xb5bb,
0xb5bb, 0xb5bb, 0xb5bb, 0xb5bb, 0xb5bb, 0xb5bb, 0xb5bb, 0xb5bb, 0xb5bb, 0xb5bb,
0xb5bb, 0xb5bb, 0xb5bb, 0xb5bb, 0xb5bb, 0xb5bb, 0xb5bb, 0xb5bb, 0xb5bb, 0xb5bb,
0xb5bb, 0xb5bb, 0xb5bb, 0xb5bb, 0xb5bb, 0xb5bb, 0xb5bb, 0xb5bb, 0xb5bb, 0xb5bb,
0xb5bb, 0xb5bb, 0xb5bb, 0xb5bb, 0xb5bb, 0xb5bb, 0xb5bb, 0xb5bb, 0xb5bb, 0xb5bb,
0xb5bb, 0xb5bb, 0xb5bb, 0xb5bb, 0xb5bb, 0xb5bb, 0xb5bb, 0xb5bb, 0xb5bb, 0xb5bb,
0xb5bb, 0xb5bb, 0xb5bb, 0xb5bb, 0xb5bb, 0xb5bb, 0xb5bb, 0xb5bb, 0x9cf8, 0x8434,
0x7bf3, 0x630e, 0x4a4b, 0x4a6c, 0x4aae, 0x4ab0, 0x4ab0, 0x5af1, 0x7394, 0x8436,
0x9cf8, 0xad79, 0x9cd7, 0x6b54, 0x41b1, 0x28ce, 0x28eb, 0x294b, 0x31ae, 0x4211,
0x3a12, 0x31ce, 0x216a, 0x2148, 0x2968, 0x39e9, 0x424a, 0x4a4b, 0x4a4b, 0x4a4b,
0x4a4b, 0x4a4b, 0x4a4b, 0x424b, 0x424b, 0x426b, 0x422a, 0x420a, 0x422a, 0x424b,
0x424b, 0x4a6b, 0x528c, 0x52ad, 0x5acd, 0x5b0d, 0x5b0d, 0x5b0e, 0x5b0e, 0x5b0e,
0x630e, 0x630e, 0x630e, 0x630e, 0x630e, 0x630e, 0x630e, 0x630e, 0x630e, 0x5b0d,
0x5aed, 0x5acd, 0x528c, 0x4a6b, 0x4a6c, 0x4a6b, 0x4a4b, 0x424b, 0x424b, 0x424b,

0x630e, 0x630e, 0x630e, 0x630e, 0x630e, 0x630e, 0x630e, 0x630e, 0x630e, 0x630e,
0x630e, 0x630e, 0x630e, 0x630e, 0x630e, 0x630e, 0x530d, 0x52ac, 0x4a6b, 0x422a,
0x0000, 0xb5bb, 0xb5bb, 0xb5bb, 0xb5bb, 0xb5bb, 0xb5bb, 0xb5bb, 0xb5bb, 0xb5bb,
0xb5bb, 0xb5bb, 0xb5bb, 0xb5bb, 0xb5bb, 0xb5bb, 0xb5bb, 0xb5bb, 0xb5bb, 0xb5bb,
0xb5bb, 0xb5bb, 0xb5bb, 0xb5bb, 0xb5bb, 0xb5bb, 0xb5bb, 0xb5bb, 0xb5bb, 0xb5bb,
0xb5bb, 0xb5bb, 0x0000, 0x318e, 0x316f, 0x3170, 0x290e, 0x39cd, 0x6b50, 0x9496,
0xa519, 0x94b8, 0x73d4, 0x5311, 0x3a4f, 0x4a8f, 0x6350, 0x5acd, 0x424b, 0x52ad,
0x6b71, 0x8414, 0xb5bb, 0xb5bb, 0xb5bb, 0xb5bb, 0xb5bb, 0xb5bb, 0xb5bb, 0xb5bb,
0xb5bb, 0xb5bb, 0xb5bb, 0xb5bb, 0xb5bb, 0xb5bb, 0xb5bb, 0xb5bb, 0xb5bb, 0xb5bb,
0xb5bb, 0xb5bb, 0xb5bb, 0xb5bb, 0xb5bb, 0xb5bb, 0xb5bb, 0xb5bb, 0xb5bb, 0xb5bb,
0xb5bb, 0xb5bb, 0xb5bb, 0xb5bb, 0xb5bb, 0xb5bb, 0xb5bb, 0xb5bb, 0xb5bb, 0xb5bb,
0xb5bb, 0xb5bb, 0xb5bb, 0xb5bb, 0xb5bb, 0xb5bb, 0xb5bb, 0xb5bb, 0xb5bb, 0xb5bb,
0xb5bb, 0xb5bb, 0xb5bb, 0xb5bb, 0xb5bb, 0xb5bb, 0xb5bb, 0xb5bb, 0xb5bb, 0xb5bb,
0xb5bb, 0xb5bb, 0xb5bb, 0xb5bb, 0xb5bb, 0xb5bb, 0xb5bb, 0xb5bb, 0xb5bb, 0xb5bb,
0xb5bb, 0xb5bb, 0xb5bb, 0xb5bb, 0xb5bb, 0xb5bb, 0xb5bb, 0xb5bb, 0xb5bb, 0xb5bb,
0xb5bb, 0xb5bb, 0xb5bb, 0xb5bb, 0xb5bb, 0xb5bb, 0xb5bb, 0xb5bb, 0xb5bb, 0xb5bb,
0xb5bb, 0xb5bb, 0xb5bb, 0xb5bb, 0xb5bb, 0xb5bb, 0xb5bb, 0xb5bb, 0xb5bb, 0xb5bb,
0xb5bb, 0xb5bb, 0xb5bb, 0xb5bb, 0xb5bb, 0xb5bb, 0xb5bb, 0xb5bb, 0xb5bb, 0xb5bb,
0xb5bb, 0xb5bb, 0xb5bb, 0xb5bb, 0xb5bb, 0xb5bb, 0xb5bb, 0xb5bb, 0xb5bb, 0xb5bb,
0xb5bb, 0xb5bb, 0xb5bb, 0xb5bb, 0xb5bb, 0xb5bb, 0xb5bb, 0xb5bb, 0xb5bb, 0xb5bb,
0xb5bb, 0xb5bb, 0xb5bb, 0xb5bb, 0xb5bb, 0xb5bb, 0xb5bb, 0xb5bb, 0xb5bb, 0xb5bb,
0xb5bb, 0xb5bb, 0xb5bb, 0xb5bb, 0xb5bb, 0xb5bb, 0xb5bb, 0xb5bb, 0xb5bb, 0xb5bb,
0xb5bb, 0xb5bb, 0xb5bb, 0xb5bb, 0xb5bb, 0xb5bb, 0xb5bb, 0xb5bb, 0xb5bb, 0xb5bb,
0xb5bb, 0xb5bb, 0xb5bb, 0xb5bb, 0xb5bb, 0xb5bb, 0xb5bb, 0xb5bb, 0xb5bb, 0xb5bb,
0xb5bb, 0xb5bb, 0xb5bb, 0xb5bb, 0xb5bb, 0xb5bb, 0xb5bb, 0xb5bb, 0xb59a, 0x9cf8,
0x8413, 0x5acd, 0x422a, 0x426c, 0x4a8f, 0x4a91, 0x52d2, 0x6353, 0x7c16, 0x94b8,
0xad5a, 0xb5bb, 0xa518, 0x6b54, 0x4191, 0x28cd, 0x28eb, 0x294b, 0x31ae, 0x4211,
0x3a11, 0x31ce, 0x216a, 0x2148, 0x2968, 0x39e9, 0x424a, 0x4a4b, 0x4a4b, 0x4a4b,
0x4a4b, 0x4a4b, 0x424b, 0x424a, 0x424a, 0x422a, 0x422a, 0x422a, 0x424a, 0x424b,
0x4a6b, 0x528c, 0x52ad, 0x5aed, 0x5b0d, 0x5b0d, 0x5b0e, 0x5b0e, 0x530e, 0x5b0e,
0x630e, 0x630e, 0x630e, 0x630e, 0x630e, 0x630e, 0x630e, 0x630e, 0x630e, 0x5b0d,
0x5b0d, 0x5aed, 0x52ad, 0x52ac, 0x4aac, 0x4a6c, 0x4a2b, 0x424b, 0x424b, 0x424a,

0x630e, 0x630e, 0x630e, 0x630e, 0x630e, 0x630e, 0x630e, 0x630e, 0x630e, 0x630e,
0x630e, 0x630e, 0x630e, 0x630e, 0x630e, 0x632e, 0x5b2e, 0x5acd, 0x528c, 0x426a,
0x0000, 0xb5bb, 0xb5bb, 0xb5bb, 0xb5bb, 0xb5bb, 0xb5bb, 0xb5bb, 0xb5bb, 0xb5bb,
0xb5bb, 0xb5bb, 0xb5bb, 0xb5bb, 0xb5bb, 0xb5bb, 0xb5bb, 0xb5bb, 0xb5bb, 0xb5bb,
0xb5bb, 0xb5bb, 0xb5bb, 0xb5bb, 0xb5bb, 0xb5bb, 0xb5bb, 0xb5bb, 0xb5bb, 0xb5bb,
0xb5bb, 0xb5bb, 0x0000, 0x318e, 0x316f, 0x2930, 0x290e, 0x41cd, 0x7391, 0x9cd6,
0xa55a, 0x9cf8, 0x73f5, 0x5b12, 0x4af1, 0x5310, 0x630f, 0x4a6b, 0x420a, 0x52cc,
0x6b70, 0x7bd3, 0xb5bb, 0xb5bb, 0xb5bb, 0xb5bb, 0xb5bb, 0xb5bb, 0xb5bb, 0xb5bb,
0xb5bb, 0xb5bb, 0xb5bb, 0xb5bb, 0xb5bb, 0xb5bb, 0xb5bb, 0xb5bb, 0xb5bb, 0xb5bb,
0xb5bb, 0xb5bb, 0xb5bb, 0xb5bb, 0xb5bb, 0xb5bb, 0xb5bb, 0xb5bb, 0xb5bb, 0xb5bb,
0xb5bb, 0xb5bb, 0xb5bb, 0xb5bb, 0xb5bb, 0xb5bb, 0xb5bb, 0xb5bb, 0xb5bb, 0xb5bb,
0xb5bb, 0xb5bb, 0xb5bb, 0xb5bb, 0xb5bb, 0xb5bb, 0xb5bb, 0xb5bb, 0xb5bb, 0xb5bb,
0xb5bb, 0xb5bb, 0xb5bb, 0xb5bb, 0xb5bb, 0xb5bb, 0xb5bb, 0xb5bb, 0xb5bb, 0xb5bb,
0xb5bb, 0xb5bb, 0xb5bb, 0xb5bb, 0xb5bb, 0xb5bb, 0xb5bb, 0xb5bb, 0xb5bb, 0xb5bb,
0xb5bb, 0xb5bb, 0xb5bb, 0xb5bb, 0xb5bb, 0xb5bb, 0xb5bb, 0xb5bb, 0xb5bb, 0xb5bb,
0xb5bb, 0xb5bb, 0xb5bb, 0xb5bb, 0xb5bb, 0xb5bb, 0xb5bb, 0xb5bb, 0xb5bb, 0xb5bb,
0xb5bb, 0xb5bb, 0xb5bb, 0xb5bb, 0xb5bb, 0xb5bb, 0xb5bb, 0xb5bb, 0xb5bb, 0xb5bb,
0xb5bb, 0xb5bb, 0xb5bb, 0xb5bb, 0xb5bb, 0xb5bb, 0xb5bb, 0xb5bb, 0xb5bb, 0xb5bb,
0xb5bb, 0xb5bb, 0xb5bb, 0xb5bb, 0xb5bb, 0xb5bb, 0xb5bb, 0xb5bb, 0xb5bb, 0xb5bb,
0xb5bb, 0xb5bb, 0xb5bb, 0xb5bb, 0xb5bb, 0xb5bb, 0xb5bb, 0xb5bb, 0xb5bb, 0xb5bb,
0xb5bb, 0xb5bb, 0xb5bb, 0xb5bb, 0xb5bb, 0xb5bb, 0xb5bb, 0xb5bb, 0xb5bb, 0xb5bb,
0xb5bb, 0xb5bb, 0xb5bb, 0xb5bb, 0xb5bb, 0xb5bb, 0xb5bb, 0xb5bb, 0xb5bb, 0xb5bb,
0xb5bb, 0xb5bb, 0xb5bb, 0xb5bb, 0xb5bb, 0xb5bb, 0xb5bb, 0xb5bb, 0xb5bb, 0xb5bb,
0xb5bb, 0xb5bb, 0xb5bb, 0xb5bb, 0xb5bb, 0xb5bb, 0xb5bb, 0xb5bb, 0xb5bb, 0xb5bb,
0xb5bb, 0xb5bb, 0xb5bb, 0xb5bb, 0xb5bb, 0xb5bb, 0xb5bb, 0x0000, 0xbddc, 0xa539,
0x73b2, 0x52ac, 0x4a4b, 0x4a6d, 0x4ab0, 0x52f3, 0x6354, 0x7415, 0x8cb7, 0x9d19,
0xb5bb, 0xc63c, 0xad59, 0x7374, 0x4190, 0x28ce, 0x28eb, 0x294b, 0x31ae, 0x4211,
0x3a12, 0x31ce, 0x216a, 0x2148, 0x2968, 0x39e9, 0x424a, 0x4a4b, 0x4a4b, 0x4a4b,
0x4a4b, 0x4a4b, 0x424b, 0x424a, 0x422a, 0x420a, 0x422a, 0x424b, 0x424b, 0x4a6b,
0x528c, 0x52ad, 0x5aed, 0x5b0d, 0x5b0d, 0x5b0e, 0x5b0e, 0x5b0e, 0x5b0e, 0x5b0e,
0x630e, 0x630e, 0x630e, 0x630e, 0x630e, 0x630e, 0x630e, 0x630e, 0x630e, 0x630e,
0x630e, 0x5b0e, 0x5aed, 0x5acd, 0x52cd, 0x4a8d, 0x4a6c, 0x4a4b, 0x4a4a, 0x424a,

0x630e, 0x630e, 0x630e, 0x630e, 0x630e, 0x630e, 0x630e, 0x630e, 0x630e, 0x630e,
0x630e, 0x630e, 0x630e, 0x630e, 0x630e, 0x630e, 0x630e, 0x5aee, 0x5acd, 0x4a6b,
0x0000, 0xb5bb, 0xb5bb, 0xb5bb, 0xb5bb, 0xb5bb, 0xb5bb, 0xb5bb, 0xb5bb, 0xb5bb,
0xb5bb, 0xb5bb, 0xb5bb, 0xb5bb, 0xb5bb, 0xb5bb, 0xb5bb, 0xb5bb, 0xb5bb, 0xb5bb,
0xb5bb, 0xb5bb, 0xb5bb, 0xb5bb, 0xb5bb, 0xb5bb, 0xb5bb, 0xb5bb, 0xb5bb, 0xb5bb,
0xb5bb, 0xb5bb, 0x0000, 0x318e, 0x316f, 0x3130, 0x290e, 0x41ed, 0x73b2, 0xa517,
0xad7a, 0x9cf8, 0x73d4, 0x5b12, 0x6353, 0x6b92, 0x5aef, 0x4a6b, 0x4a4b, 0x5acc,
0x6b70, 0x7bd3, 0xb5bb, 0xb5bb, 0xb5bb, 0xb5bb, 0xb5bb, 0xb5bb, 0xb5bb, 0xb5bb,
0xb5bb, 0xb5bb, 0xb5bb, 0xb5bb, 0xb5bb, 0xb5bb, 0xb5bb, 0xb5bb, 0xb5bb, 0xb5bb,
0xb5bb, 0xb5bb, 0xb5bb, 0xb5bb, 0xb5bb, 0xb5bb, 0xb5bb, 0xb5bb, 0xb5bb, 0xb5bb,
0xb5bb, 0xb5bb, 0xb5bb, 0xb5bb, 0xb5bb, 0xb5bb, 0xb5bb, 0xb5bb, 0xb5bb, 0xb5bb,
0xb5bb, 0xb5bb, 0xb5bb, 0xb5bb, 0xb5bb, 0xb5bb, 0xb5bb, 0xb5bb, 0xb5bb, 0xb5bb,
0xb5bb, 0xb5bb, 0xb5bb, 0xb5bb, 0xb5bb, 0xb5bb, 0xb5bb, 0xb5bb, 0xb5bb, 0xb5bb,
0xb5bb, 0xb5bb, 0xb5bb, 0xb5bb, 0xb5bb, 0xb5bb, 0xb5bb, 0xb5bb, 0xb5bb, 0xb5bb,
0xb5bb, 0xb5bb, 0xb5bb, 0xb5bb, 0xb5bb, 0xb5bb, 0xb5bb, 0xb5bb, 0xb5bb, 0xb5bb,
0xb5bb, 0xb5bb, 0xb5bb, 0xb5bb, 0xb5bb, 0xb5bb, 0xb5bb, 0xb5bb, 0xb5bb, 0xb5bb,
0xb5bb, 0xb5bb, 0xb5bb, 0xb5bb, 0xb5bb, 0xb5bb, 0xb5bb, 0xb5bb, 0xb5bb, 0xb5bb,
0xb5bb, 0xb5bb, 0xb5bb, 0xb5bb, 0xb5bb, 0xb5bb, 0xb5bb, 0xb5bb, 0xb5bb, 0xb5bb,
0xb5bb, 0xb5bb, 0xb5bb, 0xb5bb, 0xb5bb, 0xb5bb, 0xb5bb, 0xb5bb, 0xb5bb, 0xb5bb,
0xb5bb, 0xb5bb, 0xb5bb, 0xb5bb, 0xb5bb, 0xb5bb, 0xb5bb, 0xb5bb, 0xb5bb, 0xb5bb,
0xb5bb, 0xb5bb, 0xb5bb, 0xb5bb, 0xb5bb, 0xb5bb, 0xb5bb, 0xb5bb, 0xb5bb, 0xb5bb,
0xb5bb, 0xb5bb, 0xb5bb, 0xb5bb, 0xb5bb, 0xb5bb, 0xb5bb, 0xb5bb, 0xb5bb, 0xb5bb,
0xb5bb, 0xb5bb, 0xb5bb, 0xb5bb, 0xb5bb, 0xb5bb, 0xb5bb, 0xb5bb, 0xb5bb, 0xb5bb,
0xb5bb, 0xb5bb, 0xb5bb, 0xb5bb, 0xb5bb, 0xb5bb, 0xb5bb, 0xb5bb, 0xb5bb, 0xb5bb,
0xb5bb, 0xb5bb, 0xb5bb, 0xb5bb, 0xb5bb, 0xb5bb, 0xb5bb, 0x0000, 0xad5a, 0x8435,
0x630e, 0x4a6b, 0x4a8d, 0x52b0, 0x52d2, 0x5b14, 0x6bb5, 0x8457, 0x9519, 0xad7a,
0xc61c, 0xd69c, 0xb5b9, 0x7394, 0x39b1, 0x20ce, 0x20eb, 0x294b, 0x31ae, 0x4211,
0x3a12, 0x31ce, 0x216a, 0x2148, 0x2968, 0x39e9, 0x424a, 0x4a4b, 0x4a4b, 0x4a4b,
0x4a4b, 0x4a4b, 0x424b, 0x422a, 0x420a, 0x424b, 0x424b, 0x4a4b, 0x4a6b, 0x52ac,
0x5acd, 0x5aed, 0x5b0d, 0x5b0e, 0x5b0e, 0x5b0e, 0x5b0e, 0x5b0e, 0x630e, 0x630e,
0x630e, 0x630e, 0x630e, 0x630e, 0x630e, 0x630e, 0x630e, 0x630e, 0x630e, 0x630e,
0x630e, 0x630e, 0x5b2e, 0x5b0e, 0x5acd, 0x52cd, 0x52cd, 0x4a6b, 0x4a4b, 0x4a4b,

0x630e, 0x630e, 0x630e, 0x630e, 0x630e, 0x630e, 0x630e, 0x630e, 0x630e, 0x630e,
0x630e, 0x630e, 0x630e, 0x630e, 0x630e, 0x630e, 0x630e, 0x5b0e, 0x5aed, 0x528c,
0x0000, 0x0000, 0x0000, 0x0000, 0x0000, 0x0000, 0x0000, 0x0000, 0x0000, 0x0000,
0x0000, 0x0000, 0x0000, 0x0000, 0x0000, 0x0000, 0x0000, 0x0000, 0x0000, 0x0000,
0x0000, 0x0000, 0x0000, 0x0000, 0x0000, 0x0000, 0x0000, 0x0000, 0x0000, 0x0000,
0x0000, 0x0000, 0x0000, 0x318e, 0x316f, 0x3130, 0x290d, 0x41ed, 0x73b2, 0xa537,
0xad9a, 0x9cf8, 0x73b4, 0x6312, 0x73b4, 0x7bf4, 0x5b2f, 0x4a6b, 0x4a4c, 0x5aee,
0x73b1, 0x8434, 0xb5bb, 0xb5bb, 0xb5bb, 0xb5bb, 0xb5bb, 0xb5bb, 0xb5bb, 0xb5bb,
0xb5bb, 0xb5bb, 0xb5bb, 0xb5bb, 0xb5bb, 0xb5bb, 0xb5bb, 0xb5bb, 0xb5bb, 0xb5bb,
0xb5bb, 0xb5bb, 0xb5bb, 0xb5bb, 0xb5bb, 0xb5bb, 0xb5bb, 0xb5bb, 0xb5bb, 0xb5bb,
0xb5bb, 0xb5bb, 0xb5bb, 0xb5bb, 0xb5bb, 0xb5bb, 0xb5bb, 0xb5bb, 0xb5bb, 0xb5bb,
0xb5bb, 0xb5bb, 0xb5bb, 0xb5bb, 0xb5bb, 0xb5bb, 0xb5bb, 0xb5bb, 0xb5bb, 0xb5bb,
0xb5bb, 0xb5bb, 0xb5bb, 0xb5bb, 0xb5bb, 0xb5bb, 0xb5bb, 0xb5bb, 0xb5bb, 0xb5bb,
0xb5bb, 0xb5bb, 0xb5bb, 0xb5bb, 0xb5bb, 0xb5bb, 0xb5bb, 0xb5bb, 0xb5bb, 0xb5bb,
0xb5bb, 0xb5bb, 0xb5bb, 0xb5bb, 0xb5bb, 0xb5bb, 0xb5bb, 0xb5bb, 0xb5bb, 0xb5bb,
0xb5bb, 0xb5bb, 0xb5bb, 0xb5bb, 0xb5bb, 0xb5bb, 0xb5bb, 0xb5bb, 0xb5bb, 0xb5bb,
0xb5bb, 0xb5bb, 0xb5bb, 0xb5bb, 0xb5bb, 0xb5bb, 0xb5bb, 0xb5bb, 0xb5bb, 0xb5bb,
0xb5bb, 0xb5bb, 0xb5bb, 0xb5bb, 0xb5bb, 0xb5bb, 0xb5bb, 0xb5bb, 0xb5bb, 0xb5bb,
0xb5bb, 0xb5bb, 0xb5bb, 0xb5bb, 0xb5bb, 0xb5bb, 0xb5bb, 0xb5bb, 0xb5bb, 0xb5bb,
0xb5bb, 0xb5bb, 0xb5bb, 0xb5bb, 0xb5bb, 0xb5bb, 0xb5bb, 0xb5bb, 0xb5bb, 0xb5bb,
0xb5bb, 0xb5bb, 0xb5bb, 0xb5bb, 0xb5bb, 0xb5bb, 0xb5bb, 0xb5bb, 0xb5bb, 0xb5bb,
0xb5bb, 0xb5bb, 0xb5bb, 0xb5bb, 0xb5bb, 0xb5bb, 0xb5bb, 0xb5bb, 0xb5bb, 0xb5bb,
0xb5bb, 0xb5bb, 0xb5bb, 0xb5bb, 0xb5bb, 0xb5bb, 0xb5bb, 0xb5bb, 0xb5bb, 0xb5bb,
0xb5bb, 0xb5bb, 0xb5bb, 0xb5bb, 0xb5bb, 0xb5bb, 0xb5bb, 0xb5bb, 0xb5bb, 0xb5bb,
0xb5bb, 0xb5bb, 0xb5bb, 0xb5bb, 0xb5bb, 0xb5bb, 0xb5bb, 0x0000, 0x9d18, 0x6bb1,
0x52ac, 0x4a4c, 0x528f, 0x52f2, 0x5b33, 0x6375, 0x7c16, 0x8cb8, 0xa53a, 0xb5bb,
0xce7c, 0xdedd, 0xbdd9, 0x7b94, 0x39b0, 0x20ce, 0x20eb, 0x294b, 0x31ae, 0x4211,
0x3a11, 0x31ce, 0x216a, 0x2148, 0x2968, 0x39e9, 0x424a, 0x4a4b, 0x4a4b, 0x4a4b,
0x424b, 0x424b, 0x420a, 0x422a, 0x422a, 0x424a, 0x4a4b, 0x4a6b, 0x528c, 0x5acd,
0x5aed, 0x5b0d, 0x630e, 0x630e, 0x5b0e, 0x5b0e, 0x530e, 0x5b0e, 0x630e, 0x630e,
0x630e, 0x630e, 0x630e, 0x630e, 0x630e, 0x630e, 0x630e, 0x630e, 0x630e, 0x630e,
0x630e, 0x630e, 0x630e, 0x5b0e, 0x5b0e, 0x5aed, 0x5acd, 0x528c, 0x4a4b, 0x4a4b,

0x630e, 0x630e, 0x630e, 0x630e, 0x630e, 0x630e, 0x630e, 0x630e, 0x630e, 0x630e,
0x630e, 0x630e, 0x630e, 0x630e, 0x630e, 0x630e, 0x630e, 0x5b2e, 0x5b0e, 0x5acd,
0x4a6c, 0x424b, 0x420a, 0x420a, 0x420a, 0x422a, 0x422a, 0x422a, 0x422a, 0x422a,
0x420a, 0x420a, 0x420a, 0x420a, 0x422a, 0x422a, 0x424b, 0x4a6b, 0x52ac, 0x52cd,
0x5aed, 0x5aed, 0x5aed, 0x5aee, 0x5acd, 0x4a6b, 0x39c9, 0x39eb, 0x630f, 0x6332,
0x4a51, 0x4212, 0x39f1, 0x318e, 0x316f, 0x3130, 0x290d, 0x41cd, 0x73b1, 0x9d37,
0xb5ba, 0xa518, 0x7bd4, 0x6332, 0x7bf5, 0x8454, 0x634f, 0x4a8c, 0x4a6c, 0x632f,
0x7bf3, 0x8476, 0xb5bb, 0xb5bb, 0xb5bb, 0xb5bb, 0xb5bb, 0xb5bb, 0xb5bb, 0xb5bb,
0xb5bb, 0xb5bb, 0xb5bb, 0xb5bb, 0xb5bb, 0xb5bb, 0xb5bb, 0xb5bb, 0xb5bb, 0xb5bb,
0xb5bb, 0xb5bb, 0xb5bb, 0xb5bb, 0xb5bb, 0xb5bb, 0xb5bb, 0xb5bb, 0xb5bb, 0xb5bb,
0xb5bb, 0xb5bb, 0xb5bb, 0xb5bb, 0xb5bb, 0xb5bb, 0xb5bb, 0xb5bb, 0xb5bb, 0xb5bb,
0xb5bb, 0xb5bb, 0xb5bb, 0xb5bb, 0xb5bb, 0xb5bb, 0xb5bb, 0xb5bb, 0xb5bb, 0xb5bb,
0xb5bb, 0xb5bb, 0xb5bb, 0xb5bb, 0xb5bb, 0xb5bb, 0xb5bb, 0xb5bb, 0xb5bb, 0xb5bb,
0xb5bb, 0xb5bb, 0xb5bb, 0xb5bb, 0xb5bb, 0xb5bb, 0xb5bb, 0xb5bb, 0xb5bb, 0xb5bb,
0xb5bb, 0xb5bb, 0xb5bb, 0xb5bb, 0xb5bb, 0xb5bb, 0xb5bb, 0xb5bb, 0xb5bb, 0xb5bb,
0xb5bb, 0xb5bb, 0xb5bb, 0xb5bb, 0xb5bb, 0xb5bb, 0xb5bb, 0xb5bb, 0xb5bb, 0xb5bb,
0xb5bb, 0xb5bb, 0xb5bb, 0xb5bb, 0xb5bb, 0xb5bb, 0xb5bb, 0xb5bb, 0xb5bb, 0xb5bb,
0xb5bb, 0xb5bb, 0xb5bb, 0xb5bb, 0xb5bb, 0xb5bb, 0xb5bb, 0xb5bb, 0xb5bb, 0xb5bb,
0xb5bb, 0xb5bb, 0xb5bb, 0xb5bb, 0xb5bb, 0xb5bb, 0xb5bb, 0xb5bb, 0xb5bb, 0xb5bb,
0xb5bb, 0xb5bb, 0xb5bb, 0xb5bb, 0xb5bb, 0xb5bb, 0xb5bb, 0xb5bb, 0xb5bb, 0xb5bb,
0xb5bb, 0xb5bb, 0xb5bb, 0xb5bb, 0xb5bb, 0xb5bb, 0xb5bb, 0xb5bb, 0xb5bb, 0xb5bb,
0xb5bb, 0xb5bb, 0xb5bb, 0xb5bb, 0xb5bb, 0xb5bb, 0xb5bb, 0xb5bb, 0xb5bb, 0xb5bb,
0xb5bb, 0xb5bb, 0xb5bb, 0xb5bb, 0xb5bb, 0xb5bb, 0xb5bb, 0xb5bb, 0xb5bb, 0xb5bb,
0xb5bb, 0xb5bb, 0xb5bb, 0xb5bb, 0xb5bb, 0xb5bb, 0xb5bb, 0xb5bb, 0xb5bb, 0xb5bb,
0xb5bb, 0xb5bb, 0xb5bb, 0xb5bb, 0xb5bb, 0xb5bb, 0xb5bb, 0x0000, 0x94b7, 0x634f,
0x52ac, 0x528d, 0x52d0, 0x5b13, 0x5b54, 0x6bb6, 0x8457, 0x9cf9, 0xad7a, 0xbe1b,
0xd6bd, 0xdefd, 0xbdfa, 0x7bb4, 0x39b1, 0x20ce, 0x20eb, 0x294b, 0x31ae, 0x4211,
0x3a11, 0x31ce, 0x216a, 0x2148, 0x2968, 0x39e9, 0x424a, 0x4a4b, 0x4a4b, 0x4a4b,
0x424b, 0x424b, 0x422a, 0x422a, 0x424a, 0x4a4b, 0x526c, 0x52ac, 0x5acd, 0x5aed,
0x5b0d, 0x5b0e, 0x630e, 0x630e, 0x630e, 0x5b0e, 0x5b0e, 0x5b0e, 0x630e, 0x630e,
0x630e, 0x630e, 0x630e, 0x630e, 0x630e, 0x630e, 0x630e, 0x630e, 0x630e, 0x630e,
0x630e, 0x630e, 0x630e, 0x630e, 0x5b2e, 0x5b0e, 0x5aed, 0x52ad, 0x528c, 0x4a6b,

0x630e, 0x630e, 0x630e, 0x630e, 0x630e, 0x630e, 0x630e, 0x630e, 0x630e, 0x630e,
0x630e, 0x630e, 0x630e, 0x630e, 0x630e, 0x630e, 0x630e, 0x630e, 0x630e, 0x5aed,
0x52ac, 0x4a4b, 0x422a, 0x420a, 0x420a, 0x420a, 0x420a, 0x420a, 0x420a, 0x420a,
0x420a, 0x420a, 0x420a, 0x422a, 0x426b, 0x4a8c, 0x4aac, 0x52cd, 0x5b0e, 0x5b2e,
0x630e, 0x630e, 0x630e, 0x5b2e, 0x52ed, 0x4a6b, 0x39c9, 0x39ea, 0x630f, 0x6332,
0x4a51, 0x4212, 0x39f1, 0x318e, 0x316f, 0x3130, 0x290e, 0x41ed, 0x73b2, 0xa537,
0xbdba, 0xad58, 0x7c14, 0x6372, 0x7414, 0x8454, 0x7390, 0x5acc, 0x52ac, 0x634f,
0x7bf3, 0x8c76, 0xb5bb, 0xb5bb, 0xb5bb, 0xb5bb, 0xb5bb, 0xb5bb, 0xb5bb, 0xb5bb,
0xb5bb, 0xb5bb, 0xb5bb, 0xb5bb, 0xb5bb, 0xb5bb, 0xb5bb, 0xb5bb, 0xb5bb, 0xb5bb,
0xb5bb, 0xb5bb, 0xb5bb, 0xb5bb, 0xb5bb, 0xb5bb, 0xb5bb, 0xb5bb, 0xb5bb, 0xb5bb,
0xb5bb, 0xb5bb, 0xb5bb, 0xb5bb, 0xb5bb, 0xb5bb, 0xb5bb, 0xb5bb, 0xb5bb, 0xb5bb,
0xb5bb, 0xb5bb, 0xb5bb, 0xb5bb, 0xb5bb, 0xb5bb, 0xb5bb, 0xb5bb, 0xb5bb, 0xb5bb,
0xb5bb, 0xb5bb, 0xb5bb, 0xb5bb, 0xb5bb, 0xb5bb, 0xb5bb, 0xb5bb, 0xb5bb, 0xb5bb,
0xb5bb, 0xb5bb, 0xb5bb, 0xb5bb, 0xb5bb, 0xb5bb, 0xb5bb, 0xb5bb, 0xb5bb, 0xb5bb,
0xb5bb, 0xb5bb, 0xb5bb, 0xb5bb, 0xb5bb, 0xb5bb, 0xb5bb, 0xb5bb, 0xb5bb, 0xb5bb,
0xb5bb, 0xb5bb, 0xb5bb, 0xb5bb, 0xb5bb, 0xb5bb, 0xb5bb, 0xb5bb, 0xb5bb, 0xb5bb,
0xb5bb, 0xb5bb, 0xb5bb, 0xb5bb, 0xb5bb, 0xb5bb, 0xb5bb, 0xb5bb, 0xb5bb, 0xb5bb,
0xb5bb, 0xb5bb, 0xb5bb, 0xb5bb, 0xb5bb, 0xb5bb, 0xb5bb, 0xb5bb, 0xb5bb, 0xb5bb,
0xb5bb, 0xb5bb, 0xb5bb, 0xb5bb, 0xb5bb, 0xb5bb, 0xb5bb, 0xb5bb, 0xb5bb, 0xb5bb,
0xb5bb, 0xb5bb, 0xb5bb, 0xb5bb, 0xb5bb, 0xb5bb, 0xb5bb, 0xb5bb, 0xb5bb, 0xb5bb,
0xb5bb, 0xb5bb, 0xb5bb, 0xb5bb, 0xb5bb, 0xb5bb, 0xb5bb, 0xb5bb, 0xb5bb, 0xb5bb,
0xb5bb, 0xb5bb, 0xb5bb, 0xb5bb, 0xb5bb, 0xb5bb, 0xb5bb, 0xb5bb, 0xb5bb, 0xb5bb,
0xb5bb, 0xb5bb, 0xb5bb, 0xb5bb, 0xb5bb, 0xb5bb, 0xb5bb, 0xb5bb, 0xb5bb, 0xb5bb,
0xb5bb, 0xb5bb, 0xb5bb, 0xb5bb, 0xb5bb, 0xb5bb, 0xb5bb, 0xb5bb, 0xb5bb, 0xb5bb,
0xb5bb, 0xb5bb, 0xb5bb, 0xb5bb, 0xb5bb, 0xb5bb, 0xb5bb, 0x0000, 0x8c76, 0x5aee,
0x52cd, 0x52ef, 0x5b12, 0x5b14, 0x5b55, 0x73d6, 0x8c78, 0xa53a, 0xb5db, 0xc65c,
0xdede, 0xe73d, 0xc61a, 0x7bd5, 0x39d1, 0x20ce, 0x20eb, 0x294b, 0x31ae, 0x4211,
0x3a12, 0x31ce, 0x216a, 0x2148, 0x2968, 0x39e9, 0x424a, 0x4a4b, 0x4a4b, 0x4a4b,
0x424b, 0x424a, 0x424a, 0x424a, 0x4a4b, 0x528c, 0x52ac, 0x5acd, 0x5b0d, 0x5b0d,
0x5b0e, 0x5b0e, 0x630e, 0x630e, 0x630e, 0x630e, 0x630e, 0x630e, 0x630e, 0x630e,
0x630e, 0x630e, 0x630e, 0x630e, 0x630e, 0x630e, 0x630e, 0x630e, 0x630e, 0x630e,
0x630e, 0x630e, 0x630e, 0x630e, 0x630e, 0x5b0e, 0x5b0e, 0x5aed, 0x52ac, 0x528c,

0x630e, 0x630e, 0x630e, 0x630e, 0x630e, 0x630e, 0x630e, 0x630e, 0x630e, 0x630e,
0x630e, 0x630e, 0x630e, 0x630e, 0x630e, 0x630e, 0x630e, 0x630e, 0x630e, 0x5b2e,
0x52ed, 0x528c, 0x424b, 0x422b, 0x420a, 0x420a, 0x420a, 0x420a, 0x420a, 0x420a,
0x420a, 0x420a, 0x422a, 0x426b, 0x528c, 0x52ac, 0x5aed, 0x630e, 0x630e, 0x630e,
0x630e, 0x630e, 0x630e, 0x5b2e, 0x52ed, 0x4a6b, 0x39c9, 0x39ea, 0x630f, 0x6332,
0x4a51, 0x4212, 0x39f1, 0x318e, 0x316f, 0x3130, 0x290e, 0x41ed, 0x7bf2, 0xad77,
0xbdfa, 0xad79, 0x8455, 0x6b93, 0x6bb3, 0x7c34, 0x7c32, 0x5b2d, 0x4a8b, 0x5b0e,
0x7bf3, 0x9496, 0xb5bb, 0xb5bb, 0xb5bb, 0xb5bb, 0xb5bb, 0xb5bb, 0xb5bb, 0xb5bb,
0xb5bb, 0xb5bb, 0xb5bb, 0xb5bb, 0xb5bb, 0xb5bb, 0xb5bb, 0xb5bb, 0xb5bb, 0xb5bb,
0xb5bb, 0xb5bb, 0xb5bb, 0xb5bb, 0xb5bb, 0xb5bb, 0xb5bb, 0xb5bb, 0xb5bb, 0xb5bb,
0xb5bb, 0xb5bb, 0xb5bb, 0xb5bb, 0xb5bb, 0xb5bb, 0xb5bb, 0xb5bb, 0xb5bb, 0xb5bb,
0xb5bb, 0xb5bb, 0xb5bb, 0xb5bb, 0xb5bb, 0xb5bb, 0xb5bb, 0xb5bb, 0xb5bb, 0xb5bb,
0xb5bb, 0xb5bb, 0xb5bb, 0xb5bb, 0xb5bb, 0xb5bb, 0xb5bb, 0xb5bb, 0xb5bb, 0xb5bb,
0xb5bb, 0xb5bb, 0xb5bb, 0xb5bb, 0xb5bb, 0xb5bb, 0xb5bb, 0xb5bb, 0xb5bb, 0xb5bb,
0xb5bb, 0xb5bb, 0xb5bb, 0xb5bb, 0xb5bb, 0xb5bb, 0xb5bb, 0xb5bb, 0xb5bb, 0xb5bb,
0xb5bb, 0xb5bb, 0xb5bb, 0xb5bb, 0xb5bb, 0xb5bb, 0xb5bb, 0xb5bb, 0xb5bb, 0xb5bb,
0xb5bb, 0xb5bb, 0xb5bb, 0xb5bb, 0xb5bb, 0xb5bb, 0xb5bb, 0xb5bb, 0xb5bb, 0xb5bb,
0xb5bb, 0xb5bb, 0xb5bb, 0xb5bb, 0xb5bb, 0xb5bb, 0xb5bb, 0xb5bb, 0xb5bb, 0xb5bb,
0xb5bb, 0xb5bb, 0xb5bb, 0xb5bb, 0xb5bb, 0xb5bb, 0xb5bb, 0xb5bb, 0xb5bb, 0xb5bb,
0xb5bb, 0xb5bb, 0xb5bb, 0xb5bb, 0xb5bb, 0xb5bb, 0xb5bb, 0xb5bb, 0xb5bb, 0xb5bb,
0xb5bb, 0xb5bb, 0xb5bb, 0xb5bb, 0xb5bb, 0xb5bb, 0xb5bb, 0xb5bb, 0xb5bb, 0xb5bb,
0xb5bb, 0xb5bb, 0xb5bb, 0xb5bb, 0xb5bb, 0xb5bb, 0xb5bb, 0xb5bb, 0xb5bb, 0xb5bb,
0xb5bb, 0xb5bb, 0xb5bb, 0xb5bb, 0xb5bb, 0xb5bb, 0xb5bb, 0xb5bb, 0xb5bb, 0xb5bb,
0xb5bb, 0xb5bb, 0xb5bb, 0xb5bb, 0xb5bb, 0xb5bb, 0xb5bb, 0xb5bb, 0xb5bb, 0xb5bb,
0xb5bb, 0xb5bb, 0xb5bb, 0xb5bb, 0xb5bb, 0xb5bb, 0xb5bb, 0x0000, 0x8c75, 0x5aee,
0x5acd, 0x5acf, 0x5ad2, 0x5af4, 0x5b55, 0x73d6, 0x8c78, 0xa53a, 0xbddb, 0xc65c,
0xdede, 0xe73e, 0xc61b, 0x7bd5, 0x39d1, 0x20ce, 0x20eb, 0x294b, 0x31ae, 0x4211,
0x3a12, 0x31ce, 0x216a, 0x2148, 0x2968, 0x39e9, 0x424a, 0x4a4b, 0x4a4b, 0x424b,
0x422a, 0x420a, 0x424b, 0x426b, 0x4a8b, 0x52cc, 0x52cd, 0x5acd, 0x5aed, 0x5b2d,
0x5b0e, 0x5b0e, 0x5b0e, 0x5b0e, 0x5b0e, 0x630e, 0x630e, 0x630e, 0x630e, 0x630e,
0x630e, 0x630e, 0x630e, 0x630e, 0x630e, 0x630e, 0x630e, 0x630e, 0x630e, 0x630e,
0x630e, 0x630e, 0x630e, 0x630e, 0x630e, 0x5b0e, 0x5b0e, 0x5aed, 0x52ac, 0x528c,

0x630e, 0x630e, 0x630e, 0x630e, 0x630e, 0x630e, 0x630e, 0x630e, 0x630e, 0x630e,
0x630e, 0x630e, 0x630e, 0x630e, 0x630e, 0x630e, 0x630e, 0x630e, 0x630e, 0x630e,
0x5aed, 0x5aac, 0x4a6b, 0x422a, 0x420a, 0x420a, 0x420a, 0x420a, 0x420a, 0x420a,
0x3a0a, 0x424b, 0x4a6b, 0x528c, 0x5aad, 0x5aed, 0x630e, 0x630e, 0x630e, 0x630e,
0x630e, 0x630e, 0x630e, 0x5b2e, 0x52ed, 0x4a6b, 0x39c9, 0x39ea, 0x630f, 0x6332,
0x4a51, 0x4212, 0x39f1, 0x318e, 0x316f, 0x3130, 0x290d, 0x41ed, 0x7bf1, 0xad77,
0xbdfa, 0xad9a, 0x8496, 0x6bb3, 0x6352, 0x73f4, 0x8c95, 0x636f, 0x424a, 0x5acd,
0x7bd2, 0x9496, 0xb5bb, 0xb5bb, 0xb5bb, 0xb5bb, 0xb5bb, 0xb5bb, 0xb5bb, 0xb5bb,
0xb5bb, 0xb5bb, 0xb5bb, 0xb5bb, 0xb5bb, 0xb5bb, 0xb5bb, 0xb5bb, 0xb5bb, 0xb5bb,
0xb5bb, 0xb5bb, 0xb5bb, 0xb5bb, 0xb5bb, 0xb5bb, 0xb5bb, 0xb5bb, 0xb5bb, 0xb5bb,
0xb5bb, 0xb5bb, 0xb5bb, 0xb5bb, 0xb5bb, 0xb5bb, 0xb5bb, 0xb5bb, 0xb5bb, 0xb5bb,
0xb5bb, 0xb5bb, 0xb5bb, 0xb5bb, 0xb5bb, 0xb5bb, 0xb5bb, 0xb5bb, 0xb5bb, 0xb5bb,
0xb5bb, 0xb5bb, 0xb5bb, 0xb5bb, 0xb5bb, 0xb5bb, 0xb5bb, 0xb5bb, 0xb5bb, 0xb5bb,
0xb5bb, 0xb5bb, 0xb5bb, 0xb5bb, 0xb5bb, 0xb5bb, 0xb5bb, 0xb5bb, 0xb5bb, 0xb5bb,
0xb5bb, 0xb5bb, 0xb5bb, 0xb5bb, 0xb5bb, 0xb5bb, 0xb5bb, 0xb5bb, 0xb5bb, 0xb5bb,
0xb5bb, 0xb5bb, 0xb5bb, 0xb5bb, 0xb5bb, 0xb5bb, 0xb5bb, 0xb5bb, 0xb5bb, 0xb5bb,
0xb5bb, 0xb5bb, 0xb5bb, 0xb5bb, 0xb5bb, 0xb5bb, 0xb5bb, 0xb5bb, 0xb5bb, 0xb5bb,
0xb5bb, 0xb5bb, 0xb5bb, 0xb5bb, 0xb5bb, 0xb5bb, 0xb5bb, 0xb5bb, 0xb5bb, 0xb5bb,
0xb5bb, 0xb5bb, 0xb5bb, 0xb5bb, 0xb5bb, 0xb5bb, 0xb5bb, 0xb5bb, 0xb5bb, 0xb5bb,
0xb5bb, 0xb5bb, 0xb5bb, 0xb5bb, 0xb5bb, 0xb5bb, 0xb5bb, 0xb5bb, 0xb5bb, 0xb5bb,
0xb5bb, 0xb5bb, 0xb5bb, 0xb5bb, 0xb5bb, 0xb5bb, 0xb5bb, 0xb5bb, 0xb5bb, 0xb5bb,
0xb5bb, 0xb5bb, 0xb5bb, 0xb5bb, 0xb5bb, 0xb5bb, 0xb5bb, 0xb5bb, 0xb5bb, 0xb5bb,
0xb5bb, 0xb5bb, 0xb5bb, 0xb5bb, 0xb5bb, 0xb5bb, 0xb5bb, 0xb5bb, 0xb5bb, 0xb5bb,
0xb5bb, 0xb5bb, 0xb5bb, 0xb5bb, 0xb5bb, 0xb5bb, 0xb5bb, 0xb5bb, 0xb5bb, 0xb5bb,
0xb5bb, 0xb5bb, 0xb5bb, 0xb5bb, 0xb5bb, 0xb5bb, 0xb5bb, 0xb5bb, 0x8c75, 0x5aed,
0x52ac, 0x52ae, 0x52d1, 0x52f3, 0x6354, 0x73f6, 0x8c78, 0xa51a, 0xbddb, 0xce5c,
0xdedd, 0xe71e, 0xc61b, 0x7bd5, 0x39d1, 0x20cd, 0x20eb, 0x294b, 0x31ae, 0x4211,
0x3a11, 0x31ce, 0x216a, 0x2148, 0x2968, 0x39e9, 0x424a, 0x424b, 0x424b, 0x424b,
0x420a, 0x420a, 0x424b, 0x4a6b, 0x52ac, 0x52cd, 0x5acd, 0x5acd, 0x5aed, 0x5b0d,
0x5b0e, 0x5b0e, 0x5b0e, 0x5b0e, 0x5b0e, 0x630e, 0x630e, 0x630e, 0x630e, 0x630e,
0x630e, 0x630e, 0x630e, 0x630e, 0x630e, 0x630e, 0x630e, 0x630e, 0x630e, 0x630e,
0x630e, 0x630e, 0x630e, 0x630e, 0x630e, 0x5b0e, 0x5b0e, 0x5acd, 0x52ac, 0x528c,

0x630e, 0x630e, 0x630e, 0x630e, 0x630e, 0x630e, 0x630e, 0x630e, 0x630e, 0x630e,
0x630e, 0x630e, 0x630e, 0x630e, 0x630e, 0x630e, 0x630e, 0x630e, 0x630e, 0x630e,
0x630e, 0x5aed, 0x528c, 0x4a2a, 0x420a, 0x420a, 0x420a, 0x420a, 0x420a, 0x422a,
0x424a, 0x4a6b, 0x528c, 0x5acd, 0x5aed, 0x630e, 0x630e, 0x630e, 0x630e, 0x630e,
0x630e, 0x630e, 0x630e, 0x5b2e, 0x52ed, 0x4a6b, 0x39c9, 0x39ea, 0x630f, 0x6332,
0x4a51, 0x4212, 0x39f1, 0x318e, 0x316f, 0x3130, 0x290d, 0x41ed, 0x7bf1, 0xad77,
0xbe1b, 0xb5ba, 0x94f7, 0x73f4, 0x5b11, 0x6b93, 0x8cb6, 0x73d1, 0x4a8b, 0x528b,
0x6b70, 0x8435, 0xb5bb, 0xb5bb, 0xb5bb, 0xb5bb, 0xb5bb, 0xb5bb, 0xb5bb, 0xb5bb,
0xb5bb, 0xb5bb, 0xb5bb, 0xb5bb, 0xb5bb, 0xb5bb, 0xb5bb, 0xb5bb, 0xb5bb, 0xb5bb,
0xb5bb, 0xb5bb, 0xb5bb, 0xb5bb, 0xb5bb, 0xb5bb, 0xb5bb, 0xb5bb, 0xb5bb, 0xb5bb,
0xb5bb, 0xb5bb, 0xb5bb, 0xb5bb, 0xb5bb, 0xb5bb, 0xb5bb, 0xb5bb, 0xb5bb, 0xb5bb,
0xb5bb, 0xb5bb, 0xb5bb, 0xb5bb, 0xb5bb, 0xb5bb, 0xb5bb, 0xb5bb, 0xb5bb, 0xb5bb,
0xb5bb, 0xb5bb, 0xb5bb, 0xb5bb, 0xb5bb, 0xb5bb, 0xb5bb, 0xb5bb, 0xb5bb, 0xb5bb,
0xb5bb, 0xb5bb, 0xb5bb, 0xb5bb, 0xb5bb, 0xb5bb, 0xb5bb, 0xb5bb, 0xb5bb, 0xb5bb,
0xb5bb, 0xb5bb, 0xb5bb, 0xb5bb, 0xb5bb, 0xb5bb, 0xb5bb, 0xb5bb, 0xb5bb, 0xb5bb,
0xb5bb, 0xb5bb, 0xb5bb, 0xb5bb, 0xb5bb, 0xb5bb, 0xb5bb, 0xb5bb, 0xb5bb, 0xb5bb,
0xb5bb, 0xb5bb, 0xb5bb, 0xb5bb, 0xb5bb, 0xb5bb, 0xb5bb, 0xb5bb, 0xb5bb, 0xb5bb,
0xb5bb, 0xb5bb, 0xb5bb, 0xb5bb, 0xb5bb, 0xb5bb, 0xb5bb, 0xb5bb, 0xb5bb, 0xb5bb,
0xb5bb, 0xb5bb, 0xb5bb, 0xb5bb, 0xb5bb, 0xb5bb, 0xb5bb, 0xb5bb, 0xb5bb, 0xb5bb,
0xb5bb, 0xb5bb, 0xb5bb, 0xb5bb, 0xb5bb, 0xb5bb, 0xb5bb, 0xb5bb, 0xb5bb, 0xb5bb,
0xb5bb, 0xb5bb, 0xb5bb, 0xb5bb, 0xb5bb, 0xb5bb, 0xb5bb, 0xb5bb, 0xb5bb, 0xb5bb,
0xb5bb, 0xb5bb, 0xb5bb, 0xb5bb, 0xb5bb, 0xb5bb, 0xb5bb, 0xb5bb, 0xb5bb, 0xb5bb,
0xb5bb, 0xb5bb, 0xb5bb, 0xb5bb, 0xb5bb, 0xb5bb, 0xb5bb, 0xb5bb, 0xb5bb, 0xb5bb,
0xb5bb, 0xb5bb, 0xb5bb, 0xb5bb, 0xb5bb, 0xb5bb, 0xb5bb, 0xb5bb, 0xb5bb, 0xb5bb,
0xb5bb, 0xb5bb, 0xb5bb, 0xb5bb, 0xb5bb, 0xb5bb, 0xb5bb, 0xb5bb, 0x8c76, 0x5ace,
0x4a6b, 0x4a8d, 0x52d0, 0x5af2, 0x5b34, 0x6bb6, 0x8478, 0xa519, 0xb5bb, 0xc63c,
0xdede, 0xe71e, 0xc5fa, 0x7bd5, 0x39b1, 0x20cd, 0x20eb, 0x294b, 0x31ae, 0x4211,
0x3a11, 0x31ce, 0x216a, 0x2148, 0x2968, 0x39e9, 0x424a, 0x424b, 0x424b, 0x422a,
0x422a, 0x422a, 0x4a4b, 0x4a6b, 0x528c, 0x5acd, 0x5acd, 0x5acd, 0x5aed, 0x5b0d,
0x5b0e, 0x5b0e, 0x5b0e, 0x5b0e, 0x5b0e, 0x630e, 0x5b0e, 0x5b0e, 0x630e, 0x630e,
0x630e, 0x630e, 0x630e, 0x630e, 0x630e, 0x630e, 0x630e, 0x630e, 0x630e, 0x630e,
0x630e, 0x630e, 0x630e, 0x630e, 0x630e, 0x5b0e, 0x5b0e, 0x52cd, 0x52ac, 0x528c,

0x630e, 0x630e, 0x630e, 0x630e, 0x630e, 0x630e, 0x630e, 0x630e, 0x630e, 0x630e,
0x630e, 0x630e, 0x630e, 0x630e, 0x630e, 0x630e, 0x630e, 0x630e, 0x630e, 0x630e,
0x632e, 0x5b0e, 0x52cd, 0x4a6b, 0x420a, 0x420a, 0x420a, 0x420a, 0x422a, 0x424a,
0x4a6b, 0x52ac, 0x5acd, 0x5aed, 0x630e, 0x630e, 0x630e, 0x630e, 0x630e, 0x630e,
0x630e, 0x630e, 0x630e, 0x5b2d, 0x52ec, 0x4a6b, 0x39c9, 0x39ea, 0x630f, 0x6332,
0x4a51, 0x4212, 0x39f1, 0x318e, 0x316f, 0x3130, 0x290e, 0x41ed, 0x7bf2, 0xb597,
0xc63b, 0xb5fa, 0x9d38, 0x8455, 0x5b11, 0x5b12, 0x7c35, 0x8433, 0x632e, 0x4a8b,
0x52ee, 0x73d3, 0xb5bb, 0xb5bb, 0xb5bb, 0xb5bb, 0xb5bb, 0xb5bb, 0xb5bb, 0xb5bb,
0xb5bb, 0xb5bb, 0xb5bb, 0xb5bb, 0xb5bb, 0xb5bb, 0xb5bb, 0xb5bb, 0xb5bb, 0xb5bb,
0xb5bb, 0xb5bb, 0xb5bb, 0xb5bb, 0xb5bb, 0xb5bb, 0xb5bb, 0xb5bb, 0xb5bb, 0xb5bb,
0xb5bb, 0xb5bb, 0xb5bb, 0xb5bb, 0xb5bb, 0xb5bb, 0xb5bb, 0xb5bb, 0xb5bb, 0xb5bb,
0xb5bb, 0xb5bb, 0xb5bb, 0xb5bb, 0xb5bb, 0xb5bb, 0xb5bb, 0xb5bb, 0xb5bb, 0xb5bb,
0xb5bb, 0xb5bb, 0xb5bb, 0xb5bb, 0xb5bb, 0xb5bb, 0xb5bb, 0xb5bb, 0xb5bb, 0xb5bb,
0xb5bb, 0xb5bb, 0xb5bb, 0xb5bb, 0xb5bb, 0xb5bb, 0xb5bb, 0xb5bb, 0xb5bb, 0xb5bb,
0xb5bb, 0xb5bb, 0xb5bb, 0xb5bb, 0xb5bb, 0xb5bb, 0xb5bb, 0xb5bb, 0xb5bb, 0xb5bb,
0xb5bb, 0xb5bb, 0xb5bb, 0xb5bb, 0xb5bb, 0xb5bb, 0xb5bb, 0xb5bb, 0xb5bb, 0xb5bb,
0xb5bb, 0xb5bb, 0xb5bb, 0xb5bb, 0xb5bb, 0xb5bb, 0xb5bb, 0xb5bb, 0xb5bb, 0xb5bb,
0xb5bb, 0xb5bb, 0xb5bb, 0xb5bb, 0xb5bb, 0xb5bb, 0xb5bb, 0xb5bb, 0xb5bb, 0xb5bb,
0xb5bb, 0xb5bb, 0xb5bb, 0xb5bb, 0xb5bb, 0xb5bb, 0xb5bb, 0xb5bb, 0xb5bb, 0xb5bb,
0xb5bb, 0xb5bb, 0xb5bb, 0xb5bb, 0xb5bb, 0xb5bb, 0xb5bb, 0xb5bb, 0xb5bb, 0xb5bb,
0xb5bb, 0xb5bb, 0xb5bb, 0xb5bb, 0xb5bb, 0xb5bb, 0xb5bb, 0xb5bb, 0xb5bb, 0xb5bb,
0xb5bb, 0xb5bb, 0xb5bb, 0xb5bb, 0xb5bb, 0xb5bb, 0xb5bb, 0xb5bb, 0xb5bb, 0xb5bb,
0xb5bb, 0xb5bb, 0xb5bb, 0xb5bb, 0xb5bb, 0xb5bb, 0xb5bb, 0xb5bb, 0xb5bb, 0xb5bb,
0xb5bb, 0xb5bb, 0xb5bb, 0xb5bb, 0xb5bb, 0xb5bb, 0xb5bb, 0xb5bb, 0xb5bb, 0xb5bb,
0xb5bb, 0xb5bb, 0xb5bb, 0xb5bb, 0xb5bb, 0xb5bb, 0xb5bb, 0xb5bb, 0x8c76, 0x5ace,
0x4a4b, 0x4a8b, 0x52ce, 0x5ad1, 0x5af3, 0x6354, 0x7c37, 0x94d9, 0xad5a, 0xbddc,
0xd69e, 0xdefd, 0xbdda, 0x7b95, 0x39b1, 0x20ce, 0x20eb, 0x294b, 0x31ae, 0x4211,
0x3a12, 0x31ce, 0x216a, 0x2148, 0x2968, 0x39c9, 0x422a, 0x424b, 0x422a, 0x420a,
0x422a, 0x424a, 0x4a4b, 0x4a6b, 0x528c, 0x5acd, 0x5acd, 0x5acd, 0x5aed, 0x5b2d,
0x5b0e, 0x5b0e, 0x5b0e, 0x5b0e, 0x5b0e, 0x5b0e, 0x5b0e, 0x5b0e, 0x630e, 0x630e,
0x630e, 0x630e, 0x630e, 0x630e, 0x630e, 0x630e, 0x630e, 0x630e, 0x630e, 0x630e,
0x630e, 0x630e, 0x630e, 0x630e, 0x630e, 0x5b0e, 0x5b0e, 0x52ed, 0x52ac, 0x528c,

0x630e, 0x630e, 0x630e, 0x630e, 0x630e, 0x630e, 0x630e, 0x630e, 0x630e, 0x630e,
0x630e, 0x630e, 0x630e, 0x630e, 0x630e, 0x630e, 0x630e, 0x630e, 0x630e, 0x630e,
0x630e, 0x630e, 0x52ed, 0x4aac, 0x4a4b, 0x420a, 0x420a, 0x420a, 0x420a, 0x4a4b,
0x528c, 0x5aed, 0x630e, 0x630e, 0x630e, 0x630e, 0x630e, 0x630e, 0x630e, 0x630e,
0x630e, 0x630e, 0x630e, 0x5b2d, 0x52ec, 0x4a6b, 0x39c9, 0x39ea, 0x630f, 0x6332,
0x4a51, 0x4212, 0x39f1, 0x318e, 0x316f, 0x3130, 0x290e, 0x41ed, 0x7bf2, 0xb597,
0xc63b, 0xbddb, 0xa539, 0x8c96, 0x6373, 0x52f1, 0x5b32, 0x8414, 0x8412, 0x52ac,
0x424b, 0x5b50, 0xb5bb, 0xb5bb, 0xb5bb, 0xb5bb, 0xb5bb, 0xb5bb, 0xb5bb, 0xb5bb,
0xb5bb, 0xb5bb, 0xb5bb, 0xb5bb, 0xb5bb, 0xb5bb, 0xb5bb, 0xb5bb, 0xb5bb, 0xb5bb,
0xb5bb, 0xb5bb, 0xb5bb, 0xb5bb, 0xb5bb, 0xb5bb, 0xb5bb, 0xb5bb, 0xb5bb, 0xb5bb,
0xb5bb, 0xb5bb, 0xb5bb, 0xb5bb, 0xb5bb, 0xb5bb, 0xb5bb, 0xb5bb, 0xb5bb, 0xb5bb,
0xb5bb, 0xb5bb, 0xb5bb, 0xb5bb, 0xb5bb, 0xb5bb, 0xb5bb, 0xb5bb, 0xb5bb, 0xb5bb,
0xb5bb, 0xb5bb, 0xb5bb, 0xb5bb, 0xb5bb, 0xb5bb, 0xb5bb, 0xb5bb, 0xb5bb, 0xb5bb,
0xb5bb, 0xb5bb, 0xb5bb, 0xb5bb, 0xb5bb, 0xb5bb, 0xb5bb, 0xb5bb, 0xb5bb, 0xb5bb,
0xb5bb, 0xb5bb, 0xb5bb, 0xb5bb, 0xb5bb, 0xb5bb, 0xb5bb, 0xb5bb, 0xb5bb, 0xb5bb,
0xb5bb, 0xb5bb, 0xb5bb, 0xb5bb, 0xb5bb, 0xb5bb, 0xb5bb, 0xb5bb, 0xb5bb, 0xb5bb,
0xb5bb, 0xb5bb, 0xb5bb, 0xb5bb, 0xb5bb, 0xb5bb, 0xb5bb, 0xb5bb, 0xb5bb, 0xb5bb,
0xb5bb, 0xb5bb, 0xb5bb, 0xb5bb, 0xb5bb, 0xb5bb, 0xb5bb, 0xb5bb, 0xb5bb, 0xb5bb,
0xb5bb, 0xb5bb, 0xb5bb, 0xb5bb, 0xb5bb, 0xb5bb, 0xb5bb, 0xb5bb, 0xb5bb, 0xb5bb,
0xb5bb, 0xb5bb, 0xb5bb, 0xb5bb, 0xb5bb, 0xb5bb, 0xb5bb, 0xb5bb, 0xb5bb, 0xb5bb,
0xb5bb, 0xb5bb, 0xb5bb, 0xb5bb, 0xb5bb, 0xb5bb, 0xb5bb, 0xb5bb, 0xb5bb, 0xb5bb,
0xb5bb, 0xb5bb, 0xb5bb, 0xb5bb, 0xb5bb, 0xb5bb, 0xb5bb, 0xb5bb, 0xb5bb, 0xb5bb,
0xb5bb, 0xb5bb, 0xb5bb, 0xb5bb, 0xb5bb, 0xb5bb, 0xb5bb, 0xb5bb, 0xb5bb, 0xb5bb,
0xb5bb, 0xb5bb, 0xb5bb, 0xb5bb, 0xb5bb, 0xb5bb, 0xb5bb, 0xb5bb, 0xb5bb, 0xb5bb,
0xb5bb, 0xb5bb, 0xb5bb, 0xb5bb, 0xb5bb, 0xb5bb, 0xb5bb, 0xb5bb, 0x94b7, 0x632f,
0x4a8c, 0x426b, 0x4aad, 0x52cf, 0x52f2, 0x5b33, 0x6b95, 0x8437, 0x9cd9, 0xad7b,
0xc63d, 0xd6bd, 0xb5ba, 0x7394, 0x39b1, 0x20ce, 0x20eb, 0x294b, 0x31ae, 0x4211,
0x3a12, 0x31ce, 0x216a, 0x2148, 0x2968, 0x39c9, 0x422a, 0x424b, 0x422a, 0x420a,
0x422a, 0x4a6b, 0x4a8c, 0x4aac, 0x52cd, 0x5acd, 0x5acd, 0x5acd, 0x5aed, 0x5b2d,
0x5b0d, 0x5b0d, 0x5b0e, 0x5b0e, 0x5b0e, 0x5b0e, 0x5b0e, 0x630e, 0x630e, 0x630e,
0x630e, 0x630e, 0x630e, 0x630e, 0x630e, 0x630e, 0x630e, 0x630e, 0x630e, 0x630e,
0x630e, 0x630e, 0x630e, 0x630e, 0x630e, 0x5b0d, 0x5b0d, 0x52ed, 0x52ad, 0x528c,

0x630e, 0x630e, 0x630e, 0x630e, 0x630e, 0x630e, 0x630e, 0x630e, 0x630e, 0x630e,
0x630e, 0x630e, 0x630e, 0x630e, 0x630e, 0x630e, 0x630e, 0x630e, 0x630e, 0x630e,
0x630e, 0x630e, 0x5aed, 0x52ac, 0x4a6b, 0x420a, 0x420a, 0x420a, 0x422a, 0x4a6b,
0x52ac, 0x5aed, 0x630e, 0x630e, 0x630e, 0x630e, 0x630e, 0x630e, 0x630e, 0x630e,
0x630e, 0x630e, 0x630e, 0x5b2e, 0x52ed, 0x4a6b, 0x39c9, 0x39ea, 0x630f, 0x6332,
0x4a51, 0x4212, 0x39f1, 0x318e, 0x316f, 0x3130, 0x290d, 0x41ed, 0x7bf1, 0xb597,
0xc63b, 0xc5fb, 0xad59, 0x8c96, 0x6bb4, 0x52d1, 0x4270, 0x73d4, 0x8c94, 0x62ed,
0x422b, 0x4a8e, 0xb5bb, 0xb5bb, 0xb5bb, 0xb5bb, 0xb5bb, 0xb5bb, 0xb5bb, 0xb5bb,
0xb5bb, 0xb5bb, 0xb5bb, 0xb5bb, 0xb5bb, 0xb5bb, 0xb5bb, 0xb5bb, 0xb5bb, 0xb5bb,
0xb5bb, 0xb5bb, 0xb5bb, 0xb5bb, 0xb5bb, 0xb5bb, 0xb5bb, 0xb5bb, 0xb5bb, 0xb5bb,
0xb5bb, 0xb5bb, 0xb5bb, 0xb5bb, 0xb5bb, 0xb5bb, 0xb5bb, 0xb5bb, 0xb5bb, 0xb5bb,
0xb5bb, 0xb5bb, 0xb5bb, 0xb5bb, 0xb5bb, 0xb5bb, 0xb5bb, 0xb5bb, 0xb5bb, 0xb5bb,
0xb5bb, 0xb5bb, 0xb5bb, 0xb5bb, 0xb5bb, 0xb5bb, 0xb5bb, 0xb5bb, 0xb5bb, 0xb5bb,
0xb5bb, 0xb5bb, 0xb5bb, 0xb5bb, 0xb5bb, 0xb5bb, 0xb5bb, 0xb5bb, 0xb5bb, 0xb5bb,
0xb5bb, 0xb5bb, 0xb5bb, 0xb5bb, 0xb5bb, 0xb5bb, 0xb5bb, 0xb5bb, 0xb5bb, 0xb5bb,
0xb5bb, 0xb5bb, 0xb5bb, 0xb5bb, 0xb5bb, 0xb5bb, 0xb5bb, 0xb5bb, 0xb5bb, 0xb5bb,
0xb5bb, 0xb5bb, 0xb5bb, 0xb5bb, 0xb5bb, 0xb5bb, 0xb5bb, 0xb5bb, 0xb5bb, 0xb5bb,
0xb5bb, 0xb5bb, 0xb5bb, 0xb5bb, 0xb5bb, 0xb5bb, 0xb5bb, 0xb5bb, 0xb5bb, 0xb5bb,
0xb5bb, 0xb5bb, 0xb5bb, 0xb5bb, 0xb5bb, 0xb5bb, 0xb5bb, 0xb5bb, 0xb5bb, 0xb5bb,
0xb5bb, 0xb5bb, 0xb5bb, 0xb5bb, 0xb5bb, 0xb5bb, 0xb5bb, 0xb5bb, 0xb5bb, 0xb5bb,
0xb5bb, 0xb5bb, 0xb5bb, 0xb5bb, 0xb5bb, 0xb5bb, 0xb5bb, 0xb5bb, 0xb5bb, 0xb5bb,
0xb5bb, 0xb5bb, 0xb5bb, 0xb5bb, 0xb5bb, 0xb5bb, 0xb5bb, 0xb5bb, 0xb5bb, 0xb5bb,
0xb5bb, 0xb5bb, 0xb5bb, 0xb5bb, 0xb5bb, 0xb5bb, 0xb5bb, 0xb5bb, 0xb5bb, 0xb5bb,
0xb5bb, 0xb5bb, 0xb5bb, 0xb5bb, 0xb5bb, 0xb5bb, 0xb5bb, 0xb5bb, 0xb5bb, 0xb5bb,
0xb5bb, 0xb5bb, 0xb5bb, 0xb5bb, 0xb5bb, 0xb5bb, 0xb5bb, 0xb5bb, 0x9cd7, 0x7391,
0x5aed, 0x4a6b, 0x424b, 0x4a8e, 0x52d0, 0x52f2, 0x6353, 0x73d5, 0x8c57, 0x9cf9,
0xb5dc, 0xce5d, 0xad79, 0x7374, 0x3990, 0x20ce, 0x20eb, 0x294b, 0x31ae, 0x41f1,
0x3a11, 0x31ce, 0x214a, 0x2108, 0x2968, 0x39c9, 0x420a, 0x424b, 0x424a, 0x422a,
0x422a, 0x4a4b, 0x4a8c, 0x52ac, 0x52cd, 0x5acd, 0x5acd, 0x5aed, 0x5b0d, 0x5b0d,
0x5b0d, 0x5b0e, 0x5b0e, 0x5b0e, 0x5b0e, 0x630e, 0x630e, 0x630e, 0x630e, 0x630e,
0x630e, 0x630e, 0x630e, 0x630e, 0x630e, 0x630e, 0x630e, 0x630e, 0x630e, 0x630e,
0x630e, 0x630e, 0x630e, 0x630e, 0x630e, 0x5b0d, 0x5aed, 0x52ac, 0x528c, 0x528c,

0x630e, 0x630e, 0x630e, 0x630e, 0x630e, 0x630e, 0x630e, 0x630e, 0x630e, 0x630e,
0x630e, 0x630e, 0x630e, 0x630e, 0x630e, 0x630e, 0x630e, 0x630e, 0x630e, 0x630e,
0x630e, 0x630e, 0x5aee, 0x52ad, 0x4a6b, 0x422a, 0x420a, 0x420a, 0x422a, 0x4a8b,
0x52ac, 0x5acd, 0x630e, 0x630e, 0x630e, 0x630e, 0x630e, 0x630e, 0x630e, 0x630e,
0x630e, 0x630e, 0x630e, 0x5b2e, 0x52ed, 0x4a6b, 0x39c9, 0x39ea, 0x630f, 0x6332,
0x4a51, 0x4212, 0x39f1, 0x318e, 0x316f, 0x3130, 0x290e, 0x41ed, 0x7bf2, 0xb598,
0xce5c, 0xc61b, 0xad59, 0x9497, 0x73d5, 0x52d2, 0x3a2f, 0x6352, 0x7c13, 0x5b0d,
0x422b, 0x4a2d, 0xb5bb, 0xb5bb, 0xb5bb, 0xb5bb, 0xb5bb, 0xb5bb, 0xb5bb, 0xb5bb,
0xb5bb, 0xb5bb, 0xb5bb, 0xb5bb, 0xb5bb, 0xb5bb, 0xb5bb, 0xb5bb, 0xb5bb, 0xb5bb,
0xb5bb, 0xb5bb, 0xb5bb, 0xb5bb, 0xb5bb, 0xb5bb, 0xb5bb, 0xb5bb, 0xb5bb, 0xb5bb,
0xb5bb, 0xb5bb, 0xb5bb, 0xb5bb, 0xb5bb, 0xb5bb, 0xb5bb, 0xb5bb, 0xb5bb, 0xb5bb,
0xb5bb, 0xb5bb, 0xb5bb, 0xb5bb, 0xb5bb, 0xb5bb, 0xb5bb, 0xb5bb, 0xb5bb, 0xb5bb,
0xb5bb, 0xb5bb, 0xb5bb, 0xb5bb, 0xb5bb, 0xb5bb, 0xb5bb, 0xb5bb, 0xb5bb, 0xb5bb,
0xb5bb, 0xb5bb, 0xb5bb, 0xb5bb, 0xb5bb, 0xb5bb, 0xb5bb, 0xb5bb, 0xb5bb, 0xb5bb,
0xb5bb, 0xb5bb, 0xb5bb, 0xb5bb, 0xb5bb, 0xb5bb, 0xb5bb, 0xb5bb, 0xb5bb, 0xb5bb,
0xb5bb, 0xb5bb, 0xb5bb, 0xb5bb, 0xb5bb, 0xb5bb, 0xb5bb, 0xb5bb, 0xb5bb, 0xb5bb,
0xb5bb, 0xb5bb, 0xb5bb, 0xb5bb, 0xb5bb, 0xb5bb, 0xb5bb, 0xb5bb, 0xb5bb, 0xb5bb,
0xb5bb, 0xb5bb, 0xb5bb, 0xb5bb, 0xb5bb, 0xb5bb, 0xb5bb, 0xb5bb, 0xb5bb, 0xb5bb,
0xb5bb, 0xb5bb, 0xb5bb, 0xb5bb, 0xb5bb, 0xb5bb, 0xb5bb, 0xb5bb, 0xb5bb, 0xb5bb,
0xb5bb, 0xb5bb, 0xb5bb, 0xb5bb, 0xb5bb, 0xb5bb, 0xb5bb, 0xb5bb, 0xb5bb, 0xb5bb,
0xb5bb, 0xb5bb, 0xb5bb, 0xb5bb, 0xb5bb, 0xb5bb, 0xb5bb, 0xb5bb, 0xb5bb, 0xb5bb,
0xb5bb, 0xb5bb, 0xb5bb, 0xb5bb, 0xb5bb, 0xb5bb, 0xb5bb, 0xb5bb, 0xb5bb, 0xb5bb,
0xb5bb, 0xb5bb, 0xb5bb, 0xb5bb, 0xb5bb, 0xb5bb, 0xb5bb, 0xb5bb, 0xb5bb, 0xb5bb,
0xb5bb, 0xb5bb, 0xb5bb, 0xb5bb, 0xb5bb, 0xb5bb, 0xb5bb, 0xb5bb, 0xb5bb, 0xb5bb,
0xb5bb, 0xb5bb, 0xb5bb, 0xb5bb, 0xb5bb, 0xb5bb, 0xb5bb, 0xb5bb, 0x9cd8, 0x7bd3,
0x6b50, 0x528c, 0x420a, 0x4a4c, 0x52af, 0x52d0, 0x52f1, 0x6332, 0x73d5, 0x8c77,
0xa55a, 0xbdfb, 0xa519, 0x7354, 0x41b0, 0x28ee, 0x28eb, 0x294b, 0x31ae, 0x41f1,
0x3a12, 0x31ce, 0x214a, 0x2108, 0x2968, 0x39c9, 0x420a, 0x424b, 0x424b, 0x424a,
0x424a, 0x4a6b, 0x528c, 0x52ac, 0x5acd, 0x5acd, 0x5aed, 0x5b2d, 0x5b2d, 0x5b0d,
0x5b0e, 0x5b0e, 0x5b0e, 0x5b0e, 0x5b0e, 0x630e, 0x630e, 0x630e, 0x630e, 0x630e,
0x630e, 0x630e, 0x630e, 0x630e, 0x630e, 0x630e, 0x630e, 0x630e, 0x630e, 0x630e,
0x630e, 0x630e, 0x630e, 0x630e, 0x630e, 0x5aed, 0x5acd, 0x528c, 0x528c, 0x528c,

0x630e, 0x630e, 0x630e, 0x630e, 0x630e, 0x630e, 0x630e, 0x630e, 0x630e, 0x630e,
0x630e, 0x630e, 0x630e, 0x630e, 0x630e, 0x630e, 0x630e, 0x630e, 0x630e, 0x630e,
0x630e, 0x630e, 0x5b2e, 0x5aee, 0x52ac, 0x4a6b, 0x424a, 0x420a, 0x420a, 0x4a4b,
0x528c, 0x5aed, 0x630e, 0x630e, 0x630e, 0x630e, 0x630e, 0x630e, 0x630e, 0x630e,
0x630e, 0x630e, 0x630e, 0x5b2e, 0x52ed, 0x4a6b, 0x39c9, 0x39ea, 0x630f, 0x6332,
0x4a51, 0x4212, 0x39f1, 0x318e, 0x316f, 0x3130, 0x290e, 0x41ed, 0x7bf2, 0xb598,
0xc63c, 0xbdfc, 0xa51a, 0x8c57, 0x73b4, 0x5312, 0x4a90, 0x5ad0, 0x630f, 0x4a8b,
0x422a, 0x4a4c, 0xb5bb, 0xb5bb, 0xb5bb, 0xb5bb, 0xb5bb, 0xb5bb, 0xb5bb, 0xb5bb,
0xb5bb, 0xb5bb, 0xb5bb, 0xb5bb, 0xb5bb, 0xb5bb, 0xb5bb, 0xb5bb, 0xb5bb, 0xb5bb,
0xb5bb, 0xb5bb, 0xb5bb, 0xb5bb, 0xb5bb, 0xb5bb, 0xb5bb, 0xb5bb, 0xb5bb, 0xb5bb,
0xb5bb, 0xb5bb, 0xb5bb, 0xb5bb, 0xb5bb, 0xb5bb, 0xb5bb, 0xb5bb, 0xb5bb, 0xb5bb,
0xb5bb, 0xb5bb, 0xb5bb, 0xb5bb, 0xb5bb, 0xb5bb, 0xb5bb, 0xb5bb, 0xb5bb, 0xb5bb,
0xb5bb, 0xb5bb, 0xb5bb, 0xb5bb, 0xb5bb, 0xb5bb, 0xb5bb, 0xb5bb, 0xb5bb, 0xb5bb,
0xb5bb, 0xb5bb, 0xb5bb, 0xb5bb, 0xb5bb, 0xb5bb, 0xb5bb, 0xb5bb, 0xb5bb, 0xb5bb,
0xb5bb, 0xb5bb, 0xb5bb, 0xb5bb, 0xb5bb, 0xb5bb, 0xb5bb, 0xb5bb, 0xb5bb, 0xb5bb,
0xb5bb, 0xb5bb, 0xb5bb, 0xb5bb, 0xb5bb, 0xb5bb, 0xb5bb, 0xb5bb, 0xb5bb, 0xb5bb,
0xb5bb, 0xb5bb, 0xb5bb, 0xb5bb, 0xb5bb, 0xb5bb, 0xb5bb, 0xb5bb, 0xb5bb, 0xb5bb,
0xb5bb, 0xb5bb, 0xb5bb, 0xb5bb, 0xb5bb, 0xb5bb, 0xb5bb, 0xb5bb, 0xb5bb, 0xb5bb,
0xb5bb, 0xb5bb, 0xb5bb, 0xb5bb, 0xb5bb, 0xb5bb, 0xb5bb, 0xb5bb, 0xb5bb, 0xb5bb,
0xb5bb, 0xb5bb, 0xb5bb, 0xb5bb, 0xb5bb, 0xb5bb, 0xb5bb, 0xb5bb, 0xb5bb, 0xb5bb,
0xb5bb, 0xb5bb, 0xb5bb, 0xb5bb, 0xb5bb, 0xb5bb, 0xb5bb, 0xb5bb, 0xb5bb, 0xb5bb,
0xb5bb, 0xb5bb, 0xb5bb, 0xb5bb, 0xb5bb, 0xb5bb, 0xb5bb, 0xb5bb, 0xb5bb, 0xb5bb,
0xb5bb, 0xb5bb, 0xb5bb, 0xb5bb, 0xb5bb, 0xb5bb, 0xb5bb, 0xb5bb, 0xb5bb, 0xb5bb,
0xb5bb, 0xb5bb, 0xb5bb, 0xb5bb, 0xb5bb, 0xb5bb, 0xb5bb, 0xb5bb, 0xb5bb, 0xb5bb,
0xb5bb, 0xb5bb, 0xb5bb, 0xb5bb, 0xb5bb, 0xb5bb, 0xb5bb, 0xb5bb, 0x9cf8, 0x8414,
0x73b3, 0x5ace, 0x4a4a, 0x426b, 0x4aad, 0x4a8f, 0x424f, 0x426f, 0x5b32, 0x73d4,
0x8c97, 0xa538, 0x9cb7, 0x6b13, 0x41d0, 0x290e, 0x28eb, 0x292b, 0x31ae, 0x4211,
0x3a12, 0x31ce, 0x216a, 0x2148, 0x2968, 0x39c9, 0x422a, 0x424b, 0x424b, 0x424b,
0x426b, 0x4aac, 0x52cd, 0x52cd, 0x5acd, 0x5acd, 0x5aed, 0x5b0d, 0x5b0d, 0x5b0d,
0x5b0d, 0x5b0d, 0x5b0d, 0x5b0e, 0x5b0e, 0x5b0e, 0x5b0e, 0x630e, 0x630e, 0x630e,
0x630e, 0x630e, 0x630e, 0x630e, 0x630e, 0x630e, 0x630e, 0x630e, 0x630e, 0x630e,
0x630e, 0x630e, 0x630e, 0x630e, 0x630e, 0x5aed, 0x5acd, 0x528c, 0x528c, 0x528c,

0x630e, 0x630e, 0x630e, 0x630e, 0x630e, 0x630e, 0x630e, 0x630e, 0x630e, 0x630e,
0x630e, 0x630e, 0x630e, 0x630e, 0x630e, 0x630e, 0x630e, 0x630e, 0x630e, 0x630e,
0x630e, 0x630e, 0x630e, 0x5b0e, 0x52cd, 0x4a8c, 0x424a, 0x420a, 0x420a, 0x4a4b,
0x528c, 0x5aed, 0x630e, 0x630e, 0x630e, 0x630e, 0x630e, 0x630e, 0x630e, 0x630e,
0x630e, 0x630e, 0x630e, 0x5b2e, 0x52ed, 0x4a6b, 0x39c9, 0x39ea, 0x630f, 0x6332,
0x4a51, 0x4212, 0x39f1, 0x318e, 0x316f, 0x3130, 0x290e, 0x41ed, 0x7bf2, 0xad78,
0xc5fc, 0xb5bb, 0x9cf9, 0x8416, 0x5b53, 0x5332, 0x6353, 0x5aef, 0x424b, 0x31c8,
0x3a0a, 0x4a6d, 0xb5bb, 0xb5bb, 0xb5bb, 0xb5bb, 0xb5bb, 0xb5bb, 0xb5bb, 0xb5bb,
0xb5bb, 0xb5bb, 0xb5bb, 0xb5bb, 0xb5bb, 0xb5bb, 0xb5bb, 0xb5bb, 0xb5bb, 0xb5bb,
0xb5bb, 0xb5bb, 0xb5bb, 0xb5bb, 0xb5bb, 0xb5bb, 0xb5bb, 0xb5bb, 0xb5bb, 0xb5bb,
0xb5bb, 0xb5bb, 0xb5bb, 0xb5bb, 0xb5bb, 0xb5bb, 0xb5bb, 0xb5bb, 0xb5bb, 0xb5bb,
0xb5bb, 0xb5bb, 0xb5bb, 0xb5bb, 0xb5bb, 0xb5bb, 0xb5bb, 0xb5bb, 0xb5bb, 0xb5bb,
0xb5bb, 0xb5bb, 0xb5bb, 0xb5bb, 0xb5bb, 0xb5bb, 0xb5bb, 0xb5bb, 0xb5bb, 0xb5bb,
0xb5bb, 0xb5bb, 0xb5bb, 0xb5bb, 0xb5bb, 0xb5bb, 0xb5bb, 0xb5bb, 0xb5bb, 0xb5bb,
0xb5bb, 0xb5bb, 0xb5bb, 0xb5bb, 0xb5bb, 0xb5bb, 0xb5bb, 0xb5bb, 0xb5bb, 0xb5bb,
0xb5bb, 0xb5bb, 0xb5bb, 0xb5bb, 0xb5bb, 0xb5bb, 0xb5bb, 0xb5bb, 0xb5bb, 0xb5bb,
0xb5bb, 0xb5bb, 0xb5bb, 0xb5bb, 0xb5bb, 0xb5bb, 0xb5bb, 0xb5bb, 0xb5bb, 0xb5bb,
0xb5bb, 0xb5bb, 0xb5bb, 0xb5bb, 0xb5bb, 0xb5bb, 0xb5bb, 0xb5bb, 0xb5bb, 0xb5bb,
0xb5bb, 0xb5bb, 0xb5bb, 0xb5bb, 0xb5bb, 0xb5bb, 0xb5bb, 0xb5bb, 0xb5bb, 0xb5bb,
0xb5bb, 0xb5bb, 0xb5bb, 0xb5bb, 0xb5bb, 0xb5bb, 0xb5bb, 0xb5bb, 0xb5bb, 0xb5bb,
0xb5bb, 0xb5bb, 0xb5bb, 0xb5bb, 0xb5bb, 0xb5bb, 0xb5bb, 0xb5bb, 0xb5bb, 0xb5bb,
0xb5bb, 0xb5bb, 0xb5bb, 0xb5bb, 0xb5bb, 0xb5bb, 0xb5bb, 0xb5bb, 0xb5bb, 0xb5bb,
0xb5bb, 0xb5bb, 0xb5bb, 0xb5bb, 0xb5bb, 0xb5bb, 0xb5bb, 0xb5bb, 0xb5bb, 0xb5bb,
0xb5bb, 0xb5bb, 0xb5bb, 0xb5bb, 0xb5bb, 0xb5bb, 0xb5bb, 0xb5bb, 0xb5bb, 0xb5bb,
0xb5bb, 0xb5bb, 0xb5bb, 0xb5bb, 0xb5bb, 0xb5bb, 0xb5bb, 0xb5bb, 0x9cf8, 0x8c54,
0x8413, 0x632f, 0x4a6c, 0x424b, 0x426c, 0x422d, 0x3a0d, 0x3a2e, 0x4aaf, 0x5b11,
0x6bb3, 0x8c55, 0x8414, 0x5af2, 0x39d0, 0x290e, 0x290b, 0x292b, 0x31ae, 0x4211,
0x3a12, 0x31ce, 0x216a, 0x2148, 0x2968, 0x39c9, 0x420a, 0x420a, 0x422a, 0x424b,
0x426b, 0x4aac, 0x52cd, 0x52cd, 0x5acd, 0x5acd, 0x5acd, 0x5acd, 0x5aed, 0x5aed,
0x5aed, 0x5acd, 0x5aed, 0x5aed, 0x5aed, 0x5aed, 0x5aed, 0x5aed, 0x5b0e, 0x5b0e,
0x630e, 0x630e, 0x630e, 0x630e, 0x630e, 0x630e, 0x630e, 0x630e, 0x630e, 0x630e,
0x630e, 0x630e, 0x630e, 0x630e, 0x630e, 0x5aed, 0x5acd, 0x528c, 0x528c, 0x528c,

0x630e, 0x630e, 0x630e, 0x630e, 0x630e, 0x630e, 0x630e, 0x630e, 0x630e, 0x630e,
0x630e, 0x630e, 0x630e, 0x630e, 0x630e, 0x630e, 0x630e, 0x630e, 0x630e, 0x630e,
0x630e, 0x630e, 0x630e, 0x5b0e, 0x52ed, 0x4a8c, 0x4a2b, 0x420a, 0x420a, 0x424a,
0x4a8b, 0x5acd, 0x5b0e, 0x630e, 0x630e, 0x630e, 0x630e, 0x630e, 0x630e, 0x630e,
0x630e, 0x630e, 0x630e, 0x5b2e, 0x52ed, 0x4a6b, 0x39a9, 0x39ea, 0x630f, 0x6332,
0x4a51, 0x4212, 0x39f1, 0x318e, 0x316f, 0x3130, 0x290d, 0x41ed, 0x7bf1, 0xad77,
0xbdfb, 0xad9a, 0x94d8, 0x7bf5, 0x5312, 0x5b32, 0x73f3, 0x5b0f, 0x39e9, 0x39e9,
0x4a4c, 0x5ace, 0xb5bb, 0xb5bb, 0xb5bb, 0xb5bb, 0xb5bb, 0xb5bb, 0xb5bb, 0xb5bb,
0xb5bb, 0xb5bb, 0xb5bb, 0xb5bb, 0xb5bb, 0xb5bb, 0xb5bb, 0xb5bb, 0xb5bb, 0xb5bb,
0xb5bb, 0xb5bb, 0xb5bb, 0xb5bb, 0xb5bb, 0xb5bb, 0xb5bb, 0xb5bb, 0xb5bb, 0xb5bb,
0xb5bb, 0xb5bb, 0xb5bb, 0xb5bb, 0xb5bb, 0xb5bb, 0xb5bb, 0xb5bb, 0xb5bb, 0xb5bb,
0xb5bb, 0xb5bb, 0xb5bb, 0xb5bb, 0xb5bb, 0xb5bb, 0xb5bb, 0xb5bb, 0xb5bb, 0xb5bb,
0xb5bb, 0xb5bb, 0xb5bb, 0xb5bb, 0xb5bb, 0xb5bb, 0xb5bb, 0xb5bb, 0xb5bb, 0xb5bb,
0xb5bb, 0xb5bb, 0xb5bb, 0xb5bb, 0xb5bb, 0xb5bb, 0xb5bb, 0xb5bb, 0xb5bb, 0xb5bb,
0xb5bb, 0xb5bb, 0xb5bb, 0xb5bb, 0xb5bb, 0xb5bb, 0xb5bb, 0xb5bb, 0xb5bb, 0xb5bb,
0xb5bb, 0xb5bb, 0xb5bb, 0xb5bb, 0xb5bb, 0xb5bb, 0xb5bb, 0xb5bb, 0xb5bb, 0xb5bb,
0xb5bb, 0xb5bb, 0xb5bb, 0xb5bb, 0xb5bb, 0xb5bb, 0xb5bb, 0xb5bb, 0xb5bb, 0xb5bb,
0xb5bb, 0xb5bb, 0xb5bb, 0xb5bb, 0xb5bb, 0xb5bb, 0xb5bb, 0xb5bb, 0xb5bb, 0xb5bb,
0xb5bb, 0xb5bb, 0xb5bb, 0xb5bb, 0xb5bb, 0xb5bb, 0xb5bb, 0xb5bb, 0xb5bb, 0xb5bb,
0xb5bb, 0xb5bb, 0xb5bb, 0xb5bb, 0xb5bb, 0xb5bb, 0xb5bb, 0xb5bb, 0xb5bb, 0xb5bb,
0xb5bb, 0xb5bb, 0xb5bb, 0xb5bb, 0xb5bb, 0xb5bb, 0xb5bb, 0xb5bb, 0xb5bb, 0xb5bb,
0xb5bb, 0xb5bb, 0xb5bb, 0xb5bb, 0xb5bb, 0xb5bb, 0xb5bb, 0xb5bb, 0xb5bb, 0xb5bb,
0xb5bb, 0xb5bb, 0xb5bb, 0xb5bb, 0xb5bb, 0xb5bb, 0xb5bb, 0xb5bb, 0xb5bb, 0xb5bb,
0xb5bb, 0xb5bb, 0xb5bb, 0xb5bb, 0xb5bb, 0xb5bb, 0xb5bb, 0xb5bb, 0xb5bb, 0xb5bb,
0xb5bb, 0xb5bb, 0xb5bb, 0xb5bb, 0xb5bb, 0xb5bb, 0xb5bb, 0xb5bb, 0xad5a, 0x9cf7,
0x8c75, 0x7391, 0x5ace, 0x422b, 0x39e9, 0x31ca, 0x31cb, 0x31ec, 0x422d, 0x4a8f,
0x5b31, 0x73d3, 0x7393, 0x52b1, 0x39b0, 0x290e, 0x290b, 0x292b, 0x31ae, 0x41f1,
0x3a11, 0x31ce, 0x214a, 0x2128, 0x2968, 0x39c9, 0x420a, 0x420a, 0x420a, 0x424b,
0x426b, 0x4a8c, 0x52cd, 0x52cd, 0x5acd, 0x5acd, 0x5acd, 0x52cd, 0x52ad, 0x52ac,
0x52ad, 0x52ac, 0x52ad, 0x52ac, 0x52ac, 0x52ac, 0x52ac, 0x52ad, 0x5aed, 0x5b0d,
0x5b0d, 0x630e, 0x630e, 0x630e, 0x630e, 0x630e, 0x630e, 0x630e, 0x630e, 0x630e,
0x630e, 0x630e, 0x630e, 0x630e, 0x5b0e, 0x5aed, 0x5acd, 0x528c, 0x528c, 0x528c,

0x630e, 0x630e, 0x630e, 0x630e, 0x630e, 0x630e, 0x630e, 0x630e, 0x630e, 0x630e,
0x630e, 0x630e, 0x630e, 0x630e, 0x630e, 0x630e, 0x630e, 0x630e, 0x630e, 0x630e,
0x630e, 0x630e, 0x630e, 0x5b0e, 0x52ed, 0x4a8c, 0x4a4a, 0x420a, 0x420a, 0x424a,
0x4a6b, 0x52ac, 0x5b0e, 0x5b2e, 0x630e, 0x630e, 0x630e, 0x632e, 0x630e, 0x630e,
0x630e, 0x630e, 0x630e, 0x5b2d, 0x52ec, 0x4a6b, 0x39c9, 0x39ea, 0x630f, 0x6332,
0x4a51, 0x4212, 0x39f1, 0x318e, 0x316f, 0x3130, 0x290e, 0x41ed, 0x7bf2, 0xad77,
0xbdfb, 0xa57a, 0x8477, 0x6bb5, 0x5b33, 0x6372, 0x73d2, 0x5acd, 0x41e9, 0x4a6b,
0x5aee, 0x632f, 0xb5bb, 0xb5bb, 0xb5bb, 0xb5bb, 0xb5bb, 0xb5bb, 0xb5bb, 0xb5bb,
0xb5bb, 0xb5bb, 0xb5bb, 0xb5bb, 0xb5bb, 0xb5bb, 0xb5bb, 0xb5bb, 0xb5bb, 0xb5bb,
0xb5bb, 0xb5bb, 0xb5bb, 0xb5bb, 0xb5bb, 0xb5bb, 0xb5bb, 0xb5bb, 0xb5bb, 0xb5bb,
0xb5bb, 0xb5bb, 0xb5bb, 0xb5bb, 0xb5bb, 0xb5bb, 0xb5bb, 0xb5bb, 0xb5bb, 0xb5bb,
0xb5bb, 0xb5bb, 0xb5bb, 0xb5bb, 0xb5bb, 0xb5bb, 0xb5bb, 0xb5bb, 0xb5bb, 0xb5bb,
0xb5bb, 0xb5bb, 0xb5bb, 0xb5bb, 0xb5bb, 0xb5bb, 0xb5bb, 0xb5bb, 0xb5bb, 0xb5bb,
0xb5bb, 0xb5bb, 0xb5bb, 0xb5bb, 0xb5bb, 0xb5bb, 0xb5bb, 0xb5bb, 0xb5bb, 0xb5bb,
0xb5bb, 0xb5bb, 0xb5bb, 0xb5bb, 0xb5bb, 0xb5bb, 0xb5bb, 0xb5bb, 0xb5bb, 0xb5bb,
0xb5bb, 0xb5bb, 0xb5bb, 0xb5bb, 0xb5bb, 0xb5bb, 0xb5bb, 0xb5bb, 0xb5bb, 0xb5bb,
0xb5bb, 0xb5bb, 0xb5bb, 0xb5bb, 0xb5bb, 0xb5bb, 0xb5bb, 0xb5bb, 0xb5bb, 0xb5bb,
0xb5bb, 0xb5bb, 0xb5bb, 0xb5bb, 0xb5bb, 0xb5bb, 0xb5bb, 0xb5bb, 0xb5bb, 0xb5bb,
0xb5bb, 0xb5bb, 0xb5bb, 0xb5bb, 0xb5bb, 0xb5bb, 0xb5bb, 0xb5bb, 0xb5bb, 0xb5bb,
0xb5bb, 0xb5bb, 0xb5bb, 0xb5bb, 0xb5bb, 0xb5bb, 0xb5bb, 0xb5bb, 0xb5bb, 0xb5bb,
0xb5bb, 0xb5bb, 0xb5bb, 0xb5bb, 0xb5bb, 0xb5bb, 0xb5bb, 0xb5bb, 0xb5bb, 0xb5bb,
0xb5bb, 0xb5bb, 0xb5bb, 0xb5bb, 0xb5bb, 0xb5bb, 0xb5bb, 0xb5bb, 0xb5bb, 0xb5bb,
0xb5bb, 0xb5bb, 0xb5bb, 0xb5bb, 0xb5bb, 0xb5bb, 0xb5bb, 0xb5bb, 0xb5bb, 0xb5bb,
0xb5bb, 0xb5bb, 0xb5bb, 0xb5bb, 0xb5bb, 0xb5bb, 0xb5bb, 0xb5bb, 0xb5bb, 0xb5bb,
0xb5bb, 0xb5bb, 0xb5bb, 0xb5bb, 0xb5bb, 0xb5bb, 0xb5bb, 0xb5bb, 0xbddc, 0xb59b,
0x9496, 0x7bd3, 0x6b50, 0x526c, 0x31c8, 0x2988, 0x29a8, 0x31ca, 0x41eb, 0x424d,
0x52d0, 0x6b71, 0x6b72, 0x5291, 0x39b0, 0x290e, 0x290b, 0x292b, 0x31ae, 0x41f1,
0x3a12, 0x31ce, 0x212a, 0x2108, 0x2968, 0x39e9, 0x420a, 0x420a, 0x420a, 0x4a4b,
0x4a6b, 0x4aac, 0x52cd, 0x52cd, 0x5acd, 0x5acd, 0x52cd, 0x52cd, 0x528c, 0x4a6c,
0x4a8c, 0x4a8c, 0x4a8c, 0x4a8c, 0x4a8c, 0x528c, 0x4a6c, 0x528c, 0x5aad, 0x5aed,
0x5b0d, 0x5b0d, 0x630e, 0x630e, 0x630e, 0x630e, 0x630e, 0x630e, 0x630e, 0x630e,
0x630e, 0x630e, 0x630e, 0x630e, 0x5b0e, 0x5aed, 0x5acd, 0x528c, 0x528c, 0x528c,

0x630e, 0x630e, 0x630e, 0x630e, 0x630e, 0x630e, 0x630e, 0x630e, 0x630e, 0x630e,
0x630e, 0x630e, 0x630e, 0x630e, 0x630e, 0x630e, 0x630e, 0x630e, 0x630e, 0x630e,
0x630e, 0x630e, 0x630e, 0x630e, 0x5aed, 0x528c, 0x4a4b, 0x420a, 0x420a, 0x420a,
0x4a4b, 0x52ac, 0x5b0d, 0x5b2d, 0x630e, 0x630e, 0x630e, 0x5b2e, 0x5aed, 0x5acd,
0x5acd, 0x5acd, 0x5acd, 0x52ed, 0x52cc, 0x4a6a, 0x39c9, 0x39eb, 0x6310, 0x6332,
0x4a51, 0x4212, 0x39f1, 0x318e, 0x316f, 0x3130, 0x290e, 0x41ed, 0x73b2, 0xa537,
0xb5bb, 0xa559, 0x7c16, 0x6374, 0x6bb4, 0x73d3, 0x630f, 0x4a4b, 0x420a, 0x528b,
0x632f, 0x7392, 0xb5bb, 0xb5bb, 0xb5bb, 0xb5bb, 0xb5bb, 0xb5bb, 0xb5bb, 0xb5bb,
0xb5bb, 0xb5bb, 0xb5bb, 0xb5bb, 0xb5bb, 0xb5bb, 0xb5bb, 0xb5bb, 0xb5bb, 0xb5bb,
0xb5bb, 0xb5bb, 0xb5bb, 0xb5bb, 0xb5bb, 0xb5bb, 0xb5bb, 0xb5bb, 0xb5bb, 0xb5bb,
0xb5bb, 0xb5bb, 0xb5bb, 0xb5bb, 0xb5bb, 0xb5bb, 0xb5bb, 0xb5bb, 0xb5bb, 0xb5bb,
0xb5bb, 0xb5bb, 0xb5bb, 0xb5bb, 0xb5bb, 0xb5bb, 0xb5bb, 0xb5bb, 0xb5bb, 0xb5bb,
0xb5bb, 0xb5bb, 0xb5bb, 0xb5bb, 0xb5bb, 0xb5bb, 0xb5bb, 0xb5bb, 0xb5bb, 0xb5bb,
0xb5bb, 0xb5bb, 0xb5bb, 0xb5bb, 0xb5bb, 0xb5bb, 0xb5bb, 0xb5bb, 0xb5bb, 0xb5bb,
0xb5bb, 0xb5bb, 0xb5bb, 0xb5bb, 0xb5bb, 0xb5bb, 0xb5bb, 0xb5bb, 0xb5bb, 0xb5bb,
0xb5bb, 0xb5bb, 0xb5bb, 0xb5bb, 0xb5bb, 0xb5bb, 0xb5bb, 0xb5bb, 0xb5bb, 0xb5bb,
0xb5bb, 0xb5bb, 0xb5bb, 0xb5bb, 0xb5bb, 0xb5bb, 0xb5bb, 0xb5bb, 0xb5bb, 0xb5bb,
0xb5bb, 0xb5bb, 0xb5bb, 0xb5bb, 0xb5bb, 0xb5bb, 0xb5bb, 0xb5bb, 0xb5bb, 0xb5bb,
0xb5bb, 0xb5bb, 0xb5bb, 0xb5bb, 0xb5bb, 0xb5bb, 0xb5bb, 0xb5bb, 0xb5bb, 0xb5bb,
0xb5bb, 0xb5bb, 0xb5bb, 0xb5bb, 0xb5bb, 0xb5bb, 0xb5bb, 0xb5bb, 0xb5bb, 0xb5bb,
0xb5bb, 0xb5bb, 0xb5bb, 0xb5bb, 0xb5bb, 0xb5bb, 0xb5bb, 0xb5bb, 0xb5bb, 0xb5bb,
0xb5bb, 0xb5bb, 0xb5bb, 0xb5bb, 0xb5bb, 0xb5bb, 0xb5bb, 0xb5bb, 0xb5bb, 0xb5bb,
0xb5bb, 0xb5bb, 0xb5bb, 0xb5bb, 0xb5bb, 0xb5bb, 0xb5bb, 0xb5bb, 0xb5bb, 0xb5bb,
0xb5bb, 0xb5bb, 0xb5bb, 0xb5bb, 0xb5bb, 0xb5bb, 0xb5bb, 0xb5bb, 0xb5bb, 0xb5bb,
0xb5bb, 0xb5bb, 0xb5bb, 0xb5bb, 0xb5bb, 0xb5bb, 0xb5bb, 0xb5bb, 0xb5bc, 0xad7a,
0x94b6, 0x8434, 0x7bd3, 0x6b4f, 0x528b, 0x39c9, 0x39c9, 0x422a, 0x4a6c, 0x4a6d,
0x52ae, 0x6b50, 0x6b51, 0x5291, 0x39b0, 0x290e, 0x290b, 0x292b, 0x31ae, 0x41f1,
0x3a12, 0x31ce, 0x212a, 0x2108, 0x2968, 0x39e9, 0x420a, 0x420a, 0x420a, 0x4a4b,
0x526b, 0x52ac, 0x52cd, 0x52cd, 0x5acd, 0x528d, 0x4a8d, 0x4a8c, 0x4a6b, 0x4a4b,
0x4a4b, 0x4a4b, 0x4a4b, 0x4a4b, 0x4a4b, 0x4a4b, 0x4a4b, 0x4a4b, 0x528c, 0x52ad,
0x5aed, 0x5b0d, 0x5b0d, 0x630e, 0x630e, 0x630e, 0x630e, 0x630e, 0x630e, 0x630e,
0x630e, 0x630e, 0x630e, 0x630e, 0x5b0e, 0x5aed, 0x5acd, 0x528c, 0x528c, 0x528c,

0x630e, 0x630e, 0x630e, 0x630e, 0x630e, 0x630e, 0x630e, 0x630e, 0x630e, 0x630e,
0x630e, 0x630e, 0x630e, 0x630e, 0x630e, 0x630e, 0x630e, 0x630e, 0x630e, 0x630e,
0x630e, 0x630e, 0x630e, 0x630e, 0x5acd, 0x52ac, 0x4a6b, 0x422a, 0x41e9, 0x420a,
0x4a4b, 0x52ac, 0x5b0d, 0x5b2d, 0x630e, 0x62ed, 0x5acd, 0x52ad, 0x52ac, 0x4aac,
0x4a6c, 0x4a6b, 0x4a6b, 0x4a8c, 0x4a6b, 0x4209, 0x31a8, 0x41ea, 0x630f, 0x6332,
0x4a51, 0x4212, 0x39f1, 0x318e, 0x316f, 0x3130, 0x290d, 0x41ed, 0x73b2, 0x9d17,
0xad7a, 0x94f8, 0x6bd5, 0x6353, 0x73d5, 0x73b3, 0x528c, 0x4209, 0x4a4b, 0x5acd,
0x7391, 0x7bf4, 0xb5bb, 0xb5bb, 0xb5bb, 0xb5bb, 0xb5bb, 0xb5bb, 0xb5bb, 0xb5bb,
0xb5bb, 0xb5bb, 0xb5bb, 0xb5bb, 0xb5bb, 0xb5bb, 0xb5bb, 0xb5bb, 0xb5bb, 0xb5bb,
0xb5bb, 0xb5bb, 0xb5bb, 0xb5bb, 0xb5bb, 0xb5bb, 0xb5bb, 0xb5bb, 0xb5bb, 0xb5bb,
0xb5bb, 0xb5bb, 0xb5bb, 0xb5bb, 0xb5bb, 0xb5bb, 0xb5bb, 0xb5bb, 0xb5bb, 0xb5bb,
0xb5bb, 0xb5bb, 0xb5bb, 0xb5bb, 0xb5bb, 0xb5bb, 0xb5bb, 0xb5bb, 0xb5bb, 0xb5bb,
0xb5bb, 0xb5bb, 0xb5bb, 0xb5bb, 0xb5bb, 0xb5bb, 0xb5bb, 0xb5bb, 0xb5bb, 0xb5bb,
0xb5bb, 0xb5bb, 0xb5bb, 0xb5bb, 0xb5bb, 0xb5bb, 0xb5bb, 0xb5bb, 0xb5bb, 0xb5bb,
0xb5bb, 0xb5bb, 0xb5bb, 0xb5bb, 0xb5bb, 0xb5bb, 0xb5bb, 0xb5bb, 0xb5bb, 0xb5bb,
0xb5bb, 0xb5bb, 0xb5bb, 0xb5bb, 0xb5bb, 0xb5bb, 0xb5bb, 0xb5bb, 0xb5bb, 0xb5bb,
0xb5bb, 0xb5bb, 0xb5bb, 0xb5bb, 0xb5bb, 0xb5bb, 0xb5bb, 0xb5bb, 0xb5bb, 0xb5bb,
0xb5bb, 0xb5bb, 0xb5bb, 0xb5bb, 0xb5bb, 0xb5bb, 0xb5bb, 0xb5bb, 0xb5bb, 0xb5bb,
0xb5bb, 0xb5bb, 0xb5bb, 0xb5bb, 0xb5bb, 0xb5bb, 0xb5bb, 0xb5bb, 0xb5bb, 0xb5bb,
0xb5bb, 0xb5bb, 0xb5bb, 0xb5bb, 0xb5bb, 0xb5bb, 0xb5bb, 0xb5bb, 0xb5bb, 0xb5bb,
0xb5bb, 0xb5bb, 0xb5bb, 0xb5bb, 0xb5bb, 0xb5bb, 0xb5bb, 0xb5bb, 0xb5bb, 0xb5bb,
0xb5bb, 0xb5bb, 0xb5bb, 0xb5bb, 0xb5bb, 0xb5bb, 0xb5bb, 0xb5bb, 0xb5bb, 0xb5bb,
0xb5bb, 0xb5bb, 0xb5bb, 0xb5bb, 0xb5bb, 0xb5bb, 0xb5bb, 0xb5bb, 0xb5bb, 0xb5bb,
0xb5bb, 0xb5bb, 0xb5bb, 0xb5bb, 0xb5bb, 0xb5bb, 0xb5bb, 0xb5bb, 0xb5bb, 0xb5bb,
0xb5bb, 0xb5bb, 0xb5bb, 0xb5bb, 0xb5bb, 0xb5bb, 0xb5bb, 0xb5bb, 0xb59b, 0xb5bb,
0xad7a, 0x94b7, 0x8414, 0x7bd2, 0x632f, 0x4a4b, 0x4a6b, 0x632e, 0x7bd1, 0x6b4f,
0x5acd, 0x5aee, 0x6310, 0x5a91, 0x39b1, 0x290e, 0x290b, 0x292b, 0x31ae, 0x41f1,
0x3a11, 0x31ce, 0x212a, 0x2108, 0x2968, 0x39e9, 0x420a, 0x420a, 0x420a, 0x4a4b,
0x526b, 0x52ac, 0x52cd, 0x52cd, 0x52cd, 0x4aad, 0x4a6c, 0x4a4b, 0x4a4b, 0x4a2b,
0x4a4a, 0x4a4b, 0x4a6b, 0x4a4b, 0x4a2a, 0x4a4b, 0x424b, 0x424b, 0x4a4b, 0x526c,
0x52ac, 0x52cd, 0x5aed, 0x630e, 0x630e, 0x630e, 0x630e, 0x630e, 0x630e, 0x630e,
0x630e, 0x630e, 0x630e, 0x630e, 0x5b0e, 0x5aed, 0x5acd, 0x528c, 0x528c, 0x528c,

0x630e, 0x630e, 0x630e, 0x630e, 0x630e, 0x630e, 0x630e, 0x630e, 0x630e, 0x630e,
0x630e, 0x630e, 0x630e, 0x630e, 0x630e, 0x630e, 0x630e, 0x630e, 0x630e, 0x630e,
0x630e, 0x630e, 0x630e, 0x630e, 0x5aed, 0x52cd, 0x4a8c, 0x422a, 0x39e9, 0x420a,
0x4a4b, 0x52ac, 0x5b0d, 0x5b2e, 0x5b0e, 0x5acd, 0x528c, 0x526b, 0x4a4b, 0x424b,
0x422a, 0x422a, 0x424a, 0x422a, 0x420a, 0x31a9, 0x2967, 0x3a09, 0x632f, 0x6332,
0x4a51, 0x4212, 0x39f1, 0x318e, 0x316f, 0x3130, 0x290e, 0x41cd, 0x7391, 0x9cf6,
0x9d59, 0x8c77, 0x6b95, 0x6b74, 0x73d4, 0x6b71, 0x4a4b, 0x41e9, 0x528c, 0x6b50,
0x7bf3, 0x8c35, 0xb5bb, 0xb5bb, 0xb5bb, 0xb5bb, 0xb5bb, 0xb5bb, 0xb5bb, 0xb5bb,
0xb5bb, 0xb5bb, 0xb5bb, 0xb5bb, 0xb5bb, 0xb5bb, 0xb5bb, 0xb5bb, 0xb5bb, 0xb5bb,
0xb5bb, 0xb5bb, 0xb5bb, 0xb5bb, 0xb5bb, 0xb5bb, 0xb5bb, 0xb5bb, 0xb5bb, 0xb5bb,
0xb5bb, 0xb5bb, 0xb5bb, 0xb5bb, 0xb5bb, 0xb5bb, 0xb5bb, 0xb5bb, 0xb5bb, 0xb5bb,
0xb5bb, 0xb5bb, 0xb5bb, 0xb5bb, 0xb5bb, 0xb5bb, 0xb5bb, 0xb5bb, 0xb5bb, 0xb5bb,
0xb5bb, 0xb5bb, 0xb5bb, 0xb5bb, 0xb5bb, 0xb5bb, 0xb5bb, 0xb5bb, 0xb5bb, 0xb5bb,
0xb5bb, 0xb5bb, 0xb5bb, 0xb5bb, 0xb5bb, 0xb5bb, 0xb5bb, 0xb5bb, 0xb5bb, 0xb5bb,
0xb5bb, 0xb5bb, 0xb5bb, 0xb5bb, 0xb5bb, 0xb5bb, 0xb5bb, 0xb5bb, 0xb5bb, 0xb5bb,
0xb5bb, 0xb5bb, 0xb5bb, 0xb5bb, 0xb5bb, 0xb5bb, 0xb5bb, 0xb5bb, 0xb5bb, 0xb5bb,
0xb5bb, 0xb5bb, 0xb5bb, 0xb5bb, 0xb5bb, 0xb5bb, 0xb5bb, 0xb5bb, 0xb5bb, 0xb5bb,
0xb5bb, 0xb5bb, 0xb5bb, 0xb5bb, 0xb5bb, 0xb5bb, 0xb5bb, 0xb5bb, 0xb5bb, 0xb5bb,
0xb5bb, 0xb5bb, 0xb5bb, 0xb5bb, 0xb5bb, 0xb5bb, 0xb5bb, 0xb5bb, 0xb5bb, 0xb5bb,
0xb5bb, 0xb5bb, 0xb5bb, 0xb5bb, 0xb5bb, 0xb5bb, 0xb5bb, 0xb5bb, 0xb5bb, 0xb5bb,
0xb5bb, 0xb5bb, 0xb5bb, 0xb5bb, 0xb5bb, 0xb5bb, 0xb5bb, 0xb5bb, 0xb5bb, 0xb5bb,
0xb5bb, 0xb5bb, 0xb5bb, 0xb5bb, 0xb5bb, 0xb5bb, 0xb5bb, 0xb5bb, 0xb5bb, 0xb5bb,
0xb5bb, 0xb5bb, 0xb5bb, 0xb5bb, 0xb5bb, 0xb5bb, 0xb5bb, 0xb5bb, 0xb5bb, 0xb5bb,
0xb5bb, 0xb5bb, 0xb5bb, 0xb5bb, 0xb5bb, 0xb5bb, 0xb5bb, 0xb5bb, 0xb5bb, 0xb5bb,
0xb5bb, 0xb5bb, 0xb5bb, 0xb5bb, 0xb5bb, 0xb5bb, 0xb5bb, 0xb5bb, 0xb59b, 0xb5bb,
0xbddc, 0xad5a, 0x9cd7, 0x8c54, 0x6b70, 0x52ac, 0x4a8b, 0x5b2e, 0x7bf2, 0x73d1,
0x6b6f, 0x6b4f, 0x6310, 0x5291, 0x39b1, 0x290e, 0x290b, 0x292b, 0x31ae, 0x41f1,
0x3a11, 0x31ce, 0x212a, 0x2108, 0x2968, 0x39c9, 0x420a, 0x422a, 0x422a, 0x4a4b,
0x4a6b, 0x52ac, 0x52cd, 0x52cd, 0x4aac, 0x4a8c, 0x4a4b, 0x4a4b, 0x4a4b, 0x4a6b,
0x4a4b, 0x4a8c, 0x52ac, 0x4a8c, 0x4a6b, 0x4a6b, 0x424b, 0x424b, 0x424a, 0x4a6b,
0x4a8c, 0x5aad, 0x5acd, 0x5b0e, 0x630e, 0x630e, 0x630e, 0x630e, 0x630e, 0x630e,
0x630e, 0x630e, 0x630e, 0x630e, 0x5b0e, 0x5aed, 0x5acd, 0x528c, 0x528c, 0x528c,

0x630e, 0x630e, 0x630e, 0x630e, 0x630e, 0x630e, 0x630e, 0x630e, 0x630e, 0x630e,
0x630e, 0x630e, 0x630e, 0x630e, 0x630e, 0x630e, 0x630e, 0x630e, 0x630e, 0x630e,
0x630e, 0x630e, 0x630e, 0x632e, 0x5b2e, 0x52ed, 0x528c, 0x422a, 0x39e9, 0x420a,
0x4a4b, 0x52ac, 0x5b0e, 0x5b2e, 0x5b0e, 0x52ac, 0x4a6b, 0x4a4b, 0x420a, 0x420a,
0x424a, 0x426a, 0x424b, 0x422b, 0x39e9, 0x3188, 0x2167, 0x320a, 0x632f, 0x6332,
0x4a51, 0x4212, 0x39f1, 0x318e, 0x316f, 0x3150, 0x290e, 0x41cd, 0x6b70, 0x94d6,
0x9cf8, 0x8416, 0x7395, 0x73b5, 0x73d3, 0x5b2e, 0x422a, 0x420a, 0x5ace, 0x7391,
0x8434, 0x8c76, 0xb5bb, 0xb5bb, 0xb5bb, 0xb5bb, 0xb5bb, 0xb5bb, 0xb5bb, 0xb5bb,
0xb5bb, 0xb5bb, 0xb5bb, 0xb5bb, 0xb5bb, 0xb5bb, 0xb5bb, 0xb5bb, 0xb5bb, 0xb5bb,
0xb5bb, 0xb5bb, 0xb5bb, 0xb5bb, 0xb5bb, 0xb5bb, 0xb5bb, 0xb5bb, 0xb5bb, 0xb5bb,
0xb5bb, 0xb5bb, 0xb5bb, 0xb5bb, 0xb5bb, 0xb5bb, 0xb5bb, 0xb5bb, 0xb5bb, 0xb5bb,
0xb5bb, 0xb5bb, 0xb5bb, 0xb5bb, 0xb5bb, 0xb5bb, 0xb5bb, 0xb5bb, 0xb5bb, 0xb5bb,
0xb5bb, 0xb5bb, 0xb5bb, 0xb5bb, 0xb5bb, 0xb5bb, 0xb5bb, 0xb5bb, 0xb5bb, 0xb5bb,
0xb5bb, 0xb5bb, 0xb5bb, 0xb5bb, 0xb5bb, 0xb5bb, 0xb5bb, 0xb5bb, 0xb5bb, 0xb5bb,
0xb5bb, 0xb5bb, 0xb5bb, 0xb5bb, 0xb5bb, 0xb5bb, 0xb5bb, 0xb5bb, 0xb5bb, 0xb5bb,
0xb5bb, 0xb5bb, 0xb5bb, 0xb5bb, 0xb5bb, 0xb5bb, 0xb5bb, 0xb5bb, 0xb5bb, 0xb5bb,
0xb5bb, 0xb5bb, 0xb5bb, 0xb5bb, 0xb5bb, 0xb5bb, 0xb5bb, 0xb5bb, 0xb5bb, 0xb5bb,
0xb5bb, 0xb5bb, 0xb5bb, 0xb5bb, 0xb5bb, 0xb5bb, 0xb5bb, 0xb5bb, 0xb5bb, 0xb5bb,
0xb5bb, 0xb5bb, 0xb5bb, 0xb5bb, 0xb5bb, 0xb5bb, 0xb5bb, 0xb5bb, 0xb5bb, 0xb5bb,
0xb5bb, 0xb5bb, 0xb5bb, 0xb5bb, 0xb5bb, 0xb5bb, 0xb5bb, 0xb5bb, 0xb5bb, 0xb5bb,
0xb5bb, 0xb5bb, 0xb5bb, 0xb5bb, 0xb5bb, 0xb5bb, 0xb5bb, 0xb5bb, 0xb5bb, 0xb5bb,
0xb5bb, 0xb5bb, 0xb5bb, 0xb5bb, 0xb5bb, 0xb5bb, 0xb5bb, 0xb5bb, 0xb5bb, 0xb5bb,
0xb5bb, 0xb5bb, 0xb5bb, 0xb5bb, 0xb5bb, 0xb5bb, 0xb5bb, 0xb5bb, 0xb5bb, 0xb5bb,
0xb5bb, 0xb5bb, 0xb5bb, 0xb5bb, 0xb5bb, 0xb5bb, 0xb5bb, 0xb5bb, 0xb5bb, 0xb5bb,
0xb5bb, 0xb5bb, 0xb5bb, 0xb5bb, 0xb5bb, 0xb5bb, 0xb5bb, 0xb5bb, 0xb5bb, 0xb59b,
0xb59b, 0xbddc, 0xb5bb, 0x9495, 0x6b4f, 0x428c, 0x3a2a, 0x424c, 0x52cf, 0x5b51,
0x6b92, 0x73b3, 0x6b52, 0x5291, 0x39b0, 0x290e, 0x290b, 0x292b, 0x31ae, 0x41f1,
0x3a12, 0x31ce, 0x212a, 0x2108, 0x2968, 0x39c9, 0x420a, 0x424a, 0x424a, 0x4a4b,
0x4a6b, 0x52ac, 0x5acd, 0x52ad, 0x528c, 0x4a4b, 0x4a4b, 0x4a4b, 0x4a6b, 0x4a8b,
0x528c, 0x5aad, 0x5aed, 0x52ed, 0x4acd, 0x4a8c, 0x4a6b, 0x4a4b, 0x424b, 0x426b,
0x4a8c, 0x52cd, 0x5aed, 0x5b0e, 0x5b0e, 0x630e, 0x630e, 0x630e, 0x630e, 0x630e,
0x630e, 0x630e, 0x630e, 0x630e, 0x5b0e, 0x5aed, 0x5acd, 0x528c, 0x528c, 0x528c,

0x630e, 0x630e, 0x630e, 0x630e, 0x630e, 0x630e, 0x630e, 0x630e, 0x630e, 0x630e,
0x630e, 0x630e, 0x630e, 0x630e, 0x630e, 0x630e, 0x630e, 0x630e, 0x630e, 0x630e,
0x630e, 0x630e, 0x630e, 0x632e, 0x5b2e, 0x52ed, 0x528c, 0x422a, 0x39e9, 0x420a,
0x4a4b, 0x52ac, 0x5b0e, 0x5b0e, 0x5acd, 0x526b, 0x422a, 0x420a, 0x4229, 0x424a,
0x428b, 0x4a8c, 0x528c, 0x4a8c, 0x424b, 0x31c8, 0x2187, 0x3a0a, 0x632f, 0x6332,
0x4a51, 0x4212, 0x39f1, 0x318e, 0x316f, 0x3130, 0x290e, 0x41ed, 0x6b70, 0x9496,
0x8c98, 0x73d6, 0x73b5, 0x8416, 0x7bf3, 0x632e, 0x4a4b, 0x4a6b, 0x632f, 0x7bd2,
0x8c76, 0x94d8, 0xb5bb, 0xb5bb, 0xb5bb, 0xb5bb, 0xb5bb, 0xb5bb, 0xb5bb, 0xb5bb,
0xb5bb, 0xb5bb, 0xb5bb, 0xb5bb, 0xb5bb, 0xb5bb, 0xb5bb, 0xb5bb, 0xb5bb, 0xb5bb,
0xb5bb, 0xb5bb, 0xb5bb, 0xb5bb, 0xb5bb, 0xb5bb, 0xb5bb, 0xb5bb, 0xb5bb, 0xb5bb,
0xb5bb, 0xb5bb, 0xb5bb, 0xb5bb, 0xb5bb, 0xb5bb, 0xb5bb, 0xb5bb, 0xb5bb, 0xb5bb,
0xb5bb, 0xb5bb, 0xb5bb, 0xb5bb, 0xb5bb, 0xb5bb, 0xb5bb, 0xb5bb, 0xb5bb, 0xb5bb,
0xb5bb, 0xb5bb, 0xb5bb, 0xb5bb, 0xb5bb, 0xb5bb, 0xb5bb, 0xb5bb, 0xb5bb, 0xb5bb,
0xb5bb, 0xb5bb, 0xb5bb, 0xb5bb, 0xb5bb, 0xb5bb, 0xb5bb, 0xb5bb, 0xb5bb, 0xb5bb,
0xb5bb, 0xb5bb, 0xb5bb, 0xb5bb, 0xb5bb, 0xb5bb, 0xb5bb, 0xb5bb, 0xb5bb, 0xb5bb,
0xb5bb, 0xb5bb, 0xb5bb, 0xb5bb, 0xb5bb, 0xb5bb, 0xb5bb, 0xb5bb, 0xb5bb, 0xb5bb,
0xb5bb, 0xb5bb, 0xb5bb, 0xb5bb, 0xb5bb, 0xb5bb, 0xb5bb, 0xb5bb, 0xb5bb, 0xb5bb,
0xb5bb, 0xb5bb, 0xb5bb, 0xb5bb, 0xb5bb, 0xb5bb, 0xb5bb, 0xb5bb, 0xb5bb, 0xb5bb,
0xb5bb, 0xb5bb, 0xb5bb, 0xb5bb, 0xb5bb, 0xb5bb, 0xb5bb, 0xb5bb, 0xb5bb, 0xb5bb,
0xb5bb, 0xb5bb, 0xb5bb, 0xb5bb, 0xb5bb, 0xb5bb, 0xb5bb, 0xb5bb, 0xb5bb, 0xb5bb,
0xb5bb, 0xb5bb, 0xb5bb, 0xb5bb, 0xb5bb, 0xb5bb, 0xb5bb, 0xb5bb, 0xb5bb, 0xb5bb,
0xb5bb, 0xb5bb, 0xb5bb, 0xb5bb, 0xb5bb, 0xb5bb, 0xb5bb, 0xb5bb, 0xb5bb, 0xb5bb,
0xb5bb, 0xb5bb, 0xb5bb, 0xb5bb, 0xb5bb, 0xb5bb, 0xb5bb, 0xb5bb, 0xb5bb, 0xb5bb,
0xb5bb, 0xb5bb, 0xb5bb, 0xb5bb, 0xb5bb, 0xb5bb, 0xb5bb, 0xb5bb, 0xb5bb, 0xb5bb,
0xb5bb, 0xb5bb, 0xb5bb, 0xb5bb, 0xb5bb, 0xb5bb, 0xb5bb, 0xb5bb, 0xb5bb, 0xb59b,
0xb59b, 0xbdfd, 0xb59b, 0x8433, 0x52ac, 0x3a0a, 0x3a2b, 0x424d, 0x424e, 0x426f,
0x5b12, 0x6bb4, 0x6b93, 0x5a91, 0x39b0, 0x290e, 0x290b, 0x292b, 0x31ae, 0x41f1,
0x3a12, 0x31ce, 0x212a, 0x2108, 0x2968, 0x39c9, 0x420a, 0x424b, 0x424b, 0x4a4b,
0x526b, 0x52ac, 0x52cd, 0x52ad, 0x528c, 0x4a4b, 0x4a4b, 0x4a4b, 0x4a6b, 0x52ac,
0x5acd, 0x5aed, 0x5b0d, 0x5aed, 0x52ad, 0x528c, 0x4a6b, 0x424b, 0x424b, 0x424b,
0x4a6b, 0x52ac, 0x52ed, 0x5b2d, 0x630d, 0x630e, 0x630e, 0x630e, 0x630e, 0x630e,
0x630e, 0x630e, 0x630e, 0x630e, 0x630e, 0x5aed, 0x5acd, 0x528c, 0x528c, 0x528c,

0x630e, 0x630e, 0x630e, 0x630e, 0x630e, 0x630e, 0x630e, 0x630e, 0x630e, 0x630e,
0x630e, 0x630e, 0x630e, 0x630e, 0x630e, 0x630e, 0x630e, 0x630e, 0x630e, 0x630e,
0x630e, 0x630e, 0x630e, 0x630e, 0x5b0e, 0x52cd, 0x4a8c, 0x422a, 0x39e9, 0x420a,
0x4a4b, 0x52ac, 0x5aed, 0x5acd, 0x52ac, 0x4a4b, 0x420a, 0x420a, 0x422a, 0x4a6b,
0x528c, 0x52cd, 0x52ed, 0x5aed, 0x4a8c, 0x3a09, 0x21a7, 0x31ea, 0x630f, 0x6332,
0x4a51, 0x4212, 0x39f1, 0x318e, 0x296f, 0x2930, 0x290e, 0x41cd, 0x6b51, 0x8c56,
0x8c57, 0x6b75, 0x7395, 0x8436, 0x83f3, 0x632f, 0x4a8c, 0x52ac, 0x6b70, 0x8414,
0x9cd8, 0xad7a, 0xb5bb, 0xb5bb, 0xb5bb, 0xb5bb, 0xb5bb, 0xb5bb, 0xb5bb, 0xb5bb,
0xb5bb, 0xb5bb, 0xb5bb, 0xb5bb, 0xb5bb, 0xb5bb, 0xb5bb, 0xb5bb, 0xb5bb, 0xb5bb,
0xb5bb, 0xb5bb, 0xb5bb, 0xb5bb, 0xb5bb, 0xb5bb, 0xb5bb, 0xb5bb, 0xb5bb, 0xb5bb,
0xb5bb, 0xb5bb, 0xb5bb, 0xb5bb, 0xb5bb, 0xb5bb, 0xb5bb, 0xb5bb, 0xb5bb, 0xb5bb,
0xb5bb, 0xb5bb, 0xb5bb, 0xb5bb, 0xb5bb, 0xb5bb, 0xb5bb, 0xb5bb, 0xb5bb, 0xb5bb,
0xb5bb, 0xb5bb, 0xb5bb, 0xb5bb, 0xb5bb, 0xb5bb, 0xb5bb, 0xb5bb, 0xb5bb, 0xb5bb,
0xb5bb, 0xb5bb, 0xb5bb, 0xb5bb, 0xb5bb, 0xb5bb, 0xb5bb, 0xb5bb, 0xb5bb, 0xb5bb,
0xb5bb, 0xb5bb, 0xb5bb, 0xb5bb, 0xb5bb, 0xb5bb, 0xb5bb, 0xb5bb, 0xb5bb, 0xb5bb,
0xb5bb, 0xb5bb, 0xb5bb, 0xb5bb, 0xb5bb, 0xb5bb, 0xb5bb, 0xb5bb, 0xb5bb, 0xb5bb,
0xb5bb, 0xb5bb, 0xb5bb, 0xb5bb, 0xb5bb, 0xb5bb, 0xb5bb, 0xb5bb, 0xb5bb, 0xb5bb,
0xb5bb, 0xb5bb, 0xb5bb, 0xb5bb, 0xb5bb, 0xb5bb, 0xb5bb, 0xb5bb, 0xb5bb, 0xb5bb,
0xb5bb, 0xb5bb, 0xb5bb, 0xb5bb, 0xb5bb, 0xb5bb, 0xb5bb, 0xb5bb, 0xb5bb, 0xb5bb,
0xb5bb, 0xb5bb, 0xb5bb, 0xb5bb, 0xb5bb, 0xb5bb, 0xb5bb, 0xb5bb, 0xb5bb, 0xb5bb,
0xb5bb, 0xb5bb, 0xb5bb, 0xb5bb, 0xb5bb, 0xb5bb, 0xb5bb, 0xb5bb, 0xb5bb, 0xb5bb,
0xb5bb, 0xb5bb, 0xb5bb, 0xb5bb, 0xb5bb, 0xb5bb, 0xb5bb, 0xb5bb, 0xb5bb, 0xb5bb,
0xb5bb, 0xb5bb, 0xb5bb, 0xb5bb, 0xb5bb, 0xb5bb, 0xb5bb, 0xb5bb, 0xb5bb, 0xb5bb,
0xb5bb, 0xb5bb, 0xb5bb, 0xb5bb, 0xb5bb, 0xb5bb, 0xb5bb, 0xb5bb, 0xb5bb, 0xb5bb,
0xb5bb, 0xb5bb, 0xb5bb, 0xb5bb, 0xb5bb, 0xb5bb, 0xb5bb, 0xb5bb, 0xb59b, 0xb5bb,
0xb5bb, 0xb59b, 0x94b7, 0x630e, 0x422a, 0x420b, 0x424e, 0x426f, 0x426f, 0x4ab1,
0x6373, 0x8435, 0x7bf4, 0x5ab1, 0x39b0, 0x290e, 0x290b, 0x292b, 0x31ae, 0x41f1,
0x3a11, 0x31ce, 0x212a, 0x2108, 0x2968, 0x39c9, 0x420a, 0x424b, 0x424b, 0x4a4b,
0x4a6b, 0x528c, 0x52ac, 0x4aac, 0x4a8c, 0x4a4b, 0x4a2b, 0x4a4b, 0x4a6b, 0x528c,
0x5acd, 0x5aed, 0x5b2e, 0x5b0d, 0x52cc, 0x528c, 0x4a4b, 0x422a, 0x422a, 0x422a,
0x4a4b, 0x528c, 0x52cc, 0x5aed, 0x630d, 0x630e, 0x630e, 0x630e, 0x630e, 0x630e,
0x630e, 0x630e, 0x630e, 0x630e, 0x630e, 0x62ed, 0x5acd, 0x528c, 0x528c, 0x528c,

0x630e, 0x630e, 0x630e, 0x630e, 0x630e, 0x630e, 0x630e, 0x630e, 0x630e, 0x630e,
0x630e, 0x630e, 0x630e, 0x630e, 0x630e, 0x630e, 0x630e, 0x630e, 0x630e, 0x630e,
0x630e, 0x630e, 0x630e, 0x632e, 0x5b2e, 0x52ed, 0x528c, 0x422a, 0x39e9, 0x420a,
0x4a4b, 0x52ac, 0x5acd, 0x52ac, 0x4a6b, 0x422a, 0x39e9, 0x420a, 0x422a, 0x526b,
0x5acd, 0x5b0e, 0x5b2e, 0x5b0e, 0x52ac, 0x4229, 0x29a7, 0x39ea, 0x630f, 0x6332,
0x4a51, 0x4212, 0x39f1, 0x318e, 0x316f, 0x3150, 0x290e, 0x39ad, 0x6310, 0x8435,
0x8437, 0x6b76, 0x7396, 0x7c16, 0x6b71, 0x52ac, 0x4a6b, 0x52ce, 0x73b2, 0x8c75,
0xa539, 0xbdbb, 0xb5bb, 0xb5bb, 0xb5bb, 0xb5bb, 0xb5bb, 0xb5bb, 0xb5bb, 0xb5bb,
0xb5bb, 0xb5bb, 0xb5bb, 0xb5bb, 0xb5bb, 0xb5bb, 0xb5bb, 0xb5bb, 0xb5bb, 0xb5bb,
0xb5bb, 0xb5bb, 0xb5bb, 0xb5bb, 0xb5bb, 0xb5bb, 0xb5bb, 0xb5bb, 0xb5bb, 0xb5bb,
0xb5bb, 0xb5bb, 0xb5bb, 0xb5bb, 0xb5bb, 0xb5bb, 0xb5bb, 0xb5bb, 0xb5bb, 0xb5bb,
0xb5bb, 0xb5bb, 0xb5bb, 0xb5bb, 0xb5bb, 0xb5bb, 0xb5bb, 0xb5bb, 0xb5bb, 0xb5bb,
0xb5bb, 0xb5bb, 0xb5bb, 0xb5bb, 0xb5bb, 0xb5bb, 0xb5bb, 0xb5bb, 0xb5bb, 0xb5bb,
0xb5bb, 0xb5bb, 0xb5bb, 0xb5bb, 0xb5bb, 0xb5bb, 0xb5bb, 0xb5bb, 0xb5bb, 0xb5bb,
0xb5bb, 0xb5bb, 0xb5bb, 0xb5bb, 0xb5bb, 0xb5bb, 0xb5bb, 0xb5bb, 0xb5bb, 0xb5bb,
0xb5bb, 0xb5bb, 0xb5bb, 0xb5bb, 0xb5bb, 0xb5bb, 0xb5bb, 0xb5bb, 0xb5bb, 0xb5bb,
0xb5bb, 0xb5bb, 0xb5bb, 0xb5bb, 0xb5bb, 0xb5bb, 0xb5bb, 0xb5bb, 0xb5bb, 0xb5bb,
0xb5bb, 0xb5bb, 0xb5bb, 0xb5bb, 0xb5bb, 0xb5bb, 0xb5bb, 0xb5bb, 0xb5bb, 0xb5bb,
0xb5bb, 0xb5bb, 0xb5bb, 0xb5bb, 0xb5bb, 0xb5bb, 0xb5bb, 0xb5bb, 0xb5bb, 0xb5bb,
0xb5bb, 0xb5bb, 0xb5bb, 0xb5bb, 0xb5bb, 0xb5bb, 0xb5bb, 0xb5bb, 0xb5bb, 0xb5bb,
0xb5bb, 0xb5bb, 0xb5bb, 0xb5bb, 0xb5bb, 0xb5bb, 0xb5bb, 0xb5bb, 0xb5bb, 0xb5bb,
0xb5bb, 0xb5bb, 0xb5bb, 0xb5bb, 0xb5bb, 0xb5bb, 0xb5bb, 0xb5bb, 0xb5bb, 0xb5bb,
0xb5bb, 0xb5bb, 0xb5bb, 0xb5bb, 0xb5bb, 0xb5bb, 0xb5bb, 0xb5bb, 0xb5bb, 0xb5bb,
0xb5bb, 0xb5bb, 0xb5bb, 0xb5bb, 0xb5bb, 0xb5bb, 0xb5bb, 0xb5bb, 0xb5bb, 0xb5bb,
0xb5bb, 0xb5bb, 0xb5bb, 0xb5bb, 0xb5bb, 0xb5bb, 0xb5bb, 0xb5bb, 0xb59b, 0xb5bb,
0xb59b, 0x9cd7, 0x7391, 0x4a6b, 0x422b, 0x526e, 0x52b0, 0x4ab1, 0x52f2, 0x6b74,
0x8457, 0x9cf7, 0x9475, 0x6312, 0x39d0, 0x290e, 0x290b, 0x292b, 0x31ae, 0x41f1,
0x3a11, 0x31ce, 0x212a, 0x2108, 0x2968, 0x39c9, 0x420a, 0x424a, 0x424a, 0x4a4b,
0x4a6b, 0x528c, 0x528c, 0x4a8c, 0x4a6b, 0x426b, 0x424a, 0x424b, 0x4a6b, 0x52ac,
0x52cd, 0x5aed, 0x5b0e, 0x5b0d, 0x52ec, 0x528c, 0x4a6b, 0x422a, 0x420a, 0x420a,
0x4a4b, 0x4a6b, 0x528c, 0x5acd, 0x5aee, 0x630e, 0x630e, 0x630e, 0x630e, 0x630e,
0x630e, 0x630e, 0x630e, 0x630e, 0x5b0e, 0x5aed, 0x5acd, 0x528c, 0x528c, 0x528c,

0x630e, 0x630e, 0x630e, 0x630e, 0x630e, 0x630e, 0x630e, 0x630e, 0x630e, 0x630e,
0x630e, 0x630e, 0x630e, 0x630e, 0x630e, 0x630e, 0x630e, 0x630e, 0x630e, 0x630e,
0x630e, 0x630e, 0x630e, 0x632e, 0x5b2e, 0x52ed, 0x528c, 0x422a, 0x39e9, 0x420a,
0x4a4b, 0x52ac, 0x5acd, 0x52ac, 0x4a4b, 0x420a, 0x420a, 0x420a, 0x4a4b, 0x52ac,
0x5b0e, 0x5b0e, 0x630e, 0x632e, 0x52ec, 0x4229, 0x31a7, 0x3a0a, 0x630f, 0x6332,
0x4a51, 0x4212, 0x39f1, 0x318e, 0x318f, 0x3990, 0x292e, 0x39ad, 0x62f0, 0x7c14,
0x8458, 0x73d7, 0x6b95, 0x6372, 0x4a8c, 0x39a8, 0x39e9, 0x5aad, 0x7bd2, 0x8cb6,
0xa539, 0xb5bb, 0xb5bb, 0xb5bb, 0xb5bb, 0xb5bb, 0xb5bb, 0xb5bb, 0xb5bb, 0xb5bb,
0xb5bb, 0xb5bb, 0xb5bb, 0xb5bb, 0xb5bb, 0xb5bb, 0xb5bb, 0xb5bb, 0xb5bb, 0xb5bb,
0xb5bb, 0xb5bb, 0xb5bb, 0xb5bb, 0xb5bb, 0xb5bb, 0xb5bb, 0xb5bb, 0xb5bb, 0xb5bb,
0xb5bb, 0xb5bb, 0xb5bb, 0xb5bb, 0xb5bb, 0xb5bb, 0xb5bb, 0xb5bb, 0xb5bb, 0xb5bb,
0xb5bb, 0xb5bb, 0xb5bb, 0xb5bb, 0xb5bb, 0xb5bb, 0xb5bb, 0xb5bb, 0xb5bb, 0xb5bb,
0xb5bb, 0xb5bb, 0xb5bb, 0xb5bb, 0xb5bb, 0xb5bb, 0xb5bb, 0xb5bb, 0xb5bb, 0xb5bb,
0xb5bb, 0xb5bb, 0xb5bb, 0xb5bb, 0xb5bb, 0xb5bb, 0xb5bb, 0xb5bb, 0xb5bb, 0xb5bb,
0xb5bb, 0xb5bb, 0xb5bb, 0xb5bb, 0xb5bb, 0xb5bb, 0xb5bb, 0xb5bb, 0xb5bb, 0xb5bb,
0xb5bb, 0xb5bb, 0xb5bb, 0xb5bb, 0xb5bb, 0xb5bb, 0xb5bb, 0xb5bb, 0xb5bb, 0xb5bb,
0xb5bb, 0xb5bb, 0xb5bb, 0xb5bb, 0xb5bb, 0xb5bb, 0xb5bb, 0xb5bb, 0xb5bb, 0xb5bb,
0xb5bb, 0xb5bb, 0xb5bb, 0xb5bb, 0xb5bb, 0xb5bb, 0xb5bb, 0xb5bb, 0xb5bb, 0xb5bb,
0xb5bb, 0xb5bb, 0xb5bb, 0xb5bb, 0xb5bb, 0xb5bb, 0xb5bb, 0xb5bb, 0xb5bb, 0xb5bb,
0xb5bb, 0xb5bb, 0xb5bb, 0xb5bb, 0xb5bb, 0xb5bb, 0xb5bb, 0xb5bb, 0xb5bb, 0xb5bb,
0xb5bb, 0xb5bb, 0xb5bb, 0xb5bb, 0xb5bb, 0xb5bb, 0xb5bb, 0xb5bb, 0xb5bb, 0xb5bb,
0xb5bb, 0xb5bb, 0xb5bb, 0xb5bb, 0xb5bb, 0xb5bb, 0xb5bb, 0xb5bb, 0xb5bb, 0xb5bb,
0xb5bb, 0xb5bb, 0xb5bb, 0xb5bb, 0xb5bb, 0xb5bb, 0xb5bb, 0xb5bb, 0xb5bb, 0xb5bb,
0xb5bb, 0xb5bb, 0xb5bb, 0xb5bb, 0xb5bb, 0xb5bb, 0xb5bb, 0xb5bb, 0xb5bb, 0xb5bb,
0xb5bb, 0xb5bb, 0xb5bb, 0xb5bb, 0xb5bb, 0xb5bb, 0xb5bb, 0xb5bb, 0xb5bb, 0xb59b,
0xa518, 0x73b2, 0x528d, 0x4a6b, 0x52ae, 0x5ad1, 0x5b12, 0x5b32, 0x6b94, 0x7c16,
0x9cd9, 0xb57a, 0x9cf7, 0x6b53, 0x41d0, 0x290e, 0x28eb, 0x292b, 0x31ae, 0x41f1,
0x3a12, 0x31ce, 0x212a, 0x2108, 0x2968, 0x39c9, 0x420a, 0x424a, 0x424a, 0x4a4b,
0x4a6c, 0x528c, 0x528c, 0x4a6b, 0x4a4b, 0x424a, 0x424a, 0x424b, 0x426b, 0x4aac,
0x52cd, 0x52cd, 0x5acd, 0x5acd, 0x5aad, 0x528c, 0x426b, 0x422a, 0x420a, 0x4229,
0x424a, 0x428b, 0x52ac, 0x5acd, 0x5b0e, 0x5b0e, 0x630e, 0x630e, 0x630e, 0x630e,
0x630e, 0x630e, 0x630e, 0x630e, 0x5b0e, 0x5aed, 0x5acd, 0x528c, 0x528c, 0x528c,

0x630e, 0x630e, 0x630e, 0x630e, 0x630e, 0x630e, 0x630e, 0x630e, 0x630e, 0x630e,
0x630e, 0x630e, 0x630e, 0x630e, 0x630e, 0x630e, 0x630e, 0x630e, 0x630e, 0x630e,
0x630e, 0x630e, 0x630e, 0x632e, 0x5b2e, 0x52ed, 0x528c, 0x422a, 0x39e9, 0x420a,
0x4a4b, 0x52ac, 0x52ac, 0x4a6b, 0x4a4b, 0x422a, 0x420a, 0x420a, 0x4a4b, 0x52ac,
0x530e, 0x5b0e, 0x630e, 0x632e, 0x52ec, 0x4229, 0x31a7, 0x3a0a, 0x630f, 0x6332,
0x4a51, 0x4212, 0x39f1, 0x318e, 0x318f, 0x3990, 0x292e, 0x39ad, 0x62ef, 0x7bf5,
0x8479, 0x8418, 0x6332, 0x424c, 0x39e9, 0x31a8, 0x3188, 0x422b, 0x6b50, 0x8c75,
0xa539, 0xb59b, 0xb5bb, 0xb5bb, 0xb5bb, 0xb5bb, 0xb5bb, 0xb5bb, 0xb5bb, 0xb5bb,
0xb5bb, 0xb5bb, 0xb5bb, 0xb5bb, 0xb5bb, 0xb5bb, 0xb5bb, 0xb5bb, 0xb5bb, 0xb5bb,
0xb5bb, 0xb5bb, 0xb5bb, 0xb5bb, 0xb5bb, 0xb5bb, 0xb5bb, 0xb5bb, 0xb5bb, 0xb5bb,
0xb5bb, 0xb5bb, 0xb5bb, 0xb5bb, 0xb5bb, 0xb5bb, 0xb5bb, 0xb5bb, 0xb5bb, 0xb5bb,
0xb5bb, 0xb5bb, 0xb5bb, 0xb5bb, 0xb5bb, 0xb5bb, 0xb5bb, 0xb5bb, 0xb5bb, 0xb5bb,
0xb5bb, 0xb5bb, 0xb5bb, 0xb5bb, 0xb5bb, 0xb5bb, 0xb5bb, 0xb5bb, 0xb5bb, 0xb5bb,
0xb5bb, 0xb5bb, 0xb5bb, 0xb5bb, 0xb5bb, 0xb5bb, 0xb5bb, 0xb5bb, 0xb5bb, 0xb5bb,
0xb5bb, 0xb5bb, 0xb5bb, 0xb5bb, 0xb5bb, 0xb5bb, 0xb5bb, 0xb5bb, 0xb5bb, 0xb5bb,
0xb5bb, 0xb5bb, 0xb5bb, 0xb5bb, 0xb5bb, 0xb5bb, 0xb5bb, 0xb5bb, 0xb5bb, 0xb5bb,
0xb5bb, 0xb5bb, 0xb5bb, 0xb5bb, 0xb5bb, 0xb5bb, 0xb5bb, 0xb5bb, 0xb5bb, 0xb5bb,
0xb5bb, 0xb5bb, 0xb5bb, 0xb5bb, 0xb5bb, 0xb5bb, 0xb5bb, 0xb5bb, 0xb5bb, 0xb5bb,
0xb5bb, 0xb5bb, 0xb5bb, 0xb5bb, 0xb5bb, 0xb5bb, 0xb5bb, 0xb5bb, 0xb5bb, 0xb5bb,
0xb5bb, 0xb5bb, 0xb5bb, 0xb5bb, 0xb5bb, 0xb5bb, 0xb5bb, 0xb5bb, 0xb5bb, 0xb5bb,
0xb5bb, 0xb5bb, 0xb5bb, 0xb5bb, 0xb5bb, 0xb5bb, 0xb5bb, 0xb5bb, 0xb5bb, 0xb5bb,
0xb5bb, 0xb5bb, 0xb5bb, 0xb5bb, 0xb5bb, 0xb5bb, 0xb5bb, 0xb5bb, 0xb5bb, 0xb5bb,
0xb5bb, 0xb5bb, 0xb5bb, 0xb5bb, 0xb5bb, 0xb5bb, 0xb5bb, 0xb5bb, 0xb5bb, 0xb5bb,
0xb5bb, 0xb5bb, 0xb5bb, 0xb5bb, 0xb5bb, 0xb5bb, 0xb5bb, 0xb5bb, 0xb5bb, 0xb5bb,
0xb5bb, 0xb5bb, 0xb5bb, 0xb5bb, 0xb5bb, 0xb5bb, 0xb5bb, 0xb5bb, 0xbddc, 0xad7a,
0x7bf3, 0x528c, 0x420a, 0x4a4d, 0x52d0, 0x5b13, 0x6354, 0x6bb5, 0x8456, 0x94d8,
0xad7a, 0xbe1b, 0xa559, 0x7354, 0x41b0, 0x28ee, 0x28eb, 0x294b, 0x31ae, 0x41f1,
0x3a12, 0x31ce, 0x212a, 0x2108, 0x2968, 0x39c9, 0x420a, 0x424b, 0x424b, 0x4a4b,
0x4a6b, 0x528c, 0x528c, 0x4a6b, 0x4a4b, 0x422a, 0x3a0a, 0x420a, 0x424b, 0x4a6b,
0x4a8c, 0x4aac, 0x528c, 0x528c, 0x528c, 0x4a4b, 0x422a, 0x420a, 0x420a, 0x4229,
0x424a, 0x428b, 0x52ac, 0x5acd, 0x5b0e, 0x5b0e, 0x630e, 0x630e, 0x630e, 0x630e,
0x630e, 0x630e, 0x630e, 0x630e, 0x630e, 0x5aed, 0x5acd, 0x52cd, 0x52ac, 0x528c,

0x630e, 0x630e, 0x630e, 0x630e, 0x630e, 0x630e, 0x630e, 0x630e, 0x630e, 0x630e,
0x630e, 0x630e, 0x630e, 0x630e, 0x630e, 0x630e, 0x630e, 0x630e, 0x630e, 0x630e,
0x630e, 0x630e, 0x630e, 0x632e, 0x5b2e, 0x52ed, 0x526c, 0x422a, 0x39e9, 0x420a,
0x4a4b, 0x528c, 0x528c, 0x4a6b, 0x424b, 0x422a, 0x420a, 0x420a, 0x422a, 0x528c,
0x5aed, 0x5b0e, 0x5b2d, 0x5b2e, 0x52ac, 0x4209, 0x3187, 0x41ea, 0x630f, 0x6332,
0x4a51, 0x4212, 0x39f1, 0x318e, 0x318f, 0x3990, 0x312e, 0x39ad, 0x5af0, 0x7c15,
0x8c78, 0x7bf5, 0x4a8e, 0x31ea, 0x52ad, 0x6b4f, 0x52ed, 0x422a, 0x4a6c, 0x73b2,
0x9d18, 0xbddc, 0xb5bb, 0xb5bb, 0xb5bb, 0xb5bb, 0xb5bb, 0xb5bb, 0xb5bb, 0xb5bb,
0xb5bb, 0xb5bb, 0xb5bb, 0xb5bb, 0xb5bb, 0xb5bb, 0xb5bb, 0xb5bb, 0xb5bb, 0xb5bb,
0xb5bb, 0xb5bb, 0xb5bb, 0xb5bb, 0xb5bb, 0xb5bb, 0xb5bb, 0xb5bb, 0xb5bb, 0xb5bb,
0xb5bb, 0xb5bb, 0xb5bb, 0xb5bb, 0xb5bb, 0xb5bb, 0xb5bb, 0xb5bb, 0xb5bb, 0xb5bb,
0xb5bb, 0xb5bb, 0xb5bb, 0xb5bb, 0xb5bb, 0xb5bb, 0xb5bb, 0xb5bb, 0xb5bb, 0xb5bb,
0xb5bb, 0xb5bb, 0xb5bb, 0xb5bb, 0xb5bb, 0xb5bb, 0xb5bb, 0xb5bb, 0xb5bb, 0xb5bb,
0xb5bb, 0xb5bb, 0xb5bb, 0xb5bb, 0xb5bb, 0xb5bb, 0xb5bb, 0xb5bb, 0xb5bb, 0xb5bb,
0xb5bb, 0xb5bb, 0xb5bb, 0xb5bb, 0xb5bb, 0xb5bb, 0xb5bb, 0xb5bb, 0xb5bb, 0xb5bb,
0xb5bb, 0xb5bb, 0xb5bb, 0xb5bb, 0xb5bb, 0xb5bb, 0xb5bb, 0xb5bb, 0xb5bb, 0xb5bb,
0xb5bb, 0xb5bb, 0xb5bb, 0xb5bb, 0xb5bb, 0xb5bb, 0xb5bb, 0xb5bb, 0xb5bb, 0xb5bb,
0xb5bb, 0xb5bb, 0xb5bb, 0xb5bb, 0xb5bb, 0xb5bb, 0xb5bb, 0xb5bb, 0xb5bb, 0xb5bb,
0xb5bb, 0xb5bb, 0xb5bb, 0xb5bb, 0xb5bb, 0xb5bb, 0xb5bb, 0xb5bb, 0xb5bb, 0xb5bb,
0xb5bb, 0xb5bb, 0xb5bb, 0xb5bb, 0xb5bb, 0xb5bb, 0xb5bb, 0xb5bb, 0xb5bb, 0xb5bb,
0xb5bb, 0xb5bb, 0xb5bb, 0xb5bb, 0xb5bb, 0xb5bb, 0xb5bb, 0xb5bb, 0xb5bb, 0xb5bb,
0xb5bb, 0xb5bb, 0xb5bb, 0xb5bb, 0xb5bb, 0xb5bb, 0xb5bb, 0xb5bb, 0xb5bb, 0xb5bb,
0xb5bb, 0xb5bb, 0xb5bb, 0xb5bb, 0xb5bb, 0xb5bb, 0xb5bb, 0xb5bb, 0xb5bb, 0xb5bb,
0xb5bb, 0xb5bb, 0xb5bb, 0xb5bb, 0xb5bb, 0xb5bb, 0xb5bb, 0xb5bb, 0xb5bb, 0xb5bb,
0xb5bb, 0xb5bb, 0xb5bb, 0xb5bb, 0xb5bb, 0xb5bb, 0xb5bb, 0xb5bb, 0xb57a, 0x8c96,
0x5b0e, 0x422a, 0x424b, 0x4a8f, 0x52f2, 0x5b34, 0x6bb5, 0x7c37, 0x94d8, 0xad5a,
0xbdfc, 0xce7c, 0xb599, 0x7374, 0x4190, 0x20ce, 0x20eb, 0x294b, 0x31ae, 0x41f1,
0x3a11, 0x31ce, 0x212a, 0x2108, 0x2968, 0x39c9, 0x420a, 0x422a, 0x422a, 0x4a4b,
0x4a6b, 0x528c, 0x528c, 0x4a6b, 0x4a4b, 0x420a, 0x41ea, 0x420a, 0x420a, 0x422a,
0x4a4b, 0x4a6b, 0x4a6b, 0x4a6b, 0x4a6b, 0x424a, 0x420a, 0x420a, 0x420a, 0x422a,
0x424a, 0x428b, 0x52ac, 0x5acd, 0x5aed, 0x5b0e, 0x630e, 0x630e, 0x630e, 0x630e,
0x630e, 0x630e, 0x630e, 0x630e, 0x630e, 0x5b0d, 0x5aed, 0x52cd, 0x52ad, 0x528c,

0x630e, 0x630e, 0x630e, 0x630e, 0x630e, 0x630e, 0x630e, 0x630e, 0x630e, 0x630e,
0x630e, 0x630e, 0x630e, 0x630e, 0x630e, 0x630e, 0x630e, 0x630e, 0x630e, 0x630e,
0x630e, 0x630e, 0x630e, 0x630e, 0x5b0e, 0x52cd, 0x4a8c, 0x422a, 0x39e9, 0x420a,
0x4a4b, 0x52ac, 0x528c, 0x4a6b, 0x424b, 0x422a, 0x420a, 0x420a, 0x422a, 0x4a4b,
0x528c, 0x5acd, 0x5b0d, 0x5aed, 0x526c, 0x39e9, 0x2987, 0x3a0a, 0x632f, 0x6332,
0x4a51, 0x4212, 0x39f1, 0x318e, 0x318f, 0x3990, 0x292d, 0x39ad, 0x6311, 0x7bf4,
0x8414, 0x7392, 0x52cf, 0x4aaf, 0x6332, 0x8434, 0x8454, 0x5b0d, 0x420a, 0x52ee,
0x8455, 0xad5a, 0xb5bb, 0xb5bb, 0xb5bb, 0xb5bb, 0xb5bb, 0xb5bb, 0xb5bb, 0xb5bb,
0xb5bb, 0xb5bb, 0xb5bb, 0xb5bb, 0xb5bb, 0xb5bb, 0xb5bb, 0xb5bb, 0xb5bb, 0xb5bb,
0xb5bb, 0xb5bb, 0xb5bb, 0xb5bb, 0xb5bb, 0xb5bb, 0xb5bb, 0xb5bb, 0xb5bb, 0xb5bb,
0xb5bb, 0xb5bb, 0xb5bb, 0xb5bb, 0xb5bb, 0xb5bb, 0xb5bb, 0xb5bb, 0xb5bb, 0xb5bb,
0xb5bb, 0xb5bb, 0xb5bb, 0xb5bb, 0xb5bb, 0xb5bb, 0xb5bb, 0xb5bb, 0xb5bb, 0xb5bb,
0xb5bb, 0xb5bb, 0xb5bb, 0xb5bb, 0xb5bb, 0xb5bb, 0xb5bb, 0xb5bb, 0xb5bb, 0xb5bb,
0xb5bb, 0xb5bb, 0xb5bb, 0xb5bb, 0xb5bb, 0xb5bb, 0xb5bb, 0xb5bb, 0xb5bb, 0xb5bb,
0xb5bb, 0xb5bb, 0xb5bb, 0xb5bb, 0xb5bb, 0xb5bb, 0xb5bb, 0xb5bb, 0xb5bb, 0xb5bb,
0xb5bb, 0xb5bb, 0xb5bb, 0xb5bb, 0xb5bb, 0xb5bb, 0xb5bb, 0xb5bb, 0xb5bb, 0xb5bb,
0xb5bb, 0xb5bb, 0xb5bb, 0xb5bb, 0xb5bb, 0xb5bb, 0xb5bb, 0xb5bb, 0xb5bb, 0xb5bb,
0xb5bb, 0xb5bb, 0xb5bb, 0xb5bb, 0xb5bb, 0xb5bb, 0xb5bb, 0xb5bb, 0xb5bb, 0xb5bb,
0xb5bb, 0xb5bb, 0xb5bb, 0xb5bb, 0xb5bb, 0xb5bb, 0xb5bb, 0xb5bb, 0xb5bb, 0xb5bb,
0xb5bb, 0xb5bb, 0xb5bb, 0xb5bb, 0xb5bb, 0xb5bb, 0xb5bb, 0xb5bb, 0xb5bb, 0xb5bb,
0xb5bb, 0xb5bb, 0xb5bb, 0xb5bb, 0xb5bb, 0xb5bb, 0xb5bb, 0xb5bb, 0xb5bb, 0xb5bb,
0xb5bb, 0xb5bb, 0xb5bb, 0xb5bb, 0xb5bb, 0xb5bb, 0xb5bb, 0xb5bb, 0xb5bb, 0xb5bb,
0xb5bb, 0xb5bb, 0xb5bb, 0xb5bb, 0xb5bb, 0xb5bb, 0xb5bb, 0xb5bb, 0xb5bb, 0xb5bb,
0xb5bb, 0xb5bb, 0xb5bb, 0xb5bb, 0xb5bb, 0xb5bb, 0xb5bb, 0xb5bb, 0xb5bb, 0xb5bb,
0xb5bb, 0xb5bb, 0xb5bb, 0xb5bb, 0xb5bb, 0xb5bb, 0xb5bb, 0xb5bb, 0x9cf8, 0x6b91,
0x4a8c, 0x426c, 0x4aae, 0x4ab0, 0x52f2, 0x6374, 0x7c16, 0x94b8, 0xa53a, 0xbdbc,
0xce7d, 0xd6bd, 0xbdba, 0x7b94, 0x39b0, 0x20ce, 0x20eb, 0x294b, 0x31ae, 0x41f1,
0x3a12, 0x31ce, 0x212a, 0x2108, 0x2968, 0x39e9, 0x420a, 0x420a, 0x420a, 0x4a4b,
0x4a6c, 0x528c, 0x528c, 0x4a6b, 0x4a4b, 0x420a, 0x420a, 0x420a, 0x420a, 0x420a,
0x424a, 0x4a4b, 0x4a4b, 0x4a4b, 0x424a, 0x424a, 0x422a, 0x420a, 0x420a, 0x4229,
0x424a, 0x428b, 0x4aac, 0x5acd, 0x5b0e, 0x5b0e, 0x630e, 0x630e, 0x630e, 0x630e,
0x630e, 0x630e, 0x630e, 0x630e, 0x630e, 0x5b0d, 0x5b0d, 0x52ed, 0x52ac, 0x528c,

0x630e, 0x630e, 0x630e, 0x630e, 0x630e, 0x630e, 0x630e, 0x630e, 0x630e, 0x630e,
0x630e, 0x630e, 0x630e, 0x630e, 0x630e, 0x630e, 0x630e, 0x630e, 0x630e, 0x630e,
0x630e, 0x630e, 0x630e, 0x630e, 0x5acd, 0x52ac, 0x4a8c, 0x422a, 0x41e9, 0x420a,
0x4a4b, 0x52ac, 0x528c, 0x4a6b, 0x424b, 0x422a, 0x420a, 0x420a, 0x422a, 0x424a,
0x424a, 0x4a6b, 0x528c, 0x526c, 0x422a, 0x31e8, 0x2187, 0x3a0a, 0x632f, 0x6332,
0x4a51, 0x4212, 0x39f1, 0x318e, 0x318f, 0x3990, 0x212d, 0x39ce, 0x6b51, 0x73b1,
0x7391, 0x7bd3, 0x7bd5, 0x6b55, 0x4251, 0x52d1, 0x8c55, 0x7bd2, 0x528c, 0x4a4c,
0x6330, 0x8435, 0xb5bb, 0xb5bb, 0xb5bb, 0xb5bb, 0xb5bb, 0xb5bb, 0xb5bb, 0xb5bb,
0xb5bb, 0xb5bb, 0xb5bb, 0xb5bb, 0xb5bb, 0xb5bb, 0xb5bb, 0xb5bb, 0xb5bb, 0xb5bb,
0xb5bb, 0xb5bb, 0xb5bb, 0xb5bb, 0xb5bb, 0xb5bb, 0xb5bb, 0xb5bb, 0xb5bb, 0xb5bb,
0xb5bb, 0xb5bb, 0xb5bb, 0xb5bb, 0xb5bb, 0xb5bb, 0xb5bb, 0xb5bb, 0xb5bb, 0xb5bb,
0xb5bb, 0xb5bb, 0xb5bb, 0xb5bb, 0xb5bb, 0xb5bb, 0xb5bb, 0xb5bb, 0xb5bb, 0xb5bb,
0xb5bb, 0xb5bb, 0xb5bb, 0xb5bb, 0xb5bb, 0xb5bb, 0xb5bb, 0xb5bb, 0xb5bb, 0xb5bb,
0xb5bb, 0xb5bb, 0xb5bb, 0xb5bb, 0xb5bb, 0xb5bb, 0xb5bb, 0xb5bb, 0xb5bb, 0xb5bb,
0xb5bb, 0xb5bb, 0xb5bb, 0xb5bb, 0xb5bb, 0xb5bb, 0xb5bb, 0xb5bb, 0xb5bb, 0xb5bb,
0xb5bb, 0xb5bb, 0xb5bb, 0xb5bb, 0xb5bb, 0xb5bb, 0xb5bb, 0xb5bb, 0xb5bb, 0xb5bb,
0xb5bb, 0xb5bb, 0xb5bb, 0xb5bb, 0xb5bb, 0xb5bb, 0xb5bb, 0xb5bb, 0xb5bb, 0xb5bb,
0xb5bb, 0xb5bb, 0xb5bb, 0xb5bb, 0xb5bb, 0xb5bb, 0xb5bb, 0xb5bb, 0xb5bb, 0xb5bb,
0xb5bb, 0xb5bb, 0xb5bb, 0xb5bb, 0xb5bb, 0xb5bb, 0xb5bb, 0xb5bb, 0xb5bb, 0xb5bb,
0xb5bb, 0xb5bb, 0xb5bb, 0xb5bb, 0xb5bb, 0xb5bb, 0xb5bb, 0xb5bb, 0xb5bb, 0xb5bb,
0xb5bb, 0xb5bb, 0xb5bb, 0xb5bb, 0xb5bb, 0xb5bb, 0xb5bb, 0xb5bb, 0xb5bb, 0xb5bb,
0xb5bb, 0xb5bb, 0xb5bb, 0xb5bb, 0xb5bb, 0xb5bb, 0xb5bb, 0xb5bb, 0xb5bb, 0xb5bb,
0xb5bb, 0xb5bb, 0xb5bb, 0xb5bb, 0xb5bb, 0xb5bb, 0xb5bb, 0xb5bb, 0xb5bb, 0xb5bb,
0xb5bb, 0xb5bb, 0xb5bb, 0xb5bb, 0xb5bb, 0xb5bb, 0xb5bb, 0xb5bb, 0xb5bb, 0xb5bb,
0xb5bb, 0xb5bb, 0xb5bb, 0xb5bb, 0xb5bb, 0xb5bb, 0xb5bb, 0xb5bb, 0x9497, 0x6310,
0x528d, 0x4a8d, 0x4a8e, 0x4290, 0x52d2, 0x6b95, 0x8458, 0x9cda, 0xb59b, 0xc61c,
0xd69e, 0xdefd, 0xbdda, 0x7b94, 0x39b1, 0x20ce, 0x20eb, 0x294b, 0x31ae, 0x41f1,
0x3a12, 0x31ce, 0x212a, 0x2108, 0x2968, 0x39e9, 0x420a, 0x420a, 0x420a, 0x4a4b,
0x4a6c, 0x4a8c, 0x528c, 0x4a6b, 0x4a4b, 0x420a, 0x420a, 0x420a, 0x420a, 0x420a,
0x424a, 0x424a, 0x4a4b, 0x4a4b, 0x424b, 0x424b, 0x422a, 0x420a, 0x420a, 0x422a,
0x424a, 0x428b, 0x52ac, 0x5acd, 0x5b0e, 0x5b0e, 0x630e, 0x630e, 0x630e, 0x630e,
0x630e, 0x630e, 0x630e, 0x630e, 0x630e, 0x5b0e, 0x5b0e, 0x5aed, 0x52ac, 0x528c,

0x630e, 0x630e, 0x630e, 0x630e, 0x630e, 0x630e, 0x630e, 0x630e, 0x630e, 0x630e,
0x630e, 0x630e, 0x630e, 0x630e, 0x630e, 0x630e, 0x630e, 0x630e, 0x630e, 0x630e,
0x630e, 0x630e, 0x630e, 0x630e, 0x5acd, 0x528c, 0x4a4b, 0x420a, 0x4209, 0x424a,
0x4a6b, 0x528c, 0x528c, 0x4a6b, 0x424b, 0x420a, 0x420a, 0x420a, 0x420a, 0x422a,
0x420a, 0x422a, 0x424a, 0x424a, 0x39e9, 0x29a7, 0x2147, 0x31ca, 0x630f, 0x6332,
0x4a52, 0x4212, 0x39f1, 0x318e, 0x318f, 0x3990, 0x292e, 0x39cd, 0x6b50, 0x7bf2,
0x8435, 0x8c58, 0x8418, 0x6b55, 0x4211, 0x4230, 0x6352, 0x7bf3, 0x6b70, 0x4a6b,
0x526c, 0x6b72, 0xb5bb, 0xb5bb, 0xb5bb, 0xb5bb, 0xb5bb, 0xb5bb, 0xb5bb, 0xb5bb,
0xb5bb, 0xb5bb, 0xb5bb, 0xb5bb, 0xb5bb, 0xb5bb, 0xb5bb, 0xb5bb, 0xb5bb, 0xb5bb,
0xb5bb, 0xb5bb, 0xb5bb, 0xb5bb, 0xb5bb, 0xb5bb, 0xb5bb, 0xb5bb, 0xb5bb, 0xb5bb,
0xb5bb, 0xb5bb, 0xb5bb, 0xb5bb, 0xb5bb, 0xb5bb, 0xb5bb, 0xb5bb, 0xb5bb, 0xb5bb,
0xb5bb, 0xb5bb, 0xb5bb, 0xb5bb, 0xb5bb, 0xb5bb, 0xb5bb, 0xb5bb, 0xb5bb, 0xb5bb,
0xb5bb, 0xb5bb, 0xb5bb, 0xb5bb, 0xb5bb, 0xb5bb, 0xb5bb, 0xb5bb, 0xb5bb, 0xb5bb,
0xb5bb, 0xb5bb, 0xb5bb, 0xb5bb, 0xb5bb, 0xb5bb, 0xb5bb, 0xb5bb, 0xb5bb, 0xb5bb,
0xb5bb, 0xb5bb, 0xb5bb, 0xb5bb, 0xb5bb, 0xb5bb, 0xb5bb, 0xb5bb, 0xb5bb, 0xb5bb,
0xb5bb, 0xb5bb, 0xb5bb, 0xb5bb, 0xb5bb, 0xb5bb, 0xb5bb, 0xb5bb, 0xb5bb, 0xb5bb,
0xb5bb, 0xb5bb, 0xb5bb, 0xb5bb, 0xb5bb, 0xb5bb, 0xb5bb, 0xb5bb, 0xb5bb, 0xb5bb,
0xb5bb, 0xb5bb, 0xb5bb, 0xb5bb, 0xb5bb, 0xb5bb, 0xb5bb, 0xb5bb, 0xb5bb, 0xb5bb,
0xb5bb, 0xb5bb, 0xb5bb, 0xb5bb, 0xb5bb, 0xb5bb, 0xb5bb, 0xb5bb, 0xb5bb, 0xb5bb,
0xb5bb, 0xb5bb, 0xb5bb, 0xb5bb, 0xb5bb, 0xb5bb, 0xb5bb, 0xb5bb, 0xb5bb, 0xb5bb,
0xb5bb, 0xb5bb, 0xb5bb, 0xb5bb, 0xb5bb, 0xb5bb, 0xb5bb, 0xb5bb, 0xb5bb, 0xb5bb,
0xb5bb, 0xb5bb, 0xb5bb, 0xb5bb, 0xb5bb, 0xb5bb, 0xb5bb, 0xb5bb, 0xb5bb, 0xb5bb,
0xb5bb, 0xb5bb, 0xb5bb, 0xb5bb, 0xb5bb, 0xb5bb, 0xb5bb, 0xb5bb, 0xb5bb, 0xb5bb,
0xb5bb, 0xb5bb, 0xb5bb, 0xb5bb, 0xb5bb, 0xb5bb, 0xb5bb, 0xb5bb, 0xb5bb, 0xb5bb,
0xb5bb, 0xb5bb, 0xb5bb, 0xb5bb, 0xb5bb, 0xb5bb, 0xb5bb, 0xb5bb, 0x8c75, 0x5aee,
0x528c, 0x4a8c, 0x4a8d, 0x428f, 0x52b2, 0x6b75, 0x8437, 0x9cf9, 0xb59b, 0xc5fc,
0xd69e, 0xdf1d, 0xbdfa, 0x7b95, 0x39b1, 0x20ce, 0x20eb, 0x294b, 0x31ae, 0x4211,
0x3a11, 0x31ce, 0x214a, 0x2128, 0x2968, 0x39c9, 0x420a, 0x422a, 0x422a, 0x424b,
0x426b, 0x4a8b, 0x528c, 0x4a6c, 0x4a4b, 0x420a, 0x420a, 0x420a, 0x420a, 0x420a,
0x424a, 0x4a6b, 0x4a8c, 0x4a8c, 0x4a6b, 0x424b, 0x424a, 0x422a, 0x420a, 0x422a,
0x424b, 0x4a8c, 0x52ac, 0x5acd, 0x5b0e, 0x630e, 0x630e, 0x630e, 0x630e, 0x630e,
0x630e, 0x630e, 0x630e, 0x630e, 0x630e, 0x5b0e, 0x5b0e, 0x5aed, 0x52ac, 0x528c,

0x630e, 0x630e, 0x630e, 0x630e, 0x630e, 0x630e, 0x630e, 0x630e, 0x630e, 0x630e,
0x630e, 0x630e, 0x630e, 0x630e, 0x630e, 0x630e, 0x630e, 0x630e, 0x630e, 0x630e,
0x630e, 0x630e, 0x630e, 0x630e, 0x5aed, 0x528c, 0x4a2a, 0x420a, 0x3a0a, 0x424a,
0x4a6b, 0x528c, 0x528c, 0x4a6b, 0x424b, 0x420a, 0x420a, 0x420a, 0x420a, 0x420a,
0x420a, 0x422a, 0x424a, 0x422a, 0x39e9, 0x2987, 0x2126, 0x39aa, 0x630f, 0x6332,
0x4a52, 0x4212, 0x39f1, 0x318e, 0x318f, 0x3990, 0x312e, 0x39ad, 0x630f, 0x8435,
0x94b9, 0x949a, 0x7c18, 0x6b75, 0x52b2, 0x4230, 0x4270, 0x6b92, 0x7bd2, 0x5aac,
0x4a6c, 0x6310, 0xb5bb, 0xb5bb, 0xb5bb, 0xb5bb, 0xb5bb, 0xb5bb, 0xb5bb, 0xb5bb,
0xb5bb, 0xb5bb, 0xb5bb, 0xb5bb, 0xb5bb, 0xb5bb, 0xb5bb, 0xb5bb, 0xb5bb, 0xb5bb,
0xb5bb, 0xb5bb, 0xb5bb, 0xb5bb, 0xb5bb, 0xb5bb, 0xb5bb, 0xb5bb, 0xb5bb, 0xb5bb,
0xb5bb, 0xb5bb, 0xb5bb, 0xb5bb, 0xb5bb, 0xb5bb, 0xb5bb, 0xb5bb, 0xb5bb, 0xb5bb,
0xb5bb, 0xb5bb, 0xb5bb, 0xb5bb, 0xb5bb, 0xb5bb, 0xb5bb, 0xb5bb, 0xb5bb, 0xb5bb,
0xb5bb, 0xb5bb, 0xb5bb, 0xb5bb, 0xb5bb, 0xb5bb, 0xb5bb, 0xb5bb, 0xb5bb, 0xb5bb,
0xb5bb, 0xb5bb, 0xb5bb, 0xb5bb, 0xb5bb, 0xb5bb, 0xb5bb, 0xb5bb, 0xb5bb, 0xb5bb,
0xb5bb, 0xb5bb, 0xb5bb, 0xb5bb, 0xb5bb, 0xb5bb, 0xb5bb, 0xb5bb, 0xb5bb, 0xb5bb,
0xb5bb, 0xb5bb, 0xb5bb, 0xb5bb, 0xb5bb, 0xb5bb, 0xb5bb, 0xb5bb, 0xb5bb, 0xb5bb,
0xb5bb, 0xb5bb, 0xb5bb, 0xb5bb, 0xb5bb, 0xb5bb, 0xb5bb, 0xb5bb, 0xb5bb, 0xb5bb,
0xb5bb, 0xb5bb, 0xb5bb, 0xb5bb, 0xb5bb, 0xb5bb, 0xb5bb, 0xb5bb, 0xb5bb, 0xb5bb,
0xb5bb, 0xb5bb, 0xb5bb, 0xb5bb, 0xb5bb, 0xb5bb, 0xb5bb, 0xb5bb, 0xb5bb, 0xb5bb,
0xb5bb, 0xb5bb, 0xb5bb, 0xb5bb, 0xb5bb, 0xb5bb, 0xb5bb, 0xb5bb, 0xb5bb, 0xb5bb,
0xb5bb, 0xb5bb, 0xb5bb, 0xb5bb, 0xb5bb, 0xb5bb, 0xb5bb, 0xb5bb, 0xb5bb, 0xb5bb,
0xb5bb, 0xb5bb, 0xb5bb, 0xb5bb, 0xb5bb, 0xb5bb, 0xb5bb, 0xb5bb, 0xb5bb, 0xb5bb,
0xb5bb, 0xb5bb, 0xb5bb, 0xb5bb, 0xb5bb, 0xb5bb, 0xb5bb, 0xb5bb, 0xb5bb, 0xb5bb,
0xb5bb, 0xb5bb, 0xb5bb, 0xb5bb, 0xb5bb, 0xb5bb, 0xb5bb, 0xb5bb, 0xb5bb, 0xb5bb,
0xb5bb, 0xb5bb, 0xb5bb, 0xb5bb, 0xb5bb, 0xb5bb, 0xb5bb, 0xb5bb, 0x8c75, 0x5aed,
0x4a6b, 0x4a6b, 0x4a8d, 0x4a8f, 0x4ab1, 0x6353, 0x8416, 0x9cd9, 0xad7b, 0xbdfc,
0xce9d, 0xdf1d, 0xbdfa, 0x7b95, 0x39b1, 0x20ce, 0x20eb, 0x294b, 0x31ae, 0x4211,
0x3a11, 0x31ce, 0x216a, 0x2148, 0x2968, 0x39c9, 0x422a, 0x424a, 0x424a, 0x424b,
0x424b, 0x4a8b, 0x528c, 0x4a6b, 0x4a4a, 0x422a, 0x420a, 0x420a, 0x420a, 0x420a,
0x4a4b, 0x4a6b, 0x4aac, 0x4aad, 0x4a8c, 0x4a6b, 0x4a6a, 0x424a, 0x420a, 0x420a,
0x424b, 0x4a6c, 0x528c, 0x5acd, 0x630e, 0x630e, 0x630e, 0x630e, 0x630e, 0x630e,
0x630e, 0x630e, 0x630e, 0x630e, 0x630e, 0x630e, 0x5b0e, 0x5acd, 0x52ac, 0x528c,

0x630e, 0x630e, 0x630e, 0x630e, 0x630e, 0x630e, 0x630e, 0x630e, 0x630e, 0x630e,
0x630e, 0x630e, 0x630e, 0x630e, 0x630e, 0x630e, 0x630e, 0x630e, 0x630e, 0x630e,
0x630e, 0x630e, 0x630e, 0x630e, 0x5aed, 0x528c, 0x4a4b, 0x420a, 0x420a, 0x424b,
0x4a8c, 0x52ac, 0x52ac, 0x4a6b, 0x424b, 0x420a, 0x420a, 0x420a, 0x420a, 0x422a,
0x4a4b, 0x4a6b, 0x4a6b, 0x4a2b, 0x39e9, 0x2987, 0x2147, 0x39ca, 0x630f, 0x6332,
0x4a52, 0x4212, 0x39f1, 0x318e, 0x318f, 0x3990, 0x312e, 0x39ad, 0x5af0, 0x8436,
0x94ba, 0x949a, 0x8438, 0x73f6, 0x6354, 0x4a91, 0x3a30, 0x6332, 0x7bd2, 0x5aed,
0x4a6c, 0x5acf, 0xb5bb, 0xb5bb, 0xb5bb, 0xb5bb, 0xb5bb, 0xb5bb, 0xb5bb, 0xb5bb,
0xb5bb, 0xb5bb, 0xb5bb, 0xb5bb, 0xb5bb, 0xb5bb, 0xb5bb, 0xb5bb, 0xb5bb, 0xb5bb,
0xb5bb, 0xb5bb, 0xb5bb, 0xb5bb, 0xb5bb, 0xb5bb, 0xb5bb, 0xb5bb, 0xb5bb, 0xb5bb,
0xb5bb, 0xb5bb, 0xb5bb, 0xb5bb, 0xb5bb, 0xb5bb, 0xb5bb, 0xb5bb, 0xb5bb, 0xb5bb,
0xb5bb, 0xb5bb, 0xb5bb, 0xb5bb, 0xb5bb, 0xb5bb, 0xb5bb, 0xb5bb, 0xb5bb, 0xb5bb,
0xb5bb, 0xb5bb, 0xb5bb, 0xb5bb, 0xb5bb, 0xb5bb, 0xb5bb, 0xb5bb, 0xb5bb, 0xb5bb,
0xb5bb, 0xb5bb, 0xb5bb, 0xb5bb, 0xb5bb, 0xb5bb, 0xb5bb, 0xb5bb, 0xb5bb, 0xb5bb,
0xb5bb, 0xb5bb, 0xb5bb, 0xb5bb, 0xb5bb, 0xb5bb, 0xb5bb, 0xb5bb, 0xb5bb, 0xb5bb,
0xb5bb, 0xb5bb, 0xb5bb, 0xb5bb, 0xb5bb, 0xb5bb, 0xb5bb, 0xb5bb, 0xb5bb, 0xb5bb,
0xb5bb, 0xb5bb, 0xb5bb, 0xb5bb, 0xb5bb, 0xb5bb, 0xb5bb, 0xb5bb, 0xb5bb, 0xb5bb,
0xb5bb, 0xb5bb, 0xb5bb, 0xb5bb, 0xb5bb, 0xb5bb, 0xb5bb, 0xb5bb, 0xb5bb, 0xb5bb,
0xb5bb, 0xb5bb, 0xb5bb, 0xb5bb, 0xb5bb, 0xb5bb, 0xb5bb, 0xb5bb, 0xb5bb, 0xb5bb,
0xb5bb, 0xb5bb, 0xb5bb, 0xb5bb, 0xb5bb, 0xb5bb, 0xb5bb, 0xb5bb, 0xb5bb, 0xb5bb,
0xb5bb, 0xb5bb, 0xb5bb, 0xb5bb, 0xb5bb, 0xb5bb, 0xb5bb, 0xb5bb, 0xb5bb, 0xb5bb,
0xb5bb, 0xb5bb, 0xb5bb, 0xb5bb, 0xb5bb, 0xb5bb, 0xb5bb, 0xb5bb, 0xb5bb, 0xb5bb,
0xb5bb, 0xb5bb, 0xb5bb, 0xb5bb, 0xb5bb, 0xb5bb, 0xb5bb, 0xb5bb, 0xb5bb, 0xb5bb,
0xb5bb, 0xb5bb, 0xb5bb, 0xb5bb, 0xb5bb, 0xb5bb, 0xb5bb, 0xb5bb, 0xb5bb, 0xb5bb,
0xb5bb, 0xb5bb, 0xb5bb, 0xb5bb, 0xb5bb, 0xb5bb, 0xb5bb, 0xb5bb, 0x8cb6, 0x5b0f,
0x4a6b, 0x4a6b, 0x4aad, 0x4a8e, 0x4a8f, 0x5312, 0x73d5, 0x9498, 0xa53a, 0xb5db,
0xce9c, 0xdedd, 0xbdda, 0x7b94, 0x39b0, 0x20ce, 0x20eb, 0x294b, 0x31ae, 0x4211,
0x3a12, 0x31ce, 0x216a, 0x2148, 0x2968, 0x39c9, 0x422a, 0x422a, 0x424a, 0x424b,
0x424b, 0x4a4b, 0x528c, 0x4a6c, 0x4a4b, 0x424a, 0x422a, 0x420a, 0x420a, 0x420a,
0x4a4b, 0x4a6b, 0x528c, 0x52cd, 0x52cd, 0x528c, 0x4a6b, 0x4a2b, 0x420a, 0x422a,
0x4a4b, 0x528c, 0x52ac, 0x5acd, 0x630d, 0x630e, 0x630e, 0x630e, 0x630e, 0x630e,
0x630e, 0x630e, 0x630e, 0x630e, 0x630e, 0x630e, 0x630e, 0x5aed, 0x52ac, 0x528c,

0x630e, 0x630e, 0x630e, 0x630e, 0x630e, 0x630e, 0x630e, 0x630e, 0x630e, 0x630e,
0x630e, 0x630e, 0x630e, 0x630e, 0x630e, 0x630e, 0x630e, 0x630e, 0x630e, 0x630e,
0x630e, 0x630e, 0x630e, 0x630e, 0x52ed, 0x4a8c, 0x424b, 0x420a, 0x420a, 0x4a4b,
0x52ac, 0x5aed, 0x52ed, 0x4a8c, 0x4a4b, 0x420a, 0x420a, 0x420a, 0x420a, 0x4a6b,
0x52ac, 0x52cd, 0x52cd, 0x4a8c, 0x4209, 0x31a7, 0x2126, 0x39ca, 0x630f, 0x6332,
0x4a52, 0x4212, 0x39f1, 0x318e, 0x318f, 0x3990, 0x292e, 0x39ad, 0x6330, 0x8c76,
0x9cfa, 0x9cfa, 0x949a, 0x8418, 0x6375, 0x4ab2, 0x4270, 0x6352, 0x7bd2, 0x5aed,
0x4a6b, 0x528d, 0xb5bb, 0xb5bb, 0xb5bb, 0xb5bb, 0xb5bb, 0xb5bb, 0xb5bb, 0xb5bb,
0xb5bb, 0xb5bb, 0xb5bb, 0xb5bb, 0xb5bb, 0xb5bb, 0xb5bb, 0xb5bb, 0xb5bb, 0xb5bb,
0xb5bb, 0xb5bb, 0xb5bb, 0xb5bb, 0xb5bb, 0xb5bb, 0xb5bb, 0xb5bb, 0xb5bb, 0xb5bb,
0xb5bb, 0xb5bb, 0xb5bb, 0xb5bb, 0xb5bb, 0xb5bb, 0xb5bb, 0xb5bb, 0xb5bb, 0xb5bb,
0xb5bb, 0xb5bb, 0xb5bb, 0xb5bb, 0xb5bb, 0xb5bb, 0xb5bb, 0xb5bb, 0xb5bb, 0xb5bb,
0xb5bb, 0xb5bb, 0xb5bb, 0xb5bb, 0xb5bb, 0xb5bb, 0xb5bb, 0xb5bb, 0xb5bb, 0xb5bb,
0xb5bb, 0xb5bb, 0xb5bb, 0xb5bb, 0xb5bb, 0xb5bb, 0xb5bb, 0xb5bb, 0xb5bb, 0xb5bb,
0xb5bb, 0xb5bb, 0xb5bb, 0xb5bb, 0xb5bb, 0xb5bb, 0xb5bb, 0xb5bb, 0xb5bb, 0xb5bb,
0xb5bb, 0xb5bb, 0xb5bb, 0xb5bb, 0xb5bb, 0xb5bb, 0xb5bb, 0xb5bb, 0xb5bb, 0xb5bb,
0xb5bb, 0xb5bb, 0xb5bb, 0xb5bb, 0xb5bb, 0xb5bb, 0xb5bb, 0xb5bb, 0xb5bb, 0xb5bb,
0xb5bb, 0xb5bb, 0xb5bb, 0xb5bb, 0xb5bb, 0xb5bb, 0xb5bb, 0xb5bb, 0xb5bb, 0xb5bb,
0xb5bb, 0xb5bb, 0xb5bb, 0xb5bb, 0xb5bb, 0xb5bb, 0xb5bb, 0xb5bb, 0xb5bb, 0xb5bb,
0xb5bb, 0xb5bb, 0xb5bb, 0xb5bb, 0xb5bb, 0xb5bb, 0xb5bb, 0xb5bb, 0xb5bb, 0xb5bb,
0xb5bb, 0xb5bb, 0xb5bb, 0xb5bb, 0xb5bb, 0xb5bb, 0xb5bb, 0xb5bb, 0xb5bb, 0xb5bb,
0xb5bb, 0xb5bb, 0xb5bb, 0xb5bb, 0xb5bb, 0xb5bb, 0xb5bb, 0xb5bb, 0xb5bb, 0xb5bb,
0xb5bb, 0xb5bb, 0xb5bb, 0xb5bb, 0xb5bb, 0xb5bb, 0xb5bb, 0xb5bb, 0xb5bb, 0xb5bb,
0xb5bb, 0xb5bb, 0xb5bb, 0xb5bb, 0xb5bb, 0xb5bb, 0xb5bb, 0xb5bb, 0xb5bb, 0xb5bb,
0xb5bb, 0xb5bb, 0xb5bb, 0xb5bb, 0xb5bb, 0xb5bb, 0xb5bb, 0xb5bb, 0x94d7, 0x6b50,
0x52ac, 0x4a8b, 0x4a8c, 0x4a6e, 0x424f, 0x4a90, 0x6373, 0x8435, 0x9cd8, 0xad5a,
0xc61c, 0xd69d, 0xbdba, 0x7b94, 0x39b0, 0x20ce, 0x20eb, 0x294b, 0x31ae, 0x4211,
0x3a12, 0x31ce, 0x216a, 0x2148, 0x2968, 0x39c9, 0x420a, 0x420b, 0x422b, 0x424b,
0x424b, 0x4a4b, 0x4a8c, 0x4a8c, 0x4a8c, 0x4a6b, 0x422a, 0x420a, 0x420a, 0x420a,
0x4a4b, 0x4a6b, 0x528c, 0x528c, 0x528c, 0x528c, 0x4a6b, 0x424a, 0x424a, 0x424a,
0x4a4b, 0x52ac, 0x52cd, 0x5acd, 0x62ed, 0x632e, 0x630e, 0x630e, 0x630e, 0x630e,
0x630e, 0x630e, 0x630e, 0x630e, 0x630e, 0x630e, 0x630e, 0x5b0d, 0x52ed, 0x52cd,

0x630e, 0x630e, 0x630e, 0x630e, 0x630e, 0x630e, 0x630e, 0x630e, 0x630e, 0x630e,
0x630e, 0x630e, 0x630e, 0x630e, 0x630e, 0x630e, 0x630e, 0x630e, 0x630e, 0x630e,
0x630e, 0x630e, 0x5b2d, 0x5b0d, 0x52cd, 0x4a4b, 0x420a, 0x420a, 0x420a, 0x4a4b,
0x528c, 0x5acd, 0x5acd, 0x528c, 0x4a4b, 0x420a, 0x420a, 0x420a, 0x424b, 0x4aac,
0x52ed, 0x5b0d, 0x5b0d, 0x52cd, 0x424a, 0x31a7, 0x2126, 0x39ca, 0x630f, 0x6332,
0x4a52, 0x4212, 0x39f1, 0x318e, 0x318f, 0x3190, 0x292e, 0x39ad, 0x6331, 0x8c96,
0xa53a, 0xa53b, 0x9cda, 0x8c58, 0x6b95, 0x52f2, 0x4ab0, 0x6b92, 0x7c12, 0x5aed,
0x4a4b, 0x528d, 0xb5bb, 0xb5bb, 0xb5bb, 0xb5bb, 0xb5bb, 0xb5bb, 0xb5bb, 0xb5bb,
0xb5bb, 0xb5bb, 0xb5bb, 0xb5bb, 0xb5bb, 0xb5bb, 0xb5bb, 0xb5bb, 0xb5bb, 0xb5bb,
0xb5bb, 0xb5bb, 0xb5bb, 0xb5bb, 0xb5bb, 0xb5bb, 0xb5bb, 0xb5bb, 0xb5bb, 0xb5bb,
0xb5bb, 0xb5bb, 0xb5bb, 0xb5bb, 0xb5bb, 0xb5bb, 0xb5bb, 0xb5bb, 0xb5bb, 0xb5bb,
0xb5bb, 0xb5bb, 0xb5bb, 0xb5bb, 0xb5bb, 0xb5bb, 0xb5bb, 0xb5bb, 0xb5bb, 0xb5bb,
0xb5bb, 0xb5bb, 0xb5bb, 0xb5bb, 0xb5bb, 0xb5bb, 0xb5bb, 0xb5bb, 0xb5bb, 0xb5bb,
0xb5bb, 0xb5bb, 0xb5bb, 0xb5bb, 0xb5bb, 0xb5bb, 0xb5bb, 0xb5bb, 0xb5bb, 0xb5bb,
0xb5bb, 0xb5bb, 0xb5bb, 0xb5bb, 0xb5bb, 0xb5bb, 0xb5bb, 0xb5bb, 0xb5bb, 0xb5bb,
0xb5bb, 0xb5bb, 0xb5bb, 0xb5bb, 0xb5bb, 0xb5bb, 0xb5bb, 0xb5bb, 0xb5bb, 0xb5bb,
0xb5bb, 0xb5bb, 0xb5bb, 0xb5bb, 0xb5bb, 0xb5bb, 0xb5bb, 0xb5bb, 0xb5bb, 0xb5bb,
0xb5bb, 0xb5bb, 0xb5bb, 0xb5bb, 0xb5bb, 0xb5bb, 0xb5bb, 0xb5bb, 0xb5bb, 0xb5bb,
0xb5bb, 0xb5bb, 0xb5bb, 0xb5bb, 0xb5bb, 0xb5bb, 0xb5bb, 0xb5bb, 0xb5bb, 0xb5bb,
0xb5bb, 0xb5bb, 0xb5bb, 0xb5bb, 0xb5bb, 0xb5bb, 0xb5bb, 0xb5bb, 0xb5bb, 0xb5bb,
0xb5bb, 0xb5bb, 0xb5bb, 0xb5bb, 0xb5bb, 0xb5bb, 0xb5bb, 0xb5bb, 0xb5bb, 0xb5bb,
0xb5bb, 0xb5bb, 0xb5bb, 0xb5bb, 0xb5bb, 0xb5bb, 0xb5bb, 0xb5bb, 0xb5bb, 0xb5bb,
0xb5bb, 0xb5bb, 0xb5bb, 0xb5bb, 0xb5bb, 0xb5bb, 0xb5bb, 0xb5bb, 0xb5bb, 0xb5bb,
0xb5bb, 0xb5bb, 0xb5bb, 0xb5bb, 0xb5bb, 0xb5bb, 0xb5bb, 0xb5bb, 0xb5bb, 0xb5bb,
0xb5bb, 0xb5bb, 0xb5bb, 0xb5bb, 0xb5bb, 0xb5bb, 0xb5bb, 0xb5bb, 0x94b7, 0x6b51,
0x528d, 0x420a, 0x420a, 0x424c, 0x426e, 0x426f, 0x5af1, 0x7394, 0x8c56, 0xa519,
0xbddb, 0xce5c, 0xb599, 0x7394, 0x39b0, 0x28ce, 0x20eb, 0x294b, 0x31ae, 0x41f1,
0x3a11, 0x31ce, 0x214a, 0x2108, 0x2968, 0x39c9, 0x420a, 0x422b, 0x422b, 0x422a,
0x422a, 0x424b, 0x4a8c, 0x4aac, 0x4a8c, 0x4a4b, 0x424a, 0x422a, 0x4209, 0x420a,
0x424b, 0x4a6b, 0x4a6b, 0x4a6c, 0x4a6c, 0x4a6b, 0x424a, 0x424a, 0x424a, 0x426b,
0x4a8c, 0x52cd, 0x5aed, 0x5b0e, 0x5b0e, 0x5b0e, 0x630e, 0x630e, 0x630e, 0x630e,
0x630e, 0x630e, 0x630e, 0x630e, 0x630e, 0x630e, 0x630e, 0x5b2e, 0x5b0d, 0x52cd,

0x630e, 0x630e, 0x630e, 0x630e, 0x630e, 0x630e, 0x630e, 0x630e, 0x630e, 0x630e,
0x630e, 0x630e, 0x630e, 0x630e, 0x630e, 0x630e, 0x630e, 0x630e, 0x630e, 0x630e,
0x630e, 0x630e, 0x5b0d, 0x52ec, 0x528c, 0x422a, 0x420a, 0x4209, 0x420a, 0x4a6b,
0x52ac, 0x5aed, 0x5aed, 0x52ac, 0x4a4b, 0x420a, 0x41e9, 0x420a, 0x424b, 0x4a8c,
0x52ed, 0x5b0d, 0x5b0d, 0x52cd, 0x424a, 0x31a7, 0x2126, 0x39ca, 0x630f, 0x6332,
0x4a52, 0x4212, 0x39f1, 0x318e, 0x296f, 0x2970, 0x292e, 0x39ad, 0x6330, 0x9496,
0xad5a, 0xad5b, 0x9cda, 0x8c78, 0x73b5, 0x5b12, 0x52b1, 0x6b93, 0x73f2, 0x5acc,
0x4a4b, 0x528d, 0xb5bb, 0xb5bb, 0xb5bb, 0xb5bb, 0xb5bb, 0xb5bb, 0xb5bb, 0xb5bb,
0xb5bb, 0xb5bb, 0xb5bb, 0xb5bb, 0xb5bb, 0xb5bb, 0xb5bb, 0xb5bb, 0xb5bb, 0xb5bb,
0xb5bb, 0xb5bb, 0xb5bb, 0xb5bb, 0xb5bb, 0xb5bb, 0xb5bb, 0xb5bb, 0xb5bb, 0xb5bb,
0xb5bb, 0xb5bb, 0xb5bb, 0xb5bb, 0xb5bb, 0xb5bb, 0xb5bb, 0xb5bb, 0xb5bb, 0xb5bb,
0xb5bb, 0xb5bb, 0xb5bb, 0xb5bb, 0xb5bb, 0xb5bb, 0xb5bb, 0xb5bb, 0xb5bb, 0xb5bb,
0xb5bb, 0xb5bb, 0xb5bb, 0xb5bb, 0xb5bb, 0xb5bb, 0xb5bb, 0xb5bb, 0xb5bb, 0xb5bb,
0xb5bb, 0xb5bb, 0xb5bb, 0xb5bb, 0xb5bb, 0xb5bb, 0xb5bb, 0xb5bb, 0xb5bb, 0xb5bb,
0xb5bb, 0xb5bb, 0xb5bb, 0xb5bb, 0xb5bb, 0xb5bb, 0xb5bb, 0xb5bb, 0xb5bb, 0xb5bb,
0xb5bb, 0xb5bb, 0xb5bb, 0xb5bb, 0xb5bb, 0xb5bb, 0xb5bb, 0xb5bb, 0xb5bb, 0xb5bb,
0xb5bb, 0xb5bb, 0xb5bb, 0xb5bb, 0xb5bb, 0xb5bb, 0xb5bb, 0xb5bb, 0xb5bb, 0xb5bb,
0xb5bb, 0xb5bb, 0xb5bb, 0xb5bb, 0xb5bb, 0xb5bb, 0xb5bb, 0xb5bb, 0xb5bb, 0xb5bb,
0xb5bb, 0xb5bb, 0xb5bb, 0xb5bb, 0xb5bb, 0xb5bb, 0xb5bb, 0xb5bb, 0xb5bb, 0xb5bb,
0xb5bb, 0xb5bb, 0xb5bb, 0xb5bb, 0xb5bb, 0xb5bb, 0xb5bb, 0xb5bb, 0xb5bb, 0xb5bb,
0xb5bb, 0xb5bb, 0xb5bb, 0xb5bb, 0xb5bb, 0xb5bb, 0xb5bb, 0xb5bb, 0xb5bb, 0xb5bb,
0xb5bb, 0xb5bb, 0xb5bb, 0xb5bb, 0xb5bb, 0xb5bb, 0xb5bb, 0xb5bb, 0xb5bb, 0xb5bb,
0xb5bb, 0xb5bb, 0xb5bb, 0xb5bb, 0xb5bb, 0xb5bb, 0xb5bb, 0xb5bb, 0xb5bb, 0xb5bb,
0xb5bb, 0xb5bb, 0xb5bb, 0xb5bb, 0xb5bb, 0xb5bb, 0xb5bb, 0xb5bb, 0xb5bb, 0xb5bb,
0xb5bb, 0xb5bb, 0xb5bb, 0xb5bb, 0xb5bb, 0xb5bb, 0xb5bb, 0xb5bb, 0x94b7, 0x7391,
0x630f, 0x4a2b, 0x31a8, 0x31c9, 0x424c, 0x4aaf, 0x52d0, 0x6332, 0x7bf4, 0x9cd7,
0xb5ba, 0xc63b, 0xad79, 0x7374, 0x41b1, 0x28cd, 0x28eb, 0x294b, 0x31ae, 0x41f1,
0x3a11, 0x31ce, 0x214a, 0x2108, 0x2968, 0x39c9, 0x420a, 0x424b, 0x422a, 0x420a,
0x422a, 0x426b, 0x4a6b, 0x4a8c, 0x4a8c, 0x4a6b, 0x424b, 0x424a, 0x422a, 0x422a,
0x422a, 0x424a, 0x424a, 0x424b, 0x424b, 0x424a, 0x424a, 0x424a, 0x4a4b, 0x4a6b,
0x4a8c, 0x52ad, 0x5aed, 0x5b2e, 0x5b0e, 0x5b0e, 0x630e, 0x630e, 0x630e, 0x630e,
0x630e, 0x630e, 0x630e, 0x630e, 0x630e, 0x630e, 0x630e, 0x5b0e, 0x5aee, 0x5acd,

0x630e, 0x630e, 0x630e, 0x630e, 0x630e, 0x630e, 0x630e, 0x630e, 0x630e, 0x630e,
0x630e, 0x630e, 0x630e, 0x630e, 0x630e, 0x630e, 0x630e, 0x630e, 0x630e, 0x630e,
0x630e, 0x630e, 0x5aed, 0x52ac, 0x4a6b, 0x422a, 0x420a, 0x420a, 0x422a, 0x4a8c,
0x52ed, 0x5b2d, 0x5b2e, 0x5aed, 0x528c, 0x422a, 0x420a, 0x420a, 0x422a, 0x4a6b,
0x52ac, 0x52cd, 0x52cd, 0x4a6c, 0x4209, 0x31a7, 0x2126, 0x39ca, 0x630f, 0x6332,
0x4a52, 0x4212, 0x39f1, 0x318e, 0x316f, 0x3150, 0x290e, 0x39cd, 0x6331, 0x9496,
0xad5a, 0xa53a, 0x9cda, 0x8c58, 0x6bb5, 0x5b13, 0x5ad2, 0x6352, 0x6370, 0x4a8b,
0x422a, 0x528d, 0xb5bb, 0xb5bb, 0xb5bb, 0xb5bb, 0xb5bb, 0xb5bb, 0xb5bb, 0xb5bb,
0xb5bb, 0xb5bb, 0xb5bb, 0xb5bb, 0xb5bb, 0xb5bb, 0xb5bb, 0xb5bb, 0xb5bb, 0xb5bb,
0xb5bb, 0xb5bb, 0xb5bb, 0xb5bb, 0xb5bb, 0xb5bb, 0xb5bb, 0xb5bb, 0xb5bb, 0xb5bb,
0xb5bb, 0xb5bb, 0xb5bb, 0xb5bb, 0xb5bb, 0xb5bb, 0xb5bb, 0xb5bb, 0xb5bb, 0xb5bb,
0xb5bb, 0xb5bb, 0xb5bb, 0xb5bb, 0xb5bb, 0xb5bb, 0xb5bb, 0xb5bb, 0xb5bb, 0xb5bb,
0xb5bb, 0xb5bb, 0xb5bb, 0xb5bb, 0xb5bb, 0xb5bb, 0xb5bb, 0xb5bb, 0xb5bb, 0xb5bb,
0xb5bb, 0xb5bb, 0xb5bb, 0xb5bb, 0xb5bb, 0xb5bb, 0xb5bb, 0xb5bb, 0xb5bb, 0xb5bb,
0xb5bb, 0xb5bb, 0xb5bb, 0xb5bb, 0xb5bb, 0xb5bb, 0xb5bb, 0xb5bb, 0xb5bb, 0xb5bb,
0xb5bb, 0xb5bb, 0xb5bb, 0xb5bb, 0xb5bb, 0xb5bb, 0xb5bb, 0xb5bb, 0xb5bb, 0xb5bb,
0xb5bb, 0xb5bb, 0xb5bb, 0xb5bb, 0xb5bb, 0xb5bb, 0xb5bb, 0xb5bb, 0xb5bb, 0xb5bb,
0xb5bb, 0xb5bb, 0xb5bb, 0xb5bb, 0xb5bb, 0xb5bb, 0xb5bb, 0xb5bb, 0xb5bb, 0xb5bb,
0xb5bb, 0xb5bb, 0xb5bb, 0xb5bb, 0xb5bb, 0xb5bb, 0xb5bb, 0xb5bb, 0xb5bb, 0xb5bb,
0xb5bb, 0xb5bb, 0xb5bb, 0xb5bb, 0xb5bb, 0xb5bb, 0xb5bb, 0xb5bb, 0xb5bb, 0xb5bb,
0xb5bb, 0xb5bb, 0xb5bb, 0xb5bb, 0xb5bb, 0xb5bb, 0xb5bb, 0xb5bb, 0xb5bb, 0xb5bb,
0xb5bb, 0xb5bb, 0xb5bb, 0xb5bb, 0xb5bb, 0xb5bb, 0xb5bb, 0xb5bb, 0xb5bb, 0xb5bb,
0xb5bb, 0xb5bb, 0xb5bb, 0xb5bb, 0xb5bb, 0xb5bb, 0xb5bb, 0xb5bb, 0xb5bb, 0xb5bb,
0xb5bb, 0xb5bb, 0xb5bb, 0xb5bb, 0xb5bb, 0xb5bb, 0xb5bb, 0xb5bb, 0xb5bb, 0xb5bb,
0xb5bb, 0xb5bb, 0xb5bb, 0xb5bb, 0xb5bb, 0xb5bb, 0xb5bb, 0xb5bb, 0x9cd7, 0x7bf3,
0x73d2, 0x5acd, 0x31a8, 0x2947, 0x39e9, 0x52ce, 0x5b10, 0x5b30, 0x6bb2, 0x8455,
0xad57, 0xb5f9, 0xa538, 0x7354, 0x4191, 0x28ee, 0x28eb, 0x294b, 0x31ae, 0x4211,
0x3a12, 0x31ce, 0x216a, 0x2148, 0x2968, 0x39c9, 0x422a, 0x424b, 0x422a, 0x420a,
0x422a, 0x424b, 0x4a4b, 0x4a6b, 0x528c, 0x4a8c, 0x4a6c, 0x4a4b, 0x424a, 0x424a,
0x420a, 0x422a, 0x424a, 0x424b, 0x424a, 0x424a, 0x424a, 0x424b, 0x4a4b, 0x4a6b,
0x528c, 0x5acd, 0x5aed, 0x5b0e, 0x630e, 0x630e, 0x630e, 0x630e, 0x630e, 0x630e,
0x630e, 0x630e, 0x630e, 0x630e, 0x630e, 0x630e, 0x630e, 0x5b2e, 0x5b0e, 0x5acd,

0x630e, 0x630e, 0x630e, 0x630e, 0x630e, 0x630e, 0x630e, 0x630e, 0x630e, 0x630e,
0x630e, 0x630e, 0x630e, 0x630e, 0x630e, 0x630e, 0x630e, 0x630e, 0x630e, 0x630e,
0x630e, 0x630e, 0x5aed, 0x52ac, 0x4a6b, 0x420a, 0x420a, 0x422a, 0x424b, 0x4a8c,
0x5aed, 0x632e, 0x632e, 0x5aee, 0x5acd, 0x4a6b, 0x422a, 0x420a, 0x422a, 0x426a,
0x4a6b, 0x4a6b, 0x4a6b, 0x4a2b, 0x39e9, 0x2987, 0x2147, 0x39aa, 0x630f, 0x6332,
0x4a52, 0x4212, 0x39f1, 0x318e, 0x318f, 0x3970, 0x292e, 0x39ad, 0x6331, 0x8cb6,
0xa55a, 0xa51b, 0x949a, 0x8418, 0x6354, 0x5b33, 0x6374, 0x6bb2, 0x5b2e, 0x422a,
0x422b, 0x52ce, 0xb5bb, 0xb5bb, 0xb5bb, 0xb5bb, 0xb5bb, 0xb5bb, 0xb5bb, 0xb5bb,
0xb5bb, 0xb5bb, 0xb5bb, 0xb5bb, 0xb5bb, 0xb5bb, 0xb5bb, 0xb5bb, 0xb5bb, 0xb5bb,
0xb5bb, 0xb5bb, 0xb5bb, 0xb5bb, 0xb5bb, 0xb5bb, 0xb5bb, 0xb5bb, 0xb5bb, 0xb5bb,
0xb5bb, 0xb5bb, 0xb5bb, 0xb5bb, 0xb5bb, 0xb5bb, 0xb5bb, 0xb5bb, 0xb5bb, 0xb5bb,
0xb5bb, 0xb5bb, 0xb5bb, 0xb5bb, 0xb5bb, 0xb5bb, 0xb5bb, 0xb5bb, 0xb5bb, 0xb5bb,
0xb5bb, 0xb5bb, 0xb5bb, 0xb5bb, 0xb5bb, 0xb5bb, 0xb5bb, 0xb5bb, 0xb5bb, 0xb5bb,
0xb5bb, 0xb5bb, 0xb5bb, 0xb5bb, 0xb5bb, 0xb5bb, 0xb5bb, 0xb5bb, 0xb5bb, 0xb5bb,
0xb5bb, 0xb5bb, 0xb5bb, 0xb5bb, 0xb5bb, 0xb5bb, 0xb5bb, 0xb5bb, 0xb5bb, 0xb5bb,
0xb5bb, 0xb5bb, 0xb5bb, 0xb5bb, 0xb5bb, 0xb5bb, 0xb5bb, 0xb5bb, 0xb5bb, 0xb5bb,
0xb5bb, 0xb5bb, 0xb5bb, 0xb5bb, 0xb5bb, 0xb5bb, 0xb5bb, 0xb5bb, 0xb5bb, 0xb5bb,
0xb5bb, 0xb5bb, 0xb5bb, 0xb5bb, 0xb5bb, 0xb5bb, 0xb5bb, 0xb5bb, 0xb5bb, 0xb5bb,
0xb5bb, 0xb5bb, 0xb5bb, 0xb5bb, 0xb5bb, 0xb5bb, 0xb5bb, 0xb5bb, 0xb5bb, 0xb5bb,
0xb5bb, 0xb5bb, 0xb5bb, 0xb5bb, 0xb5bb, 0xb5bb, 0xb5bb, 0xb5bb, 0xb5bb, 0xb5bb,
0xb5bb, 0xb5bb, 0xb5bb, 0xb5bb, 0xb5bb, 0xb5bb, 0xb5bb, 0xb5bb, 0xb5bb, 0xb5bb,
0xb5bb, 0xb5bb, 0xb5bb, 0xb5bb, 0xb5bb, 0xb5bb, 0xb5bb, 0xb5bb, 0xb5bb, 0xb5bb,
0xb5bb, 0xb5bb, 0xb5bb, 0xb5bb, 0xb5bb, 0xb5bb, 0xb5bb, 0xb5bb, 0xb5bb, 0xb5bb,
0xb5bb, 0xb5bb, 0xb5bb, 0xb5bb, 0xb5bb, 0xb5bb, 0xb5bb, 0xb5bb, 0xb5bb, 0xb5bb,
0xb5bb, 0xb5bb, 0xb5bb, 0xb5bb, 0xb5bb, 0xb5bb, 0xb5bb, 0xb5bb, 0x9d19, 0x7c54,
0x6b91, 0x52cd, 0x3a09, 0x2947, 0x2988, 0x426b, 0x5b0f, 0x6331, 0x6b92, 0x7c14,
0x9cf7, 0xb598, 0x9cf7, 0x6b53, 0x41d0, 0x290e, 0x28eb, 0x292b, 0x31ae, 0x4211,
0x3a12, 0x31ce, 0x216a, 0x2148, 0x2968, 0x39e9, 0x424a, 0x4a4b, 0x424b, 0x424b,
0x422a, 0x420a, 0x4a4b, 0x4a6b, 0x4a8c, 0x528c, 0x4a8c, 0x4a8c, 0x4a6b, 0x424a,
0x424b, 0x424b, 0x424b, 0x424b, 0x4a4b, 0x4a4b, 0x424b, 0x4a4b, 0x4a8c, 0x528c,
0x5acd, 0x630e, 0x630e, 0x630e, 0x630e, 0x630e, 0x630e, 0x630e, 0x630e, 0x630e,
0x630e, 0x630e, 0x630e, 0x630e, 0x630e, 0x630e, 0x630e, 0x632e, 0x5b0e, 0x5acd,

0x630e, 0x630e, 0x630e, 0x630e, 0x630e, 0x630e, 0x630e, 0x630e, 0x630e, 0x630e,
0x630e, 0x630e, 0x630e, 0x630e, 0x630e, 0x630e, 0x630e, 0x630e, 0x630e, 0x630e,
0x630e, 0x5b0d, 0x52ed, 0x4a8c, 0x422a, 0x420a, 0x420a, 0x422a, 0x4a6b, 0x52ac,
0x5aed, 0x630e, 0x630e, 0x630d, 0x5aed, 0x52ac, 0x4a4b, 0x422a, 0x422a, 0x422a,
0x420a, 0x420a, 0x420a, 0x420a, 0x39e9, 0x2987, 0x2146, 0x31ea, 0x630f, 0x6332,
0x4a51, 0x4212, 0x39f1, 0x318e, 0x318f, 0x3990, 0x292e, 0x39ad, 0x6311, 0x8c56,
0x9cfa, 0x94da, 0x8c79, 0x7bf7, 0x5b14, 0x5313, 0x6b94, 0x73b3, 0x632e, 0x4a4b,
0x424b, 0x52ce, 0xb5bb, 0xb5bb, 0xb5bb, 0xb5bb, 0xb5bb, 0xb5bb, 0xb5bb, 0xb5bb,
0xb5bb, 0xb5bb, 0xb5bb, 0xb5bb, 0xb5bb, 0xb5bb, 0xb5bb, 0xb5bb, 0xb5bb, 0xb5bb,
0xb5bb, 0xb5bb, 0xb5bb, 0xb5bb, 0xb5bb, 0xb5bb, 0xb5bb, 0xb5bb, 0xb5bb, 0xb5bb,
0xb5bb, 0xb5bb, 0xb5bb, 0xb5bb, 0xb5bb, 0xb5bb, 0xb5bb, 0xb5bb, 0xb5bb, 0xb5bb,
0xb5bb, 0xb5bb, 0xb5bb, 0xb5bb, 0xb5bb, 0xb5bb, 0xb5bb, 0xb5bb, 0xb5bb, 0xb5bb,
0xb5bb, 0xb5bb, 0xb5bb, 0xb5bb, 0xb5bb, 0xb5bb, 0xb5bb, 0xb5bb, 0xb5bb, 0xb5bb,
0xb5bb, 0xb5bb, 0xb5bb, 0xb5bb, 0xb5bb, 0xb5bb, 0xb5bb, 0xb5bb, 0xb5bb, 0xb5bb,
0xb5bb, 0xb5bb, 0xb5bb, 0xb5bb, 0xb5bb, 0xb5bb, 0xb5bb, 0xb5bb, 0xb5bb, 0xb5bb,
0xb5bb, 0xb5bb, 0xb5bb, 0xb5bb, 0xb5bb, 0xb5bb, 0xb5bb, 0xb5bb, 0xb5bb, 0xb5bb,
0xb5bb, 0xb5bb, 0xb5bb, 0xb5bb, 0xb5bb, 0xb5bb, 0xb5bb, 0xb5bb, 0xb5bb, 0xb5bb,
0xb5bb, 0xb5bb, 0xb5bb, 0xb5bb, 0xb5bb, 0xb5bb, 0xb5bb, 0xb5bb, 0xb5bb, 0xb5bb,
0xb5bb, 0xb5bb, 0xb5bb, 0xb5bb, 0xb5bb, 0xb5bb, 0xb5bb, 0xb5bb, 0xb5bb, 0xb5bb,
0xb5bb, 0xb5bb, 0xb5bb, 0xb5bb, 0xb5bb, 0xb5bb, 0xb5bb, 0xb5bb, 0xb5bb, 0xb5bb,
0xb5bb, 0xb5bb, 0xb5bb, 0xb5bb, 0xb5bb, 0xb5bb, 0xb5bb, 0xb5bb, 0xb5bb, 0xb5bb,
0xb5bb, 0xb5bb, 0xb5bb, 0xb5bb, 0xb5bb, 0xb5bb, 0xb5bb, 0xb5bb, 0xb5bb, 0xb5bb,
0xb5bb, 0xb5bb, 0xb5bb, 0xb5bb, 0xb5bb, 0xb5bb, 0xb5bb, 0xb5bb, 0xb5bb, 0xb5bb,
0xb5bb, 0xb5bb, 0xb5bb, 0xb5bb, 0xb5bb, 0xb5bb, 0xb5bb, 0xb5bb, 0xb5bb, 0xb5bb,
0xb5bb, 0xb5bb, 0xb5bb, 0xb5bb, 0xb5bb, 0xb5bb, 0xb5bb, 0xb5bb, 0xa539, 0x7c34,
0x5b30, 0x5ace, 0x632e, 0x632e, 0x4a6b, 0x31c9, 0x422b, 0x5aef, 0x6b72, 0x7bf4,
0x8c96, 0xa558, 0x9cb6, 0x6b33, 0x39d0, 0x290e, 0x28eb, 0x292b, 0x31ae, 0x4211,
0x3a11, 0x31ce, 0x216a, 0x2148, 0x2968, 0x39e9, 0x424a, 0x4a4b, 0x424b, 0x424b,
0x422a, 0x420a, 0x424a, 0x426b, 0x4a6b, 0x528c, 0x528c, 0x4a8c, 0x4a6c, 0x4a6b,
0x426b, 0x426b, 0x426c, 0x4a6b, 0x4a6b, 0x4a6b, 0x4a8c, 0x4a8c, 0x52ad, 0x52cd,
0x5b0d, 0x630e, 0x630e, 0x630e, 0x630e, 0x630e, 0x630e, 0x630e, 0x630e, 0x630e,
0x630e, 0x630e, 0x630e, 0x630e, 0x630e, 0x630e, 0x630e, 0x5b2e, 0x5b0e, 0x5acd,

0x630e, 0x630e, 0x630e, 0x630e, 0x630e, 0x630e, 0x630e, 0x630e, 0x630e, 0x630e,
0x630e, 0x630e, 0x630e, 0x630e, 0x630e, 0x630e, 0x630e, 0x630e, 0x630e, 0x630e,
0x630e, 0x5b0d, 0x52ac, 0x4a4b, 0x420a, 0x39e9, 0x420a, 0x424b, 0x4a8c, 0x5acd,
0x62ee, 0x630e, 0x630e, 0x5b2e, 0x5b0d, 0x52cc, 0x528c, 0x4a6b, 0x422a, 0x420a,
0x420a, 0x420a, 0x420a, 0x422a, 0x41e9, 0x31a7, 0x2967, 0x3a0a, 0x632f, 0x6332,
0x4a51, 0x4212, 0x39f1, 0x318e, 0x318f, 0x3990, 0x312e, 0x39ad, 0x62f0, 0x8416,
0x949a, 0x8c99, 0x8458, 0x73b7, 0x52d3, 0x52d3, 0x6374, 0x73b2, 0x632f, 0x526b,
0x4a6b, 0x5ace, 0xb5bb, 0xb5bb, 0xb5bb, 0xb5bb, 0xb5bb, 0xb5bb, 0xb5bb, 0xb5bb,
0xb5bb, 0xb5bb, 0xb5bb, 0xb5bb, 0xb5bb, 0xb5bb, 0xb5bb, 0xb5bb, 0xb5bb, 0xb5bb,
0xb5bb, 0xb5bb, 0xb5bb, 0xb5bb, 0xb5bb, 0xb5bb, 0xb5bb, 0xb5bb, 0xb5bb, 0xb5bb,
0xb5bb, 0xb5bb, 0xb5bb, 0xb5bb, 0xb5bb, 0xb5bb, 0xb5bb, 0xb5bb, 0xb5bb, 0xb5bb,
0xb5bb, 0xb5bb, 0xb5bb, 0xb5bb, 0xb5bb, 0xb5bb, 0xb5bb, 0xb5bb, 0xb5bb, 0xb5bb,
0xb5bb, 0xb5bb, 0xb5bb, 0xb5bb, 0xb5bb, 0xb5bb, 0xb5bb, 0xb5bb, 0xb5bb, 0xb5bb,
0xb5bb, 0xb5bb, 0xb5bb, 0xb5bb, 0xb5bb, 0xb5bb, 0xb5bb, 0xb5bb, 0xb5bb, 0xb5bb,
0xb5bb, 0xb5bb, 0xb5bb, 0xb5bb, 0xb5bb, 0xb5bb, 0xb5bb, 0xb5bb, 0xb5bb, 0xb5bb,
0xb5bb, 0xb5bb, 0xb5bb, 0xb5bb, 0xb5bb, 0xb5bb, 0xb5bb, 0xb5bb, 0xb5bb, 0xb5bb,
0xb5bb, 0xb5bb, 0xb5bb, 0xb5bb, 0xb5bb, 0xb5bb, 0xb5bb, 0xb5bb, 0xb5bb, 0xb5bb,
0xb5bb, 0xb5bb, 0xb5bb, 0xb5bb, 0xb5bb, 0xb5bb, 0xb5bb, 0xb5bb, 0xb5bb, 0xb5bb,
0xb5bb, 0xb5bb, 0xb5bb, 0xb5bb, 0xb5bb, 0xb5bb, 0xb5bb, 0xb5bb, 0xb5bb, 0xb5bb,
0xb5bb, 0xb5bb, 0xb5bb, 0xb5bb, 0xb5bb, 0xb5bb, 0xb5bb, 0xb5bb, 0xb5bb, 0xb5bb,
0xb5bb, 0xb5bb, 0xb5bb, 0xb5bb, 0xb5bb, 0xb5bb, 0xb5bb, 0xb5bb, 0xb5bb, 0xb5bb,
0xb5bb, 0xb5bb, 0xb5bb, 0xb5bb, 0xb5bb, 0xb5bb, 0xb5bb, 0xb5bb, 0xb5bb, 0xb5bb,
0xb5bb, 0xb5bb, 0xb5bb, 0xb5bb, 0xb5bb, 0xb5bb, 0xb5bb, 0xb5bb, 0xb5bb, 0xb5bb,
0xb5bb, 0xb5bb, 0xb5bb, 0xb5bb, 0xb5bb, 0xb5bb, 0xb5bb, 0xb5bb, 0xb5bb, 0xb5bb,
0xb5bb, 0xb5bb, 0xb5bb, 0xb5bb, 0xb5bb, 0xb5bb, 0xb5bb, 0xb5bb, 0xad59, 0x8414,
0x5acf, 0x4a8c, 0x6b6f, 0x9494, 0x7bf1, 0x420a, 0x31a7, 0x4a6b, 0x6b71, 0x7c14,
0x8c75, 0xa517, 0x9496, 0x6b13, 0x41b0, 0x290e, 0x28eb, 0x292b, 0x31ae, 0x4211,
0x3a11, 0x31ce, 0x216a, 0x2148, 0x2968, 0x39e9, 0x424a, 0x4a4b, 0x424b, 0x424b,
0x420a, 0x420a, 0x424a, 0x424a, 0x4a4b, 0x4a8c, 0x528c, 0x528c, 0x528c, 0x52ac,
0x4aac, 0x4a8c, 0x4a8c, 0x4aac, 0x4aac, 0x52ac, 0x52cd, 0x52ed, 0x5aed, 0x5b0d,
0x5b0d, 0x5b0e, 0x630e, 0x630e, 0x630e, 0x630e, 0x630e, 0x630e, 0x630e, 0x630e,
0x630e, 0x630e, 0x630e, 0x630e, 0x630e, 0x630e, 0x630e, 0x5b0e, 0x52ed, 0x52cd,

0x630e, 0x630e, 0x630e, 0x630e, 0x630e, 0x630e, 0x630e, 0x630e, 0x630e, 0x630e,
0x630e, 0x630e, 0x630e, 0x630e, 0x630e, 0x630e, 0x630e, 0x630e, 0x630e, 0x630e,
0x630e, 0x5acd, 0x4a6c, 0x422a, 0x420a, 0x4209, 0x420a, 0x426b, 0x4aac, 0x5acd,
0x62ee, 0x630e, 0x630e, 0x5b0e, 0x5b0e, 0x5aed, 0x5aad, 0x52ac, 0x4a6b, 0x4a4b,
0x4a4b, 0x4a4b, 0x4a4b, 0x4a6b, 0x424b, 0x39e9, 0x3188, 0x420a, 0x632f, 0x6332,
0x4a51, 0x4212, 0x39f1, 0x318e, 0x318f, 0x3990, 0x312e, 0x39ad, 0x62f0, 0x7bf5,
0x8c79, 0x8c79, 0x7c37, 0x6b96, 0x4ab3, 0x4ab2, 0x6353, 0x6330, 0x52ac, 0x4a4a,
0x528c, 0x630f, 0xb5bb, 0xb5bb, 0xb5bb, 0xb5bb, 0xb5bb, 0xb5bb, 0xb5bb, 0xb5bb,
0xb5bb, 0xb5bb, 0xb5bb, 0xb5bb, 0xb5bb, 0xb5bb, 0xb5bb, 0xb5bb, 0xb5bb, 0xb5bb,
0xb5bb, 0xb5bb, 0xb5bb, 0xb5bb, 0xb5bb, 0xb5bb, 0xb5bb, 0xb5bb, 0xb5bb, 0xb5bb,
0xb5bb, 0xb5bb, 0xb5bb, 0xb5bb, 0xb5bb, 0xb5bb, 0xb5bb, 0xb5bb, 0xb5bb, 0xb5bb,
0xb5bb, 0xb5bb, 0xb5bb, 0xb5bb, 0xb5bb, 0xb5bb, 0xb5bb, 0xb5bb, 0xb5bb, 0xb5bb,
0xb5bb, 0xb5bb, 0xb5bb, 0xb5bb, 0xb5bb, 0xb5bb, 0xb5bb, 0xb5bb, 0xb5bb, 0xb5bb,
0xb5bb, 0xb5bb, 0xb5bb, 0xb5bb, 0xb5bb, 0xb5bb, 0xb5bb, 0xb5bb, 0xb5bb, 0xb5bb,
0xb5bb, 0xb5bb, 0xb5bb, 0xb5bb, 0xb5bb, 0xb5bb, 0xb5bb, 0xb5bb, 0xb5bb, 0xb5bb,
0xb5bb, 0xb5bb, 0xb5bb, 0xb5bb, 0xb5bb, 0xb5bb, 0xb5bb, 0xb5bb, 0xb5bb, 0xb5bb,
0xb5bb, 0xb5bb, 0xb5bb, 0xb5bb, 0xb5bb, 0xb5bb, 0xb5bb, 0xb5bb, 0xb5bb, 0xb5bb,
0xb5bb, 0xb5bb, 0xb5bb, 0xb5bb, 0xb5bb, 0xb5bb, 0xb5bb, 0xb5bb, 0xb5bb, 0xb5bb,
0xb5bb, 0xb5bb, 0xb5bb, 0xb5bb, 0xb5bb, 0xb5bb, 0xb5bb, 0xb5bb, 0xb5bb, 0xb5bb,
0xb5bb, 0xb5bb, 0xb5bb, 0xb5bb, 0xb5bb, 0xb5bb, 0xb5bb, 0xb5bb, 0xb5bb, 0xb5bb,
0xb5bb, 0xb5bb, 0xb5bb, 0xb5bb, 0xb5bb, 0xb5bb, 0xb5bb, 0xb5bb, 0xb5bb, 0xb5bb,
0xb5bb, 0xb5bb, 0xb5bb, 0xb5bb, 0xb5bb, 0xb5bb, 0xb5bb, 0xb5bb, 0xb5bb, 0xb5bb,
0xb5bb, 0xb5bb, 0xb5bb, 0xb5bb, 0xb5bb, 0xb5bb, 0xb5bb, 0xb5bb, 0xb5bb, 0xb5bb,
0xb5bb, 0xb5bb, 0xb5bb, 0xb5bb, 0xb5bb, 0xb5bb, 0xb5bb, 0xb5bb, 0xb5bb, 0xb5bb,
0xb5bb, 0xb5bb, 0xb5bb, 0xb5bb, 0xb5bb, 0xb5bb, 0xb5bb, 0xb5bb, 0xad59, 0x8414,
0x5ace, 0x39ea, 0x4a8c, 0x7bf2, 0x8c74, 0x636e, 0x4249, 0x424a, 0x6370, 0x7c14,
0x9475, 0x9cf6, 0x9475, 0x6b13, 0x41d1, 0x290e, 0x28eb, 0x292b, 0x31ae, 0x4211,
0x3a12, 0x31ce, 0x216a, 0x2148, 0x2968, 0x39e9, 0x424a, 0x4a4b, 0x424b, 0x424b,
0x422a, 0x420a, 0x424a, 0x424a, 0x4a4b, 0x4a8c, 0x4a8c, 0x528c, 0x52ac, 0x52cd,
0x52cd, 0x52ac, 0x528c, 0x52cd, 0x52cd, 0x5acd, 0x5acd, 0x5aed, 0x5b0d, 0x5b0d,
0x5b0e, 0x5b0e, 0x5b0e, 0x630e, 0x630e, 0x630e, 0x630e, 0x630e, 0x630e, 0x630e,
0x630e, 0x630e, 0x630e, 0x630e, 0x630e, 0x630e, 0x630e, 0x5aed, 0x52cd, 0x52cd,

0x630e, 0x630e, 0x630e, 0x630e, 0x630e, 0x630e, 0x630e, 0x630e, 0x630e, 0x630e,
0x630e, 0x630e, 0x630e, 0x630e, 0x630e, 0x630e, 0x630e, 0x630e, 0x630e, 0x5b2d,
0x5aed, 0x52ac, 0x4a6b, 0x424a, 0x420a, 0x420a, 0x420a, 0x4a6b, 0x52cd, 0x5b0e,
0x5b0e, 0x630e, 0x630e, 0x630e, 0x630e, 0x630e, 0x5b0e, 0x5b0e, 0x52cd, 0x52ac,
0x52ac, 0x52ac, 0x52ac, 0x52ad, 0x4aac, 0x424a, 0x31c8, 0x39ea, 0x630f, 0x6332,
0x4a51, 0x4212, 0x39f1, 0x318e, 0x318f, 0x3990, 0x292e, 0x318d, 0x5acf, 0x7bf4,
0x8c98, 0x8479, 0x73f7, 0x6375, 0x5af3, 0x5af3, 0x5b31, 0x424c, 0x31a8, 0x41e9,
0x52ad, 0x6b51, 0xb5bb, 0xb5bb, 0xb5bb, 0xb5bb, 0xb5bb, 0xb5bb, 0xb5bb, 0xb5bb,
0xb5bb, 0xb5bb, 0xb5bb, 0xb5bb, 0xb5bb, 0xb5bb, 0xb5bb, 0xb5bb, 0xb5bb, 0xb5bb,
0xb5bb, 0xb5bb, 0xb5bb, 0xb5bb, 0xb5bb, 0xb5bb, 0xb5bb, 0xb5bb, 0xb5bb, 0xb5bb,
0xb5bb, 0xb5bb, 0xb5bb, 0xb5bb, 0xb5bb, 0xb5bb, 0xb5bb, 0xb5bb, 0xb5bb, 0xb5bb,
0xb5bb, 0xb5bb, 0xb5bb, 0xb5bb, 0xb5bb, 0xb5bb, 0xb5bb, 0xb5bb, 0xb5bb, 0xb5bb,
0xb5bb, 0xb5bb, 0xb5bb, 0xb5bb, 0xb5bb, 0xb5bb, 0xb5bb, 0xb5bb, 0xb5bb, 0xb5bb,
0xb5bb, 0xb5bb, 0xb5bb, 0xb5bb, 0xb5bb, 0xb5bb, 0xb5bb, 0xb5bb, 0xb5bb, 0xb5bb,
0xb5bb, 0xb5bb, 0xb5bb, 0xb5bb, 0xb5bb, 0xb5bb, 0xb5bb, 0xb5bb, 0xb5bb, 0xb5bb,
0xb5bb, 0xb5bb, 0xb5bb, 0xb5bb, 0xb5bb, 0xb5bb, 0xb5bb, 0xb5bb, 0xb5bb, 0xb5bb,
0xb5bb, 0xb5bb, 0xb5bb, 0xb5bb, 0xb5bb, 0xb5bb, 0xb5bb, 0xb5bb, 0xb5bb, 0xb5bb,
0xb5bb, 0xb5bb, 0xb5bb, 0xb5bb, 0xb5bb, 0xb5bb, 0xb5bb, 0xb5bb, 0xb5bb, 0xb5bb,
0xb5bb, 0xb5bb, 0xb5bb, 0xb5bb, 0xb5bb, 0xb5bb, 0xb5bb, 0xb5bb, 0xb5bb, 0xb5bb,
0xb5bb, 0xb5bb, 0xb5bb, 0xb5bb, 0xb5bb, 0xb5bb, 0xb5bb, 0xb5bb, 0xb5bb, 0xb5bb,
0xb5bb, 0xb5bb, 0xb5bb, 0xb5bb, 0xb5bb, 0xb5bb, 0xb5bb, 0xb5bb, 0xb5bb, 0xb5bb,
0xb5bb, 0xb5bb, 0xb5bb, 0xb5bb, 0xb5bb, 0xb5bb, 0xb5bb, 0xb5bb, 0xb5bb, 0xb5bb,
0xb5bb, 0xb5bb, 0xb5bb, 0xb5bb, 0xb5bb, 0xb5bb, 0xb5bb, 0xb5bb, 0xb5bb, 0xb5bb,
0xb5bb, 0xb5bb, 0xb5bb, 0xb5bb, 0xb5bb, 0xb5bb, 0xb5bb, 0xb5bb, 0xb5bb, 0xb5bb,
0xb5bb, 0xb5bb, 0xb5bb, 0xb5bb, 0xb5bb, 0xb5bb, 0xb5bb, 0xb5bb, 0xa519, 0x7bd3,
0x5ace, 0x422b, 0x424c, 0x4a8f, 0x6b92, 0x7c53, 0x73d1, 0x5b2f, 0x6350, 0x7bd3,
0x9495, 0x9cf6, 0x8c75, 0x6b13, 0x41d1, 0x290e, 0x28eb, 0x292b, 0x31ae, 0x4211,
0x3a12, 0x31ce, 0x216a, 0x2148, 0x2968, 0x39c9, 0x422a, 0x4a4b, 0x4a4b, 0x4a4b,
0x424b, 0x422a, 0x420a, 0x422a, 0x424a, 0x424b, 0x4a6b, 0x528c, 0x52cd, 0x52cd,
0x5acd, 0x5acd, 0x5acd, 0x5acd, 0x5acd, 0x5acd, 0x5acd, 0x5aed, 0x5b0d, 0x5b2d,
0x5b0e, 0x5b0e, 0x5b0e, 0x5b0e, 0x5b0e, 0x5b0e, 0x5b0e, 0x5b0e, 0x5b0e, 0x5b0e,
0x5b0e, 0x630e, 0x630e, 0x630e, 0x630e, 0x5aed, 0x5acd, 0x5acd, 0x52ad, 0x52ac,

0x630e, 0x630e, 0x630e, 0x630e, 0x630e, 0x630e, 0x630e, 0x630e, 0x630e, 0x630e,
0x630e, 0x630e, 0x630e, 0x630e, 0x630e, 0x630e, 0x630e, 0x630e, 0x630e, 0x5b0d,
0x52cc, 0x4a6b, 0x422a, 0x422a, 0x420a, 0x420a, 0x420a, 0x4a6b, 0x52cd, 0x5b2d,
0x5b2e, 0x630e, 0x630e, 0x630e, 0x630e, 0x630e, 0x632e, 0x5b2e, 0x5b0e, 0x62ee,
0x62ee, 0x62ee, 0x630e, 0x5b0d, 0x52ec, 0x4a6a, 0x39c9, 0x39eb, 0x6310, 0x6332,
0x4a51, 0x4212, 0x39f1, 0x318e, 0x318f, 0x3990, 0x294e, 0x296c, 0x4a4c, 0x6b92,
0x7c36, 0x73d5, 0x6333, 0x52d0, 0x4a6f, 0x422d, 0x39ca, 0x2987, 0x3187, 0x422a,
0x5aee, 0x6b72, 0xb5bb, 0xb5bb, 0xb5bb, 0xb5bb, 0xb5bb, 0xb5bb, 0xb5bb, 0xb5bb,
0xb5bb, 0xb5bb, 0xb5bb, 0xb5bb, 0xb5bb, 0xb5bb, 0xb5bb, 0xb5bb, 0xb5bb, 0xb5bb,
0xb5bb, 0xb5bb, 0xb5bb, 0xb5bb, 0xb5bb, 0xb5bb, 0xb5bb, 0xb5bb, 0xb5bb, 0xb5bb,
0xb5bb, 0xb5bb, 0xb5bb, 0xb5bb, 0xb5bb, 0xb5bb, 0xb5bb, 0xb5bb, 0xb5bb, 0xb5bb,
0xb5bb, 0xb5bb, 0xb5bb, 0xb5bb, 0xb5bb, 0xb5bb, 0xb5bb, 0xb5bb, 0xb5bb, 0xb5bb,
0xb5bb, 0xb5bb, 0xb5bb, 0xb5bb, 0xb5bb, 0xb5bb, 0xb5bb, 0xb5bb, 0xb5bb, 0xb5bb,
0xb5bb, 0xb5bb, 0xb5bb, 0xb5bb, 0xb5bb, 0xb5bb, 0xb5bb, 0xb5bb, 0xb5bb, 0xb5bb,
0xb5bb, 0xb5bb, 0xb5bb, 0xb5bb, 0xb5bb, 0xb5bb, 0xb5bb, 0xb5bb, 0xb5bb, 0xb5bb,
0xb5bb, 0xb5bb, 0xb5bb, 0xb5bb, 0xb5bb, 0xb5bb, 0xb5bb, 0xb5bb, 0xb5bb, 0xb5bb,
0xb5bb, 0xb5bb, 0xb5bb, 0xb5bb, 0xb5bb, 0xb5bb, 0xb5bb, 0xb5bb, 0xb5bb, 0xb5bb,
0xb5bb, 0xb5bb, 0xb5bb, 0xb5bb, 0xb5bb, 0xb5bb, 0xb5bb, 0xb5bb, 0xb5bb, 0xb5bb,
0xb5bb, 0xb5bb, 0xb5bb, 0xb5bb, 0xb5bb, 0xb5bb, 0xb5bb, 0xb5bb, 0xb5bb, 0xb5bb,
0xb5bb, 0xb5bb, 0xb5bb, 0xb5bb, 0xb5bb, 0xb5bb, 0xb5bb, 0xb5bb, 0xb5bb, 0xb5bb,
0xb5bb, 0xb5bb, 0xb5bb, 0xb5bb, 0xb5bb, 0xb5bb, 0xb5bb, 0xb5bb, 0xb5bb, 0xb5bb,
0xb5bb, 0xb5bb, 0xb5bb, 0xb5bb, 0xb5bb, 0xb5bb, 0xb5bb, 0xb5bb, 0xb5bb, 0xb5bb,
0xb5bb, 0xb5bb, 0xb5bb, 0xb5bb, 0xb5bb, 0xb5bb, 0xb5bb, 0xb5bb, 0xb5bb, 0xb5bb,
0xb5bb, 0xb5bb, 0xb5bb, 0xb5bb, 0xb5bb, 0xb5bb, 0xb5bb, 0xb5bb, 0xb5bb, 0xb5bb,
0xb5bb, 0xb5bb, 0xb5bb, 0xb5bb, 0xb5bb, 0xb5bb, 0xb5bb, 0xb5bb, 0x94b7, 0x6330,
0x4a4c, 0x424b, 0x424d, 0x320e, 0x426f, 0x5b32, 0x6b92, 0x6b72, 0x6b52, 0x7bb3,
0x9476, 0xa517, 0x9496, 0x6b13, 0x41d0, 0x290e, 0x28eb, 0x292b, 0x31ae, 0x4211,
0x3a11, 0x31ce, 0x216a, 0x2148, 0x2968, 0x39c9, 0x422a, 0x4a4b, 0x4a4b, 0x4a4b,
0x426b, 0x424b, 0x420a, 0x4209, 0x422a, 0x424a, 0x4a4b, 0x4a6b, 0x528c, 0x52ac,
0x52cd, 0x5acd, 0x5acd, 0x5acd, 0x5acd, 0x5acd, 0x5acd, 0x5acd, 0x5aed, 0x5aed,
0x5aed, 0x5b0d, 0x5b0d, 0x5b0e, 0x5b0e, 0x5b0e, 0x5b0e, 0x5b0e, 0x5b0e, 0x5b0e,
0x5b0e, 0x5b0e, 0x5b0e, 0x5b0e, 0x5b0d, 0x5aed, 0x5acd, 0x52ad, 0x528c, 0x4a6b,

0x630e, 0x630e, 0x630e, 0x630e, 0x630e, 0x630e, 0x630e, 0x630e, 0x630e, 0x630e,
0x630e, 0x630e, 0x630e, 0x630e, 0x630e, 0x630e, 0x630e, 0x630e, 0x630e, 0x5acd,
0x528c, 0x4a4a, 0x420a, 0x420a, 0x420a, 0x420a, 0x420a, 0x424b, 0x4aac, 0x5b0d,
0x630e, 0x630e, 0x630e, 0x630e, 0x630e, 0x630e, 0x630e, 0x630e, 0x630e, 0x630e,
0x630e, 0x630e, 0x630e, 0x5b2e, 0x52ec, 0x4a6a, 0x39c9, 0x39eb, 0x6310, 0x6332,
0x4a51, 0x4212, 0x39f1, 0x318e, 0x318f, 0x3170, 0x314e, 0x316c, 0x4a4c, 0x6b71,
0x7bf5, 0x73b3, 0x6310, 0x52ae, 0x4a6d, 0x420b, 0x2968, 0x3167, 0x4209, 0x52ac,
0x6b4f, 0x73b2, 0xb5bb, 0xb5bb, 0xb5bb, 0xb5bb, 0xb5bb, 0xb5bb, 0xb5bb, 0xb5bb,
0xb5bb, 0xb5bb, 0xb5bb, 0xb5bb, 0xb5bb, 0xb5bb, 0xb5bb, 0xb5bb, 0xb5bb, 0xb5bb,
0xb5bb, 0xb5bb, 0xb5bb, 0xb5bb, 0xb5bb, 0xb5bb, 0xb5bb, 0xb5bb, 0xb5bb, 0xb5bb,
0xb5bb, 0xb5bb, 0xb5bb, 0xb5bb, 0xb5bb, 0xb5bb, 0xb5bb, 0xb5bb, 0xb5bb, 0xb5bb,
0xb5bb, 0xb5bb, 0xb5bb, 0xb5bb, 0xb5bb, 0xb5bb, 0xb5bb, 0xb5bb, 0xb5bb, 0xb5bb,
0xb5bb, 0xb5bb, 0xb5bb, 0xb5bb, 0xb5bb, 0xb5bb, 0xb5bb, 0xb5bb, 0xb5bb, 0xb5bb,
0xb5bb, 0xb5bb, 0xb5bb, 0xb5bb, 0xb5bb, 0xb5bb, 0xb5bb, 0xb5bb, 0xb5bb, 0xb5bb,
0xb5bb, 0xb5bb, 0xb5bb, 0xb5bb, 0xb5bb, 0xb5bb, 0xb5bb, 0xb5bb, 0xb5bb, 0xb5bb,
0xb5bb, 0xb5bb, 0xb5bb, 0xb5bb, 0xb5bb, 0xb5bb, 0xb5bb, 0xb5bb, 0xb5bb, 0xb5bb,
0xb5bb, 0xb5bb, 0xb5bb, 0xb5bb, 0xb5bb, 0xb5bb, 0xb5bb, 0xb5bb, 0xb5bb, 0xb5bb,
0xb5bb, 0xb5bb, 0xb5bb, 0xb5bb, 0xb5bb, 0xb5bb, 0xb5bb, 0xb5bb, 0xb5bb, 0xb5bb,
0xb5bb, 0xb5bb, 0xb5bb, 0xb5bb, 0xb5bb, 0xb5bb, 0xb5bb, 0xb5bb, 0xb5bb, 0xb5bb,
0xb5bb, 0xb5bb, 0xb5bb, 0xb5bb, 0xb5bb, 0xb5bb, 0xb5bb, 0xb5bb, 0xb5bb, 0xb5bb,
0xb5bb, 0xb5bb, 0xb5bb, 0xb5bb, 0xb5bb, 0xb5bb, 0xb5bb, 0xb5bb, 0xb5bb, 0xb5bb,
0xb5bb, 0xb5bb, 0xb5bb, 0xb5bb, 0xb5bb, 0xb5bb, 0xb5bb, 0xb5bb, 0xb5bb, 0xb5bb,
0xb5bb, 0xb5bb, 0xb5bb, 0xb5bb, 0xb5bb, 0xb5bb, 0xb5bb, 0xb5bb, 0xb5bb, 0xb5bb,
0xb5bb, 0xb5bb, 0xb5bb, 0xb5bb, 0xb5bb, 0xb5bb, 0xb5bb, 0xb5bb, 0xb5bb, 0xb5bb,
0xb5bb, 0xb5bb, 0xb5bb, 0xb5bb, 0xb5bb, 0xb5bb, 0xb5bb, 0xb5bb, 0x8c55, 0x528c,
0x4209, 0x422b, 0x424e, 0x3a2f, 0x39ef, 0x3a30, 0x52b1, 0x6332, 0x7393, 0x7bf5,
0x9496, 0xa537, 0x9cb6, 0x6b13, 0x41d0, 0x290e, 0x28eb, 0x292b, 0x31ae, 0x4211,
0x3a12, 0x31ce, 0x216a, 0x2148, 0x2968, 0x39e9, 0x426a, 0x4a4b, 0x4a4b, 0x4a4b,
0x424b, 0x424b, 0x422a, 0x420a, 0x420a, 0x422a, 0x424b, 0x4a4b, 0x4a6b, 0x528c,
0x52cd, 0x52cd, 0x5acd, 0x5acd, 0x5acd, 0x5acd, 0x5acd, 0x5acd, 0x5acd, 0x5aad,
0x5acd, 0x5b0d, 0x5b2d, 0x5b0e, 0x5b0e, 0x5b0e, 0x5b0e, 0x5b0e, 0x5b0e, 0x5b0e,
0x5b0e, 0x5b0e, 0x5b0e, 0x5b0d, 0x5b0d, 0x5aed, 0x5acd, 0x528c, 0x4a6b, 0x424a,

0x630e, 0x630e, 0x630e, 0x630e, 0x630e, 0x630e, 0x630e, 0x630e, 0x630e, 0x630e,
0x630e, 0x630e, 0x630e, 0x630e, 0x630e, 0x630e, 0x630e, 0x5b2d, 0x5b0d, 0x52ac,
0x4a6b, 0x424a, 0x422a, 0x420a, 0x420a, 0x420a, 0x420a, 0x422a, 0x4a6b, 0x5acd,
0x630e, 0x630e, 0x630e, 0x630e, 0x630e, 0x630e, 0x630e, 0x630e, 0x630e, 0x630e,
0x630e, 0x630e, 0x630e, 0x5b2e, 0x52ed, 0x4a6a, 0x39c8, 0x39eb, 0x6310, 0x6332,
0x4a51, 0x4212, 0x39f1, 0x318e, 0x316f, 0x3150, 0x290e, 0x39ad, 0x62f0, 0x83f4,
0x8c77, 0x8c77, 0x7bf4, 0x7393, 0x7393, 0x7392, 0x632f, 0x4a4b, 0x420a, 0x5acc,
0x6b70, 0x7bd3, 0xb5bb, 0xb5bb, 0xb5bb, 0xb5bb, 0xb5bb, 0xb5bb, 0xb5bb, 0xb5bb,
0xb5bb, 0xb5bb, 0xb5bb, 0xb5bb, 0xb5bb, 0xb5bb, 0xb5bb, 0xb5bb, 0xb5bb, 0xb5bb,
0xb5bb, 0xb5bb, 0xb5bb, 0xb5bb, 0xb5bb, 0xb5bb, 0xb5bb, 0xb5bb, 0xb5bb, 0xb5bb,
0xb5bb, 0xb5bb, 0xb5bb, 0xb5bb, 0xb5bb, 0xb5bb, 0xb5bb, 0xb5bb, 0xb5bb, 0xb5bb,
0xb5bb, 0xb5bb, 0xb5bb, 0xb5bb, 0xb5bb, 0xb5bb, 0xb5bb, 0xb5bb, 0xb5bb, 0xb5bb,
0xb5bb, 0xb5bb, 0xb5bb, 0xb5bb, 0xb5bb, 0xb5bb, 0xb5bb, 0xb5bb, 0xb5bb, 0xb5bb,
0xb5bb, 0xb5bb, 0xb5bb, 0xb5bb, 0xb5bb, 0xb5bb, 0xb5bb, 0xb5bb, 0xb5bb, 0xb5bb,
0xb5bb, 0xb5bb, 0xb5bb, 0xb5bb, 0xb5bb, 0xb5bb, 0xb5bb, 0xb5bb, 0xb5bb, 0xb5bb,
0xb5bb, 0xb5bb, 0xb5bb, 0xb5bb, 0xb5bb, 0xb5bb, 0xb5bb, 0xb5bb, 0xb5bb, 0xb5bb,
0xb5bb, 0xb5bb, 0xb5bb, 0xb5bb, 0xb5bb, 0xb5bb, 0xb5bb, 0xb5bb, 0xb5bb, 0xb5bb,
0xb5bb, 0xb5bb, 0xb5bb, 0xb5bb, 0xb5bb, 0xb5bb, 0xb5bb, 0xb5bb, 0xb5bb, 0xb5bb,
0xb5bb, 0xb5bb, 0xb5bb, 0xb5bb, 0xb5bb, 0xb5bb, 0xb5bb, 0xb5bb, 0xb5bb, 0xb5bb,
0xb5bb, 0xb5bb, 0xb5bb, 0xb5bb, 0xb5bb, 0xb5bb, 0xb5bb, 0xb5bb, 0xb5bb, 0xb5bb,
0xb5bb, 0xb5bb, 0xb5bb, 0xb5bb, 0xb5bb, 0xb5bb, 0xb5bb, 0xb5bb, 0xb5bb, 0xb5bb,
0xb5bb, 0xb5bb, 0xb5bb, 0xb5bb, 0xb5bb, 0xb5bb, 0xb5bb, 0xb5bb, 0xb5bb, 0xb5bb,
0xb5bb, 0xb5bb, 0xb5bb, 0xb5bb, 0xb5bb, 0xb5bb, 0xb5bb, 0xb5bb, 0xb5bb, 0xb5bb,
0xb5bb, 0xb5bb, 0xb5bb, 0xb5bb, 0xb5bb, 0xb5bb, 0xb5bb, 0xb5bb, 0xb5bb, 0xb5bb,
0xb5bb, 0xb5bb, 0xb5bb, 0xb5bb, 0xb5bb, 0xb5bb, 0xb5bb, 0xb5bb, 0x8413, 0x4a4a,
0x4a4a, 0x424c, 0x424e, 0x4210, 0x4231, 0x4a92, 0x5ad3, 0x6b53, 0x7bd5, 0x8436,
0x94d6, 0xa537, 0x9cb6, 0x6b13, 0x41d0, 0x290e, 0x28eb, 0x292b, 0x31ae, 0x4211,
0x3a12, 0x31ce, 0x216a, 0x2148, 0x2968, 0x39e9, 0x424a, 0x4a4b, 0x4a4b, 0x4a4b,
0x4a4b, 0x4a4b, 0x424b, 0x422a, 0x420a, 0x420a, 0x422a, 0x4a4b, 0x4a8c, 0x4a8c,
0x528c, 0x52ac, 0x52cd, 0x5acd, 0x5acd, 0x5acd, 0x5acd, 0x5acd, 0x5acd, 0x5acd,
0x5acd, 0x5b0d, 0x5b2d, 0x5b0d, 0x5b0d, 0x5b0d, 0x5b0e, 0x5b0e, 0x5b0e, 0x5b0e,
0x5b0e, 0x5b0e, 0x5b0d, 0x5b0d, 0x5acd, 0x52ac, 0x528c, 0x4a4b, 0x424a, 0x424a,

0x630e, 0x630e, 0x630e, 0x630e, 0x630e, 0x630e, 0x630e, 0x630e, 0x630e, 0x630e,
0x630e, 0x630e, 0x630e, 0x630e, 0x630e, 0x630e, 0x630e, 0x5b0e, 0x5acd, 0x4a6b,
0x422a, 0x422a, 0x420a, 0x420a, 0x420a, 0x420a, 0x420a, 0x422a, 0x4a6b, 0x52ac,
0x5acd, 0x5aed, 0x630e, 0x630e, 0x630e, 0x630e, 0x630e, 0x630e, 0x630e, 0x630e,
0x630e, 0x630e, 0x630e, 0x5b2e, 0x52ed, 0x4a6a, 0x39c8, 0x39eb, 0x6310, 0x6332,
0x4a51, 0x4212, 0x39f1, 0x318e, 0x316f, 0x3170, 0x292e, 0x39ad, 0x6311, 0x8416,
0x94b9, 0x94ba, 0x7c38, 0x6b96, 0x6334, 0x73d4, 0x8c75, 0x634f, 0x420a, 0x528c,
0x6b71, 0x7c14, 0xb5bb, 0xb5bb, 0xb5bb, 0xb5bb, 0xb5bb, 0xb5bb, 0xb5bb, 0xb5bb,
0xb5bb, 0xb5bb, 0xb5bb, 0xb5bb, 0xb5bb, 0xb5bb, 0xb5bb, 0xb5bb, 0xb5bb, 0xb5bb,
0xb5bb, 0xb5bb, 0xb5bb, 0xb5bb, 0xb5bb, 0xb5bb, 0xb5bb, 0xb5bb, 0xb5bb, 0xb5bb,
0xb5bb, 0xb5bb, 0xb5bb, 0xb5bb, 0xb5bb, 0xb5bb, 0xb5bb, 0xb5bb, 0xb5bb, 0xb5bb,
0xb5bb, 0xb5bb, 0xb5bb, 0xb5bb, 0xb5bb, 0xb5bb, 0xb5bb, 0xb5bb, 0xb5bb, 0xb5bb,
0xb5bb, 0xb5bb, 0xb5bb, 0xb5bb, 0xb5bb, 0xb5bb, 0xb5bb, 0xb5bb, 0xb5bb, 0xb5bb,
0xb5bb, 0xb5bb, 0xb5bb, 0xb5bb, 0xb5bb, 0xb5bb, 0xb5bb, 0xb5bb, 0xb5bb, 0xb5bb,
0xb5bb, 0xb5bb, 0xb5bb, 0xb5bb, 0xb5bb, 0xb5bb, 0xb5bb, 0xb5bb, 0xb5bb, 0xb5bb,
0xb5bb, 0xb5bb, 0xb5bb, 0xb5bb, 0xb5bb, 0xb5bb, 0xb5bb, 0xb5bb, 0xb5bb, 0xb5bb,
0xb5bb, 0xb5bb, 0xb5bb, 0xb5bb, 0xb5bb, 0xb5bb, 0xb5bb, 0xb5bb, 0xb5bb, 0xb5bb,
0xb5bb, 0xb5bb, 0xb5bb, 0xb5bb, 0xb5bb, 0xb5bb, 0xb5bb, 0xb5bb, 0xb5bb, 0xb5bb,
0xb5bb, 0xb5bb, 0xb5bb, 0xb5bb, 0xb5bb, 0xb5bb, 0xb5bb, 0xb5bb, 0xb5bb, 0xb5bb,
0xb5bb, 0xb5bb, 0xb5bb, 0xb5bb, 0xb5bb, 0xb5bb, 0xb5bb, 0xb5bb, 0xb5bb, 0xb5bb,
0xb5bb, 0xb5bb, 0xb5bb, 0xb5bb, 0xb5bb, 0xb5bb, 0xb5bb, 0xb5bb, 0xb5bb, 0xb5bb,
0xb5bb, 0xb5bb, 0xb5bb, 0xb5bb, 0xb5bb, 0xb5bb, 0xb5bb, 0xb5bb, 0xb5bb, 0xb5bb,
0xb5bb, 0xb5bb, 0xb5bb, 0xb5bb, 0xb5bb, 0xb5bb, 0xb5bb, 0xb5bb, 0xb5bb, 0xb5bb,
0xb5bb, 0xb5bb, 0xb5bb, 0xb5bb, 0xb5bb, 0xb5bb, 0xb5bb, 0xb5bb, 0xb5bb, 0xb5bb,
0xb5bb, 0xb5bb, 0xb5bb, 0xb5bb, 0xb5bb, 0xb5bb, 0xb5bb, 0xb5bb, 0x7bf3, 0x420a,
0x4a4b, 0x4a4c, 0x424d, 0x3a4f, 0x4270, 0x52d2, 0x5b33, 0x6373, 0x73b4, 0x7bf6,
0x9497, 0x9d38, 0x94b6, 0x6b13, 0x41d0, 0x290e, 0x28eb, 0x292b, 0x31ae, 0x4211,
0x3a11, 0x31ce, 0x216a, 0x2148, 0x2968, 0x39e9, 0x424a, 0x4a4b, 0x4a4b, 0x4a4b,
0x4a4b, 0x4a4b, 0x4a4b, 0x424b, 0x422a, 0x420a, 0x422a, 0x424a, 0x426b, 0x4a4b,
0x4a4b, 0x4a6b, 0x52ac, 0x52cd, 0x52cd, 0x5acd, 0x5acd, 0x5acd, 0x5acd, 0x5acd,
0x5acd, 0x5acd, 0x5aed, 0x5b2d, 0x5b0d, 0x5b0d, 0x5b2d, 0x5b0d, 0x5b2e, 0x5b2e,
0x5b0e, 0x5aed, 0x5aed, 0x5aed, 0x52ac, 0x526c, 0x4a4b, 0x424a, 0x424a, 0x424a,

0x630e, 0x630e, 0x630e, 0x630e, 0x630e, 0x630e, 0x630e, 0x630e, 0x630e, 0x630e,
0x630e, 0x630e, 0x630e, 0x630e, 0x630e, 0x630e, 0x630d, 0x5aed, 0x52ac, 0x4a6b,
0x422a, 0x420a, 0x420a, 0x420a, 0x420a, 0x420a, 0x420a, 0x4229, 0x424a, 0x4a6b,
0x528c, 0x5aad, 0x5aed, 0x630e, 0x630e, 0x630e, 0x630e, 0x630e, 0x630e, 0x630e,
0x630e, 0x630e, 0x630e, 0x5b2e, 0x52ed, 0x4a6a, 0x39a9, 0x39eb, 0x630f, 0x6332,
0x4a51, 0x4212, 0x39f1, 0x318e, 0x318f, 0x3990, 0x312e, 0x39ad, 0x5b10, 0x8436,
0x9cda, 0x94db, 0x7c59, 0x6b96, 0x52b2, 0x6b74, 0x8c96, 0x6bb1, 0x424b, 0x4a4b,
0x6330, 0x7c14, 0xb5bb, 0xb5bb, 0xb5bb, 0xb5bb, 0xb5bb, 0xb5bb, 0xb5bb, 0xb5bb,
0xb5bb, 0xb5bb, 0xb5bb, 0xb5bb, 0xb5bb, 0xb5bb, 0xb5bb, 0xb5bb, 0xb5bb, 0xb5bb,
0xb5bb, 0xb5bb, 0xb5bb, 0xb5bb, 0xb5bb, 0xb5bb, 0xb5bb, 0xb5bb, 0xb5bb, 0xb5bb,
0xb5bb, 0xb5bb, 0xb5bb, 0xb5bb, 0xb5bb, 0xb5bb, 0xb5bb, 0xb5bb, 0xb5bb, 0xb5bb,
0xb5bb, 0xb5bb, 0xb5bb, 0xb5bb, 0xb5bb, 0xb5bb, 0xb5bb, 0xb5bb, 0xb5bb, 0xb5bb,
0xb5bb, 0xb5bb, 0xb5bb, 0xb5bb, 0xb5bb, 0xb5bb, 0xb5bb, 0xb5bb, 0xb5bb, 0xb5bb,
0xb5bb, 0xb5bb, 0xb5bb, 0xb5bb, 0xb5bb, 0xb5bb, 0xb5bb, 0xb5bb, 0xb5bb, 0xb5bb,
0xb5bb, 0xb5bb, 0xb5bb, 0xb5bb, 0xb5bb, 0xb5bb, 0xb5bb, 0xb5bb, 0xb5bb, 0xb5bb,
0xb5bb, 0xb5bb, 0xb5bb, 0xb5bb, 0xb5bb, 0xb5bb, 0xb5bb, 0xb5bb, 0xb5bb, 0xb5bb,
0xb5bb, 0xb5bb, 0xb5bb, 0xb5bb, 0xb5bb, 0xb5bb, 0xb5bb, 0xb5bb, 0xb5bb, 0xb5bb,
0xb5bb, 0xb5bb, 0xb5bb, 0xb5bb, 0xb5bb, 0xb5bb, 0xb5bb, 0xb5bb, 0xb5bb, 0xb5bb,
0xb5bb, 0xb5bb, 0xb5bb, 0xb5bb, 0xb5bb, 0xb5bb, 0xb5bb, 0xb5bb, 0xb5bb, 0xb5bb,
0xb5bb, 0xb5bb, 0xb5bb, 0xb5bb, 0xb5bb, 0xb5bb, 0xb5bb, 0xb5bb, 0xb5bb, 0xb5bb,
0xb5bb, 0xb5bb, 0xb5bb, 0xb5bb, 0xb5bb, 0xb5bb, 0xb5bb, 0xb5bb, 0xb5bb, 0xb5bb,
0xb5bb, 0xb5bb, 0xb5bb, 0xb5bb, 0xb5bb, 0xb5bb, 0xb5bb, 0xb5bb, 0xb5bb, 0xb5bb,
0xb5bb, 0xb5bb, 0xb5bb, 0xb5bb, 0xb5bb, 0xb5bb, 0xb5bb, 0xb5bb, 0xb5bb, 0xb5bb,
0xb5bb, 0xb5bb, 0xb5bb, 0xb5bb, 0xb5bb, 0xb5bb, 0xb5bb, 0xb5bb, 0xb5bb, 0xb5bb,
0xb5bb, 0xb5bb, 0xb5bb, 0xb5bb, 0xb5bb, 0xb5bb, 0xb5bb, 0xb5bb, 0x7bf3, 0x422b,
0x4a4b, 0x4a4c, 0x424d, 0x3a2e, 0x3a4f, 0x4ab1, 0x5b12, 0x6333, 0x6b73, 0x7bb5,
0x8c77, 0x9d18, 0x8c96, 0x6313, 0x39d0, 0x290e, 0x28eb, 0x292b, 0x31ae, 0x4211,
0x3a11, 0x31ce, 0x216a, 0x2148, 0x2968, 0x39e9, 0x424a, 0x4a4b, 0x4a4b, 0x4a4b,
0x4a4b, 0x4a4b, 0x4a4b, 0x424b, 0x424b, 0x420a, 0x420a, 0x422a, 0x422a, 0x4a2a,
0x4a4b, 0x4a4b, 0x4a6b, 0x52ac, 0x52cd, 0x52cc, 0x52cd, 0x52cd, 0x5acd, 0x5acd,
0x5acd, 0x5acd, 0x5acd, 0x5aed, 0x5aed, 0x5aed, 0x5aed, 0x5aed, 0x5aed, 0x5aee,
0x5aed, 0x52cd, 0x52ad, 0x52ac, 0x4a6c, 0x4a4b, 0x4a4a, 0x424a, 0x424a, 0x424a,

0x630e, 0x630e, 0x630e, 0x630e, 0x630e, 0x630e, 0x630e, 0x630e, 0x630e, 0x630e,
0x630e, 0x630e, 0x630e, 0x630e, 0x630e, 0x5b2e, 0x5b0d, 0x52cc, 0x4a6b, 0x424a,
0x422a, 0x420a, 0x420a, 0x420a, 0x420a, 0x420a, 0x420a, 0x420a, 0x420a, 0x424b,
0x4a6b, 0x528c, 0x52ad, 0x5aed, 0x630e, 0x630e, 0x630e, 0x630e, 0x630e, 0x630e,
0x630e, 0x630e, 0x630e, 0x5b2d, 0x52ec, 0x4a6a, 0x39c9, 0x39eb, 0x6310, 0x6332,
0x4a51, 0x4212, 0x39f1, 0x318e, 0x318f, 0x3970, 0x292e, 0x39ad, 0x6b50, 0x8c76,
0xa51a, 0x9d1b, 0x94b9, 0x7bd6, 0x52d2, 0x5b33, 0x7c35, 0x73d2, 0x4aac, 0x4a6b,
0x5aee, 0x7bd3, 0xb5bb, 0xb5bb, 0xb5bb, 0xb5bb, 0xb5bb, 0xb5bb, 0xb5bb, 0xb5bb,
0xb5bb, 0xb5bb, 0xb5bb, 0xb5bb, 0xb5bb, 0xb5bb, 0xb5bb, 0xb5bb, 0xb5bb, 0xb5bb,
0xb5bb, 0xb5bb, 0xb5bb, 0xb5bb, 0xb5bb, 0xb5bb, 0xb5bb, 0xb5bb, 0xb5bb, 0xb5bb,
0xb5bb, 0xb5bb, 0xb5bb, 0xb5bb, 0xb5bb, 0xb5bb, 0xb5bb, 0xb5bb, 0xb5bb, 0xb5bb,
0xb5bb, 0xb5bb, 0xb5bb, 0xb5bb, 0xb5bb, 0xb5bb, 0xb5bb, 0xb5bb, 0xb5bb, 0xb5bb,
0xb5bb, 0xb5bb, 0xb5bb, 0xb5bb, 0xb5bb, 0xb5bb, 0xb5bb, 0xb5bb, 0xb5bb, 0xb5bb,
0xb5bb, 0xb5bb, 0xb5bb, 0xb5bb, 0xb5bb, 0xb5bb, 0xb5bb, 0xb5bb, 0xb5bb, 0xb5bb,
0xb5bb, 0xb5bb, 0xb5bb, 0xb5bb, 0xb5bb, 0xb5bb, 0xb5bb, 0xb5bb, 0xb5bb, 0xb5bb,
0xb5bb, 0xb5bb, 0xb5bb, 0xb5bb, 0xb5bb, 0xb5bb, 0xb5bb, 0xb5bb, 0xb5bb, 0xb5bb,
0xb5bb, 0xb5bb, 0xb5bb, 0xb5bb, 0xb5bb, 0xb5bb, 0xb5bb, 0xb5bb, 0xb5bb, 0xb5bb,
0xb5bb, 0xb5bb, 0xb5bb, 0xb5bb, 0xb5bb, 0xb5bb, 0xb5bb, 0xb5bb, 0xb5bb, 0xb5bb,
0xb5bb, 0xb5bb, 0xb5bb, 0xb5bb, 0xb5bb, 0xb5bb, 0xb5bb, 0xb5bb, 0xb5bb, 0xb5bb,
0xb5bb, 0xb5bb, 0xb5bb, 0xb5bb, 0xb5bb, 0xb5bb, 0xb5bb, 0xb5bb, 0xb5bb, 0xb5bb,
0xb5bb, 0xb5bb, 0xb5bb, 0xb5bb, 0xb5bb, 0xb5bb, 0xb5bb, 0xb5bb, 0xb5bb, 0xb5bb,
0xb5bb, 0xb5bb, 0xb5bb, 0xb5bb, 0xb5bb, 0xb5bb, 0xb5bb, 0xb5bb, 0xb5bb, 0xb5bb,
0xb5bb, 0xb5bb, 0xb5bb, 0xb5bb, 0xb5bb, 0xb5bb, 0xb5bb, 0xb5bb, 0xb5bb, 0xb5bb,
0xb5bb, 0xb5bb, 0xb5bb, 0xb5bb, 0xb5bb, 0xb5bb, 0xb5bb, 0xb5bb, 0xb5bb, 0xb5bb,
0xb5bb, 0xb5bb, 0xb5bb, 0xb5bb, 0xb5bb, 0xb5bb, 0xb5bb, 0xb5bb, 0x8434, 0x4a6c,
0x4a2a, 0x424b, 0x424d, 0x3a0e, 0x3a0e, 0x4250, 0x4a91, 0x5ad2, 0x6b53, 0x7394,
0x8436, 0x9cd7, 0x8c76, 0x6313, 0x39d0, 0x290e, 0x28eb, 0x292b, 0x31ae, 0x4211,
0x3a12, 0x31ce, 0x216a, 0x2148, 0x2968, 0x39e9, 0x424a, 0x4a4b, 0x4a4b, 0x4a4b,
0x4a4b, 0x4a4b, 0x4a4b, 0x424b, 0x424b, 0x420a, 0x420a, 0x420a, 0x420a, 0x420a,
0x4a4b, 0x4a4b, 0x4a4b, 0x4a6b, 0x52ac, 0x52cc, 0x52cc, 0x52cd, 0x5acd, 0x5acd,
0x5acd, 0x5acd, 0x5acd, 0x5acd, 0x5acd, 0x5acd, 0x5acd, 0x5acd, 0x5acd, 0x5acd,
0x52cd, 0x52cd, 0x52ac, 0x4a6b, 0x4a4b, 0x4a4a, 0x4a4a, 0x424a, 0x424a, 0x424a,

0x630e, 0x630e, 0x630e, 0x630e, 0x630e, 0x630e, 0x630e, 0x630e, 0x630e, 0x630e,
0x630e, 0x630e, 0x630e, 0x630e, 0x5b0e, 0x5b0e, 0x52ed, 0x4a8c, 0x4a4b, 0x420a,
0x420a, 0x420a, 0x420a, 0x420a, 0x420a, 0x420a, 0x420a, 0x420a, 0x420a, 0x420a,
0x422a, 0x426b, 0x528c, 0x52ac, 0x5aed, 0x630e, 0x630e, 0x630e, 0x630e, 0x630e,
0x630e, 0x630e, 0x5b0e, 0x5aee, 0x5aac, 0x4a6a, 0x39c9, 0x39eb, 0x6310, 0x6332,
0x4a51, 0x4212, 0x39f1, 0x318e, 0x316f, 0x3150, 0x290e, 0x39cd, 0x6b70, 0x9cd6,
0xad7b, 0xad7c, 0xa51a, 0x8c57, 0x5b13, 0x5312, 0x7c14, 0x7c33, 0x634f, 0x4a8c,
0x52cd, 0x6bb1, 0xb5bb, 0xb5bb, 0xb5bb, 0xb5bb, 0xb5bb, 0xb5bb, 0xb5bb, 0xb5bb,
0xb5bb, 0xb5bb, 0xb5bb, 0xb5bb, 0xb5bb, 0xb5bb, 0xb5bb, 0xb5bb, 0xb5bb, 0xb5bb,
0xb5bb, 0xb5bb, 0xb5bb, 0xb5bb, 0xb5bb, 0xb5bb, 0xb5bb, 0xb5bb, 0xb5bb, 0xb5bb,
0xb5bb, 0xb5bb, 0xb5bb, 0xb5bb, 0xb5bb, 0xb5bb, 0xb5bb, 0xb5bb, 0xb5bb, 0xb5bb,
0xb5bb, 0xb5bb, 0xb5bb, 0xb5bb, 0xb5bb, 0xb5bb, 0xb5bb, 0xb5bb, 0xb5bb, 0xb5bb,
0xb5bb, 0xb5bb, 0xb5bb, 0xb5bb, 0xb5bb, 0xb5bb, 0xb5bb, 0xb5bb, 0xb5bb, 0xb5bb,
0xb5bb, 0xb5bb, 0xb5bb, 0xb5bb, 0xb5bb, 0xb5bb, 0xb5bb, 0xb5bb, 0xb5bb, 0xb5bb,
0xb5bb, 0xb5bb, 0xb5bb, 0xb5bb, 0xb5bb, 0xb5bb, 0xb5bb, 0xb5bb, 0xb5bb, 0xb5bb,
0xb5bb, 0xb5bb, 0xb5bb, 0xb5bb, 0xb5bb, 0xb5bb, 0xb5bb, 0xb5bb, 0xb5bb, 0xb5bb,
0xb5bb, 0xb5bb, 0xb5bb, 0xb5bb, 0xb5bb, 0xb5bb, 0xb5bb, 0xb5bb, 0xb5bb, 0xb5bb,
0xb5bb, 0xb5bb, 0xb5bb, 0xb5bb, 0xb5bb, 0xb5bb, 0xb5bb, 0xb5bb, 0xb5bb, 0xb5bb,
0xb5bb, 0xb5bb, 0xb5bb, 0xb5bb, 0xb5bb, 0xb5bb, 0xb5bb, 0xb5bb, 0xb5bb, 0xb5bb,
0xb5bb, 0xb5bb, 0xb5bb, 0xb5bb, 0xb5bb, 0xb5bb, 0xb5bb, 0xb5bb, 0xb5bb, 0xb5bb,
0xb5bb, 0xb5bb, 0xb5bb, 0xb5bb, 0xb5bb, 0xb5bb, 0xb5bb, 0xb5bb, 0xb5bb, 0xb5bb,
0xb5bb, 0xb5bb, 0xb5bb, 0xb5bb, 0xb5bb, 0xb5bb, 0xb5bb, 0xb5bb, 0xb5bb, 0xb5bb,
0xb5bb, 0xb5bb, 0xb5bb, 0xb5bb, 0xb5bb, 0xb5bb, 0xb5bb, 0xb5bb, 0xb5bb, 0xb5bb,
0xb5bb, 0xb5bb, 0xb5bb, 0xb5bb, 0xb5bb, 0xb5bb, 0xb5bb, 0xb5bb, 0xb5bb, 0xb5bb,
0xb5bb, 0xb5bb, 0xb5bb, 0xb5bb, 0xb5bb, 0xb5bb, 0xb5bb, 0xb5bb, 0x8c75, 0x52ad,
0x420a, 0x422a, 0x424c, 0x3a2d, 0x31ed, 0x3a0e, 0x4a6f, 0x52b1, 0x6312, 0x6b73,
0x8416, 0x94b6, 0x8c35, 0x62d3, 0x39b1, 0x290e, 0x290b, 0x292b, 0x31ae, 0x4211,
0x3a12, 0x31ce, 0x216a, 0x2148, 0x2968, 0x39e9, 0x424a, 0x4a4b, 0x4a4b, 0x4a4b,
0x4a4b, 0x4a4b, 0x4a4b, 0x424b, 0x424b, 0x420a, 0x420a, 0x420a, 0x420a, 0x420a,
0x424b, 0x424b, 0x4a4b, 0x4a4b, 0x4a6b, 0x4a8c, 0x4a8c, 0x52ac, 0x52cd, 0x52cd,
0x52cd, 0x52cd, 0x52cd, 0x5acd, 0x5acd, 0x5acd, 0x5acd, 0x52cd, 0x52cd, 0x52ac,
0x528b, 0x4a8b, 0x4a6b, 0x4a4b, 0x424a, 0x424a, 0x424a, 0x424a, 0x424a, 0x424a,

0x630e, 0x630e, 0x630e, 0x630e, 0x630e, 0x630e, 0x630e, 0x630e, 0x630e, 0x630e,
0x630e, 0x630e, 0x630e, 0x630e, 0x5b0e, 0x52cd, 0x4a8c, 0x424b, 0x420a, 0x420a,
0x420a, 0x420a, 0x420a, 0x420a, 0x420a, 0x420a, 0x420a, 0x420a, 0x420a, 0x420a,
0x420a, 0x422a, 0x424b, 0x4a8c, 0x52ac, 0x5acd, 0x5aed, 0x5b0d, 0x5b0e, 0x5b0e,
0x5b0e, 0x5b0e, 0x5b0e, 0x5aee, 0x52ac, 0x426a, 0x31c9, 0x39eb, 0x630f, 0x6332,
0x4a51, 0x4212, 0x39f1, 0x318e, 0x316f, 0x2930, 0x290e, 0x41cd, 0x7391, 0x9d17,
0xb5db, 0xb5bc, 0xad3a, 0x8c77, 0x6b74, 0x5b12, 0x6b92, 0x7c13, 0x7bd1, 0x52cd,
0x4aac, 0x6350, 0xb5bb, 0xb5bb, 0xb5bb, 0xb5bb, 0xb5bb, 0xb5bb, 0xb5bb, 0xb5bb,
0xb5bb, 0xb5bb, 0xb5bb, 0xb5bb, 0xb5bb, 0xb5bb, 0xb5bb, 0xb5bb, 0xb5bb, 0xb5bb,
0xb5bb, 0xb5bb, 0xb5bb, 0xb5bb, 0xb5bb, 0xb5bb, 0xb5bb, 0xb5bb, 0xb5bb, 0xb5bb,
0xb5bb, 0xb5bb, 0xb5bb, 0xb5bb, 0xb5bb, 0xb5bb, 0xb5bb, 0xb5bb, 0xb5bb, 0xb5bb,
0xb5bb, 0xb5bb, 0xb5bb, 0xb5bb, 0xb5bb, 0xb5bb, 0xb5bb, 0xb5bb, 0xb5bb, 0xb5bb,
0xb5bb, 0xb5bb, 0xb5bb, 0xb5bb, 0xb5bb, 0xb5bb, 0xb5bb, 0xb5bb, 0xb5bb, 0xb5bb,
0xb5bb, 0xb5bb, 0xb5bb, 0xb5bb, 0xb5bb, 0xb5bb, 0xb5bb, 0xb5bb, 0xb5bb, 0xb5bb,
0xb5bb, 0xb5bb, 0xb5bb, 0xb5bb, 0xb5bb, 0xb5bb, 0xb5bb, 0xb5bb, 0xb5bb, 0xb5bb,
0xb5bb, 0xb5bb, 0xb5bb, 0xb5bb, 0xb5bb, 0xb5bb, 0xb5bb, 0xb5bb, 0xb5bb, 0xb5bb,
0xb5bb, 0xb5bb, 0xb5bb, 0xb5bb, 0xb5bb, 0xb5bb, 0xb5bb, 0xb5bb, 0xb5bb, 0xb5bb,
0xb5bb, 0xb5bb, 0xb5bb, 0xb5bb, 0xb5bb, 0xb5bb, 0xb5bb, 0xb5bb, 0xb5bb, 0xb5bb,
0xb5bb, 0xb5bb, 0xb5bb, 0xb5bb, 0xb5bb, 0xb5bb, 0xb5bb, 0xb5bb, 0xb5bb, 0xb5bb,
0xb5bb, 0xb5bb, 0xb5bb, 0xb5bb, 0xb5bb, 0xb5bb, 0xb5bb, 0xb5bb, 0xb5bb, 0xb5bb,
0xb5bb, 0xb5bb, 0xb5bb, 0xb5bb, 0xb5bb, 0xb5bb, 0xb5bb, 0xb5bb, 0xb5bb, 0xb5bb,
0xb5bb, 0xb5bb, 0xb5bb, 0xb5bb, 0xb5bb, 0xb5bb, 0xb5bb, 0xb5bb, 0xb5bb, 0xb5bb,
0xb5bb, 0xb5bb, 0xb5bb, 0xb5bb, 0xb5bb, 0xb5bb, 0xb5bb, 0xb5bb, 0xb5bb, 0xb5bb,
0xb5bb, 0xb5bb, 0xb5bb, 0xb5bb, 0xb5bb, 0xb5bb, 0xb5bb, 0xb5bb, 0xb5bb, 0xb5bb,
0xb5bb, 0xb5bb, 0xb5bb, 0xb5bb, 0xb5bb, 0xb5bb, 0xb5bb, 0xb5bb, 0x9496, 0x5aee,
0x4a4b, 0x422b, 0x4a6c, 0x3a2c, 0x31ec, 0x31ec, 0x422e, 0x5290, 0x5ad2, 0x6b53,
0x7c15, 0x8c96, 0x8435, 0x62d2, 0x39b0, 0x290e, 0x290b, 0x292b, 0x31ae, 0x4211,
0x3a11, 0x31ce, 0x216a, 0x2148, 0x2968, 0x39e9, 0x424a, 0x4a4b, 0x4a4b, 0x4a4b,
0x4a4b, 0x4a4b, 0x4a4b, 0x424b, 0x424b, 0x422a, 0x420a, 0x420a, 0x422a, 0x424b,
0x424b, 0x424b, 0x4a4b, 0x4a4a, 0x4a4b, 0x4a6b, 0x4a4b, 0x4a6b, 0x4aac, 0x4aac,
0x52ac, 0x52ac, 0x52ac, 0x52ac, 0x52ac, 0x52ac, 0x52ac, 0x4a8c, 0x4a6b, 0x4a6b,
0x4a4b, 0x4a6a, 0x4a4a, 0x4a4a, 0x424a, 0x424a, 0x424a, 0x424a, 0x424a, 0x424a,

0x630e, 0x630e, 0x630e, 0x630e, 0x630e, 0x630e, 0x630e, 0x630e, 0x630e, 0x630e,
0x630e, 0x630e, 0x630e, 0x630e, 0x5acd, 0x528c, 0x422a, 0x420a, 0x420a, 0x420a,
0x420a, 0x420a, 0x420a, 0x420a, 0x420a, 0x420a, 0x420a, 0x420a, 0x420a, 0x420a,
0x420a, 0x420a, 0x422a, 0x424b, 0x4a6c, 0x52ac, 0x52cd, 0x530d, 0x530d, 0x5b0e,
0x5b0e, 0x5b0d, 0x5b0e, 0x5aed, 0x52ac, 0x426a, 0x31c9, 0x39ea, 0x630f, 0x6332,
0x4a51, 0x4212, 0x39f1, 0x318e, 0x316f, 0x3130, 0x290d, 0x41ed, 0x7bd2, 0xa577,
0xbe1b, 0xbdfb, 0xad5a, 0x94b8, 0x73d5, 0x5b32, 0x5311, 0x73d3, 0x8412, 0x5acd,
0x4a6c, 0x5aee, 0xb5bb, 0xb5bb, 0xb5bb, 0xb5bb, 0xb5bb, 0xb5bb, 0xb5bb, 0xb5bb,
0xb5bb, 0xb5bb, 0xb5bb, 0xb5bb, 0xb5bb, 0xb5bb, 0xb5bb, 0xb5bb, 0xb5bb, 0xb5bb,
0xb5bb, 0xb5bb, 0xb5bb, 0xb5bb, 0xb5bb, 0xb5bb, 0xb5bb, 0xb5bb, 0xb5bb, 0xb5bb,
0xb5bb, 0xb5bb, 0xb5bb, 0xb5bb, 0xb5bb, 0xb5bb, 0xb5bb, 0xb5bb, 0xb5bb, 0xb5bb,
0xb5bb, 0xb5bb, 0xb5bb, 0xb5bb, 0xb5bb, 0xb5bb, 0xb5bb, 0xb5bb, 0xb5bb, 0xb5bb,
0xb5bb, 0xb5bb, 0xb5bb, 0xb5bb, 0xb5bb, 0xb5bb, 0xb5bb, 0xb5bb, 0xb5bb, 0xb5bb,
0xb5bb, 0xb5bb, 0xb5bb, 0xb5bb, 0xb5bb, 0xb5bb, 0xb5bb, 0xb5bb, 0xb5bb, 0xb5bb,
0xb5bb, 0xb5bb, 0xb5bb, 0xb5bb, 0xb5bb, 0xb5bb, 0xb5bb, 0xb5bb, 0xb5bb, 0xb5bb,
0xb5bb, 0xb5bb, 0xb5bb, 0xb5bb, 0xb5bb, 0xb5bb, 0xb5bb, 0xb5bb, 0xb5bb, 0xb5bb,
0xb5bb, 0xb5bb, 0xb5bb, 0xb5bb, 0xb5bb, 0xb5bb, 0xb5bb, 0xb5bb, 0xb5bb, 0xb5bb,
0xb5bb, 0xb5bb, 0xb5bb, 0xb5bb, 0xb5bb, 0xb5bb, 0xb5bb, 0xb5bb, 0xb5bb, 0xb5bb,
0xb5bb, 0xb5bb, 0xb5bb, 0xb5bb, 0xb5bb, 0xb5bb, 0xb5bb, 0xb5bb, 0xb5bb, 0xb5bb,
0xb5bb, 0xb5bb, 0xb5bb, 0xb5bb, 0xb5bb, 0xb5bb, 0xb5bb, 0xb5bb, 0xb5bb, 0xb5bb,
0xb5bb, 0xb5bb, 0xb5bb, 0xb5bb, 0xb5bb, 0xb5bb, 0xb5bb, 0xb5bb, 0xb5bb, 0xb5bb,
0xb5bb, 0xb5bb, 0xb5bb, 0xb5bb, 0xb5bb, 0xb5bb, 0xb5bb, 0xb5bb, 0xb5bb, 0xb5bb,
0xb5bb, 0xb5bb, 0xb5bb, 0xb5bb, 0xb5bb, 0xb5bb, 0xb5bb, 0xb5bb, 0xb5bb, 0xb5bb,
0xb5bb, 0xb5bb, 0xb5bb, 0xb5bb, 0xb5bb, 0xb5bb, 0xb5bb, 0xb5bb, 0xb5bb, 0xb5bb,
0xb5bb, 0xb5bb, 0xb5bb, 0xb5bb, 0xb5bb, 0xb5bb, 0xb5bb, 0xb5bb, 0x94b6, 0x632f,
0x4a4c, 0x420b, 0x422b, 0x422c, 0x31ec, 0x31cc, 0x3a0d, 0x424e, 0x4a8f, 0x6331,
0x7c13, 0x8cb6, 0x8435, 0x62d2, 0x39b0, 0x290e, 0x290b, 0x292b, 0x31ae, 0x4211,
0x3a11, 0x31ce, 0x216a, 0x2148, 0x2968, 0x39e9, 0x424a, 0x4a4b, 0x4a4b, 0x4a4b,
0x4a4b, 0x4a4b, 0x424b, 0x424b, 0x424b, 0x420a, 0x420a, 0x422a, 0x424b, 0x424b,
0x4a4b, 0x4a4b, 0x4a6b, 0x4a6b, 0x4a4b, 0x4a4b, 0x4a2a, 0x4a4b, 0x4a6b, 0x4a6b,
0x4a6b, 0x4a6b, 0x4a6b, 0x4a6b, 0x4a6b, 0x4a6b, 0x4a6b, 0x4a4b, 0x4a2b, 0x4a4a,
0x4a4a, 0x4a4a, 0x4a4a, 0x4a4a, 0x4a4a, 0x4a4a, 0x4a4a, 0x4a4a, 0x4a4a, 0x4a4a,

0x630e, 0x630e, 0x630e, 0x630e, 0x630e, 0x630e, 0x630e, 0x630e, 0x630e, 0x630e,
0x630e, 0x630e, 0x5aed, 0x5acd, 0x52ac, 0x4a6b, 0x420a, 0x420a, 0x420a, 0x420a,
0x420a, 0x420a, 0x420a, 0x420a, 0x420a, 0x420a, 0x420a, 0x420a, 0x420a, 0x420a,
0x420a, 0x420a, 0x420a, 0x420a, 0x424b, 0x426b, 0x4a8c, 0x52cd, 0x52cd, 0x5acd,
0x5b0d, 0x5b2d, 0x5b0d, 0x5aed, 0x52ac, 0x426a, 0x31c9, 0x39eb, 0x6310, 0x6332,
0x4a51, 0x4212, 0x39f1, 0x318e, 0x316f, 0x3130, 0x290e, 0x41ed, 0x7bf2, 0xad97,
0xc65b, 0xc61c, 0xb57b, 0x9cd9, 0x7c16, 0x5b33, 0x4ab1, 0x6b93, 0x8413, 0x5aed,
0x4a4b, 0x528d, 0xb5bb, 0xb5bb, 0xb5bb, 0xb5bb, 0xb5bb, 0xb5bb, 0xb5bb, 0xb5bb,
0xb5bb, 0xb5bb, 0xb5bb, 0xb5bb, 0xb5bb, 0xb5bb, 0xb5bb, 0xb5bb, 0xb5bb, 0xb5bb,
0xb5bb, 0xb5bb, 0xb5bb, 0xb5bb, 0xb5bb, 0xb5bb, 0xb5bb, 0xb5bb, 0xb5bb, 0xb5bb,
0xb5bb, 0xb5bb, 0xb5bb, 0xb5bb, 0xb5bb, 0xb5bb, 0xb5bb, 0xb5bb, 0xb5bb, 0xb5bb,
0xb5bb, 0xb5bb, 0xb5bb, 0xb5bb, 0xb5bb, 0xb5bb, 0xb5bb, 0xb5bb, 0xb5bb, 0xb5bb,
0xb5bb, 0xb5bb, 0xb5bb, 0xb5bb, 0xb5bb, 0xb5bb, 0xb5bb, 0xb5bb, 0xb5bb, 0xb5bb,
0xb5bb, 0xb5bb, 0xb5bb, 0xb5bb, 0xb5bb, 0xb5bb, 0xb5bb, 0xb5bb, 0xb5bb, 0xb5bb,
0xb5bb, 0xb5bb, 0xb5bb, 0xb5bb, 0xb5bb, 0xb5bb, 0xb5bb, 0xb5bb, 0xb5bb, 0xb5bb,
0xb5bb, 0xb5bb, 0xb5bb, 0xb5bb, 0xb5bb, 0xb5bb, 0xb5bb, 0xb5bb, 0xb5bb, 0xb5bb,
0xb5bb, 0xb5bb, 0xb5bb, 0xb5bb, 0xb5bb, 0xb5bb, 0xb5bb, 0xb5bb, 0xb5bb, 0xb5bb,
0xb5bb, 0xb5bb, 0xb5bb, 0xb5bb, 0xb5bb, 0xb5bb, 0xb5bb, 0xb5bb, 0xb5bb, 0xb5bb,
0xb5bb, 0xb5bb, 0xb5bb, 0xb5bb, 0xb5bb, 0xb5bb, 0xb5bb, 0xb5bb, 0xb5bb, 0xb5bb,
0xb5bb, 0xb5bb, 0xb5bb, 0xb5bb, 0xb5bb, 0xb5bb, 0xb5bb, 0xb5bb, 0xb5bb, 0xb5bb,
0xb5bb, 0xb5bb, 0xb5bb, 0xb5bb, 0xb5bb, 0xb5bb, 0xb5bb, 0xb5bb, 0xb5bb, 0xb5bb,
0xb5bb, 0xb5bb, 0xb5bb, 0xb5bb, 0xb5bb, 0xb5bb, 0xb5bb, 0xb5bb, 0xb5bb, 0xb5bb,
0xb5bb, 0xb5bb, 0xb5bb, 0xb5bb, 0xb5bb, 0xb5bb, 0xb5bb, 0xb5bb, 0xb5bb, 0xb5bb,
0xb5bb, 0xb5bb, 0xb5bb, 0xb5bb, 0xb5bb, 0xb5bb, 0xb5bb, 0xb5bb, 0xb5bb, 0xb5bb,
0xb5bb, 0xb5bb, 0xb5bb, 0xb5bb, 0xb5bb, 0xb5bb, 0xb5bb, 0xb5bb, 0x9cf7, 0x6b91,
0x528d, 0x39ea, 0x39c9, 0x31aa, 0x31ab, 0x31cc, 0x31ec, 0x3a2c, 0x428c, 0x632f,
0x8413, 0x94b6, 0x8c36, 0x62d3, 0x39b0, 0x290e, 0x290b, 0x292b, 0x31ae, 0x4211,
0x3a12, 0x31ce, 0x216a, 0x2148, 0x2968, 0x39e9, 0x424a, 0x4a4b, 0x4a4b, 0x4a4b,
0x4a4b, 0x4a4b, 0x424b, 0x424b, 0x424b, 0x420a, 0x422a, 0x424b, 0x424b, 0x4a4b,
0x528c, 0x528c, 0x528c, 0x4a8c, 0x4a6c, 0x4a4b, 0x4a4b, 0x4a4b, 0x4a4b, 0x4a4b,
0x4a4b, 0x4a4b, 0x4a4b, 0x4a4b, 0x4a4b, 0x4a4b, 0x4a4b, 0x4a4b, 0x4a4b, 0x4a4a,
0x4a4a, 0x4a4a, 0x4a4a, 0x4a4a, 0x4a4a, 0x4a4a, 0x4a4a, 0x4a4a, 0x4a4a, 0x4a4a,

0x630e, 0x630e, 0x630e, 0x630e, 0x630e, 0x630e, 0x630e, 0x630e, 0x630e, 0x630e,
0x632e, 0x5b2d, 0x5aed, 0x528c, 0x4a6b, 0x424b, 0x420a, 0x420a, 0x420a, 0x420a,
0x420a, 0x420a, 0x420a, 0x420a, 0x420a, 0x422a, 0x424a, 0x420a, 0x420a, 0x420a,
0x420a, 0x420a, 0x420a, 0x420a, 0x420a, 0x420a, 0x422a, 0x4a4b, 0x526c, 0x52ac,
0x52cd, 0x52ed, 0x5acd, 0x52ed, 0x4aac, 0x422a, 0x31a9, 0x39eb, 0x6310, 0x6332,
0x4a51, 0x4212, 0x39f1, 0x318e, 0x316f, 0x3130, 0x290e, 0x41ed, 0x7bf2, 0xb597,
0xce5b, 0xc61c, 0xad7a, 0x9cd8, 0x8416, 0x6333, 0x4a90, 0x6b93, 0x8474, 0x632e,
0x4a4b, 0x4a4c, 0xb5bb, 0xb5bb, 0xb5bb, 0xb5bb, 0xb5bb, 0xb5bb, 0xb5bb, 0xb5bb,
0xb5bb, 0xb5bb, 0xb5bb, 0xb5bb, 0xb5bb, 0xb5bb, 0xb5bb, 0xb5bb, 0xb5bb, 0xb5bb,
0xb5bb, 0xb5bb, 0xb5bb, 0xb5bb, 0xb5bb, 0xb5bb, 0xb5bb, 0xb5bb, 0xb5bb, 0xb5bb,
0xb5bb, 0xb5bb, 0xb5bb, 0xb5bb, 0xb5bb, 0xb5bb, 0xb5bb, 0xb5bb, 0xb5bb, 0xb5bb,
0xb5bb, 0xb5bb, 0xb5bb, 0xb5bb, 0xb5bb, 0xb5bb, 0xb5bb, 0xb5bb, 0xb5bb, 0xb5bb,
0xb5bb, 0xb5bb, 0xb5bb, 0xb5bb, 0xb5bb, 0xb5bb, 0xb5bb, 0xb5bb, 0xb5bb, 0xb5bb,
0xb5bb, 0xb5bb, 0xb5bb, 0xb5bb, 0xb5bb, 0xb5bb, 0xb5bb, 0xb5bb, 0xb5bb, 0xb5bb,
0xb5bb, 0xb5bb, 0xb5bb, 0xb5bb, 0xb5bb, 0xb5bb, 0xb5bb, 0xb5bb, 0xb5bb, 0xb5bb,
0xb5bb, 0xb5bb, 0xb5bb, 0xb5bb, 0xb5bb, 0xb5bb, 0xb5bb, 0xb5bb, 0xb5bb, 0xb5bb,
0xb5bb, 0xb5bb, 0xb5bb, 0xb5bb, 0xb5bb, 0xb5bb, 0xb5bb, 0xb5bb, 0xb5bb, 0xb5bb,
0xb5bb, 0xb5bb, 0xb5bb, 0xb5bb, 0xb5bb, 0xb5bb, 0xb5bb, 0xb5bb, 0xb5bb, 0xb5bb,
0xb5bb, 0xb5bb, 0xb5bb, 0xb5bb, 0xb5bb, 0xb5bb, 0xb5bb, 0xb5bb, 0xb5bb, 0xb5bb,
0xb5bb, 0xb5bb, 0xb5bb, 0xb5bb, 0xb5bb, 0xb5bb, 0xb5bb, 0xb5bb, 0xb5bb, 0xb5bb,
0xb5bb, 0xb5bb, 0xb5bb, 0xb5bb, 0xb5bb, 0xb5bb, 0xb5bb, 0xb5bb, 0xb5bb, 0xb5bb,
0xb5bb, 0xb5bb, 0xb5bb, 0xb5bb, 0xb5bb, 0xb5bb, 0xb5bb, 0xb5bb, 0xb5bb, 0xb5bb,
0xb5bb, 0xb5bb, 0xb5bb, 0xb5bb, 0xb5bb, 0xb5bb, 0xb5bb, 0xb5bb, 0xb5bb, 0xb5bb,
0xb5bb, 0xb5bb, 0xb5bb, 0xb5bb, 0xb5bb, 0xb5bb, 0xb5bb, 0xb5bb, 0xb5bb, 0xb5bb,
0xb5bb, 0xb5bb, 0xb5bb, 0xb5bb, 0xb5bb, 0xb5bb, 0xb5bb, 0xb5bb, 0x94d7, 0x73d1,
0x6350, 0x52ac, 0x31c8, 0x18e6, 0x1907, 0x29ca, 0x3a0b, 0x424c, 0x5aef, 0x7392,
0x8436, 0x94b7, 0x8416, 0x62d3, 0x39b0, 0x290e, 0x290b, 0x292b, 0x31ae, 0x4211,
0x3a12, 0x31ce, 0x216a, 0x2148, 0x2968, 0x39e9, 0x424a, 0x4a4b, 0x4a4b, 0x4a4b,
0x4a4b, 0x4a4b, 0x424b, 0x422a, 0x420a, 0x422a, 0x424b, 0x4a4b, 0x4a6b, 0x528c,
0x52cd, 0x52cc, 0x52cc, 0x528c, 0x528c, 0x528c, 0x4a8b, 0x4a6b, 0x4a4b, 0x4a4b,
0x4a4b, 0x4a4b, 0x4a4b, 0x4a4b, 0x4a4b, 0x4a4b, 0x4a4a, 0x4a4a, 0x4a4a, 0x4a4a,
0x4a4a, 0x4a4a, 0x4a4a, 0x4a4a, 0x4a4a, 0x4a4a, 0x4a4a, 0x4a4a, 0x4a4a, 0x4a4a,

0x630e, 0x630e, 0x630e, 0x630e, 0x630e, 0x630e, 0x630e, 0x630e, 0x630e, 0x630e,
0x630e, 0x5aed, 0x52ac, 0x4a6b, 0x422a, 0x3a0a, 0x420a, 0x420a, 0x420a, 0x420a,
0x420a, 0x422a, 0x422a, 0x422a, 0x422a, 0x424a, 0x424a, 0x422a, 0x422a, 0x422a,
0x420a, 0x420a, 0x420a, 0x420a, 0x420a, 0x420a, 0x420a, 0x420a, 0x424a, 0x4a6b,
0x4a6c, 0x4a8c, 0x52ad, 0x4acd, 0x4a8c, 0x420a, 0x3188, 0x41ea, 0x630f, 0x6332,
0x4a51, 0x4212, 0x39f1, 0x318e, 0x316f, 0x3130, 0x290d, 0x41ed, 0x7bf1, 0xad77,
0xc61b, 0xbdfb, 0xad79, 0x94b7, 0x83f5, 0x5af2, 0x3a4f, 0x5b31, 0x7c13, 0x6b6f,
0x52ac, 0x4a4c, 0xb5bb, 0xb5bb, 0xb5bb, 0xb5bb, 0xb5bb, 0xb5bb, 0xb5bb, 0xb5bb,
0xb5bb, 0xb5bb, 0xb5bb, 0xb5bb, 0xb5bb, 0xb5bb, 0xb5bb, 0xb5bb, 0xb5bb, 0xb5bb,
0xb5bb, 0xb5bb, 0xb5bb, 0xb5bb, 0xb5bb, 0xb5bb, 0xb5bb, 0xb5bb, 0xb5bb, 0xb5bb,
0xb5bb, 0xb5bb, 0xb5bb, 0xb5bb, 0xb5bb, 0xb5bb, 0xb5bb, 0xb5bb, 0xb5bb, 0xb5bb,
0xb5bb, 0xb5bb, 0xb5bb, 0xb5bb, 0xb5bb, 0xb5bb, 0xb5bb, 0xb5bb, 0xb5bb, 0xb5bb,
0xb5bb, 0xb5bb, 0xb5bb, 0xb5bb, 0xb5bb, 0xb5bb, 0xb5bb, 0xb5bb, 0xb5bb, 0xb5bb,
0xb5bb, 0xb5bb, 0xb5bb, 0xb5bb, 0xb5bb, 0xb5bb, 0xb5bb, 0xb5bb, 0xb5bb, 0xb5bb,
0xb5bb, 0xb5bb, 0xb5bb, 0xb5bb, 0xb5bb, 0xb5bb, 0xb5bb, 0xb5bb, 0xb5bb, 0xb5bb,
0xb5bb, 0xb5bb, 0xb5bb, 0xb5bb, 0xb5bb, 0xb5bb, 0xb5bb, 0xb5bb, 0xb5bb, 0xb5bb,
0xb5bb, 0xb5bb, 0xb5bb, 0xb5bb, 0xb5bb, 0xb5bb, 0xb5bb, 0xb5bb, 0xb5bb, 0xb5bb,
0xb5bb, 0xb5bb, 0xb5bb, 0xb5bb, 0xb5bb, 0xb5bb, 0xb5bb, 0xb5bb, 0xb5bb, 0xb5bb,
0xb5bb, 0xb5bb, 0xb5bb, 0xb5bb, 0xb5bb, 0xb5bb, 0xb5bb, 0xb5bb, 0xb5bb, 0xb5bb,
0xb5bb, 0xb5bb, 0xb5bb, 0xb5bb, 0xb5bb, 0xb5bb, 0xb5bb, 0xb5bb, 0xb5bb, 0xb5bb,
0xb5bb, 0xb5bb, 0xb5bb, 0xb5bb, 0xb5bb, 0xb5bb, 0xb5bb, 0xb5bb, 0xb5bb, 0xb5bb,
0xb5bb, 0xb5bb, 0xb5bb, 0xb5bb, 0xb5bb, 0xb5bb, 0xb5bb, 0xb5bb, 0xb5bb, 0xb5bb,
0xb5bb, 0xb5bb, 0xb5bb, 0xb5bb, 0xb5bb, 0xb5bb, 0xb5bb, 0xb5bb, 0xb5bb, 0xb5bb,
0xb5bb, 0xb5bb, 0xb5bb, 0xb5bb, 0xb5bb, 0xb5bb, 0xb5bb, 0xb5bb, 0xb5bb, 0xb5bb,
0xb5bb, 0xb5bb, 0xb5bb, 0xb5bb, 0xb5bb, 0xb5bb, 0xb5bb, 0xb5bb, 0x94d7, 0x7bf3,
0x7bd2, 0x630e, 0x3a09, 0x2126, 0x2968, 0x424c, 0x4a8e, 0x52af, 0x6331, 0x73b4,
0x8c77, 0x9cf8, 0x8c56, 0x62f3, 0x41b0, 0x290e, 0x28eb, 0x292b, 0x31ae, 0x4211,
0x3a11, 0x31ce, 0x216a, 0x2148, 0x2968, 0x39e9, 0x424a, 0x4a4b, 0x4a4b, 0x4a4b,
0x4a4b, 0x4a4b, 0x424b, 0x422a, 0x422a, 0x424b, 0x424b, 0x4a6b, 0x4a8c, 0x52cd,
0x52cd, 0x52cd, 0x52cc, 0x52ac, 0x52ac, 0x528c, 0x4a8c, 0x4a8b, 0x4a6b, 0x4a6b,
0x4a6b, 0x4a6b, 0x4a6b, 0x4a6b, 0x4a4b, 0x4a4b, 0x4a6a, 0x4a6a, 0x4a6a, 0x4a6a,
0x4a6a, 0x4a6a, 0x4a6a, 0x4a6a, 0x4a6a, 0x4a6a, 0x4a6a, 0x4a6a, 0x4a6a, 0x4a6a,

0x630e, 0x630e, 0x630e, 0x630e, 0x630e, 0x630e, 0x630e, 0x630e, 0x632e, 0x630e,
0x630e, 0x5acd, 0x4a8b, 0x422a, 0x420a, 0x420a, 0x420a, 0x420a, 0x420a, 0x420a,
0x422a, 0x424a, 0x4a4a, 0x4a4a, 0x4a4a, 0x4a4a, 0x4a4a, 0x4a4a, 0x4a4a, 0x424a,
0x422a, 0x420a, 0x422a, 0x420a, 0x420a, 0x420a, 0x420a, 0x420a, 0x422a, 0x422a,
0x422a, 0x424b, 0x426b, 0x4a8c, 0x422a, 0x39c9, 0x2987, 0x3a0a, 0x632f, 0x6332,
0x4a51, 0x4212, 0x39f1, 0x318e, 0x316f, 0x3130, 0x290d, 0x41ed, 0x7bf2, 0xad57,
0xbdfb, 0xb5ba, 0xa519, 0x8c77, 0x73b4, 0x52d1, 0x324e, 0x52d0, 0x7392, 0x632f,
0x528c, 0x4a4c, 0xb5bb, 0xb5bb, 0xb5bb, 0xb5bb, 0xb5bb, 0xb5bb, 0xb5bb, 0xb5bb,
0xb5bb, 0xb5bb, 0xb5bb, 0xb5bb, 0xb5bb, 0xb5bb, 0xb5bb, 0xb5bb, 0xb5bb, 0xb5bb,
0xb5bb, 0xb5bb, 0xb5bb, 0xb5bb, 0xb5bb, 0xb5bb, 0xb5bb, 0xb5bb, 0xb5bb, 0xb5bb,
0xb5bb, 0xb5bb, 0xb5bb, 0xb5bb, 0xb5bb, 0xb5bb, 0xb5bb, 0xb5bb, 0xb5bb, 0xb5bb,
0xb5bb, 0xb5bb, 0xb5bb, 0xb5bb, 0xb5bb, 0xb5bb, 0xb5bb, 0xb5bb, 0xb5bb, 0xb5bb,
0xb5bb, 0xb5bb, 0xb5bb, 0xb5bb, 0xb5bb, 0xb5bb, 0xb5bb, 0xb5bb, 0xb5bb, 0xb5bb,
0xb5bb, 0xb5bb, 0xb5bb, 0xb5bb, 0xb5bb, 0xb5bb, 0xb5bb, 0xb5bb, 0xb5bb, 0xb5bb,
0xb5bb, 0xb5bb, 0xb5bb, 0xb5bb, 0xb5bb, 0xb5bb, 0xb5bb, 0xb5bb, 0xb5bb, 0xb5bb,
0xb5bb, 0xb5bb, 0xb5bb, 0xb5bb, 0xb5bb, 0xb5bb, 0xb5bb, 0xb5bb, 0xb5bb, 0xb5bb,
0xb5bb, 0xb5bb, 0xb5bb, 0xb5bb, 0xb5bb, 0xb5bb, 0xb5bb, 0xb5bb, 0xb5bb, 0xb5bb,
0xb5bb, 0xb5bb, 0xb5bb, 0xb5bb, 0xb5bb, 0xb5bb, 0xb5bb, 0xb5bb, 0xb5bb, 0xb5bb,
0xb5bb, 0xb5bb, 0xb5bb, 0xb5bb, 0xb5bb, 0xb5bb, 0xb5bb, 0xb5bb, 0xb5bb, 0xb5bb,
0xb5bb, 0xb5bb, 0xb5bb, 0xb5bb, 0xb5bb, 0xb5bb, 0xb5bb, 0xb5bb, 0xb5bb, 0xb5bb,
0xb5bb, 0xb5bb, 0xb5bb, 0xb5bb, 0xb5bb, 0xb5bb, 0xb5bb, 0xb5bb, 0xb5bb, 0xb5bb,
0xb5bb, 0xb5bb, 0xb5bb, 0xb5bb, 0xb5bb, 0xb5bb, 0xb5bb, 0xb5bb, 0xb5bb, 0xb5bb,
0xb5bb, 0xb5bb, 0xb5bb, 0xb5bb, 0xb5bb, 0xb5bb, 0xb5bb, 0xb5bb, 0xb5bb, 0xb5bb,
0xb5bb, 0xb5bb, 0xb5bb, 0xb5bb, 0xb5bb, 0xb5bb, 0xb5bb, 0xb5bb, 0xb5bb, 0xb5bb,
0xb5bb, 0xb5bb, 0xb5bb, 0xb5bb, 0xb5bb, 0xb5bb, 0xb5bb, 0xb5bb, 0x9cf8, 0x8c35,
0x7bf3, 0x630e, 0x422a, 0x41e9, 0x424b, 0x4a8e, 0x52b1, 0x5af2, 0x6b54, 0x7bd6,
0x94b8, 0xad59, 0x9cd7, 0x6b33, 0x41d0, 0x290e, 0x28eb, 0x292b, 0x31ae, 0x4211,
0x3a11, 0x31ce, 0x216a, 0x2148, 0x2968, 0x39e9, 0x424a, 0x4a4b, 0x4a4b, 0x4a4b,
0x4a4b, 0x4a4b, 0x424b, 0x424b, 0x424b, 0x4a4b, 0x4a6b, 0x4a8c, 0x4acd, 0x52cd,
0x5acd, 0x52cd, 0x52cd, 0x52cc, 0x52cc, 0x528c, 0x528c, 0x528c, 0x528b, 0x528a,
0x528b, 0x4a8b, 0x4a8b, 0x4a8b, 0x4a6b, 0x4a6b, 0x4a8b, 0x4a8b, 0x4a8b, 0x528b,
0x528b, 0x528b, 0x528b, 0x528b, 0x528b, 0x528b, 0x528b, 0x528b, 0x528b, 0x528b,

0x630e, 0x630e, 0x630e, 0x630e, 0x630e, 0x630e, 0x630e, 0x630e, 0x5b0e, 0x5aed,
0x5acd, 0x4aab, 0x424a, 0x420a, 0x420a, 0x420a, 0x420a, 0x420a, 0x420a, 0x424a,
0x424a, 0x4a4a, 0x4a4a, 0x4a4a, 0x4a4a, 0x4a4a, 0x4a4a, 0x4a4a, 0x4a4a, 0x4a4a,
0x4a4a, 0x4a4a, 0x424a, 0x422a, 0x420a, 0x420a, 0x420a, 0x420a, 0x420a, 0x420a,
0x420a, 0x420a, 0x420a, 0x422a, 0x39e9, 0x3187, 0x2967, 0x3a0a, 0x632f, 0x6332,
0x4a51, 0x4212, 0x39f1, 0x318e, 0x316f, 0x3130, 0x290e, 0x41ed, 0x73b2, 0xa537,
0xb5ba, 0xad7a, 0x9498, 0x7bd5, 0x6353, 0x4ad1, 0x3a4e, 0x4af0, 0x6351, 0x528c,
0x420a, 0x420b, 0xb5bb, 0xb5bb, 0xb5bb, 0xb5bb, 0xb5bb, 0xb5bb, 0xb5bb, 0xb5bb,
0xb5bb, 0xb5bb, 0xb5bb, 0xb5bb, 0xb5bb, 0xb5bb, 0xb5bb, 0xb5bb, 0xb5bb, 0xb5bb,
0xb5bb, 0xb5bb, 0xb5bb, 0xb5bb, 0xb5bb, 0xb5bb, 0xb5bb, 0xb5bb, 0xb5bb, 0xb5bb,
0xb5bb, 0xb5bb, 0xb5bb, 0xb5bb, 0xb5bb, 0xb5bb, 0xb5bb, 0xb5bb, 0xb5bb, 0xb5bb,
0xb5bb, 0xb5bb, 0xb5bb, 0xb5bb, 0xb5bb, 0xb5bb, 0xb5bb, 0xb5bb, 0xb5bb, 0xb5bb,
0xb5bb, 0xb5bb, 0xb5bb, 0xb5bb, 0xb5bb, 0xb5bb, 0xb5bb, 0xb5bb, 0xb5bb, 0xb5bb,
0xb5bb, 0xb5bb, 0xb5bb, 0xb5bb, 0xb5bb, 0xb5bb, 0xb5bb, 0xb5bb, 0xb5bb, 0xb5bb,
0xb5bb, 0xb5bb, 0xb5bb, 0xb5bb, 0xb5bb, 0xb5bb, 0xb5bb, 0xb5bb, 0xb5bb, 0xb5bb,
0xb5bb, 0xb5bb, 0xb5bb, 0xb5bb, 0xb5bb, 0xb5bb, 0xb5bb, 0xb5bb, 0xb5bb, 0xb5bb,
0xb5bb, 0xb5bb, 0xb5bb, 0xb5bb, 0xb5bb, 0xb5bb, 0xb5bb, 0xb5bb, 0xb5bb, 0xb5bb,
0xb5bb, 0xb5bb, 0xb5bb, 0xb5bb, 0xb5bb, 0xb5bb, 0xb5bb, 0xb5bb, 0xb5bb, 0xb5bb,
0xb5bb, 0xb5bb, 0xb5bb, 0xb5bb, 0xb5bb, 0xb5bb, 0xb5bb, 0xb5bb, 0xb5bb, 0xb5bb,
0xb5bb, 0xb5bb, 0xb5bb, 0xb5bb, 0xb5bb, 0xb5bb, 0xb5bb, 0xb5bb, 0xb5bb, 0xb5bb,
0xb5bb, 0xb5bb, 0xb5bb, 0xb5bb, 0xb5bb, 0xb5bb, 0xb5bb, 0xb5bb, 0xb5bb, 0xb5bb,
0xb5bb, 0xb5bb, 0xb5bb, 0xb5bb, 0xb5bb, 0xb5bb, 0xb5bb, 0xb5bb, 0xb5bb, 0xb5bb,
0xb5bb, 0xb5bb, 0xb5bb, 0xb5bb, 0xb5bb, 0xb5bb, 0xb5bb, 0xb5bb, 0xb5bb, 0xb5bb,
0xb5bb, 0xb5bb, 0xb5bb, 0xb5bb, 0xb5bb, 0xb5bb, 0xb5bb, 0xb5bb, 0xb5bb, 0xb5bb,
0xb5bb, 0xb5bb, 0xb5bb, 0xb5bb, 0xb5bb, 0xb5bb, 0xb5bb, 0xb5bb, 0xa519, 0x8c76,
0x7bf3, 0x630e, 0x4a2a, 0x4a2b, 0x4a4d, 0x424e, 0x4a90, 0x5b12, 0x73b6, 0x8c58,
0xa51a, 0xb5bb, 0xa518, 0x6b54, 0x39d1, 0x290e, 0x28eb, 0x292b, 0x31ae, 0x4211,
0x3a12, 0x31ce, 0x216a, 0x2148, 0x2968, 0x39e9, 0x424a, 0x4a4b, 0x4a4b, 0x4a4b,
0x4a4b, 0x4a4b, 0x424b, 0x424b, 0x424b, 0x4a4b, 0x4a6b, 0x528c, 0x52ad, 0x5acd,
0x5acd, 0x5acd, 0x5acd, 0x52cc, 0x52cc, 0x52cc, 0x52ac, 0x528c, 0x528b, 0x528b,
0x528b, 0x528b, 0x528b, 0x528b, 0x528b, 0x528b, 0x528b, 0x528b, 0x528b, 0x528b,
0x528b, 0x528b, 0x528b, 0x528b, 0x528b, 0x528b, 0x528b, 0x528b, 0x528b, 0x528b,

0x630e, 0x630e, 0x630e, 0x630e, 0x630e, 0x630e, 0x5aed, 0x5acd, 0x52ac, 0x528c,
0x4a4b, 0x422a, 0x420a, 0x420a, 0x420a, 0x420a, 0x420a, 0x422a, 0x424a, 0x424a,
0x4a4a, 0x4a4a, 0x4a4a, 0x4a4a, 0x4a4a, 0x4a4a, 0x4a4a, 0x4a4a, 0x4a4a, 0x4a4a,
0x4a4a, 0x4a4a, 0x4a4a, 0x4a4a, 0x4a4a, 0x424a, 0x422a, 0x420a, 0x420a, 0x420a,
0x420a, 0x420a, 0x420a, 0x3a0a, 0x31e9, 0x3187, 0x2946, 0x31ca, 0x630f, 0x6332,
0x4a51, 0x4212, 0x39f1, 0x318e, 0x316f, 0x3130, 0x290e, 0x41ed, 0x73b1, 0x9d16,
0xad99, 0x9d18, 0x7c36, 0x6373, 0x4ad1, 0x4290, 0x428f, 0x52cf, 0x52ce, 0x420a,
0x39c9, 0x422b, 0xb5bb, 0xb5bb, 0xb5bb, 0xb5bb, 0xb5bb, 0xb5bb, 0xb5bb, 0xb5bb,
0xb5bb, 0xb5bb, 0xb5bb, 0xb5bb, 0xb5bb, 0xb5bb, 0xb5bb, 0xb5bb, 0xb5bb, 0xb5bb,
0xb5bb, 0xb5bb, 0xb5bb, 0xb5bb, 0xb5bb, 0xb5bb, 0xb5bb, 0xb5bb, 0xb5bb, 0xb5bb,
0xb5bb, 0xb5bb, 0xb5bb, 0xb5bb, 0xb5bb, 0xb5bb, 0xb5bb, 0xb5bb, 0xb5bb, 0xb5bb,
0xb5bb, 0xb5bb, 0xb5bb, 0xb5bb, 0xb5bb, 0xb5bb, 0xb5bb, 0xb5bb, 0xb5bb, 0xb5bb,
0xb5bb, 0xb5bb, 0xb5bb, 0xb5bb, 0xb5bb, 0xb5bb, 0xb5bb, 0xb5bb, 0xb5bb, 0xb5bb,
0xb5bb, 0xb5bb, 0xb5bb, 0xb5bb, 0xb5bb, 0xb5bb, 0xb5bb, 0xb5bb, 0xb5bb, 0xb5bb,
0xb5bb, 0xb5bb, 0xb5bb, 0xb5bb, 0xb5bb, 0xb5bb, 0xb5bb, 0xb5bb, 0xb5bb, 0xb5bb,
0xb5bb, 0xb5bb, 0xb5bb, 0xb5bb, 0xb5bb, 0xb5bb, 0xb5bb, 0xb5bb, 0xb5bb, 0xb5bb,
0xb5bb, 0xb5bb, 0xb5bb, 0xb5bb, 0xb5bb, 0xb5bb, 0xb5bb, 0xb5bb, 0xb5bb, 0xb5bb,
0xb5bb, 0xb5bb, 0xb5bb, 0xb5bb, 0xb5bb, 0xb5bb, 0xb5bb, 0xb5bb, 0xb5bb, 0xb5bb,
0xb5bb, 0xb5bb, 0xb5bb, 0xb5bb, 0xb5bb, 0xb5bb, 0xb5bb, 0xb5bb, 0xb5bb, 0xb5bb,
0xb5bb, 0xb5bb, 0xb5bb, 0xb5bb, 0xb5bb, 0xb5bb, 0xb5bb, 0xb5bb, 0xb5bb, 0xb5bb,
0xb5bb, 0xb5bb, 0xb5bb, 0xb5bb, 0xb5bb, 0xb5bb, 0xb5bb, 0xb5bb, 0xb5bb, 0xb5bb,
0xb5bb, 0xb5bb, 0xb5bb, 0xb5bb, 0xb5bb, 0xb5bb, 0xb5bb, 0xb5bb, 0xb5bb, 0xb5bb,
0xb5bb, 0xb5bb, 0xb5bb, 0xb5bb, 0xb5bb, 0xb5bb, 0xb5bb, 0xb5bb, 0xb5bb, 0xb5bb,
0xb5bb, 0xb5bb, 0xb5bb, 0xb5bb, 0xb5bb, 0xb5bb, 0xb5bb, 0xb5bb, 0xb5bb, 0xb5bb,
0xb5bb, 0xb5bb, 0xb5bb, 0xb5bb, 0xb5bb, 0xb5bb, 0xb5bb, 0xb5bb, 0xa539, 0x9496,
0x7bf4, 0x630f, 0x4a6c, 0x4a4c, 0x4a2d, 0x4a4f, 0x5291, 0x6b53, 0x8416, 0x9cd9,
0xad7b, 0xbdfc, 0xa539, 0x7354, 0x41b1, 0x28ee, 0x28eb, 0x294b, 0x31ae, 0x4211,
0x3a12, 0x31ce, 0x216a, 0x2148, 0x2968, 0x39e9, 0x424a, 0x4a4b, 0x4a4b, 0x4a4b,
0x4a4b, 0x4a4b, 0x424b, 0x424a, 0x424a, 0x4a4a, 0x4a6b, 0x528c, 0x52ad, 0x5acd,
0x5acd, 0x5acc, 0x5acc, 0x52cc, 0x52cc, 0x52cc, 0x52ac, 0x528c, 0x528b, 0x528b,
0x528b, 0x528b, 0x528b, 0x528b, 0x528b, 0x528b, 0x528b, 0x528b, 0x528b, 0x528b,
0x528b, 0x528b, 0x528b, 0x528b, 0x528b, 0x528b, 0x528b, 0x528b, 0x528b, 0x528b,

0x630e, 0x630e, 0x630e, 0x630e, 0x630e, 0x5aed, 0x5acd, 0x528c, 0x4a6b, 0x422a,
0x420a, 0x420a, 0x420a, 0x420a, 0x420a, 0x420a, 0x422a, 0x424a, 0x424a, 0x4a4a,
0x4a4a, 0x4a4a, 0x4a4a, 0x4a4a, 0x4a4a, 0x4a4a, 0x4a4a, 0x4a4a, 0x4a4a, 0x4a4a,
0x4a4a, 0x4a4a, 0x4a4a, 0x4a4a, 0x4a4a, 0x424a, 0x424a, 0x422a, 0x422a, 0x422a,
0x422a, 0x422a, 0x422a, 0x424a, 0x3a09, 0x3188, 0x2947, 0x31ca, 0x630f, 0x6332,
0x4a51, 0x4212, 0x39f1, 0x318e, 0x316f, 0x3130, 0x290e, 0x41ed, 0x7390, 0x94d5,
0x9d18, 0x8c77, 0x6bb4, 0x5b32, 0x4ab0, 0x426f, 0x424e, 0x41eb, 0x31a9, 0x31a8,
0x420a, 0x528d, 0xb5bb, 0xb5bb, 0xb5bb, 0xb5bb, 0xb5bb, 0xb5bb, 0xb5bb, 0xb5bb,
0xb5bb, 0xb5bb, 0xb5bb, 0xb5bb, 0xb5bb, 0xb5bb, 0xb5bb, 0xb5bb, 0xb5bb, 0xb5bb,
0xb5bb, 0xb5bb, 0xb5bb, 0xb5bb, 0xb5bb, 0xb5bb, 0xb5bb, 0xb5bb, 0xb5bb, 0xb5bb,
0xb5bb, 0xb5bb, 0xb5bb, 0xb5bb, 0xb5bb, 0xb5bb, 0xb5bb, 0xb5bb, 0xb5bb, 0xb5bb,
0xb5bb, 0xb5bb, 0xb5bb, 0xb5bb, 0xb5bb, 0xb5bb, 0xb5bb, 0xb5bb, 0xb5bb, 0xb5bb,
0xb5bb, 0xb5bb, 0xb5bb, 0xb5bb, 0xb5bb, 0xb5bb, 0xb5bb, 0xb5bb, 0xb5bb, 0xb5bb,
0xb5bb, 0xb5bb, 0xb5bb, 0xb5bb, 0xb5bb, 0xb5bb, 0xb5bb, 0xb5bb, 0xb5bb, 0xb5bb,
0xb5bb, 0xb5bb, 0xb5bb, 0xb5bb, 0xb5bb, 0xb5bb, 0xb5bb, 0xb5bb, 0xb5bb, 0xb5bb,
0xb5bb, 0xb5bb, 0xb5bb, 0xb5bb, 0xb5bb, 0xb5bb, 0xb5bb, 0xb5bb, 0xb5bb, 0xb5bb,
0xb5bb, 0xb5bb, 0xb5bb, 0xb5bb, 0xb5bb, 0xb5bb, 0xb5bb, 0xb5bb, 0xb5bb, 0xb5bb,
0xb5bb, 0xb5bb, 0xb5bb, 0xb5bb, 0xb5bb, 0xb5bb, 0xb5bb, 0xb5bb, 0xb5bb, 0xb5bb,
0xb5bb, 0xb5bb, 0xb5bb, 0xb5bb, 0xb5bb, 0xb5bb, 0xb5bb, 0xb5bb, 0xb5bb, 0xb5bb,
0xb5bb, 0xb5bb, 0xb5bb, 0xb5bb, 0xb5bb, 0xb5bb, 0xb5bb, 0xb5bb, 0xb5bb, 0xb5bb,
0xb5bb, 0xb5bb, 0xb5bb, 0xb5bb, 0xb5bb, 0xb5bb, 0xb5bb, 0xb5bb, 0xb5bb, 0xb5bb,
0xb5bb, 0xb5bb, 0xb5bb, 0xb5bb, 0xb5bb, 0xb5bb, 0xb5bb, 0xb5bb, 0xb5bb, 0xb5bb,
0xb5bb, 0xb5bb, 0xb5bb, 0xb5bb, 0xb5bb, 0xb5bb, 0xb5bb, 0xb5bb, 0xb5bb, 0xb5bb,
0xb5bb, 0xb5bb, 0xb5bb, 0xb5bb, 0xb5bb, 0xb5bb, 0xb5bb, 0xb5bb, 0xb5bb, 0xb5bb,
0xb5bb, 0xb5bb, 0xb5bb, 0xb5bb, 0xb5bb, 0xb5bb, 0xb5bb, 0xb5bb, 0xa559, 0x94b6,
0x7c13, 0x632f, 0x528c, 0x4a6c, 0x426d, 0x4a70, 0x52d2, 0x6b95, 0x8457, 0x9d1a,
0xb5bc, 0xc61c, 0xad59, 0x7374, 0x4190, 0x28cd, 0x28eb, 0x294b, 0x31ae, 0x4211,
0x3a11, 0x31ce, 0x216a, 0x2148, 0x2968, 0x39e9, 0x424a, 0x4a4b, 0x4a4b, 0x4a4b,
0x424b, 0x424b, 0x424a, 0x424a, 0x424a, 0x4a4b, 0x4a6b, 0x528c, 0x52ad, 0x5acd,
0x5acd, 0x52cc, 0x52cc, 0x52cc, 0x52cc, 0x52ac, 0x528c, 0x528c, 0x528b, 0x528a,
0x528b, 0x528b, 0x528b, 0x528b, 0x528b, 0x528b, 0x528b, 0x528b, 0x528b, 0x528b,
0x528b, 0x528b, 0x528b, 0x528b, 0x528b, 0x528b, 0x528b, 0x528b, 0x528b, 0x528b,

0x630e, 0x630e, 0x630e, 0x630e, 0x5aed, 0x52ad, 0x528c, 0x4a6b, 0x424b, 0x3a0a,
0x420a, 0x420a, 0x420a, 0x420a, 0x420a, 0x422a, 0x424a, 0x424a, 0x4a4a, 0x4a4a,
0x4a4a, 0x4a4a, 0x4a4b, 0x4a4b, 0x4a4b, 0x4a4b, 0x4a4b, 0x4a4a, 0x4a4a, 0x4a4a,
0x4a4a, 0x4a4a, 0x4a4a, 0x4a4a, 0x4a4a, 0x4a4a, 0x4a4a, 0x4a6a, 0x4a6a, 0x4a6a,
0x4a6a, 0x4a4a, 0x4a6a, 0x4a6a, 0x4229, 0x31a8, 0x2967, 0x3a0a, 0x632f, 0x6332,
0x4a51, 0x4212, 0x39f1, 0x318e, 0x316f, 0x3150, 0x290e, 0x41cd, 0x6b71, 0x9495,
0x9cb7, 0x8416, 0x6353, 0x5b12, 0x4ab0, 0x424d, 0x39ca, 0x2947, 0x2967, 0x4209,
0x528c, 0x5aee, 0xb5bb, 0xb5bb, 0xb5bb, 0xb5bb, 0xb5bb, 0xb5bb, 0xb5bb, 0xb5bb,
0xb5bb, 0xb5bb, 0xb5bb, 0xb5bb, 0xb5bb, 0xb5bb, 0xb5bb, 0xb5bb, 0xb5bb, 0xb5bb,
0xb5bb, 0xb5bb, 0xb5bb, 0xb5bb, 0xb5bb, 0xb5bb, 0xb5bb, 0xb5bb, 0xb5bb, 0xb5bb,
0xb5bb, 0xb5bb, 0xb5bb, 0xb5bb, 0xb5bb, 0xb5bb, 0xb5bb, 0xb5bb, 0xb5bb, 0xb5bb,
0xb5bb, 0xb5bb, 0xb5bb, 0xb5bb, 0xb5bb, 0xb5bb, 0xb5bb, 0xb5bb, 0xb5bb, 0xb5bb,
0xb5bb, 0xb5bb, 0xb5bb, 0xb5bb, 0xb5bb, 0xb5bb, 0xb5bb, 0xb5bb, 0xb5bb, 0xb5bb,
0xb5bb, 0xb5bb, 0xb5bb, 0xb5bb, 0xb5bb, 0xb5bb, 0xb5bb, 0xb5bb, 0xb5bb, 0xb5bb,
0xb5bb, 0xb5bb, 0xb5bb, 0xb5bb, 0xb5bb, 0xb5bb, 0xb5bb, 0xb5bb, 0xb5bb, 0xb5bb,
0xb5bb, 0xb5bb, 0xb5bb, 0xb5bb, 0xb5bb, 0xb5bb, 0xb5bb, 0xb5bb, 0xb5bb, 0xb5bb,
0xb5bb, 0xb5bb, 0xb5bb, 0xb5bb, 0xb5bb, 0xb5bb, 0xb5bb, 0xb5bb, 0xb5bb, 0xb5bb,
0xb5bb, 0xb5bb, 0xb5bb, 0xb5bb, 0xb5bb, 0xb5bb, 0xb5bb, 0xb5bb, 0xb5bb, 0xb5bb,
0xb5bb, 0xb5bb, 0xb5bb, 0xb5bb, 0xb5bb, 0xb5bb, 0xb5bb, 0xb5bb, 0xb5bb, 0xb5bb,
0xb5bb, 0xb5bb, 0xb5bb, 0xb5bb, 0xb5bb, 0xb5bb, 0xb5bb, 0xb5bb, 0xb5bb, 0xb5bb,
0xb5bb, 0xb5bb, 0xb5bb, 0xb5bb, 0xb5bb, 0xb5bb, 0xb5bb, 0xb5bb, 0xb5bb, 0xb5bb,
0xb5bb, 0xb5bb, 0xb5bb, 0xb5bb, 0xb5bb, 0xb5bb, 0xb5bb, 0xb5bb, 0xb5bb, 0xb5bb,
0xb5bb, 0xb5bb, 0xb5bb, 0xb5bb, 0xb5bb, 0xb5bb, 0xb5bb, 0xb5bb, 0xb5bb, 0xb5bb,
0xb5bb, 0xb5bb, 0xb5bb, 0xb5bb, 0xb5bb, 0xb5bb, 0xb5bb, 0xb5bb, 0xb5bb, 0xb5bb,
0xb5bb, 0xb5bb, 0xb5bb, 0xb5bb, 0xb5bb, 0xb5bb, 0xb5bb, 0xb5bb, 0xa539, 0x8c96,
0x7bf3, 0x630e, 0x4a6b, 0x4a6c, 0x4a8e, 0x4a90, 0x52f3, 0x6bb5, 0x8c78, 0xa53a,
0xbddb, 0xce5c, 0xb599, 0x7394, 0x41b1, 0x28ce, 0x28eb, 0x294b, 0x31ae, 0x4211,
0x3a12, 0x31ce, 0x216a, 0x2148, 0x2968, 0x39e9, 0x424a, 0x4a4b, 0x4a4b, 0x4a4b,
0x424b, 0x424b, 0x424a, 0x424a, 0x424b, 0x4a4b, 0x4a6b, 0x528c, 0x52ad, 0x5acd,
0x5acc, 0x52cc, 0x52cc, 0x52cc, 0x52ac, 0x528c, 0x528c, 0x528b, 0x528b, 0x528b,
0x528b, 0x528b, 0x528b, 0x528b, 0x528b, 0x528b, 0x528b, 0x528b, 0x528b, 0x528b,
0x528b, 0x528b, 0x528b, 0x528b, 0x528b, 0x528b, 0x5a8b, 0x5a8b, 0x5a8b, 0x5a8b,

0x630e, 0x5b0e, 0x5b0e, 0x5aed, 0x52ad, 0x4a8c, 0x426b, 0x422a, 0x420a, 0x420a,
0x420a, 0x420a, 0x420a, 0x420a, 0x422a, 0x4a4a, 0x4a4a, 0x4a4a, 0x4a4b, 0x4a4b,
0x4a6b, 0x4a8b, 0x4a8b, 0x528b, 0x528b, 0x528b, 0x528b, 0x528b, 0x528b, 0x528b,
0x528b, 0x528b, 0x528a, 0x528a, 0x528a, 0x528b, 0x528b, 0x528a, 0x528a, 0x528b,
0x528b, 0x528b, 0x528b, 0x4a6a, 0x4229, 0x39c8, 0x3187, 0x420a, 0x632f, 0x6332,
0x4a51, 0x4212, 0x39f1, 0x318e, 0x316f, 0x3130, 0x290e, 0x41ed, 0x6b71, 0x8c75,
0x9496, 0x7c15, 0x6b93, 0x6352, 0x52ae, 0x420a, 0x3188, 0x39c8, 0x4a6a, 0x5aed,
0x632f, 0x6b51, 0xb5bb, 0xb5bb, 0xb5bb, 0xb5bb, 0xb5bb, 0xb5bb, 0xb5bb, 0xb5bb,
0xb5bb, 0xb5bb, 0xb5bb, 0xb5bb, 0xb5bb, 0xb5bb, 0xb5bb, 0xb5bb, 0xb5bb, 0xb5bb,
0xb5bb, 0xb5bb, 0xb5bb, 0xb5bb, 0xb5bb, 0xb5bb, 0xb5bb, 0xb5bb, 0xb5bb, 0xb5bb,
0xb5bb, 0xb5bb, 0xb5bb, 0xb5bb, 0xb5bb, 0xb5bb, 0xb5bb, 0xb5bb, 0xb5bb, 0xb5bb,
0xb5bb, 0xb5bb, 0xb5bb, 0xb5bb, 0xb5bb, 0xb5bb, 0xb5bb, 0xb5bb, 0xb5bb, 0xb5bb,
0xb5bb, 0xb5bb, 0xb5bb, 0xb5bb, 0xb5bb, 0xb5bb, 0xb5bb, 0xb5bb, 0xb5bb, 0xb5bb,
0xb5bb, 0xb5bb, 0xb5bb, 0xb5bb, 0xb5bb, 0xb5bb, 0xb5bb, 0xb5bb, 0xb5bb, 0xb5bb,
0xb5bb, 0xb5bb, 0xb5bb, 0xb5bb, 0xb5bb, 0xb5bb, 0xb5bb, 0xb5bb, 0xb5bb, 0xb5bb,
0xb5bb, 0xb5bb, 0xb5bb, 0xb5bb, 0xb5bb, 0xb5bb, 0xb5bb, 0xb5bb, 0xb5bb, 0xb5bb,
0xb5bb, 0xb5bb, 0xb5bb, 0xb5bb, 0xb5bb, 0xb5bb, 0xb5bb, 0xb5bb, 0xb5bb, 0xb5bb,
0xb5bb, 0xb5bb, 0xb5bb, 0xb5bb, 0xb5bb, 0xb5bb, 0xb5bb, 0xb5bb, 0xb5bb, 0xb5bb,
0xb5bb, 0xb5bb, 0xb5bb, 0xb5bb, 0xb5bb, 0xb5bb, 0xb5bb, 0xb5bb, 0xb5bb, 0xb5bb,
0xb5bb, 0xb5bb, 0xb5bb, 0xb5bb, 0xb5bb, 0xb5bb, 0xb5bb, 0xb5bb, 0xb5bb, 0xb5bb,
0xb5bb, 0xb5bb, 0xb5bb, 0xb5bb, 0xb5bb, 0xb5bb, 0xb5bb, 0xb5bb, 0xb5bb, 0xb5bb,
0xb5bb, 0xb5bb, 0xb5bb, 0xb5bb, 0xb5bb, 0xb5bb, 0xb5bb, 0xb5bb, 0xb5bb, 0xb5bb,
0xb5bb, 0xb5bb, 0xb5bb, 0xb5bb, 0xb5bb, 0xb5bb, 0xb5bb, 0xb5bb, 0xb5bb, 0xb5bb,
0xb5bb, 0xb5bb, 0xb5bb, 0xb5bb, 0xb5bb, 0xb5bb, 0xb5bb, 0xb5bb, 0xb5bb, 0xb5bb,
0xb5bb, 0xb5bb, 0xb5bb, 0xb5bb, 0xb5bb, 0xb5bb, 0xb5bb, 0xb5bb, 0xa519, 0x8c76,
0x7bf3, 0x630e, 0x422b, 0x422c, 0x4a6e, 0x5290, 0x5af3, 0x6b95, 0x8c78, 0xa53a,
0xbe1c, 0xd69d, 0xbdba, 0x7b94, 0x39b0, 0x20ce, 0x20eb, 0x294b, 0x31ae, 0x4211,
0x3a12, 0x31ce, 0x216a, 0x2148, 0x2968, 0x39e9, 0x424a, 0x4a4b, 0x4a4b, 0x4a4b,
0x424b, 0x424b, 0x420a, 0x422a, 0x424a, 0x4a4a, 0x4a4b, 0x528c, 0x52ad, 0x5acd,
0x5acc, 0x52ac, 0x528c, 0x528c, 0x528c, 0x528c, 0x528b, 0x528b, 0x528b, 0x528b,
0x528b, 0x528b, 0x528b, 0x528b, 0x528b, 0x528b, 0x528b, 0x528b, 0x528b, 0x5a8b,
0x5a8b, 0x5a8b, 0x5a8b, 0x5a8b, 0x5a8b, 0x5a8b, 0x5a8b, 0x5a8b, 0x5aab, 0x5acb,

0x5aed, 0x5acd, 0x52ac, 0x4a8c, 0x4a4b, 0x422a, 0x420a, 0x420a, 0x420a, 0x420a,
0x420a, 0x422a, 0x424a, 0x4a2a, 0x4a4a, 0x4a4b, 0x4a6a, 0x4a6b, 0x4a6b, 0x526b,
0x4a8b, 0x528b, 0x528b, 0x528b, 0x528b, 0x528b, 0x528b, 0x528b, 0x528b, 0x528b,
0x528b, 0x528b, 0x528b, 0x528a, 0x528b, 0x528b, 0x528b, 0x528a, 0x528b, 0x528b,
0x528b, 0x528b, 0x528b, 0x528b, 0x4a6a, 0x4208, 0x31a7, 0x41ea, 0x630f, 0x6332,
0x4a51, 0x4212, 0x39f1, 0x318e, 0x316f, 0x3130, 0x290e, 0x39ed, 0x6b70, 0x8454,
0x8c56, 0x7bf5, 0x7c14, 0x7c34, 0x630e, 0x4209, 0x31e8, 0x424a, 0x5aed, 0x7370,
0x7bd2, 0x7bf4, 0xb5bb, 0xb5bb, 0xb5bb, 0xb5bb, 0xb5bb, 0xb5bb, 0xb5bb, 0xb5bb,
0xb5bb, 0xb5bb, 0xb5bb, 0xb5bb, 0xb5bb, 0xb5bb, 0xb5bb, 0xb5bb, 0xb5bb, 0xb5bb,
0xb5bb, 0xb5bb, 0xb5bb, 0xb5bb, 0xb5bb, 0xb5bb, 0xb5bb, 0xb5bb, 0xb5bb, 0xb5bb,
0xb5bb, 0xb5bb, 0xb5bb, 0xb5bb, 0xb5bb, 0xb5bb, 0xb5bb, 0xb5bb, 0xb5bb, 0xb5bb,
0xb5bb, 0xb5bb, 0xb5bb, 0xb5bb, 0xb5bb, 0xb5bb, 0xb5bb, 0xb5bb, 0xb5bb, 0xb5bb,
0xb5bb, 0xb5bb, 0xb5bb, 0xb5bb, 0xb5bb, 0xb5bb, 0xb5bb, 0xb5bb, 0xb5bb, 0xb5bb,
0xb5bb, 0xb5bb, 0xb5bb, 0xb5bb, 0xb5bb, 0xb5bb, 0xb5bb, 0xb5bb, 0xb5bb, 0xb5bb,
0xb5bb, 0xb5bb, 0xb5bb, 0xb5bb, 0xb5bb, 0xb5bb, 0xb5bb, 0xb5bb, 0xb5bb, 0xb5bb,
0xb5bb, 0xb5bb, 0xb5bb, 0xb5bb, 0xb5bb, 0xb5bb, 0xb5bb, 0xb5bb, 0xb5bb, 0xb5bb,
0xb5bb, 0xb5bb, 0xb5bb, 0xb5bb, 0xb5bb, 0xb5bb, 0xb5bb, 0xb5bb, 0xb5bb, 0xb5bb,
0xb5bb, 0xb5bb, 0xb5bb, 0xb5bb, 0xb5bb, 0xb5bb, 0xb5bb, 0xb5bb, 0xb5bb, 0xb5bb,
0xb5bb, 0xb5bb, 0xb5bb, 0xb5bb, 0xb5bb, 0xb5bb, 0xb5bb, 0xb5bb, 0xb5bb, 0xb5bb,
0xb5bb, 0xb5bb, 0xb5bb, 0xb5bb, 0xb5bb, 0xb5bb, 0xb5bb, 0xb5bb, 0xb5bb, 0xb5bb,
0xb5bb, 0xb5bb, 0xb5bb, 0xb5bb, 0xb5bb, 0xb5bb, 0xb5bb, 0xb5bb, 0xb5bb, 0xb5bb,
0xb5bb, 0xb5bb, 0xb5bb, 0xb5bb, 0xb5bb, 0xb5bb, 0xb5bb, 0xb5bb, 0xb5bb, 0xb5bb,
0xb5bb, 0xb5bb, 0xb5bb, 0xb5bb, 0xb5bb, 0xb5bb, 0xb5bb, 0xb5bb, 0xb5bb, 0xb5bb,
0xb5bb, 0xb5bb, 0xb5bb, 0xb5bb, 0xb5bb, 0xb5bb, 0xb5bb, 0xb5bb, 0xb5bb, 0xb5bb,
0xb5bb, 0xb5bb, 0xb5bb, 0xb5bb, 0xb5bb, 0xb5bb, 0xb5bb, 0xb5bb, 0xa519, 0x8c75,
0x8433, 0x632f, 0x4a6b, 0x4a6c, 0x52ae, 0x52d0, 0x5b13, 0x6b95, 0x8c78, 0xa55a,
0xbe1c, 0xce9d, 0xbdba, 0x7b94, 0x39b0, 0x20ce, 0x20eb, 0x294b, 0x31ae, 0x4211,
0x3a11, 0x31ce, 0x216a, 0x2148, 0x2968, 0x39e9, 0x424a, 0x4a4b, 0x4a4b, 0x4a4b,
0x424b, 0x424b, 0x422a, 0x4249, 0x424a, 0x424a, 0x4a4b, 0x528c, 0x52ac, 0x52cc,
0x52cc, 0x52cc, 0x52ac, 0x528c, 0x526c, 0x528b, 0x52ab, 0x52cb, 0x52ab, 0x52cb,
0x52ab, 0x528b, 0x528b, 0x528b, 0x528b, 0x528b, 0x528b, 0x528b, 0x5a8b, 0x5a8b,
0x5a8b, 0x5aab, 0x5aab, 0x5aab, 0x5aab, 0x5aab, 0x5aab, 0x5aab, 0x5acb, 0x5acb,

0x52ad, 0x528c, 0x4a4b, 0x422a, 0x420a, 0x420a, 0x41ea, 0x420a, 0x420a, 0x420a,
0x422a, 0x424a, 0x426a, 0x4a6a, 0x4a6b, 0x4a6b, 0x4a8b, 0x4a8b, 0x528b, 0x528b,
0x528b, 0x528b, 0x528b, 0x528b, 0x528b, 0x528b, 0x528b, 0x528b, 0x528b, 0x528b,
0x528b, 0x528b, 0x528b, 0x528b, 0x528b, 0x528b, 0x528b, 0x528b, 0x528b, 0x528b,
0x528b, 0x4a8b, 0x528b, 0x528b, 0x4a8a, 0x4228, 0x31a7, 0x39ea, 0x630f, 0x6332,
0x4a51, 0x4212, 0x39f1, 0x318e, 0x316f, 0x3130, 0x290e, 0x39ed, 0x6b70, 0x8c54,
0x8c56, 0x7bd4, 0x73d3, 0x7c34, 0x7c32, 0x634e, 0x422a, 0x420a, 0x5aee, 0x7bf2,
0x8455, 0x8c56, 0xb5bb, 0xb5bb, 0xb5bb, 0xb5bb, 0xb5bb, 0xb5bb, 0xb5bb, 0xb5bb,
0xb5bb, 0xb5bb, 0xb5bb, 0xb5bb, 0xb5bb, 0xb5bb, 0xb5bb, 0xb5bb, 0xb5bb, 0xb5bb,
0xb5bb, 0xb5bb, 0xb5bb, 0xb5bb, 0xb5bb, 0xb5bb, 0xb5bb, 0xb5bb, 0xb5bb, 0xb5bb,
0xb5bb, 0xb5bb, 0xb5bb, 0xb5bb, 0xb5bb, 0xb5bb, 0xb5bb, 0xb5bb, 0xb5bb, 0xb5bb,
0xb5bb, 0xb5bb, 0xb5bb, 0xb5bb, 0xb5bb, 0xb5bb, 0xb5bb, 0xb5bb, 0xb5bb, 0xb5bb,
0xb5bb, 0xb5bb, 0xb5bb, 0xb5bb, 0xb5bb, 0xb5bb, 0xb5bb, 0xb5bb, 0xb5bb, 0xb5bb,
0xb5bb, 0xb5bb, 0xb5bb, 0xb5bb, 0xb5bb, 0xb5bb, 0xb5bb, 0xb5bb, 0xb5bb, 0xb5bb,
0xb5bb, 0xb5bb, 0xb5bb, 0xb5bb, 0xb5bb, 0xb5bb, 0xb5bb, 0xb5bb, 0xb5bb, 0xb5bb,
0xb5bb, 0xb5bb, 0xb5bb, 0xb5bb, 0xb5bb, 0xb5bb, 0xb5bb, 0xb5bb, 0xb5bb, 0xb5bb,
0xb5bb, 0xb5bb, 0xb5bb, 0xb5bb, 0xb5bb, 0xb5bb, 0xb5bb, 0xb5bb, 0xb5bb, 0xb5bb,
0xb5bb, 0xb5bb, 0xb5bb, 0xb5bb, 0xb5bb, 0xb5bb, 0xb5bb, 0xb5bb, 0xb5bb, 0xb5bb,
0xb5bb, 0xb5bb, 0xb5bb, 0xb5bb, 0xb5bb, 0xb5bb, 0xb5bb, 0xb5bb, 0xb5bb, 0xb5bb,
0xb5bb, 0xb5bb, 0xb5bb, 0xb5bb, 0xb5bb, 0xb5bb, 0xb5bb, 0xb5bb, 0xb5bb, 0xb5bb,
0xb5bb, 0xb5bb, 0xb5bb, 0xb5bb, 0xb5bb, 0xb5bb, 0xb5bb, 0xb5bb, 0xb5bb, 0xb5bb,
0xb5bb, 0xb5bb, 0xb5bb, 0xb5bb, 0xb5bb, 0xb5bb, 0xb5bb, 0xb5bb, 0xb5bb, 0xb5bb,
0xb5bb, 0xb5bb, 0xb5bb, 0xb5bb, 0xb5bb, 0xb5bb, 0xb5bb, 0xb5bb, 0xb5bb, 0xb5bb,
0xb5bb, 0xb5bb, 0xb5bb, 0xb5bb, 0xb5bb, 0xb5bb, 0xb5bb, 0xb5bb, 0xb5bb, 0xb5bb,
0xb5bb, 0xb5bb, 0xb5bb, 0xb5bb, 0xb5bb, 0xb5bb, 0xb5bb, 0xb5bb, 0xa518, 0x9495,
0x8c54, 0x6b70, 0x528b, 0x4a4a, 0x4a6c, 0x52cf, 0x5b32, 0x6b95, 0x8458, 0x9d39,
0xbe1c, 0xce9d, 0xbd9a, 0x7b94, 0x39b0, 0x20ce, 0x20eb, 0x294b, 0x31ae, 0x4211,
0x3a11, 0x31ce, 0x216a, 0x2148, 0x2968, 0x39e9, 0x424a, 0x4a4b, 0x4a4b, 0x4a4b,
0x424b, 0x424b, 0x424a, 0x424a, 0x424a, 0x424a, 0x4a6b, 0x528c, 0x52ac, 0x52cc,
0x52cc, 0x52cc, 0x52ab, 0x528b, 0x528b, 0x5aab, 0x5acb, 0x5acb, 0x5acb, 0x5acb,
0x5acb, 0x5aab, 0x5aab, 0x5aab, 0x5aab, 0x5aab, 0x5aab, 0x5aab, 0x5aab, 0x5aab,
0x5aab, 0x5acb, 0x5acb, 0x5acb, 0x5acb, 0x5acb, 0x5acb, 0x5acb, 0x5acb, 0x5acb,

0x4a8c, 0x4a6b, 0x422a, 0x420a, 0x420a, 0x420a, 0x420a, 0x420a, 0x420a, 0x422a,
0x4a4a, 0x4a4b, 0x4a6b, 0x4a8b, 0x528b, 0x528b, 0x528b, 0x528b, 0x528b, 0x528b,
0x528b, 0x528b, 0x528b, 0x528b, 0x5a8b, 0x5a8b, 0x5a8b, 0x5a8b, 0x5a8b, 0x5a8b,
0x5a8b, 0x5a8b, 0x5a8b, 0x528b, 0x528b, 0x528b, 0x528b, 0x528b, 0x528b, 0x528b,
0x528b, 0x528b, 0x528b, 0x528b, 0x4a6a, 0x4228, 0x31a7, 0x39ea, 0x630f, 0x6332,
0x4a51, 0x4212, 0x39f1, 0x318e, 0x316f, 0x3130, 0x290e, 0x41ed, 0x6b71, 0x9495,
0x9496, 0x73f4, 0x5311, 0x5b32, 0x8cb5, 0x8c94, 0x5acc, 0x41ea, 0x52ad, 0x73f2,
0x94b6, 0x9cd8, 0xb5bb, 0xb5bb, 0xb5bb, 0xb5bb, 0xb5bb, 0xb5bb, 0xb5bb, 0xb5bb,
0xb5bb, 0xb5bb, 0xb5bb, 0xb5bb, 0xb5bb, 0xb5bb, 0xb5bb, 0xb5bb, 0xb5bb, 0xb5bb,
0xb5bb, 0xb5bb, 0xb5bb, 0xb5bb, 0xb5bb, 0xb5bb, 0xb5bb, 0xb5bb, 0xb5bb, 0xb5bb,
0xb5bb, 0xb5bb, 0xb5bb, 0xb5bb, 0xb5bb, 0xb5bb, 0xb5bb, 0xb5bb, 0xb5bb, 0xb5bb,
0xb5bb, 0xb5bb, 0xb5bb, 0xb5bb, 0xb5bb, 0xb5bb, 0xb5bb, 0xb5bb, 0xb5bb, 0xb5bb,
0xb5bb, 0xb5bb, 0xb5bb, 0xb5bb, 0xb5bb, 0xb5bb, 0xb5bb, 0xb5bb, 0xb5bb, 0xb5bb,
0xb5bb, 0xb5bb, 0xb5bb, 0xb5bb, 0xb5bb, 0xb5bb, 0xb5bb, 0xb5bb, 0xb5bb, 0xb5bb,
0xb5bb, 0xb5bb, 0xb5bb, 0xb5bb, 0xb5bb, 0xb5bb, 0xb5bb, 0xb5bb, 0xb5bb, 0xb5bb,
0xb5bb, 0xb5bb, 0xb5bb, 0xb5bb, 0xb5bb, 0xb5bb, 0xb5bb, 0xb5bb, 0xb5bb, 0xb5bb,
0xb5bb, 0xb5bb, 0xb5bb, 0xb5bb, 0xb5bb, 0xb5bb, 0xb5bb, 0xb5bb, 0xb5bb, 0xb5bb,
0xb5bb, 0xb5bb, 0xb5bb, 0xb5bb, 0xb5bb, 0xb5bb, 0xb5bb, 0xb5bb, 0xb5bb, 0xb5bb,
0xb5bb, 0xb5bb, 0xb5bb, 0xb5bb, 0xb5bb, 0xb5bb, 0xb5bb, 0xb5bb, 0xb5bb, 0xb5bb,
0xb5bb, 0xb5bb, 0xb5bb, 0xb5bb, 0xb5bb, 0xb5bb, 0xb5bb, 0xb5bb, 0xb5bb, 0xb5bb,
0xb5bb, 0xb5bb, 0xb5bb, 0xb5bb, 0xb5bb, 0xb5bb, 0xb5bb, 0xb5bb, 0xb5bb, 0xb5bb,
0xb5bb, 0xb5bb, 0xb5bb, 0xb5bb, 0xb5bb, 0xb5bb, 0xb5bb, 0xb5bb, 0xb5bb, 0xb5bb,
0xb5bb, 0xb5bb, 0xb5bb, 0xb5bb, 0xb5bb, 0xb5bb, 0xb5bb, 0xb5bb, 0xb5bb, 0xb5bb,
0xb5bb, 0xb5bb, 0xb5bb, 0xb5bb, 0xb5bb, 0xb5bb, 0xb5bb, 0xb5bb, 0xb5bb, 0xb5bb,
0xb5bb, 0xb5bb, 0xb5bb, 0xb5bb, 0xb5bb, 0xb5bb, 0xb5bb, 0xb5bb, 0xad59, 0x9cd7,
0x9495, 0x73b1, 0x52ac, 0x420a, 0x422b, 0x52cf, 0x6372, 0x73b5, 0x8438, 0x9d1a,
0xbe1c, 0xcebd, 0xbdba, 0x7b94, 0x39b0, 0x20ce, 0x20eb, 0x294b, 0x31ae, 0x4211,
0x3a12, 0x31ce, 0x216a, 0x2148, 0x2968, 0x39e9, 0x424a, 0x4a4b, 0x4a4b, 0x4a4b,
0x4a4b, 0x4a4b, 0x424a, 0x424a, 0x424b, 0x4a8b, 0x4a8b, 0x528c, 0x52ac, 0x52cc,
0x52cc, 0x52ab, 0x528b, 0x528b, 0x52ab, 0x5acb, 0x5acb, 0x5acb, 0x5acb, 0x5acb,
0x5acb, 0x5acb, 0x5acb, 0x5acb, 0x5acb, 0x5acb, 0x5acb, 0x5acb, 0x5acb, 0x5acb,
0x5acb, 0x5acb, 0x5acb, 0x5acb, 0x5acb, 0x5acb, 0x5acb, 0x5acb, 0x5acb, 0x5acb,

0x420a, 0x420a, 0x420a, 0x420a, 0x420a, 0x420a, 0x424a, 0x424a, 0x4a4b, 0x4a4b,
0x4a4b, 0x528b, 0x528b, 0x528b, 0x528b, 0x528b, 0x528b, 0x528b, 0x528b, 0x528b,
0x5aab, 0x5acb, 0x5acb, 0x5acb, 0x5acb, 0x5acb, 0x5acb, 0x5acb, 0x5acb, 0x5acb,
0x5acb, 0x5acb, 0x5acb, 0x5aab, 0x5a8b, 0x5a8b, 0x5a8b, 0x5a8b, 0x5a8b, 0x5a8b,
0x5a8b, 0x5a8b, 0x5a8b, 0x528b, 0x4a6a, 0x4228, 0x31a7, 0x39ea, 0x630f, 0x6332,
0x4a51, 0x4212, 0x39f1, 0x318e, 0x316f, 0x3150, 0x290e, 0x41cd, 0x6b71, 0x94d5,
0x9d17, 0x8476, 0x5b32, 0x4a90, 0x6372, 0x8474, 0x7c31, 0x5aec, 0x4a4b, 0x6b50,
0x94b6, 0xb5bb, 0xb5bb, 0xb5bb, 0xb5bb, 0xb5bb, 0xb5bb, 0xb5bb, 0xb5bb, 0xb5bb,
0xb5bb, 0xb5bb, 0xb5bb, 0xb5bb, 0xb5bb, 0xb5bb, 0xb5bb, 0xb5bb, 0xb5bb, 0xb5bb,
0xb5bb, 0xb5bb, 0xb5bb, 0xb5bb, 0xb5bb, 0xb5bb, 0xb5bb, 0xb5bb, 0xb5bb, 0xb5bb,
0xb5bb, 0xb5bb, 0xb5bb, 0xb5bb, 0xb5bb, 0xb5bb, 0xb5bb, 0xb5bb, 0xb5bb, 0xb5bb,
0xb5bb, 0xb5bb, 0xb5bb, 0xb5bb, 0xb5bb, 0xb5bb, 0xb5bb, 0xb5bb, 0xb5bb, 0xb5bb,
0xb5bb, 0xb5bb, 0xb5bb, 0xb5bb, 0xb5bb, 0xb5bb, 0xb5bb, 0xb5bb, 0xb5bb, 0xb5bb,
0xb5bb, 0xb5bb, 0xb5bb, 0xb5bb, 0xb5bb, 0xb5bb, 0xb5bb, 0xb5bb, 0xb5bb, 0xb5bb,
0xb5bb, 0xb5bb, 0xb5bb, 0xb5bb, 0xb5bb, 0xb5bb, 0xb5bb, 0xb5bb, 0xb5bb, 0xb5bb,
0xb5bb, 0xb5bb, 0xb5bb, 0xb5bb, 0xb5bb, 0xb5bb, 0xb5bb, 0xb5bb, 0xb5bb, 0xb5bb,
0xb5bb, 0xb5bb, 0xb5bb, 0xb5bb, 0xb5bb, 0xb5bb, 0xb5bb, 0xb5bb, 0xb5bb, 0xb5bb,
0xb5bb, 0xb5bb, 0xb5bb, 0xb5bb, 0xb5bb, 0xb5bb, 0xb5bb, 0xb5bb, 0xb5bb, 0xb5bb,
0xb5bb, 0xb5bb, 0xb5bb, 0xb5bb, 0xb5bb, 0xb5bb, 0xb5bb, 0xb5bb, 0xb5bb, 0xb5bb,
0xb5bb, 0xb5bb, 0xb5bb, 0xb5bb, 0xb5bb, 0xb5bb, 0xb5bb, 0xb5bb, 0xb5bb, 0xb5bb,
0xb5bb, 0xb5bb, 0xb5bb, 0xb5bb, 0xb5bb, 0xb5bb, 0xb5bb, 0xb5bb, 0xb5bb, 0xb5bb,
0xb5bb, 0xb5bb, 0xb5bb, 0xb5bb, 0xb5bb, 0xb5bb, 0xb5bb, 0xb5bb, 0xb5bb, 0xb5bb,
0xb5bb, 0xb5bb, 0xb5bb, 0xb5bb, 0xb5bb, 0xb5bb, 0xb5bb, 0xb5bb, 0xb5bb, 0xb5bb,
0xb5bb, 0xb5bb, 0xb5bb, 0xb5bb, 0xb5bb, 0xb5bb, 0xb5bb, 0xb5bb, 0xb5bb, 0xb5bb,
0xb5bb, 0xb5bb, 0xb5bb, 0xb5bb, 0xb5bb, 0xb5bb, 0xb5bb, 0xb5bb, 0xb5bb, 0xad7a,
0x9cd6, 0x7bf2, 0x632f, 0x528c, 0x528c, 0x5b10, 0x6373, 0x73b5, 0x8438, 0x9d1a,
0xbe3c, 0xcedd, 0xbdda, 0x7b95, 0x39b1, 0x20ce, 0x20eb, 0x294b, 0x31ae, 0x4211,
0x3a12, 0x31ce, 0x216a, 0x2148, 0x2968, 0x39e9, 0x424a, 0x4a4b, 0x4a4b, 0x4a4b,
0x4a4b, 0x4a4b, 0x424a, 0x424a, 0x4a4b, 0x526c, 0x52ac, 0x52cc, 0x52cc, 0x52cc,
0x52cc, 0x52ab, 0x528b, 0x5a8b, 0x5a8b, 0x5a8b, 0x5acb, 0x5acb, 0x5acb, 0x5acb,
0x5acb, 0x5acb, 0x5acb, 0x5acb, 0x5acb, 0x5acb, 0x5acb, 0x5acb, 0x5acb, 0x5acb,
0x5acb, 0x5acb, 0x5acb, 0x5acb, 0x5acb, 0x5acb, 0x5acb, 0x5acb, 0x5acb, 0x5acb,

0x420a, 0x420a, 0x3a0a, 0x420a, 0x420a, 0x422a, 0x424a, 0x426b, 0x4a6b, 0x4a6b,
0x526b, 0x528b, 0x528b, 0x528b, 0x528b, 0x528b, 0x52ab, 0x52ab, 0x52ab, 0x5aab,
0x5acb, 0x5acb, 0x5acb, 0x5acb, 0x5acb, 0x5acb, 0x5acb, 0x5acb, 0x5acb, 0x5acb,
0x5acb, 0x5acb, 0x5acb, 0x5acb, 0x5aab, 0x5a8b, 0x5a8b, 0x5a8b, 0x5a8b, 0x5a8b,
0x5a8b, 0x5a8b, 0x5a8b, 0x528b, 0x4a6a, 0x4228, 0x31a7, 0x39ea, 0x630f, 0x6332,
0x4a51, 0x4212, 0x39f1, 0x318e, 0x316f, 0x3130, 0x290d, 0x41cd, 0x7391, 0x9cf6,
0xa559, 0x94d7, 0x73b4, 0x52f1, 0x4a90, 0x6372, 0x8454, 0x6b70, 0x528c, 0x630f,
0x8434, 0x9cf8, 0xb5bb, 0xb5bb, 0xb5bb, 0xb5bb, 0xb5bb, 0xb5bb, 0xb5bb, 0xb5bb,
0xb5bb, 0xb5bb, 0xb5bb, 0xb5bb, 0xb5bb, 0xb5bb, 0xb5bb, 0xb5bb, 0xb5bb, 0xb5bb,
0xb5bb, 0xb5bb, 0xb5bb, 0xb5bb, 0xb5bb, 0xb5bb, 0xb5bb, 0xb5bb, 0xb5bb, 0xb5bb,
0xb5bb, 0xb5bb, 0xb5bb, 0xb5bb, 0xb5bb, 0xb5bb, 0xb5bb, 0xb5bb, 0xb5bb, 0xb5bb,
0xb5bb, 0xb5bb, 0xb5bb, 0xb5bb, 0xb5bb, 0xb5bb, 0xb5bb, 0xb5bb, 0xb5bb, 0xb5bb,
0xb5bb, 0xb5bb, 0xb5bb, 0xb5bb, 0xb5bb, 0xb5bb, 0xb5bb, 0xb5bb, 0xb5bb, 0xb5bb,
0xb5bb, 0xb5bb, 0xb5bb, 0xb5bb, 0xb5bb, 0xb5bb, 0xb5bb, 0xb5bb, 0xb5bb, 0xb5bb,
0xb5bb, 0xb5bb, 0xb5bb, 0xb5bb, 0xb5bb, 0xb5bb, 0xb5bb, 0xb5bb, 0xb5bb, 0xb5bb,
0xb5bb, 0xb5bb, 0xb5bb, 0xb5bb, 0xb5bb, 0xb5bb, 0xb5bb, 0xb5bb, 0xb5bb, 0xb5bb,
0xb5bb, 0xb5bb, 0xb5bb, 0xb5bb, 0xb5bb, 0xb5bb, 0xb5bb, 0xb5bb, 0xb5bb, 0xb5bb,
0xb5bb, 0xb5bb, 0xb5bb, 0xb5bb, 0xb5bb, 0xb5bb, 0xb5bb, 0xb5bb, 0xb5bb, 0xb5bb,
0xb5bb, 0xb5bb, 0xb5bb, 0xb5bb, 0xb5bb, 0xb5bb, 0xb5bb, 0xb5bb, 0xb5bb, 0xb5bb,
0xb5bb, 0xb5bb, 0xb5bb, 0xb5bb, 0xb5bb, 0xb5bb, 0xb5bb, 0xb5bb, 0xb5bb, 0xb5bb,
0xb5bb, 0xb5bb, 0xb5bb, 0xb5bb, 0xb5bb, 0xb5bb, 0xb5bb, 0xb5bb, 0xb5bb, 0xb5bb,
0xb5bb, 0xb5bb, 0xb5bb, 0xb5bb, 0xb5bb, 0xb5bb, 0xb5bb, 0xb5bb, 0xb5bb, 0xb5bb,
0xb5bb, 0xb5bb, 0xb5bb, 0xb5bb, 0xb5bb, 0xb5bb, 0xb5bb, 0xb5bb, 0xb5bb, 0xb5bb,
0xb5bb, 0xb5bb, 0xb5bb, 0xb5bb, 0xb5bb, 0xb5bb, 0xb5bb, 0xb5bb, 0xb5bb, 0xb5bb,
0xb5bb, 0xb5bb, 0xb5bb, 0xb5bb, 0xb5bb, 0xb5bb, 0xb5bb, 0xb5bb, 0xb5bc, 0xb59b,
0x9cd7, 0x7bd2, 0x630f, 0x528c, 0x52ad, 0x5b30, 0x6373, 0x73b6, 0x8458, 0x9d1a,
0xc61c, 0xd6dd, 0xbdda, 0x7b94, 0x39b1, 0x20ce, 0x20eb, 0x294b, 0x31ae, 0x4211,
0x3a11, 0x31ce, 0x216a, 0x2148, 0x2968, 0x39e9, 0x424a, 0x4a4b, 0x4a4b, 0x4a4b,
0x424b, 0x424b, 0x424b, 0x424a, 0x4a4b, 0x4a6c, 0x4a8c, 0x52ac, 0x52ac, 0x52ac,
0x52ab, 0x528b, 0x528b, 0x528b, 0x528b, 0x5a8b, 0x5a8b, 0x5aab, 0x5acb, 0x5acb,
0x5acb, 0x5acb, 0x5acb, 0x5acb, 0x5acb, 0x5acb, 0x5acb, 0x5acb, 0x5acb, 0x5acb,
0x5acb, 0x5acb, 0x5acb, 0x5acb, 0x5acb, 0x5acb, 0x5acb, 0x5acb, 0x5acb, 0x5acb,

0x420a, 0x420a, 0x420a, 0x420a, 0x424a, 0x4a6a, 0x4a6b, 0x4a6b, 0x4a8b, 0x4a8b,
0x528b, 0x528b, 0x528b, 0x52ab, 0x528b, 0x52ab, 0x5acb, 0x5acb, 0x5acb, 0x5acb,
0x5acb, 0x5acb, 0x5acb, 0x5acb, 0x5acb, 0x5acb, 0x5acb, 0x5acb, 0x5acb, 0x5acb,
0x5acb, 0x5acb, 0x5acb, 0x5acb, 0x5acb, 0x5aab, 0x5a8b, 0x5aab, 0x5aab, 0x5aab,
0x5a8b, 0x5a6b, 0x5a8b, 0x528b, 0x4a6a, 0x4228, 0x31a7, 0x39ea, 0x630f, 0x6332,
0x4a51, 0x4212, 0x39f1, 0x318e, 0x316f, 0x3130, 0x290d, 0x41ed, 0x7bd2, 0xa537,
0xb59a, 0xa519, 0x8c56, 0x6b93, 0x426f, 0x52d1, 0x83f4, 0x7391, 0x528c, 0x5ace,
0x7392, 0x8435, 0xb5bb, 0xb5bb, 0xb5bb, 0xb5bb, 0xb5bb, 0xb5bb, 0xb5bb, 0xb5bb,
0xb5bb, 0xb5bb, 0xb5bb, 0xb5bb, 0xb5bb, 0xb5bb, 0xb5bb, 0xb5bb, 0xb5bb, 0xb5bb,
0xb5bb, 0xb5bb, 0xb5bb, 0xb5bb, 0xb5bb, 0xb5bb, 0xb5bb, 0xb5bb, 0xb5bb, 0xb5bb,
0xb5bb, 0xb5bb, 0xb5bb, 0xb5bb, 0xb5bb, 0xb5bb, 0xb5bb, 0xb5bb, 0xb5bb, 0xb5bb,
0xb5bb, 0xb5bb, 0xb5bb, 0xb5bb, 0xb5bb, 0xb5bb, 0xb5bb, 0xb5bb, 0xb5bb, 0xb5bb,
0xb5bb, 0xb5bb, 0xb5bb, 0xb5bb, 0xb5bb, 0xb5bb, 0xb5bb, 0xb5bb, 0xb5bb, 0xb5bb,
0xb5bb, 0xb5bb, 0xb5bb, 0xb5bb, 0xb5bb, 0xb5bb, 0xb5bb, 0xb5bb, 0xb5bb, 0xb5bb,
0xb5bb, 0xb5bb, 0xb5bb, 0xb5bb, 0xb5bb, 0xb5bb, 0xb5bb, 0xb5bb, 0xb5bb, 0xb5bb,
0xb5bb, 0xb5bb, 0xb5bb, 0xb5bb, 0xb5bb, 0xb5bb, 0xb5bb, 0xb5bb, 0xb5bb, 0xb5bb,
0xb5bb, 0xb5bb, 0xb5bb, 0xb5bb, 0xb5bb, 0xb5bb, 0xb5bb, 0xb5bb, 0xb5bb, 0xb5bb,
0xb5bb, 0xb5bb, 0xb5bb, 0xb5bb, 0xb5bb, 0xb5bb, 0xb5bb, 0xb5bb, 0xb5bb, 0xb5bb,
0xb5bb, 0xb5bb, 0xb5bb, 0xb5bb, 0xb5bb, 0xb5bb, 0xb5bb, 0xb5bb, 0xb5bb, 0xb5bb,
0xb5bb, 0xb5bb, 0xb5bb, 0xb5bb, 0xb5bb, 0xb5bb, 0xb5bb, 0xb5bb, 0xb5bb, 0xb5bb,
0xb5bb, 0xb5bb, 0xb5bb, 0xb5bb, 0xb5bb, 0xb5bb, 0xb5bb, 0xb5bb, 0xb5bb, 0xb5bb,
0xb5bb, 0xb5bb, 0xb5bb, 0xb5bb, 0xb5bb, 0xb5bb, 0xb5bb, 0xb5bb, 0xb5bb, 0xb5bb,
0xb5bb, 0xb5bb, 0xb5bb, 0xb5bb, 0xb5bb, 0xb5bb, 0xb5bb, 0xb5bb, 0xb5bb, 0xb5bb,
0xb5bb, 0xb5bb, 0xb5bb, 0xb5bb, 0xb5bb, 0xb5bb, 0xb5bb, 0xb5bb, 0xb5bb, 0xb5bb,
0xb5bb, 0xb5bb, 0xb5bb, 0xb5bb, 0xb5bb, 0xb5bb, 0xb5bb, 0xb5bb, 0xb5bb, 0xad7a,
0x9cd7, 0x73b2, 0x5ace, 0x4a8b, 0x52ad, 0x5b10, 0x6353, 0x6bd6, 0x8c98, 0xa55a,
0xc63d, 0xdedd, 0xbdda, 0x7b94, 0x39b1, 0x20ce, 0x20eb, 0x294b, 0x31ae, 0x4211,
0x3a11, 0x31ce, 0x216a, 0x2148, 0x2968, 0x39e9, 0x424a, 0x4a4b, 0x4a4b, 0x4a4b,
0x424b, 0x3a4b, 0x424b, 0x424a, 0x4a4b, 0x4a8c, 0x4a8c, 0x528c, 0x526c, 0x528c,
0x528b, 0x528a, 0x528b, 0x4a8b, 0x528b, 0x5a8b, 0x5a8b, 0x5a8b, 0x5acb, 0x5acb,
0x5acb, 0x5acb, 0x5acb, 0x5acb, 0x5acb, 0x5acb, 0x5acb, 0x5acb, 0x5acb, 0x5acb,
0x5acb, 0x5acb, 0x5acb, 0x5acb, 0x5acb, 0x5acb, 0x5acb, 0x5acb, 0x5acb, 0x5acb,

0x420a, 0x422a, 0x4a4a, 0x4a4b, 0x4a6b, 0x4a8b, 0x528b, 0x528b, 0x528b, 0x528b,
0x528b, 0x528b, 0x52ab, 0x5acc, 0x5acc, 0x5acc, 0x5acb, 0x5acb, 0x5acb, 0x5acb,
0x5acb, 0x5acb, 0x5acb, 0x5acb, 0x5acb, 0x5acb, 0x5acb, 0x5acb, 0x5acb, 0x5acb,
0x5acb, 0x5acb, 0x5acb, 0x5acb, 0x5acb, 0x5acb, 0x5acb, 0x5acb, 0x5acb, 0x5acb,
0x5a8b, 0x5a8b, 0x5a8b, 0x528a, 0x4a69, 0x4228, 0x31a7, 0x39ea, 0x630f, 0x6332,
0x4a51, 0x4212, 0x39f1, 0x318e, 0x316f, 0x3130, 0x290e, 0x41ed, 0x7bf2, 0xad77,
0xbdfb, 0xad7a, 0x94b7, 0x7bd4, 0x4ab0, 0x52f1, 0x8414, 0x7390, 0x4a6b, 0x528c,
0x6b50, 0x8414, 0xb5bb, 0xb5bb, 0xb5bb, 0xb5bb, 0xb5bb, 0xb5bb, 0xb5bb, 0xb5bb,
0xb5bb, 0xb5bb, 0xb5bb, 0xb5bb, 0xb5bb, 0xb5bb, 0xb5bb, 0xb5bb, 0xb5bb, 0xb5bb,
0xb5bb, 0xb5bb, 0xb5bb, 0xb5bb, 0xb5bb, 0xb5bb, 0xb5bb, 0xb5bb, 0xb5bb, 0xb5bb,
0xb5bb, 0xb5bb, 0xb5bb, 0xb5bb, 0xb5bb, 0xb5bb, 0xb5bb, 0xb5bb, 0xb5bb, 0xb5bb,
0xb5bb, 0xb5bb, 0xb5bb, 0xb5bb, 0xb5bb, 0xb5bb, 0xb5bb, 0xb5bb, 0xb5bb, 0xb5bb,
0xb5bb, 0xb5bb, 0xb5bb, 0xb5bb, 0xb5bb, 0xb5bb, 0xb5bb, 0xb5bb, 0xb5bb, 0xb5bb,
0xb5bb, 0xb5bb, 0xb5bb, 0xb5bb, 0xb5bb, 0xb5bb, 0xb5bb, 0xb5bb, 0xb5bb, 0xb5bb,
0xb5bb, 0xb5bb, 0xb5bb, 0xb5bb, 0xb5bb, 0xb5bb, 0xb5bb, 0xb5bb, 0xb5bb, 0xb5bb,
0xb5bb, 0xb5bb, 0xb5bb, 0xb5bb, 0xb5bb, 0xb5bb, 0xb5bb, 0xb5bb, 0xb5bb, 0xb5bb,
0xb5bb, 0xb5bb, 0xb5bb, 0xb5bb, 0xb5bb, 0xb5bb, 0xb5bb, 0xb5bb, 0xb5bb, 0xb5bb,
0xb5bb, 0xb5bb, 0xb5bb, 0xb5bb, 0xb5bb, 0xb5bb, 0xb5bb, 0xb5bb, 0xb5bb, 0xb5bb,
0xb5bb, 0xb5bb, 0xb5bb, 0xb5bb, 0xb5bb, 0xb5bb, 0xb5bb, 0xb5bb, 0xb5bb, 0xb5bb,
0xb5bb, 0xb5bb, 0xb5bb, 0xb5bb, 0xb5bb, 0xb5bb, 0xb5bb, 0xb5bb, 0xb5bb, 0xb5bb,
0xb5bb, 0xb5bb, 0xb5bb, 0xb5bb, 0xb5bb, 0xb5bb, 0xb5bb, 0xb5bb, 0xb5bb, 0xb5bb,
0xb5bb, 0xb5bb, 0xb5bb, 0xb5bb, 0xb5bb, 0xb5bb, 0xb5bb, 0xb5bb, 0xb5bb, 0xb5bb,
0xb5bb, 0xb5bb, 0xb5bb, 0xb5bb, 0xb5bb, 0xb5bb, 0xb5bb, 0xb5bb, 0xb5bb, 0xb5bb,
0xb5bb, 0xb5bb, 0xb5bb, 0xb5bb, 0xb5bb, 0xb5bb, 0xb5bb, 0xb5bb, 0xb5bb, 0xb5bb,
0xb5bb, 0xb5bb, 0xb5bb, 0xb5bb, 0xb5bb, 0xb5bb, 0xb5bb, 0xb5bb, 0xb5bb, 0xb59b,
0x9cd7, 0x73b2, 0x52ad, 0x4a6b, 0x4acd, 0x5b11, 0x6354, 0x73d6, 0x8cb9, 0xa57b,
0xc65d, 0xdefd, 0xbdda, 0x7b95, 0x39b1, 0x20ce, 0x20eb, 0x294b, 0x31ae, 0x4211,
0x3a12, 0x31ce, 0x216a, 0x2148, 0x2968, 0x39e9, 0x424a, 0x4a4b, 0x4a4b, 0x4a4b,
0x424b, 0x424b, 0x424a, 0x424a, 0x4a4b, 0x4a8c, 0x4a8c, 0x528c, 0x528c, 0x528c,
0x528b, 0x528b, 0x528b, 0x528b, 0x528b, 0x5a8b, 0x5a8b, 0x5a8b, 0x5acb, 0x5acb,
0x5acb, 0x5acb, 0x5acb, 0x5acb, 0x5acb, 0x5acb, 0x5acb, 0x5acb, 0x5acb, 0x5acb,
0x5acb, 0x5acb, 0x5acb, 0x5acb, 0x5acb, 0x5acb, 0x5acb, 0x5acb, 0x5acb, 0x5acb,

0x4a4b, 0x4a6b, 0x4a8b, 0x528b, 0x528b, 0x528b, 0x528b, 0x528b, 0x528c, 0x52ac,
0x5acc, 0x5acc, 0x5acc, 0x5acc, 0x5acc, 0x5acc, 0x5acc, 0x5acc, 0x5acc, 0x5acc,
0x5acc, 0x5acc, 0x5acb, 0x5acb, 0x5acb, 0x5acb, 0x5acb, 0x5acb, 0x5acb, 0x5acb,
0x5acb, 0x5acb, 0x5acb, 0x5acb, 0x5acb, 0x5acb, 0x5acb, 0x5acb, 0x5acb, 0x5acb,
0x5acb, 0x5acb, 0x5acb, 0x5aaa, 0x5269, 0x4228, 0x31a7, 0x39ea, 0x630f, 0x6332,
0x4a51, 0x4212, 0x39f1, 0x318e, 0x316f, 0x3130, 0x290e, 0x41ed, 0x7bf2, 0xad78,
0xc61c, 0xbddb, 0xa538, 0x7c36, 0x52f1, 0x5b11, 0x7c14, 0x7bf2, 0x630e, 0x5acc,
0x630f, 0x73b2, 0xb5bb, 0xb5bb, 0xb5bb, 0xb5bb, 0xb5bb, 0xb5bb, 0xb5bb, 0xb5bb,
0xb5bb, 0xb5bb, 0xb5bb, 0xb5bb, 0xb5bb, 0xb5bb, 0xb5bb, 0xb5bb, 0xb5bb, 0xb5bb,
0xb5bb, 0xb5bb, 0xb5bb, 0xb5bb, 0xb5bb, 0xb5bb, 0xb5bb, 0xb5bb, 0xb5bb, 0xb5bb,
0xb5bb, 0xb5bb, 0xb5bb, 0xb5bb, 0xb5bb, 0xb5bb, 0xb5bb, 0xb5bb, 0xb5bb, 0xb5bb,
0xb5bb, 0xb5bb, 0xb5bb, 0xb5bb, 0xb5bb, 0xb5bb, 0xb5bb, 0xb5bb, 0xb5bb, 0xb5bb,
0xb5bb, 0xb5bb, 0xb5bb, 0xb5bb, 0xb5bb, 0xb5bb, 0xb5bb, 0xb5bb, 0xb5bb, 0xb5bb,
0xb5bb, 0xb5bb, 0xb5bb, 0xb5bb, 0xb5bb, 0xb5bb, 0xb5bb, 0xb5bb, 0xb5bb, 0xb5bb,
0xb5bb, 0xb5bb, 0xb5bb, 0xb5bb, 0xb5bb, 0xb5bb, 0xb5bb, 0xb5bb, 0xb5bb, 0xb5bb,
0xb5bb, 0xb5bb, 0xb5bb, 0xb5bb, 0xb5bb, 0xb5bb, 0xb5bb, 0xb5bb, 0xb5bb, 0xb5bb,
0xb5bb, 0xb5bb, 0xb5bb, 0xb5bb, 0xb5bb, 0xb5bb, 0xb5bb, 0xb5bb, 0xb5bb, 0xb5bb,
0xb5bb, 0xb5bb, 0xb5bb, 0xb5bb, 0xb5bb, 0xb5bb, 0xb5bb, 0xb5bb, 0xb5bb, 0xb5bb,
0xb5bb, 0xb5bb, 0xb5bb, 0xb5bb, 0xb5bb, 0xb5bb, 0xb5bb, 0xb5bb, 0xb5bb, 0xb5bb,
0xb5bb, 0xb5bb, 0xb5bb, 0xb5bb, 0xb5bb, 0xb5bb, 0xb5bb, 0xb5bb, 0xb5bb, 0xb5bb,
0xb5bb, 0xb5bb, 0xb5bb, 0xb5bb, 0xb5bb, 0xb5bb, 0xb5bb, 0xb5bb, 0xb5bb, 0xb5bb,
0xb5bb, 0xb5bb, 0xb5bb, 0xb5bb, 0xb5bb, 0xb5bb, 0xb5bb, 0xb5bb, 0xb5bb, 0xb5bb,
0xb5bb, 0xb5bb, 0xb5bb, 0xb5bb, 0xb5bb, 0xb5bb, 0xb5bb, 0xb5bb, 0xb5bb, 0xb5bb,
0xb5bb, 0xb5bb, 0xb5bb, 0xb5bb, 0xb5bb, 0xb5bb, 0xb5bb, 0xb5bb, 0xb5bb, 0xb5bb,
0xb5bb, 0xb5bb, 0xb5bb, 0xb5bb, 0xb5bb, 0xb5bb, 0xb5bb, 0xb5bb, 0xb5bb, 0xb59a,
0x9cf7, 0x7391, 0x4a6d, 0x4a4c, 0x52ce, 0x6352, 0x6b95, 0x7c17, 0x94f9, 0xad9b,
0xce5d, 0xdedd, 0xbdda, 0x7b95, 0x39b1, 0x20ce, 0x20eb, 0x294b, 0x31ae, 0x4211,
0x3a12, 0x31ce, 0x216a, 0x2148, 0x2968, 0x39e9, 0x424a, 0x4a4b, 0x4a4b, 0x4a4b,
0x424b, 0x424b, 0x424a, 0x424a, 0x4a4b, 0x4a8c, 0x4a8c, 0x528c, 0x528c, 0x528c,
0x528b, 0x528b, 0x528b, 0x528b, 0x5a8b, 0x5a8b, 0x5a8b, 0x5a8b, 0x5acb, 0x5acb,
0x5acb, 0x5acb, 0x5acb, 0x5acb, 0x5acb, 0x5acb, 0x5acb, 0x5acb, 0x5acb, 0x5acb,
0x5acb, 0x5acb, 0x5acb, 0x5acb, 0x5acb, 0x5acb, 0x5acb, 0x5acb, 0x5acb, 0x5acb,

0x4a6b, 0x4a8b, 0x4a8c, 0x528b, 0x528b, 0x528b, 0x52ab, 0x52ac, 0x52ac, 0x52ac,
0x5acc, 0x5acc, 0x5acc, 0x5acc, 0x5acc, 0x5acc, 0x5acc, 0x52cc, 0x5acc, 0x5acc,
0x5acc, 0x5acc, 0x5acb, 0x5acb, 0x5acb, 0x5acb, 0x5acb, 0x5acb, 0x5acb, 0x5acb,
0x5acb, 0x5acb, 0x5acb, 0x5acb, 0x5acb, 0x5acb, 0x5acb, 0x5acb, 0x5acb, 0x5acb,
0x5acb, 0x5acb, 0x5acb, 0x5aaa, 0x5269, 0x4228, 0x31a7, 0x39ea, 0x630f, 0x6332,
0x4a51, 0x4212, 0x39f1, 0x318e, 0x316f, 0x3130, 0x290d, 0x41ed, 0x7bf1, 0xad78,
0xbdfc, 0xbddc, 0xa559, 0x8496, 0x5b53, 0x5b12, 0x6bb3, 0x6bb1, 0x630d, 0x52ac,
0x5aee, 0x6b71, 0xb5bb, 0xb5bb, 0xb5bb, 0xb5bb, 0xb5bb, 0xb5bb, 0xb5bb, 0xb5bb,
0xb5bb, 0xb5bb, 0xb5bb, 0xb5bb, 0xb5bb, 0xb5bb, 0xb5bb, 0xb5bb, 0xb5bb, 0xb5bb,
0xb5bb, 0xb5bb, 0xb5bb, 0xb5bb, 0xb5bb, 0xb5bb, 0xb5bb, 0xb5bb, 0xb5bb, 0xb5bb,
0xb5bb, 0xb5bb, 0xb5bb, 0xb5bb, 0xb5bb, 0xb5bb, 0xb5bb, 0xb5bb, 0xb5bb, 0xb5bb,
0xb5bb, 0xb5bb, 0xb5bb, 0xb5bb, 0xb5bb, 0xb5bb, 0xb5bb, 0xb5bb, 0xb5bb, 0xb5bb,
0xb5bb, 0xb5bb, 0xb5bb, 0xb5bb, 0xb5bb, 0xb5bb, 0xb5bb, 0xb5bb, 0xb5bb, 0xb5bb,
0xb5bb, 0xb5bb, 0xb5bb, 0xb5bb, 0xb5bb, 0xb5bb, 0xb5bb, 0xb5bb, 0xb5bb, 0xb5bb,
0xb5bb, 0xb5bb, 0xb5bb, 0xb5bb, 0xb5bb, 0xb5bb, 0xb5bb, 0xb5bb, 0xb5bb, 0xb5bb,
0xb5bb, 0xb5bb, 0xb5bb, 0xb5bb, 0xb5bb, 0xb5bb, 0xb5bb, 0xb5bb, 0xb5bb, 0xb5bb,
0xb5bb, 0xb5bb, 0xb5bb, 0xb5bb, 0xb5bb, 0xb5bb, 0xb5bb, 0xb5bb, 0xb5bb, 0xb5bb,
0xb5bb, 0xb5bb, 0xb5bb, 0xb5bb, 0xb5bb, 0xb5bb, 0xb5bb, 0xb5bb, 0xb5bb, 0xb5bb,
0xb5bb, 0xb5bb, 0xb5bb, 0xb5bb, 0xb5bb, 0xb5bb, 0xb5bb, 0xb5bb, 0xb5bb, 0xb5bb,
0xb5bb, 0xb5bb, 0xb5bb, 0xb5bb, 0xb5bb, 0xb5bb, 0xb5bb, 0xb5bb, 0xb5bb, 0xb5bb,
0xb5bb, 0xb5bb, 0xb5bb, 0xb5bb, 0xb5bb, 0xb5bb, 0xb5bb, 0xb5bb, 0xb5bb, 0xb5bb,
0xb5bb, 0xb5bb, 0xb5bb, 0xb5bb, 0xb5bb, 0xb5bb, 0xb5bb, 0xb5bb, 0xb5bb, 0xb5bb,
0xb5bb, 0xb5bb, 0xb5bb, 0xb5bb, 0xb5bb, 0xb5bb, 0xb5bb, 0xb5bb, 0xb5bb, 0xb5bb,
0xb5bb, 0xb5bb, 0xb5bb, 0xb5bb, 0xb5bb, 0xb5bb, 0xb5bb, 0xb5bb, 0xb5bb, 0xb5bb,
0xb5bb, 0xb5bb, 0xb5bb, 0xb5bb, 0xb5bb, 0xb5bb, 0xb5bb, 0xb5bb, 0xbdbc, 0xb59a,
0x9495, 0x634f, 0x528c, 0x528d, 0x5af0, 0x6353, 0x6bb6, 0x7c37, 0x9d39, 0xb5bb,
0xce7c, 0xdefd, 0xbdfa, 0x7bb5, 0x39b1, 0x20cd, 0x20eb, 0x294b, 0x31ae, 0x4211,
0x3a11, 0x31ce, 0x216a, 0x2148, 0x2968, 0x39e9, 0x424a, 0x4a4b, 0x4a4b, 0x4a4b,
0x424b, 0x3a4b, 0x424a, 0x424a, 0x4a4b, 0x4a8b, 0x4a8b, 0x528c, 0x528b, 0x528b,
0x528b, 0x528b, 0x528b, 0x5a8b, 0x5a8b, 0x5a8b, 0x5aab, 0x5aab, 0x5acb, 0x5acb,
0x5acb, 0x5acb, 0x5acb, 0x5acb, 0x5acb, 0x5acb, 0x5acb, 0x5acb, 0x5acb, 0x5acb,
0x5acb, 0x5acb, 0x5acb, 0x5acb, 0x5acb, 0x5acb, 0x5acb, 0x5acb, 0x5acb, 0x5acb,

0x52ab, 0x52ac, 0x528c, 0x528c, 0x528c, 0x52ac, 0x5acc, 0x5aec, 0x5acc, 0x5acc,
0x5acc, 0x5acc, 0x5acc, 0x5acc, 0x5acc, 0x5acc, 0x5acc, 0x5acc, 0x5acc, 0x62cc,
0x62cc, 0x62cc, 0x62cc, 0x62cc, 0x62cc, 0x62cb, 0x62cb, 0x62cb, 0x62cb, 0x62cb,
0x5acb, 0x5acb, 0x5acb, 0x5acb, 0x5acb, 0x5acb, 0x5acb, 0x5acb, 0x5acb, 0x5acb,
0x5acb, 0x5acb, 0x5acb, 0x5aab, 0x5269, 0x4228, 0x31a7, 0x39ea, 0x630f, 0x6332,
0x4a51, 0x4212, 0x39f1, 0x318e, 0x316f, 0x3130, 0x290e, 0x41ed, 0x7bf1, 0xad77,
0xc5fc, 0xbddc, 0xa53a, 0x8c77, 0x6354, 0x5b33, 0x6bb4, 0x6330, 0x528b, 0x4a6b,
0x5ace, 0x6b51, 0xb5bb, 0xb5bb, 0xb5bb, 0xb5bb, 0xb5bb, 0xb5bb, 0xb5bb, 0xb5bb,
0xb5bb, 0xb5bb, 0xb5bb, 0xb5bb, 0xb5bb, 0xb5bb, 0xb5bb, 0xb5bb, 0xb5bb, 0xb5bb,
0xb5bb, 0xb5bb, 0xb5bb, 0xb5bb, 0xb5bb, 0xb5bb, 0xb5bb, 0xb5bb, 0xb5bb, 0xb5bb,
0xb5bb, 0xb5bb, 0xb5bb, 0xb5bb, 0xb5bb, 0xb5bb, 0xb5bb, 0xb5bb, 0xb5bb, 0xb5bb,
0xb5bb, 0xb5bb, 0xb5bb, 0xb5bb, 0xb5bb, 0xb5bb, 0xb5bb, 0xb5bb, 0xb5bb, 0xb5bb,
0xb5bb, 0xb5bb, 0xb5bb, 0xb5bb, 0xb5bb, 0xb5bb, 0xb5bb, 0xb5bb, 0xb5bb, 0xb5bb,
0xb5bb, 0xb5bb, 0xb5bb, 0xb5bb, 0xb5bb, 0xb5bb, 0xb5bb, 0xb5bb, 0xb5bb, 0xb5bb,
0xb5bb, 0xb5bb, 0xb5bb, 0xb5bb, 0xb5bb, 0xb5bb, 0xb5bb, 0xb5bb, 0xb5bb, 0xb5bb,
0xb5bb, 0xb5bb, 0xb5bb, 0xb5bb, 0xb5bb, 0xb5bb, 0xb5bb, 0xb5bb, 0xb5bb, 0xb5bb,
0xb5bb, 0xb5bb, 0xb5bb, 0xb5bb, 0xb5bb, 0xb5bb, 0xb5bb, 0xb5bb, 0xb5bb, 0xb5bb,
0xb5bb, 0xb5bb, 0xb5bb, 0xb5bb, 0xb5bb, 0xb5bb, 0xb5bb, 0xb5bb, 0xb5bb, 0xb5bb,
0xb5bb, 0xb5bb, 0xb5bb, 0xb5bb, 0xb5bb, 0xb5bb, 0xb5bb, 0xb5bb, 0xb5bb, 0xb5bb,
0xb5bb, 0xb5bb, 0xb5bb, 0xb5bb, 0xb5bb, 0xb5bb, 0xb5bb, 0xb5bb, 0xb5bb, 0xb5bb,
0xb5bb, 0xb5bb, 0xb5bb, 0xb5bb, 0xb5bb, 0xb5bb, 0xb5bb, 0xb5bb, 0xb5bb, 0xb5bb,
0xb5bb, 0xb5bb, 0xb5bb, 0xb5bb, 0xb5bb, 0xb5bb, 0xb5bb, 0xb5bb, 0xb5bb, 0xb5bb,
0xb5bb, 0xb5bb, 0xb5bb, 0xb5bb, 0xb5bb, 0xb5bb, 0xb5bb, 0xb5bb, 0xb5bb, 0xb5bb,
0xb5bb, 0xb5bb, 0xb5bb, 0xb5bb, 0xb5bb, 0xb5bb, 0xb5bb, 0xb5bb, 0xb5bb, 0xb5bb,
0xb5bb, 0xb5bb, 0xb5bb, 0xb5bb, 0xb5bb, 0xb5bb, 0xb5bb, 0xb5bb, 0xb5bc, 0xa539,
0x7bd2, 0x5acd, 0x4a6c, 0x52ae, 0x5af1, 0x6354, 0x73d6, 0x8478, 0xa55a, 0xbdfb,
0xd6bd, 0xe73e, 0xc61b, 0x7bd5, 0x39b1, 0x20ce, 0x20eb, 0x294b, 0x31ae, 0x4211,
0x3a11, 0x31ce, 0x216a, 0x2148, 0x2968, 0x39e9, 0x424a, 0x4a4b, 0x4a4b, 0x4a4b,
0x424b, 0x424b, 0x424a, 0x424a, 0x4a4b, 0x528b, 0x528b, 0x528c, 0x528b, 0x528b,
0x528b, 0x528b, 0x528b, 0x528b, 0x5a8b, 0x5a8b, 0x5aab, 0x5acb, 0x5acb, 0x5acb,
0x5acb, 0x5acb, 0x5acb, 0x5acb, 0x5acb, 0x5acb, 0x5acb, 0x5acb, 0x5acb, 0x5acb,
0x5acb, 0x5acb, 0x5acb, 0x5acb, 0x62cb, 0x62cb, 0x62cb, 0x62cb, 0x62cb, 0x62cb,

0x52cc, 0x52cc, 0x5acc, 0x5acc, 0x5acc, 0x5acc, 0x5acc, 0x5acc, 0x5acc, 0x5acc,
0x5acc, 0x5acc, 0x5acc, 0x5acc, 0x62cc, 0x62cc, 0x62cc, 0x62cc, 0x62cc, 0x62cc,
0x62cc, 0x62cc, 0x62cc, 0x62cc, 0x62cc, 0x62cc, 0x62cc, 0x62cb, 0x62cb, 0x62cb,
0x62cb, 0x62cb, 0x62cb, 0x5acb, 0x5acb, 0x5acb, 0x5acb, 0x5acb, 0x5acb, 0x5acb,
0x5acb, 0x5acb, 0x5acb, 0x5aab, 0x526a, 0x4228, 0x31a7, 0x39ea, 0x630f, 0x6332,
0x4a51, 0x4212, 0x39f1, 0x318e, 0x316f, 0x3130, 0x290e, 0x41cd, 0x7bb2, 0xad57,
0xbdfb, 0xb5bb, 0x9cf9, 0x8417, 0x5b33, 0x6374, 0x7c35, 0x6b71, 0x4a6b, 0x4a6b,
0x5aee, 0x6b51, 0xb5bb, 0xb5bb, 0xb5bb, 0xb5bb, 0xb5bb, 0xb5bb, 0xb5bb, 0xb5bb,
0xb5bb, 0xb5bb, 0xb5bb, 0xb5bb, 0xb5bb, 0xb5bb, 0xb5bb, 0xb5bb, 0xb5bb, 0xb5bb,
0xb5bb, 0xb5bb, 0xb5bb, 0xb5bb, 0xb5bb, 0xb5bb, 0xb5bb, 0xb5bb, 0xb5bb, 0xb5bb,
0xb5bb, 0xb5bb, 0xb5bb, 0xb5bb, 0xb5bb, 0xb5bb, 0xb5bb, 0xb5bb, 0xb5bb, 0xb5bb,
0xb5bb, 0xb5bb, 0xb5bb, 0xb5bb, 0xb5bb, 0xb5bb, 0xb5bb, 0xb5bb, 0xb5bb, 0xb5bb,
0xb5bb, 0xb5bb, 0xb5bb, 0xb5bb, 0xb5bb, 0xb5bb, 0xb5bb, 0xb5bb, 0xb5bb, 0xb5bb,
0xb5bb, 0xb5bb, 0xb5bb, 0xb5bb, 0xb5bb, 0xb5bb, 0xb5bb, 0xb5bb, 0xb5bb, 0xb5bb,
0xb5bb, 0xb5bb, 0xb5bb, 0xb5bb, 0xb5bb, 0xb5bb, 0xb5bb, 0xb5bb, 0xb5bb, 0xb5bb,
0xb5bb, 0xb5bb, 0xb5bb, 0xb5bb, 0xb5bb, 0xb5bb, 0xb5bb, 0xb5bb, 0xb5bb, 0xb5bb,
0xb5bb, 0xb5bb, 0xb5bb, 0xb5bb, 0xb5bb, 0xb5bb, 0xb5bb, 0xb5bb, 0xb5bb, 0xb5bb,
0xb5bb, 0xb5bb, 0xb5bb, 0xb5bb, 0xb5bb, 0xb5bb, 0xb5bb, 0xb5bb, 0xb5bb, 0xb5bb,
0xb5bb, 0xb5bb, 0xb5bb, 0xb5bb, 0xb5bb, 0xb5bb, 0xb5bb, 0xb5bb, 0xb5bb, 0xb5bb,
0xb5bb, 0xb5bb, 0xb5bb, 0xb5bb, 0xb5bb, 0xb5bb, 0xb5bb, 0xb5bb, 0xb5bb, 0xb5bb,
0xb5bb, 0xb5bb, 0xb5bb, 0xb5bb, 0xb5bb, 0xb5bb, 0xb5bb, 0xb5bb, 0xb5bb, 0xb5bb,
0xb5bb, 0xb5bb, 0xb5bb, 0xb5bb, 0xb5bb, 0xb5bb, 0xb5bb, 0xb5bb, 0xb5bb, 0xb5bb,
0xb5bb, 0xb5bb, 0xb5bb, 0xb5bb, 0xb5bb, 0xb5bb, 0xb5bb, 0xb5bb, 0xb5bb, 0xb5bb,
0xb5bb, 0xb5bb, 0xb5bb, 0xb5bb, 0xb5bb, 0xb5bb, 0xb5bb, 0xb5bb, 0xb5bb, 0xb5bb,
0xb5bb, 0xb5bb, 0xb5bb, 0xb5bb, 0xb5bb, 0xb5bb, 0xb5bb, 0xb5bb, 0xa57a, 0x8455,
0x630e, 0x4a4b, 0x4a4c, 0x52b0, 0x5af2, 0x6354, 0x7bf7, 0x94b9, 0xad9a, 0xc63c,
0xdede, 0xe73e, 0xc61b, 0x7bd5, 0x39d1, 0x20ce, 0x20eb, 0x294b, 0x31ae, 0x4211,
0x3a12, 0x31ce, 0x216a, 0x2148, 0x2968, 0x39e9, 0x424a, 0x4a4b, 0x4a4b, 0x4a4b,
0x4a4b, 0x4a4b, 0x424a, 0x424a, 0x4a4b, 0x528b, 0x528b, 0x528c, 0x528b, 0x528b,
0x528b, 0x528b, 0x528b, 0x5a8b, 0x5a8b, 0x5a8b, 0x5aab, 0x5acb, 0x5acb, 0x5acb,
0x5acb, 0x5acb, 0x5acb, 0x5acb, 0x5acb, 0x5acb, 0x5acb, 0x5acb, 0x5acb, 0x5acb,
0x5acb, 0x62cb, 0x62cb, 0x62cb, 0x62cb, 0x62cb, 0x62cb, 0x62cb, 0x62cb, 0x62cc,

0x5acc, 0x5acc, 0x5acc, 0x5acc, 0x5acc, 0x5acc, 0x5acc, 0x5acc, 0x5acc, 0x5acc,
0x5acc, 0x62cc, 0x5acc, 0x5acc, 0x5acc, 0x62ec, 0x630c, 0x630c, 0x630c, 0x630c,
0x62ec, 0x62cc, 0x62cc, 0x62cc, 0x62cc, 0x62cc, 0x62cc, 0x62cb, 0x62cb, 0x62cb,
0x62cb, 0x62cb, 0x62cb, 0x5acb, 0x5acb, 0x5acb, 0x5acb, 0x5acb, 0x5acb, 0x5acb,
0x5acb, 0x5acb, 0x5acb, 0x5aab, 0x5269, 0x4a28, 0x39a7, 0x39ea, 0x630f, 0x6332,
0x4a51, 0x4212, 0x39f1, 0x318e, 0x316f, 0x3130, 0x290e, 0x41ed, 0x7bb2, 0xa517,
0xb59b, 0xa53a, 0x9498, 0x73f6, 0x52f2, 0x5b53, 0x8456, 0x73d1, 0x528c, 0x4a6c,
0x5aef, 0x7392, 0xb5bb, 0xb5bb, 0xb5bb, 0xb5bb, 0xb5bb, 0xb5bb, 0xb5bb, 0xb5bb,
0xb5bb, 0xb5bb, 0xb5bb, 0xb5bb, 0xb5bb, 0xb5bb, 0xb5bb, 0xb5bb, 0xb5bb, 0xb5bb,
0xb5bb, 0xb5bb, 0xb5bb, 0xb5bb, 0xb5bb, 0xb5bb, 0xb5bb, 0xb5bb, 0xb5bb, 0xb5bb,
0xb5bb, 0xb5bb, 0xb5bb, 0xb5bb, 0xb5bb, 0xb5bb, 0xb5bb, 0xb5bb, 0xb5bb, 0xb5bb,
0xb5bb, 0xb5bb, 0xb5bb, 0xb5bb, 0xb5bb, 0xb5bb, 0xb5bb, 0xb5bb, 0xb5bb, 0xb5bb,
0xb5bb, 0xb5bb, 0xb5bb, 0xb5bb, 0xb5bb, 0xb5bb, 0xb5bb, 0xb5bb, 0xb5bb, 0xb5bb,
0xb5bb, 0xb5bb, 0xb5bb, 0xb5bb, 0xb5bb, 0xb5bb, 0xb5bb, 0xb5bb, 0xb5bb, 0xb5bb,
0xb5bb, 0xb5bb, 0xb5bb, 0xb5bb, 0xb5bb, 0xb5bb, 0xb5bb, 0xb5bb, 0xb5bb, 0xb5bb,
0xb5bb, 0xb5bb, 0xb5bb, 0xb5bb, 0xb5bb, 0xb5bb, 0xb5bb, 0xb5bb, 0xb5bb, 0xb5bb,
0xb5bb, 0xb5bb, 0xb5bb, 0xb5bb, 0xb5bb, 0xb5bb, 0xb5bb, 0xb5bb, 0xb5bb, 0xb5bb,
0xb5bb, 0xb5bb, 0xb5bb, 0xb5bb, 0xb5bb, 0xb5bb, 0xb5bb, 0xb5bb, 0xb5bb, 0xb5bb,
0xb5bb, 0xb5bb, 0xb5bb, 0xb5bb, 0xb5bb, 0xb5bb, 0xb5bb, 0xb5bb, 0xb5bb, 0xb5bb,
0xb5bb, 0xb5bb, 0xb5bb, 0xb5bb, 0xb5bb, 0xb5bb, 0xb5bb, 0xb5bb, 0xb5bb, 0xb5bb,
0xb5bb, 0xb5bb, 0xb5bb, 0xb5bb, 0xb5bb, 0xb5bb, 0xb5bb, 0xb5bb, 0xb5bb, 0xb5bb,
0xb5bb, 0xb5bb, 0xb5bb, 0xb5bb, 0xb5bb, 0xb5bb, 0xb5bb, 0xb5bb, 0xb5bb, 0xb5bb,
0xb5bb, 0xb5bb, 0xb5bb, 0xb5bb, 0xb5bb, 0xb5bb, 0xb5bb, 0xb5bb, 0xb5bb, 0xb5bb,
0xb5bb, 0xb5bb, 0xb5bb, 0xb5bb, 0xb5bb, 0xb5bb, 0xb5bb, 0xb5bb, 0xb5bb, 0xb5bb,
0xb5bb, 0xb5bb, 0xb5bb, 0xb5bb, 0xb5bb, 0xb5bb, 0xb5bb, 0xb5bb, 0x9cf8, 0x6b90,
0x4a6b, 0x4a2b, 0x528e, 0x52f1, 0x5333, 0x6b95, 0x8417, 0x9cfa, 0xadbb, 0xc65c,
0xdede, 0xe73e, 0xc61b, 0x7bd5, 0x39d1, 0x20ce, 0x20eb, 0x294b, 0x31ae, 0x4211,
0x3a12, 0x31ce, 0x216a, 0x2148, 0x2968, 0x39e9, 0x424a, 0x4a4b, 0x4a4b, 0x4a4b,
0x424b, 0x424b, 0x424a, 0x424a, 0x4a4b, 0x4a8b, 0x4a8b, 0x528c, 0x528b, 0x528b,
0x528b, 0x528b, 0x528b, 0x5a8b, 0x5a8b, 0x5a8b, 0x5aab, 0x5acb, 0x5acb, 0x5acb,
0x5acb, 0x5acb, 0x5acb, 0x5acb, 0x5acb, 0x5acb, 0x5acb, 0x5acb, 0x5acb, 0x5acb,
0x5acb, 0x62cb, 0x62cb, 0x62cb, 0x62cb, 0x62cb, 0x62cb, 0x62cb, 0x62cb, 0x62cc,

0x5acc, 0x5acc, 0x5acc, 0x5acc, 0x5acc, 0x5acc, 0x5acc, 0x5acc, 0x5acc, 0x52cc,
0x5acc, 0x62cc, 0x62cc, 0x5acc, 0x5acc, 0x62cc, 0x62ec, 0x62ec, 0x630c, 0x630c,
0x62ec, 0x62cc, 0x62cc, 0x62cc, 0x62cc, 0x62cc, 0x62cc, 0x62cb, 0x62cb, 0x62cb,
0x62cb, 0x62cb, 0x62cb, 0x62cb, 0x5acb, 0x5acb, 0x5acb, 0x5acb, 0x5acb, 0x5acb,
0x5acb, 0x5acb, 0x5acb, 0x5aaa, 0x5269, 0x4a28, 0x39a7, 0x39ea, 0x630f, 0x6332,
0x4a51, 0x4212, 0x39f1, 0x318e, 0x316f, 0x3130, 0x290e, 0x41ed, 0x7391, 0x9cd7,
0xad5a, 0x9cf9, 0x7c36, 0x6354, 0x4a91, 0x5b13, 0x7c14, 0x6b90, 0x528b, 0x4a6c,
0x62ef, 0x7392, 0xb5bb, 0xb5bb, 0xb5bb, 0xb5bb, 0xb5bb, 0xb5bb, 0xb5bb, 0xb5bb,
0xb5bb, 0xb5bb, 0xb5bb, 0xb5bb, 0xb5bb, 0xb5bb, 0xb5bb, 0xb5bb, 0xb5bb, 0xb5bb,
0xb5bb, 0xb5bb, 0xb5bb, 0xb5bb, 0xb5bb, 0xb5bb, 0xb5bb, 0xb5bb, 0xb5bb, 0xb5bb,
0xb5bb, 0xb5bb, 0xb5bb, 0xb5bb, 0xb5bb, 0xb5bb, 0xb5bb, 0xb5bb, 0xb5bb, 0xb5bb,
0xb5bb, 0xb5bb, 0xb5bb, 0xb5bb, 0xb5bb, 0xb5bb, 0xb5bb, 0xb5bb, 0xb5bb, 0xb5bb,
0xb5bb, 0xb5bb, 0xb5bb, 0xb5bb, 0xb5bb, 0xb5bb, 0xb5bb, 0xb5bb, 0xb5bb, 0xb5bb,
0xb5bb, 0xb5bb, 0xb5bb, 0xb5bb, 0xb5bb, 0xb5bb, 0xb5bb, 0xb5bb, 0xb5bb, 0xb5bb,
0xb5bb, 0xb5bb, 0xb5bb, 0xb5bb, 0xb5bb, 0xb5bb, 0xb5bb, 0xb5bb, 0xb5bb, 0xb5bb,
0xb5bb, 0xb5bb, 0xb5bb, 0xb5bb, 0xb5bb, 0xb5bb, 0xb5bb, 0xb5bb, 0xb5bb, 0xb5bb,
0xb5bb, 0xb5bb, 0xb5bb, 0xb5bb, 0xb5bb, 0xb5bb, 0xb5bb, 0xb5bb, 0xb5bb, 0xb5bb,
0xb5bb, 0xb5bb, 0xb5bb, 0xb5bb, 0xb5bb, 0xb5bb, 0xb5bb, 0xb5bb, 0xb5bb, 0xb5bb,
0xb5bb, 0xb5bb, 0xb5bb, 0xb5bb, 0xb5bb, 0xb5bb, 0xb5bb, 0xb5bb, 0xb5bb, 0xb5bb,
0xb5bb, 0xb5bb, 0xb5bb, 0xb5bb, 0xb5bb, 0xb5bb, 0xb5bb, 0xb5bb, 0xb5bb, 0xb5bb,
0xb5bb, 0xb5bb, 0xb5bb, 0xb5bb, 0xb5bb, 0xb5bb, 0xb5bb, 0xb5bb, 0xb5bb, 0xb5bb,
0xb5bb, 0xb5bb, 0xb5bb, 0xb5bb, 0xb5bb, 0xb5bb, 0xb5bb, 0xb5bb, 0xb5bb, 0xb5bb,
0xb5bb, 0xb5bb, 0xb5bb, 0xb5bb, 0xb5bb, 0xb5bb, 0xb5bb, 0xb5bb, 0xb5bb, 0xb5bb,
0xb5bb, 0xb5bb, 0xb5bb, 0xb5bb, 0xb5bb, 0xb5bb, 0xb5bb, 0xb5bb, 0xb5bb, 0xb5bb,
0xb5bb, 0xb5bb, 0xb5bb, 0xb5bb, 0xb5bb, 0xb5bb, 0xb5bb, 0xb5bb, 0x8c75, 0x52cd,
0x4a6b, 0x4a6c, 0x4aaf, 0x4ad1, 0x5333, 0x6bb6, 0x8c58, 0x9cfa, 0xb5db, 0xc65c,
0xdedd, 0xe71e, 0xc61b, 0x7bd5, 0x39d1, 0x20cd, 0x20eb, 0x294b, 0x31ae, 0x4211,
0x3a11, 0x31ce, 0x216a, 0x2148, 0x2968, 0x39e9, 0x424a, 0x4a4b, 0x4a4b, 0x4a4b,
0x424b, 0x3a4b, 0x422a, 0x422a, 0x424b, 0x428b, 0x4a8b, 0x528c, 0x528b, 0x528b,
0x528b, 0x528b, 0x528b, 0x5a8b, 0x5a8b, 0x5a8a, 0x5aaa, 0x5aaa, 0x5acb, 0x5acb,
0x5acb, 0x5acb, 0x5acb, 0x5acb, 0x5acb, 0x5acb, 0x5acb, 0x5acb, 0x5acb, 0x5acb,
0x5acb, 0x5acb, 0x5acb, 0x5acb, 0x5acb, 0x5acb, 0x62cb, 0x62cb, 0x62cb, 0x62cc,

0x5acc, 0x5acc, 0x5acc, 0x5acc, 0x5acc, 0x5acc, 0x5acc, 0x5acc, 0x5acc, 0x5acc,
0x5acc, 0x62cc, 0x62cc, 0x62cc, 0x62cc, 0x62cc, 0x62cc, 0x62cc, 0x62cc, 0x62cc,
0x62cc, 0x62cc, 0x62cc, 0x62cc, 0x62cc, 0x62cc, 0x62cc, 0x62cc, 0x62cc, 0x62cb,
0x62cb, 0x62cb, 0x62cb, 0x62cb, 0x62cb, 0x5acb, 0x5acb, 0x5acb, 0x5acb, 0x5acb,
0x5acb, 0x5acb, 0x5acb, 0x5aaa, 0x5269, 0x4a28, 0x39a7, 0x39ea, 0x630f, 0x6332,
0x4a51, 0x4212, 0x39f1, 0x318e, 0x316f, 0x2950, 0x290e, 0x41cd, 0x6b70, 0x94b6,
0x9d19, 0x8477, 0x6bb5, 0x5b13, 0x4a91, 0x52b0, 0x5af0, 0x528b, 0x4229, 0x528b,
0x632f, 0x7392, 0xb5bb, 0xb5bb, 0xb5bb, 0xb5bb, 0xb5bb, 0xb5bb, 0xb5bb, 0xb5bb,
0xb5bb, 0xb5bb, 0xb5bb, 0xb5bb, 0xb5bb, 0xb5bb, 0xb5bb, 0xb5bb, 0xb5bb, 0xb5bb,
0xb5bb, 0xb5bb, 0xb5bb, 0xb5bb, 0xb5bb, 0xb5bb, 0xb5bb, 0xb5bb, 0xb5bb, 0xb5bb,
0xb5bb, 0xb5bb, 0xb5bb, 0xb5bb, 0xb5bb, 0xb5bb, 0xb5bb, 0xb5bb, 0xb5bb, 0xb5bb,
0xb5bb, 0xb5bb, 0xb5bb, 0xb5bb, 0xb5bb, 0xb5bb, 0xb5bb, 0xb5bb, 0xb5bb, 0xb5bb,
0xb5bb, 0xb5bb, 0xb5bb, 0xb5bb, 0xb5bb, 0xb5bb, 0xb5bb, 0xb5bb, 0xb5bb, 0xb5bb,
0xb5bb, 0xb5bb, 0xb5bb, 0xb5bb, 0xb5bb, 0xb5bb, 0xb5bb, 0xb5bb, 0xb5bb, 0xb5bb,
0xb5bb, 0xb5bb, 0xb5bb, 0xb5bb, 0xb5bb, 0xb5bb, 0xb5bb, 0xb5bb, 0xb5bb, 0xb5bb,
0xb5bb, 0xb5bb, 0xb5bb, 0xb5bb, 0xb5bb, 0xb5bb, 0xb5bb, 0xb5bb, 0xb5bb, 0xb5bb,
0xb5bb, 0xb5bb, 0xb5bb, 0xb5bb, 0xb5bb, 0xb5bb, 0xb5bb, 0xb5bb, 0xb5bb, 0xb5bb,
0xb5bb, 0xb5bb, 0xb5bb, 0xb5bb, 0xb5bb, 0xb5bb, 0xb5bb, 0xb5bb, 0xb5bb, 0xb5bb,
0xb5bb, 0xb5bb, 0xb5bb, 0xb5bb, 0xb5bb, 0xb5bb, 0xb5bb, 0xb5bb, 0xb5bb, 0xb5bb,
0xb5bb, 0xb5bb, 0xb5bb, 0xb5bb, 0xb5bb, 0xb5bb, 0xb5bb, 0xb5bb, 0xb5bb, 0xb5bb,
0xb5bb, 0xb5bb, 0xb5bb, 0xb5bb, 0xb5bb, 0xb5bb, 0xb5bb, 0xb5bb, 0xb5bb, 0xb5bb,
0xb5bb, 0xb5bb, 0xb5bb, 0xb5bb, 0xb5bb, 0xb5bb, 0xb5bb, 0xb5bb, 0xb5bb, 0xb5bb,
0xb5bb, 0xb5bb, 0xb5bb, 0xb5bb, 0xb5bb, 0xb5bb, 0xb5bb, 0xb5bb, 0xb5bb, 0xb5bb,
0xb5bb, 0xb5bb, 0xb5bb, 0xb5bb, 0xb5bb, 0xb5bb, 0xb5bb, 0xb5bb, 0xb5bb, 0xb5bb,
0xb5bb, 0xb5bb, 0xb5bb, 0xb5bb, 0xb5bb, 0xb5bb, 0xb5bb, 0xb5bb, 0x83f4, 0x424b,
0x4a8c, 0x4aae, 0x4a8f, 0x4ab1, 0x5b13, 0x73f6, 0x8c98, 0xa53a, 0xbddb, 0xce3c,
0xdede, 0xe71e, 0xc61b, 0x7bd5, 0x39d1, 0x20ce, 0x20eb, 0x294b, 0x31ae, 0x4211,
0x3a12, 0x31ce, 0x216a, 0x2148, 0x2968, 0x39e9, 0x424a, 0x4a4b, 0x4a4b, 0x4a4b,
0x424b, 0x424b, 0x420a, 0x420a, 0x424b, 0x428b, 0x4a8b, 0x528c, 0x528b, 0x528b,
0x528b, 0x528b, 0x528b, 0x5a8b, 0x5a8a, 0x5a8a, 0x5a8a, 0x5a8a, 0x5aca, 0x5acb,
0x5acb, 0x5acb, 0x5acb, 0x5acb, 0x5acb, 0x5acb, 0x5acb, 0x5acb, 0x5acb, 0x5acb,
0x5acb, 0x5acb, 0x5acb, 0x5acb, 0x5acb, 0x5acb, 0x62cb, 0x62cb, 0x62cb, 0x62cc,

0x5acc, 0x5acc, 0x5acc, 0x5acc, 0x5acc, 0x5acc, 0x62cc, 0x62cc, 0x62cc, 0x62ec,
0x632c, 0x630c, 0x630c, 0x630c, 0x630c, 0x630c, 0x630c, 0x62ec, 0x62cc, 0x62cc,
0x62cc, 0x62cc, 0x62cc, 0x62cc, 0x62cc, 0x62cc, 0x62cc, 0x62cc, 0x62cc, 0x62cb,
0x62cb, 0x62cb, 0x62cb, 0x62cb, 0x62cb, 0x5acb, 0x5acb, 0x5acb, 0x5acb, 0x5acb,
0x5acb, 0x5acb, 0x5acb, 0x5aaa, 0x5269, 0x4a28, 0x39a7, 0x39ea, 0x630f, 0x6332,
0x4a51, 0x4212, 0x39f1, 0x318e, 0x316f, 0x3150, 0x290e, 0x39cd, 0x6331, 0x8c75,
0x8c97, 0x73d5, 0x6374, 0x6353, 0x52d0, 0x420b, 0x31a9, 0x3188, 0x39e9, 0x5acc,
0x6b70, 0x7bd3, 0xb5bb, 0xb5bb, 0xb5bb, 0xb5bb, 0xb5bb, 0xb5bb, 0xb5bb, 0xb5bb,
0xb5bb, 0xb5bb, 0xb5bb, 0xb5bb, 0xb5bb, 0xb5bb, 0xb5bb, 0xb5bb, 0xb5bb, 0xb5bb,
0xb5bb, 0xb5bb, 0xb5bb, 0xb5bb, 0xb5bb, 0xb5bb, 0xb5bb, 0xb5bb, 0xb5bb, 0xb5bb,
0xb5bb, 0xb5bb, 0xb5bb, 0xb5bb, 0xb5bb, 0xb5bb, 0xb5bb, 0xb5bb, 0xb5bb, 0xb5bb,
0xb5bb, 0xb5bb, 0xb5bb, 0xb5bb, 0xb5bb, 0xb5bb, 0xb5bb, 0xb5bb, 0xb5bb, 0xb5bb,
0xb5bb, 0xb5bb, 0xb5bb, 0xb5bb, 0xb5bb, 0xb5bb, 0xb5bb, 0xb5bb, 0xb5bb, 0xb5bb,
0xb5bb, 0xb5bb, 0xb5bb, 0xb5bb, 0xb5bb, 0xb5bb, 0xb5bb, 0xb5bb, 0xb5bb, 0xb5bb,
0xb5bb, 0xb5bb, 0xb5bb, 0xb5bb, 0xb5bb, 0xb5bb, 0xb5bb, 0xb5bb, 0xb5bb, 0xb5bb,
0xb5bb, 0xb5bb, 0xb5bb, 0xb5bb, 0xb5bb, 0xb5bb, 0xb5bb, 0xb5bb, 0xb5bb, 0xb5bb,
0xb5bb, 0xb5bb, 0xb5bb, 0xb5bb, 0xb5bb, 0xb5bb, 0xb5bb, 0xb5bb, 0xb5bb, 0xb5bb,
0xb5bb, 0xb5bb, 0xb5bb, 0xb5bb, 0xb5bb, 0xb5bb, 0xb5bb, 0xb5bb, 0xb5bb, 0xb5bb,
0xb5bb, 0xb5bb, 0xb5bb, 0xb5bb, 0xb5bb, 0xb5bb, 0xb5bb, 0xb5bb, 0xb5bb, 0xb5bb,
0xb5bb, 0xb5bb, 0xb5bb, 0xb5bb, 0xb5bb, 0xb5bb, 0xb5bb, 0xb5bb, 0xb5bb, 0xb5bb,
0xb5bb, 0xb5bb, 0xb5bb, 0xb5bb, 0xb5bb, 0xb5bb, 0xb5bb, 0xb5bb, 0xb5bb, 0xb5bb,
0xb5bb, 0xb5bb, 0xb5bb, 0xb5bb, 0xb5bb, 0xb5bb, 0xb5bb, 0xb5bb, 0xb5bb, 0xb5bb,
0xb5bb, 0xb5bb, 0xb5bb, 0xb5bb, 0xb5bb, 0xb5bb, 0xb5bb, 0xb5bb, 0xb5bb, 0xb5bb,
0xb5bb, 0xb5bb, 0xb5bb, 0xb5bb, 0xb5bb, 0xb5bb, 0xb5bb, 0xb5bb, 0xb5bb, 0xb5bb,
0xb5bb, 0xb5bb, 0xb5bb, 0xb5bb, 0xb5bb, 0xb5bb, 0xb5bb, 0xb5bc, 0x7bd3, 0x39ea,
0x426c, 0x4aaf, 0x4a90, 0x4ab1, 0x5b13, 0x7bd6, 0x94b8, 0xa55a, 0xbddb, 0xce3c,
0xdede, 0xe73e, 0xc61b, 0x7bd5, 0x39d1, 0x20ce, 0x20eb, 0x294b, 0x31ae, 0x4211,
0x3a12, 0x31ce, 0x216a, 0x2148, 0x2968, 0x39e9, 0x424a, 0x4a4b, 0x4a4b, 0x4a4b,
0x424b, 0x424b, 0x420a, 0x422a, 0x424b, 0x428b, 0x4a8b, 0x528b, 0x528b, 0x528b,
0x528b, 0x528a, 0x528a, 0x5a8a, 0x5a8a, 0x5a8b, 0x5a8a, 0x5a8a, 0x5aca, 0x5aca,
0x5acb, 0x5acb, 0x5acb, 0x5acb, 0x5acb, 0x5acb, 0x5acb, 0x5acb, 0x5acb, 0x5acb,
0x5acb, 0x5acb, 0x5acb, 0x5acb, 0x62cb, 0x62cb, 0x62cb, 0x62cc, 0x62cc, 0x62cc,

0x5acd, 0x5acc, 0x5acd, 0x5acd, 0x62ec, 0x630c, 0x630c, 0x62ec, 0x630c, 0x630c,
0x632c, 0x630c, 0x630c, 0x630c, 0x630c, 0x630c, 0x630c, 0x630c, 0x62ec, 0x62cc,
0x62ac, 0x62cc, 0x62cc, 0x62cc, 0x62cc, 0x62ac, 0x62cc, 0x62cc, 0x62cc, 0x62cc,
0x62cb, 0x62cb, 0x62cb, 0x62cb, 0x62cb, 0x62cb, 0x5acb, 0x5acb, 0x5acb, 0x5acb,
0x5acb, 0x5acb, 0x5acb, 0x5aaa, 0x5269, 0x4a28, 0x39a7, 0x39ea, 0x630f, 0x6332,
0x4a51, 0x4212, 0x39f1, 0x318e, 0x318f, 0x3170, 0x292e, 0x39ad, 0x6310, 0x7c14,
0x7c36, 0x6bd5, 0x6b94, 0x6332, 0x39eb, 0x2106, 0x2946, 0x39c9, 0x4a6c, 0x632f,
0x73b2, 0x8414, 0xb5bb, 0xb5bb, 0xb5bb, 0xb5bb, 0xb5bb, 0xb5bb, 0xb5bb, 0xb5bb,
0xb5bb, 0xb5bb, 0xb5bb, 0xb5bb, 0xb5bb, 0xb5bb, 0xb5bb, 0xb5bb, 0xb5bb, 0xb5bb,
0xb5bb, 0xb5bb, 0xb5bb, 0xb5bb, 0xb5bb, 0xb5bb, 0xb5bb, 0xb5bb, 0xb5bb, 0xb5bb,
0xb5bb, 0xb5bb, 0xb5bb, 0xb5bb, 0xb5bb, 0xb5bb, 0xb5bb, 0xb5bb, 0xb5bb, 0xb5bb,
0xb5bb, 0xb5bb, 0xb5bb, 0xb5bb, 0xb5bb, 0xb5bb, 0xb5bb, 0xb5bb, 0xb5bb, 0xb5bb,
0xb5bb, 0xb5bb, 0xb5bb, 0xb5bb, 0xb5bb, 0xb5bb, 0xb5bb, 0xb5bb, 0xb5bb, 0xb5bb,
0xb5bb, 0xb5bb, 0xb5bb, 0xb5bb, 0xb5bb, 0xb5bb, 0xb5bb, 0xb5bb, 0xb5bb, 0xb5bb,
0xb5bb, 0xb5bb, 0xb5bb, 0xb5bb, 0xb5bb, 0xb5bb, 0xb5bb, 0xb5bb, 0xb5bb, 0xb5bb,
0xb5bb, 0xb5bb, 0xb5bb, 0xb5bb, 0xb5bb, 0xb5bb, 0xb5bb, 0xb5bb, 0xb5bb, 0xb5bb,
0xb5bb, 0xb5bb, 0xb5bb, 0xb5bb, 0xb5bb, 0xb5bb, 0xb5bb, 0xb5bb, 0xb5bb, 0xb5bb,
0xb5bb, 0xb5bb, 0xb5bb, 0xb5bb, 0xb5bb, 0xb5bb, 0xb5bb, 0xb5bb, 0xb5bb, 0xb5bb,
0xb5bb, 0xb5bb, 0xb5bb, 0xb5bb, 0xb5bb, 0xb5bb, 0xb5bb, 0xb5bb, 0xb5bb, 0xb5bb,
0xb5bb, 0xb5bb, 0xb5bb, 0xb5bb, 0xb5bb, 0xb5bb, 0xb5bb, 0xb5bb, 0xb5bb, 0xb5bb,
0xb5bb, 0xb5bb, 0xb5bb, 0xb5bb, 0xb5bb, 0xb5bb, 0xb5bb, 0xb5bb, 0xb5bb, 0xb5bb,
0xb5bb, 0xb5bb, 0xb5bb, 0xb5bb, 0xb5bb, 0xb5bb, 0xb5bb, 0xb5bb, 0xb5bb, 0xb5bb,
0xb5bb, 0xb5bb, 0xb5bb, 0xb5bb, 0xb5bb, 0xb5bb, 0xb5bb, 0xb5bb, 0xb5bb, 0xb5bb,
0xb5bb, 0xb5bb, 0xb5bb, 0xb5bb, 0xb5bb, 0xb5bb, 0xb5bb, 0xb5bb, 0xb5bb, 0xb5bb,
0xb5bb, 0xb5bb, 0xb5bb, 0xb5bb, 0xb5bb, 0xb5bb, 0xb5bb, 0xad78, 0x7390, 0x31a9,
0x424c, 0x426f, 0x4250, 0x4291, 0x5af3, 0x7bb6, 0x8c98, 0x9d39, 0xb5bb, 0xc63c,
0xdede, 0xe73e, 0xc61b, 0x7bd5, 0x39d1, 0x20ce, 0x20eb, 0x294b, 0x31ae, 0x4211,
0x3a11, 0x31ce, 0x216a, 0x2148, 0x2968, 0x39e9, 0x424a, 0x4a4b, 0x4a4b, 0x4a4b,
0x424b, 0x422b, 0x420a, 0x420a, 0x424b, 0x428b, 0x4a8b, 0x528b, 0x528b, 0x528b,
0x528b, 0x528a, 0x528a, 0x5a8a, 0x5a8a, 0x5a8a, 0x5a8a, 0x5a8a, 0x5aca, 0x5aca,
0x5acb, 0x5acb, 0x5acb, 0x5acb, 0x5acb, 0x5acb, 0x5acb, 0x5acb, 0x5acb, 0x5acb,
0x5acb, 0x5acb, 0x5acb, 0x5acb, 0x62cb, 0x62ca, 0x62cb, 0x62cc, 0x62cc, 0x62cc,

0x5aed, 0x5aed, 0x5aed, 0x62ed, 0x630d, 0x632c, 0x632c, 0x630c, 0x632c, 0x630c,
0x630c, 0x630c, 0x630c, 0x630c, 0x630c, 0x630c, 0x630c, 0x630c, 0x630c, 0x62ec,
0x62cc, 0x62ec, 0x62ec, 0x62ec, 0x62ec, 0x62ec, 0x62ec, 0x62cc, 0x62cc, 0x62cc,
0x62cb, 0x62cb, 0x62cb, 0x62cb, 0x62cb, 0x62cb, 0x62cb, 0x5acb, 0x5acb, 0x5acb,
0x5acb, 0x52cb, 0x5acb, 0x5aca, 0x5289, 0x4a28, 0x39a7, 0x39ea, 0x630f, 0x6332,
0x4a51, 0x4212, 0x39f1, 0x318e, 0x318f, 0x3990, 0x292e, 0x39ad, 0x5aef, 0x6bb2,
0x7415, 0x7c36, 0x6b93, 0x52ae, 0x420b, 0x39c9, 0x31c7, 0x422a, 0x5aef, 0x73b1,
0x8414, 0x8c56, 0xb5bb, 0xb5bb, 0xb5bb, 0xb5bb, 0xb5bb, 0xb5bb, 0xb5bb, 0xb5bb,
0xb5bb, 0xb5bb, 0xb5bb, 0xb5bb, 0xb5bb, 0xb5bb, 0xb5bb, 0xb5bb, 0xb5bb, 0xb5bb,
0xb5bb, 0xb5bb, 0xb5bb, 0xb5bb, 0xb5bb, 0xb5bb, 0xb5bb, 0xb5bb, 0xb5bb, 0xb5bb,
0xb5bb, 0xb5bb, 0xb5bb, 0xb5bb, 0xb5bb, 0xb5bb, 0xb5bb, 0xb5bb, 0xb5bb, 0xb5bb,
0xb5bb, 0xb5bb, 0xb5bb, 0xb5bb, 0xb5bb, 0xb5bb, 0xb5bb, 0xb5bb, 0xb5bb, 0xb5bb,
0xb5bb, 0xb5bb, 0xb5bb, 0xb5bb, 0xb5bb, 0xb5bb, 0xb5bb, 0xb5bb, 0xb5bb, 0xb5bb,
0xb5bb, 0xb5bb, 0xb5bb, 0xb5bb, 0xb5bb, 0xb5bb, 0xb5bb, 0xb5bb, 0xb5bb, 0xb5bb,
0xb5bb, 0xb5bb, 0xb5bb, 0xb5bb, 0xb5bb, 0xb5bb, 0xb5bb, 0xb5bb, 0xb5bb, 0xb5bb,
0xb5bb, 0xb5bb, 0xb5bb, 0xb5bb, 0xb5bb, 0xb5bb, 0xb5bb, 0xb5bb, 0xb5bb, 0xb5bb,
0xb5bb, 0xb5bb, 0xb5bb, 0xb5bb, 0xb5bb, 0xb5bb, 0xb5bb, 0xb5bb, 0xb5bb, 0xb5bb,
0xb5bb, 0xb5bb, 0xb5bb, 0xb5bb, 0xb5bb, 0xb5bb, 0xb5bb, 0xb5bb, 0xb5bb, 0xb5bb,
0xb5bb, 0xb5bb, 0xb5bb, 0xb5bb, 0xb5bb, 0xb5bb, 0xb5bb, 0xb5bb, 0xb5bb, 0xb5bb,
0xb5bb, 0xb5bb, 0xb5bb, 0xb5bb, 0xb5bb, 0xb5bb, 0xb5bb, 0xb5bb, 0xb5bb, 0xb5bb,
0xb5bb, 0xb5bb, 0xb5bb, 0xb5bb, 0xb5bb, 0xb5bb, 0xb5bb, 0xb5bb, 0xb5bb, 0xb5bb,
0xb5bb, 0xb5bb, 0xb5bb, 0xb5bb, 0xb5bb, 0xb5bb, 0xb5bb, 0xb5bb, 0xb5bb, 0xb5bb,
0xb5bb, 0xb5bb, 0xb5bb, 0xb5bb, 0xb5bb, 0xb5bb, 0xb5bb, 0xb5bb, 0xb5bb, 0xb5bb,
0xb5bb, 0xb5bb, 0xb5bb, 0xb5bb, 0xb5bb, 0xb5bb, 0xb5bb, 0xb5bb, 0xb5bb, 0xb5bb,
0xb5bb, 0xb5bb, 0xb5bb, 0xb5bb, 0xb5bb, 0xb5bb, 0xb5bb, 0xad78, 0x7390, 0x31a8,
0x3a0a, 0x424c, 0x426e, 0x4270, 0x52b2, 0x6b74, 0x8436, 0x94f8, 0xad7a, 0xc61c,
0xdedd, 0xe71e, 0xbdfa, 0x7bb5, 0x39b1, 0x20cd, 0x20eb, 0x294b, 0x31ae, 0x4211,
0x3a11, 0x31ce, 0x216a, 0x2148, 0x2968, 0x39e9, 0x424a, 0x4a4b, 0x4a4b, 0x4a4b,
0x424b, 0x424b, 0x422a, 0x422a, 0x424b, 0x428b, 0x4a8b, 0x528b, 0x528b, 0x528b,
0x528b, 0x528a, 0x528a, 0x5a8a, 0x5a8a, 0x5a8a, 0x5a8a, 0x5aab, 0x5acb, 0x5acb,
0x5acb, 0x5acb, 0x5acb, 0x5acb, 0x5acb, 0x5acb, 0x5acb, 0x5acb, 0x5acb, 0x5acb,
0x5acb, 0x5acb, 0x5acb, 0x5acb, 0x62cb, 0x62cb, 0x62cb, 0x62cc, 0x62cc, 0x62cc,

0x632d, 0x632d, 0x632d, 0x632d, 0x630d, 0x630d, 0x630d, 0x630d, 0x630c, 0x630c,
0x630c, 0x630c, 0x630c, 0x630c, 0x630c, 0x630c, 0x630c, 0x630c, 0x630c, 0x630c,
0x630c, 0x630c, 0x630c, 0x632c, 0x632c, 0x632c, 0x630c, 0x62ec, 0x62cc, 0x62cc,
0x62cb, 0x62cb, 0x62cb, 0x62cb, 0x62cb, 0x62cb, 0x62cb, 0x62cb, 0x62cb, 0x62cb,
0x5acb, 0x5acb, 0x5acb, 0x5aea, 0x52a9, 0x4a28, 0x39a7, 0x39ea, 0x630f, 0x6332,
0x4a51, 0x4212, 0x39f1, 0x318e, 0x318f, 0x3990, 0x312e, 0x39ad, 0x52af, 0x6b92,
0x7c15, 0x7c35, 0x5b0f, 0x424c, 0x6b70, 0x73d0, 0x4a8b, 0x420a, 0x52ad, 0x73b1,
0x8475, 0x94b7, 0xb5bb, 0xb5bb, 0xb5bb, 0xb5bb, 0xb5bb, 0xb5bb, 0xb5bb, 0xb5bb,
0xb5bb, 0xb5bb, 0xb5bb, 0xb5bb, 0xb5bb, 0xb5bb, 0xb5bb, 0xb5bb, 0xb5bb, 0xb5bb,
0xb5bb, 0xb5bb, 0xb5bb, 0xb5bb, 0xb5bb, 0xb5bb, 0xb5bb, 0xb5bb, 0xb5bb, 0xb5bb,
0xb5bb, 0xb5bb, 0xb5bb, 0xb5bb, 0xb5bb, 0xb5bb, 0xb5bb, 0xb5bb, 0xb5bb, 0xb5bb,
0xb5bb, 0xb5bb, 0xb5bb, 0xb5bb, 0xb5bb, 0xb5bb, 0xb5bb, 0xb5bb, 0xb5bb, 0xb5bb,
0xb5bb, 0xb5bb, 0xb5bb, 0xb5bb, 0xb5bb, 0xb5bb, 0xb5bb, 0xb5bb, 0xb5bb, 0xb5bb,
0xb5bb, 0xb5bb, 0xb5bb, 0xb5bb, 0xb5bb, 0xb5bb, 0xb5bb, 0xb5bb, 0xb5bb, 0xb5bb,
0xb5bb, 0xb5bb, 0xb5bb, 0xb5bb, 0xb5bb, 0xb5bb, 0xb5bb, 0xb5bb, 0xb5bb, 0xb5bb,
0xb5bb, 0xb5bb, 0xb5bb, 0xb5bb, 0xb5bb, 0xb5bb, 0xb5bb, 0xb5bb, 0xb5bb, 0xb5bb,
0xb5bb, 0xb5bb, 0xb5bb, 0xb5bb, 0xb5bb, 0xb5bb, 0xb5bb, 0xb5bb, 0xb5bb, 0xb5bb,
0xb5bb, 0xb5bb, 0xb5bb, 0xb5bb, 0xb5bb, 0xb5bb, 0xb5bb, 0xb5bb, 0xb5bb, 0xb5bb,
0xb5bb, 0xb5bb, 0xb5bb, 0xb5bb, 0xb5bb, 0xb5bb, 0xb5bb, 0xb5bb, 0xb5bb, 0xb5bb,
0xb5bb, 0xb5bb, 0xb5bb, 0xb5bb, 0xb5bb, 0xb5bb, 0xb5bb, 0xb5bb, 0xb5bb, 0xb5bb,
0xb5bb, 0xb5bb, 0xb5bb, 0xb5bb, 0xb5bb, 0xb5bb, 0xb5bb, 0xb5bb, 0xb5bb, 0xb5bb,
0xb5bb, 0xb5bb, 0xb5bb, 0xb5bb, 0xb5bb, 0xb5bb, 0xb5bb, 0xb5bb, 0xb5bb, 0xb5bb,
0xb5bb, 0xb5bb, 0xb5bb, 0xb5bb, 0xb5bb, 0xb5bb, 0xb5bb, 0xb5bb, 0xb5bb, 0xb5bb,
0xb5bb, 0xb5bb, 0xb5bb, 0xb5bb, 0xb5bb, 0xb5bb, 0xb5bb, 0xb5bb, 0xb5bb, 0xb5bb,
0xb5bb, 0xb5bb, 0xb5bb, 0xb5bb, 0xb5bb, 0xb5bb, 0xb5bb, 0xb5bc, 0x8414, 0x420a,
0x39e8, 0x424a, 0x4a8d, 0x4a8f, 0x4ab0, 0x5312, 0x6bd4, 0x8c97, 0xa539, 0xbdda,
0xd69c, 0xdedd, 0xbdda, 0x7b95, 0x39b1, 0x20ce, 0x20eb, 0x294b, 0x31ae, 0x4211,
0x3a12, 0x31ce, 0x216a, 0x2148, 0x2968, 0x39e9, 0x424a, 0x4a4b, 0x4a4b, 0x4a4b,
0x4a4b, 0x4a4b, 0x424a, 0x424a, 0x4a4b, 0x4a8b, 0x4a8b, 0x528b, 0x528b, 0x528b,
0x528b, 0x528a, 0x528a, 0x5a8a, 0x5a8a, 0x5a8a, 0x5aaa, 0x5acb, 0x5acb, 0x5acb,
0x5acb, 0x5acb, 0x5acb, 0x5acb, 0x5acb, 0x5acb, 0x5acb, 0x5acb, 0x5acb, 0x62cb,
0x62cb, 0x62cb, 0x62cb, 0x62cb, 0x62cb, 0x62cb, 0x62cb, 0x62cc, 0x62cc, 0x62cc,

0x630d, 0x630d, 0x630d, 0x630d, 0x630d, 0x630d, 0x630d, 0x630d, 0x630d, 0x630d,
0x630d, 0x630c, 0x630c, 0x630c, 0x630c, 0x630c, 0x630c, 0x630c, 0x630c, 0x630c,
0x630c, 0x630c, 0x630c, 0x630c, 0x632c, 0x632c, 0x630c, 0x62ec, 0x62cc, 0x62cc,
0x62cb, 0x62cb, 0x62cb, 0x62cb, 0x62cb, 0x62cb, 0x62cb, 0x62cb, 0x62cb, 0x62cb,
0x62cb, 0x5acb, 0x5acb, 0x5aeb, 0x5aaa, 0x4a28, 0x39a7, 0x39ea, 0x630f, 0x6332,
0x4a51, 0x4212, 0x39f1, 0x318e, 0x318f, 0x3990, 0x312e, 0x398c, 0x52af, 0x73f3,
0x8455, 0x7391, 0x4a6c, 0x424d, 0x73d2, 0x8c94, 0x6b6f, 0x4a4b, 0x422a, 0x632f,
0x8434, 0x94b7, 0xb5bb, 0xb5bb, 0xb5bb, 0xb5bb, 0xb5bb, 0xb5bb, 0xb5bb, 0xb5bb,
0xb5bb, 0xb5bb, 0xb5bb, 0xb5bb, 0xb5bb, 0xb5bb, 0xb5bb, 0xb5bb, 0xb5bb, 0xb5bb,
0xb5bb, 0xb5bb, 0xb5bb, 0xb5bb, 0xb5bb, 0xb5bb, 0xb5bb, 0xb5bb, 0xb5bb, 0xb5bb,
0xb5bb, 0xb5bb, 0xb5bb, 0xb5bb, 0xb5bb, 0xb5bb, 0xb5bb, 0xb5bb, 0xb5bb, 0xb5bb,
0xb5bb, 0xb5bb, 0xb5bb, 0xb5bb, 0xb5bb, 0xb5bb, 0xb5bb, 0xb5bb, 0xb5bb, 0xb5bb,
0xb5bb, 0xb5bb, 0xb5bb, 0xb5bb, 0xb5bb, 0xb5bb, 0xb5bb, 0xb5bb, 0xb5bb, 0xb5bb,
0xb5bb, 0xb5bb, 0xb5bb, 0xb5bb, 0xb5bb, 0xb5bb, 0xb5bb, 0xb5bb, 0xb5bb, 0xb5bb,
0xb5bb, 0xb5bb, 0xb5bb, 0xb5bb, 0xb5bb, 0xb5bb, 0xb5bb, 0xb5bb, 0xb5bb, 0xb5bb,
0xb5bb, 0xb5bb, 0xb5bb, 0xb5bb, 0xb5bb, 0xb5bb, 0xb5bb, 0xb5bb, 0xb5bb, 0xb5bb,
0xb5bb, 0xb5bb, 0xb5bb, 0xb5bb, 0xb5bb, 0xb5bb, 0xb5bb, 0xb5bb, 0xb5bb, 0xb5bb,
0xb5bb, 0xb5bb, 0xb5bb, 0xb5bb, 0xb5bb, 0xb5bb, 0xb5bb, 0xb5bb, 0xb5bb, 0xb5bb,
0xb5bb, 0xb5bb, 0xb5bb, 0xb5bb, 0xb5bb, 0xb5bb, 0xb5bb, 0xb5bb, 0xb5bb, 0xb5bb,
0xb5bb, 0xb5bb, 0xb5bb, 0xb5bb, 0xb5bb, 0xb5bb, 0xb5bb, 0xb5bb, 0xb5bb, 0xb5bb,
0xb5bb, 0xb5bb, 0xb5bb, 0xb5bb, 0xb5bb, 0xb5bb, 0xb5bb, 0xb5bb, 0xb5bb, 0xb5bb,
0xb5bb, 0xb5bb, 0xb5bb, 0xb5bb, 0xb5bb, 0xb5bb, 0xb5bb, 0xb5bb, 0xb5bb, 0xb5bb,
0xb5bb, 0xb5bb, 0xb5bb, 0xb5bb, 0xb5bb, 0xb5bb, 0xb5bb, 0xb5bb, 0xb5bb, 0xb5bb,
0xb5bb, 0xb5bb, 0xb5bb, 0xb5bb, 0xb5bb, 0xb5bb, 0xb5bb, 0xb5bb, 0xb5bb, 0xb5bb,
0xb5bb, 0xb5bb, 0xb5bb, 0xb5bb, 0xb5bb, 0xb5bb, 0xb5bb, 0xb5bb, 0x8c76, 0x52ae,
0x424a, 0x4229, 0x4a6c, 0x4a8e, 0x428f, 0x4ad0, 0x6353, 0x83f5, 0x9cd7, 0xad79,
0xc63c, 0xd69c, 0xbdb9, 0x7b94, 0x39b1, 0x20ce, 0x20eb, 0x294b, 0x31ae, 0x4211,
0x3a12, 0x31ce, 0x216a, 0x2148, 0x2968, 0x39e9, 0x424a, 0x4a4b, 0x4a4b, 0x4a4b,
0x4a4b, 0x4a4b, 0x424a, 0x424a, 0x4a4b, 0x4a8b, 0x4a8b, 0x528b, 0x528b, 0x528b,
0x528b, 0x528a, 0x528a, 0x5a8a, 0x5a8a, 0x5a8a, 0x5aaa, 0x5aca, 0x5acb, 0x5acb,
0x5acb, 0x5acb, 0x5acb, 0x5acb, 0x5acb, 0x5acb, 0x5acb, 0x5acb, 0x5acb, 0x62cb,
0x62cb, 0x62cb, 0x62cb, 0x62cb, 0x62cb, 0x62cb, 0x62cb, 0x62cc, 0x62cc, 0x62cc,

0x630d, 0x630d, 0x630d, 0x630d, 0x630d, 0x630d, 0x630d, 0x630d, 0x630d, 0x630d,
0x630d, 0x630c, 0x630c, 0x630c, 0x630c, 0x630c, 0x630c, 0x630c, 0x630c, 0x630c,
0x630c, 0x630c, 0x632c, 0x630c, 0x62ec, 0x62cc, 0x62ec, 0x62cc, 0x62cc, 0x62cc,
0x62cb, 0x62cb, 0x62cb, 0x62cb, 0x62cb, 0x62cb, 0x62cb, 0x62cb, 0x5acb, 0x5acb,
0x5acb, 0x5acb, 0x5acb, 0x5aeb, 0x52aa, 0x4a28, 0x39a7, 0x39ea, 0x630f, 0x6332,
0x4a51, 0x4212, 0x39f1, 0x318e, 0x318f, 0x3990, 0x312e, 0x398c, 0x5acf, 0x7c33,
0x8c95, 0x73b2, 0x52af, 0x426e, 0x52f0, 0x6bb2, 0x7c12, 0x5aed, 0x420a, 0x5aee,
0x8413, 0x94b7, 0xb5bb, 0xb5bb, 0xb5bb, 0xb5bb, 0xb5bb, 0xb5bb, 0xb5bb, 0xb5bb,
0xb5bb, 0xb5bb, 0xb5bb, 0xb5bb, 0xb5bb, 0xb5bb, 0xb5bb, 0xb5bb, 0xb5bb, 0xb5bb,
0xb5bb, 0xb5bb, 0xb5bb, 0xb5bb, 0xb5bb, 0xb5bb, 0xb5bb, 0xb5bb, 0xb5bb, 0xb5bb,
0xb5bb, 0xb5bb, 0xb5bb, 0xb5bb, 0xb5bb, 0xb5bb, 0xb5bb, 0xb5bb, 0xb5bb, 0xb5bb,
0xb5bb, 0xb5bb, 0xb5bb, 0xb5bb, 0xb5bb, 0xb5bb, 0xb5bb, 0xb5bb, 0xb5bb, 0xb5bb,
0xb5bb, 0xb5bb, 0xb5bb, 0xb5bb, 0xb5bb, 0xb5bb, 0xb5bb, 0xb5bb, 0xb5bb, 0xb5bb,
0xb5bb, 0xb5bb, 0xb5bb, 0xb5bb, 0xb5bb, 0xb5bb, 0xb5bb, 0xb5bb, 0xb5bb, 0xb5bb,
0xb5bb, 0xb5bb, 0xb5bb, 0xb5bb, 0xb5bb, 0xb5bb, 0xb5bb, 0xb5bb, 0xb5bb, 0xb5bb,
0xb5bb, 0xb5bb, 0xb5bb, 0xb5bb, 0xb5bb, 0xb5bb, 0xb5bb, 0xb5bb, 0xb5bb, 0xb5bb,
0xb5bb, 0xb5bb, 0xb5bb, 0xb5bb, 0xb5bb, 0xb5bb, 0xb5bb, 0xb5bb, 0xb5bb, 0xb5bb,
0xb5bb, 0xb5bb, 0xb5bb, 0xb5bb, 0xb5bb, 0xb5bb, 0xb5bb, 0xb5bb, 0xb5bb, 0xb5bb,
0xb5bb, 0xb5bb, 0xb5bb, 0xb5bb, 0xb5bb, 0xb5bb, 0xb5bb, 0xb5bb, 0xb5bb, 0xb5bb,
0xb5bb, 0xb5bb, 0xb5bb, 0xb5bb, 0xb5bb, 0xb5bb, 0xb5bb, 0xb5bb, 0xb5bb, 0xb5bb,
0xb5bb, 0xb5bb, 0xb5bb, 0xb5bb, 0xb5bb, 0xb5bb, 0xb5bb, 0xb5bb, 0xb5bb, 0xb5bb,
0xb5bb, 0xb5bb, 0xb5bb, 0xb5bb, 0xb5bb, 0xb5bb, 0xb5bb, 0xb5bb, 0xb5bb, 0xb5bb,
0xb5bb, 0xb5bb, 0xb5bb, 0xb5bb, 0xb5bb, 0xb5bb, 0xb5bb, 0xb5bb, 0xb5bb, 0xb5bb,
0xb5bb, 0xb5bb, 0xb5bb, 0xb5bb, 0xb5bb, 0xb5bb, 0xb5bb, 0xb5bb, 0xb5bb, 0xb5bb,
0xb5bb, 0xb5bb, 0xb5bb, 0xb5bb, 0xb5bb, 0xb5bb, 0xb5bb, 0xb5bb, 0x9497, 0x6350,
0x52cd, 0x422a, 0x39ea, 0x426d, 0x4aaf, 0x4ad0, 0x5b11, 0x6b93, 0x8c76, 0x9d18,
0xbdda, 0xce5c, 0xb599, 0x7394, 0x39b0, 0x20cd, 0x20eb, 0x294b, 0x31ae, 0x4211,
0x3a11, 0x31ce, 0x216a, 0x2148, 0x2968, 0x39e9, 0x424a, 0x4a4b, 0x4a4b, 0x4a4b,
0x424b, 0x424b, 0x424a, 0x424a, 0x424b, 0x424b, 0x4a6b, 0x528b, 0x528b, 0x528b,
0x528a, 0x528a, 0x528a, 0x528a, 0x5a8a, 0x5a8a, 0x5aaa, 0x5aca, 0x5acb, 0x5acb,
0x5acb, 0x5acb, 0x5acb, 0x5acb, 0x5acb, 0x5acb, 0x5acb, 0x5acb, 0x5acb, 0x5acb,
0x5acb, 0x62cb, 0x62cb, 0x62cb, 0x62cb, 0x62cb, 0x62cb, 0x62cc, 0x62cc, 0x62cc,

0x630d, 0x630d, 0x630d, 0x630d, 0x630d, 0x630d, 0x630d, 0x630d, 0x630d, 0x630d,
0x630c, 0x630c, 0x630c, 0x630c, 0x630c, 0x630c, 0x630c, 0x630c, 0x630c, 0x630c,
0x62ec, 0x630c, 0x630c, 0x62ec, 0x62cc, 0x62ac, 0x62cc, 0x62cc, 0x62cc, 0x62cc,
0x62cb, 0x62cb, 0x62cb, 0x62cb, 0x62cb, 0x62cb, 0x62cb, 0x62cb, 0x5acb, 0x52cb,
0x52cb, 0x5acb, 0x5acb, 0x5aca, 0x5289, 0x4a28, 0x39a7, 0x39ea, 0x630f, 0x6332,
0x4a51, 0x4212, 0x39f1, 0x318e, 0x318f, 0x3990, 0x312e, 0x39ac, 0x5aee, 0x8433,
0x8c96, 0x7bf5, 0x6332, 0x4a8f, 0x31ed, 0x52cf, 0x7c13, 0x636f, 0x4a4b, 0x5acd,
0x73d2, 0x8c96, 0xb5bb, 0xb5bb, 0xb5bb, 0xb5bb, 0xb5bb, 0xb5bb, 0xb5bb, 0xb5bb,
0xb5bb, 0xb5bb, 0xb5bb, 0xb5bb, 0xb5bb, 0xb5bb, 0xb5bb, 0xb5bb, 0xb5bb, 0xb5bb,
0xb5bb, 0xb5bb, 0xb5bb, 0xb5bb, 0xb5bb, 0xb5bb, 0xb5bb, 0xb5bb, 0xb5bb, 0xb5bb,
0xb5bb, 0xb5bb, 0xb5bb, 0xb5bb, 0xb5bb, 0xb5bb, 0xb5bb, 0xb5bb, 0xb5bb, 0xb5bb,
0xb5bb, 0xb5bb, 0xb5bb, 0xb5bb, 0xb5bb, 0xb5bb, 0xb5bb, 0xb5bb, 0xb5bb, 0xb5bb,
0xb5bb, 0xb5bb, 0xb5bb, 0xb5bb, 0xb5bb, 0xb5bb, 0xb5bb, 0xb5bb, 0xb5bb, 0xb5bb,
0xb5bb, 0xb5bb, 0xb5bb, 0xb5bb, 0xb5bb, 0xb5bb, 0xb5bb, 0xb5bb, 0xb5bb, 0xb5bb,
0xb5bb, 0xb5bb, 0xb5bb, 0xb5bb, 0xb5bb, 0xb5bb, 0xb5bb, 0xb5bb, 0xb5bb, 0xb5bb,
0xb5bb, 0xb5bb, 0xb5bb, 0xb5bb, 0xb5bb, 0xb5bb, 0xb5bb, 0xb5bb, 0xb5bb, 0xb5bb,
0xb5bb, 0xb5bb, 0xb5bb, 0xb5bb, 0xb5bb, 0xb5bb, 0xb5bb, 0xb5bb, 0xb5bb, 0xb5bb,
0xb5bb, 0xb5bb, 0xb5bb, 0xb5bb, 0xb5bb, 0xb5bb, 0xb5bb, 0xb5bb, 0xb5bb, 0xb5bb,
0xb5bb, 0xb5bb, 0xb5bb, 0xb5bb, 0xb5bb, 0xb5bb, 0xb5bb, 0xb5bb, 0xb5bb, 0xb5bb,
0xb5bb, 0xb5bb, 0xb5bb, 0xb5bb, 0xb5bb, 0xb5bb, 0xb5bb, 0xb5bb, 0xb5bb, 0xb5bb,
0xb5bb, 0xb5bb, 0xb5bb, 0xb5bb, 0xb5bb, 0xb5bb, 0xb5bb, 0xb5bb, 0xb5bb, 0xb5bb,
0xb5bb, 0xb5bb, 0xb5bb, 0xb5bb, 0xb5bb, 0xb5bb, 0xb5bb, 0xb5bb, 0xb5bb, 0xb5bb,
0xb5bb, 0xb5bb, 0xb5bb, 0xb5bb, 0xb5bb, 0xb5bb, 0xb5bb, 0xb5bb, 0xb5bb, 0xb5bb,
0xb5bb, 0xb5bb, 0xb5bb, 0xb5bb, 0xb5bb, 0xb5bb, 0xb5bb, 0xb5bb, 0xb5bb, 0xb5bb,
0xb5bb, 0xb5bb, 0xb5bb, 0xb5bb, 0xb5bb, 0xb5bb, 0xb5bb, 0xb5bb, 0x94b7, 0x73b2,
0x6b70, 0x528c, 0x31a8, 0x31a8, 0x3a2c, 0x52d0, 0x6331, 0x6b72, 0x7415, 0x8c97,
0xad79, 0xc61b, 0xad79, 0x7394, 0x41b1, 0x28cd, 0x28eb, 0x294b, 0x31ae, 0x4211,
0x3a11, 0x31ce, 0x216a, 0x2148, 0x2968, 0x39e9, 0x424a, 0x4a4b, 0x4a4b, 0x4a4b,
0x424b, 0x424b, 0x422a, 0x424a, 0x424b, 0x424b, 0x4a4b, 0x528b, 0x528b, 0x528a,
0x528a, 0x528a, 0x528a, 0x5a8a, 0x5a8a, 0x5a8a, 0x5aaa, 0x5aca, 0x5acb, 0x5acb,
0x5aca, 0x5acb, 0x5acb, 0x5acb, 0x5acb, 0x5acb, 0x5acb, 0x5acb, 0x5acb, 0x5acb,
0x5acb, 0x62cb, 0x62cb, 0x62cb, 0x62cb, 0x62ca, 0x62cb, 0x62cc, 0x62cc, 0x62cc,

0x630d, 0x630d, 0x630d, 0x630d, 0x630d, 0x630d, 0x630d, 0x630d, 0x630d, 0x630c,
0x630c, 0x630c, 0x630c, 0x630c, 0x630c, 0x630c, 0x630c, 0x630c, 0x630c, 0x62cc,
0x62cc, 0x62cc, 0x62cc, 0x62cc, 0x62cc, 0x62cc, 0x62cc, 0x62cc, 0x62cc, 0x62cb,
0x62cb, 0x62cb, 0x62cb, 0x62cb, 0x62cb, 0x62cb, 0x62cb, 0x62cb, 0x5acb, 0x5acb,
0x5acb, 0x5acb, 0x5acb, 0x5aaa, 0x5269, 0x4a28, 0x39a7, 0x39ea, 0x630f, 0x6332,
0x4a51, 0x4212, 0x39f1, 0x318e, 0x318f, 0x3990, 0x312e, 0x39ad, 0x5aef, 0x8413,
0x8c76, 0x7c15, 0x6373, 0x52d0, 0x31ed, 0x4a6f, 0x73b3, 0x6b90, 0x4aab, 0x528c,
0x6350, 0x7c14, 0xb5bb, 0xb5bb, 0xb5bb, 0xb5bb, 0xb5bb, 0xb5bb, 0xb5bb, 0xb5bb,
0xb5bb, 0xb5bb, 0xb5bb, 0xb5bb, 0xb5bb, 0xb5bb, 0xb5bb, 0xb5bb, 0xb5bb, 0xb5bb,
0xb5bb, 0xb5bb, 0xb5bb, 0xb5bb, 0xb5bb, 0xb5bb, 0xb5bb, 0xb5bb, 0xb5bb, 0xb5bb,
0xb5bb, 0xb5bb, 0xb5bb, 0xb5bb, 0xb5bb, 0xb5bb, 0xb5bb, 0xb5bb, 0xb5bb, 0xb5bb,
0xb5bb, 0xb5bb, 0xb5bb, 0xb5bb, 0xb5bb, 0xb5bb, 0xb5bb, 0xb5bb, 0xb5bb, 0xb5bb,
0xb5bb, 0xb5bb, 0xb5bb, 0xb5bb, 0xb5bb, 0xb5bb, 0xb5bb, 0xb5bb, 0xb5bb, 0xb5bb,
0xb5bb, 0xb5bb, 0xb5bb, 0xb5bb, 0xb5bb, 0xb5bb, 0xb5bb, 0xb5bb, 0xb5bb, 0xb5bb,
0xb5bb, 0xb5bb, 0xb5bb, 0xb5bb, 0xb5bb, 0xb5bb, 0xb5bb, 0xb5bb, 0xb5bb, 0xb5bb,
0xb5bb, 0xb5bb, 0xb5bb, 0xb5bb, 0xb5bb, 0xb5bb, 0xb5bb, 0xb5bb, 0xb5bb, 0xb5bb,
0xb5bb, 0xb5bb, 0xb5bb, 0xb5bb, 0xb5bb, 0xb5bb, 0xb5bb, 0xb5bb, 0xb5bb, 0xb5bb,
0xb5bb, 0xb5bb, 0xb5bb, 0xb5bb, 0xb5bb, 0xb5bb, 0xb5bb, 0xb5bb, 0xb5bb, 0xb5bb,
0xb5bb, 0xb5bb, 0xb5bb, 0xb5bb, 0xb5bb, 0xb5bb, 0xb5bb, 0xb5bb, 0xb5bb, 0xb5bb,
0xb5bb, 0xb5bb, 0xb5bb, 0xb5bb, 0xb5bb, 0xb5bb, 0xb5bb, 0xb5bb, 0xb5bb, 0xb5bb,
0xb5bb, 0xb5bb, 0xb5bb, 0xb5bb, 0xb5bb, 0xb5bb, 0xb5bb, 0xb5bb, 0xb5bb, 0xb5bb,
0xb5bb, 0xb5bb, 0xb5bb, 0xb5bb, 0xb5bb, 0xb5bb, 0xb5bb, 0xb5bb, 0xb5bb, 0xb5bb,
0xb5bb, 0xb5bb, 0xb5bb, 0xb5bb, 0xb5bb, 0xb5bb, 0xb5bb, 0xb5bb, 0xb5bb, 0xb5bb,
0xb5bb, 0xb5bb, 0xb5bb, 0xb5bb, 0xb5bb, 0xb5bb, 0xb5bb, 0xb5bb, 0xb5bb, 0xb5bb,
0xb5bb, 0xb5bb, 0xb5bb, 0xb5bb, 0xb5bb, 0xb5bb, 0xb5bb, 0xb5bb, 0x9cd7, 0x7bf3,
0x73b3, 0x5aee, 0x39e8, 0x2105, 0x2967, 0x4a8c, 0x6331, 0x6b72, 0x73d3, 0x8435,
0xa519, 0xb5ba, 0xa518, 0x7354, 0x41b1, 0x28ce, 0x28eb, 0x294b, 0x31ae, 0x4211,
0x3a12, 0x31ce, 0x216a, 0x2148, 0x2968, 0x39e9, 0x424a, 0x4a4b, 0x4a4b, 0x4a4b,
0x424b, 0x424b, 0x420a, 0x422a, 0x424a, 0x424b, 0x4a6b, 0x528b, 0x528b, 0x528b,
0x528a, 0x528a, 0x528a, 0x5a8a, 0x5a8a, 0x5a8a, 0x5aaa, 0x5aca, 0x5acb, 0x5aca,
0x5aca, 0x5acb, 0x5acb, 0x5acb, 0x5acb, 0x5acb, 0x5acb, 0x5acb, 0x5acb, 0x5acb,
0x5acb, 0x5acb, 0x5acb, 0x62cb, 0x62cb, 0x62cb, 0x62cb, 0x62cc, 0x62cc, 0x62cc,

0x630d, 0x630d, 0x630d, 0x630d, 0x630d, 0x630d, 0x630d, 0x630d, 0x630c, 0x630c,
0x630c, 0x630c, 0x630c, 0x630c, 0x630c, 0x630c, 0x630c, 0x630c, 0x630c, 0x62cc,
0x62cc, 0x62cc, 0x62cc, 0x62cc, 0x62cc, 0x62cc, 0x62cc, 0x62cc, 0x62cb, 0x62cb,
0x62cb, 0x62cb, 0x62cb, 0x62cb, 0x62cb, 0x62cb, 0x62cb, 0x62cb, 0x5acb, 0x5acb,
0x5acb, 0x5acb, 0x5acb, 0x5aaa, 0x5269, 0x4a28, 0x39a7, 0x39ea, 0x630f, 0x6332,
0x4a51, 0x4212, 0x39f1, 0x318e, 0x316f, 0x3150, 0x290e, 0x39cd, 0x632f, 0x8433,
0x9496, 0x8c76, 0x7bf4, 0x6331, 0x3a2e, 0x424f, 0x6b52, 0x6b91, 0x5b2e, 0x528c,
0x5acf, 0x73b2, 0xb5bb, 0xb5bb, 0xb5bb, 0xb5bb, 0xb5bb, 0xb5bb, 0xb5bb, 0xb5bb,
0xb5bb, 0xb5bb, 0xb5bb, 0xb5bb, 0xb5bb, 0xb5bb, 0xb5bb, 0xb5bb, 0xb5bb, 0xb5bb,
0xb5bb, 0xb5bb, 0xb5bb, 0xb5bb, 0xb5bb, 0xb5bb, 0xb5bb, 0xb5bb, 0xb5bb, 0xb5bb,
0xb5bb, 0xb5bb, 0xb5bb, 0xb5bb, 0xb5bb, 0xb5bb, 0xb5bb, 0xb5bb, 0xb5bb, 0xb5bb,
0xb5bb, 0xb5bb, 0xb5bb, 0xb5bb, 0xb5bb, 0xb5bb, 0xb5bb, 0xb5bb, 0xb5bb, 0xb5bb,
0xb5bb, 0xb5bb, 0xb5bb, 0xb5bb, 0xb5bb, 0xb5bb, 0xb5bb, 0xb5bb, 0xb5bb, 0xb5bb,
0xb5bb, 0xb5bb, 0xb5bb, 0xb5bb, 0xb5bb, 0xb5bb, 0xb5bb, 0xb5bb, 0xb5bb, 0xb5bb,
0xb5bb, 0xb5bb, 0xb5bb, 0xb5bb, 0xb5bb, 0xb5bb, 0xb5bb, 0xb5bb, 0xb5bb, 0xb5bb,
0xb5bb, 0xb5bb, 0xb5bb, 0xb5bb, 0xb5bb, 0xb5bb, 0xb5bb, 0xb5bb, 0xb5bb, 0xb5bb,
0xb5bb, 0xb5bb, 0xb5bb, 0xb5bb, 0xb5bb, 0xb5bb, 0xb5bb, 0xb5bb, 0xb5bb, 0xb5bb,
0xb5bb, 0xb5bb, 0xb5bb, 0xb5bb, 0xb5bb, 0xb5bb, 0xb5bb, 0xb5bb, 0xb5bb, 0xb5bb,
0xb5bb, 0xb5bb, 0xb5bb, 0xb5bb, 0xb5bb, 0xb5bb, 0xb5bb, 0xb5bb, 0xb5bb, 0xb5bb,
0xb5bb, 0xb5bb, 0xb5bb, 0xb5bb, 0xb5bb, 0xb5bb, 0xb5bb, 0xb5bb, 0xb5bb, 0xb5bb,
0xb5bb, 0xb5bb, 0xb5bb, 0xb5bb, 0xb5bb, 0xb5bb, 0xb5bb, 0xb5bb, 0xb5bb, 0xb5bb,
0xb5bb, 0xb5bb, 0xb5bb, 0xb5bb, 0xb5bb, 0xb5bb, 0xb5bb, 0xb5bb, 0xb5bb, 0xb5bb,
0xb5bb, 0xb5bb, 0xb5bb, 0xb5bb, 0xb5bb, 0xb5bb, 0xb5bb, 0xb5bb, 0xb5bb, 0xb5bb,
0xb5bb, 0xb5bb, 0xb5bb, 0xb5bb, 0xb5bb, 0xb5bb, 0xb5bb, 0xb5bb, 0xb5bb, 0xb5bb,
0xb5bb, 0xb5bb, 0xb5bb, 0xb5bb, 0xb5bb, 0xb5bb, 0xb5bb, 0xb5bb, 0xa518, 0x8434,
0x7391, 0x5aee, 0x4a6b, 0x41e9, 0x2987, 0x2987, 0x426c, 0x6331, 0x73d4, 0x8435,
0x94d7, 0xad78, 0x9cf7, 0x6b53, 0x41d0, 0x290e, 0x28eb, 0x292b, 0x31ae, 0x4211,
0x3a12, 0x31ce, 0x216a, 0x2148, 0x2968, 0x39e9, 0x424a, 0x4a4b, 0x4a4b, 0x4a4b,
0x424b, 0x424b, 0x420a, 0x422a, 0x424a, 0x424b, 0x4a6b, 0x528b, 0x528b, 0x528b,
0x528a, 0x528a, 0x528a, 0x528a, 0x528a, 0x5a8a, 0x5aaa, 0x5aca, 0x5aca, 0x5aca,
0x5aca, 0x5acb, 0x5acb, 0x5acb, 0x5acb, 0x5acb, 0x5acb, 0x5acb, 0x5acb, 0x5acb,
0x5acb, 0x5acb, 0x5acb, 0x62cb, 0x62cb, 0x62cb, 0x62cb, 0x62cb, 0x62cb, 0x62cc,

0x630c, 0x630c, 0x630c, 0x630d, 0x630d, 0x630c, 0x630c, 0x630c, 0x630c, 0x630c,
0x630c, 0x630c, 0x630c, 0x630c, 0x630c, 0x630c, 0x630c, 0x630c, 0x630c, 0x62cc,
0x62ac, 0x62cc, 0x62cc, 0x62cc, 0x62cc, 0x62ac, 0x62cc, 0x62cc, 0x62cc, 0x62cb,
0x62cb, 0x62cb, 0x62cb, 0x62cb, 0x62cb, 0x62cb, 0x62cb, 0x62cb, 0x5acb, 0x52cb,
0x52cb, 0x5acb, 0x5acb, 0x5aaa, 0x5269, 0x4a28, 0x39a7, 0x39ea, 0x630f, 0x6332,
0x4a51, 0x4212, 0x39f1, 0x318e, 0x296f, 0x2930, 0x290e, 0x39cd, 0x6b50, 0x9495,
0xa518, 0x9cd7, 0x8c55, 0x7393, 0x4a8f, 0x426f, 0x5b31, 0x6b91, 0x634e, 0x528c,
0x5aae, 0x6b71, 0xb5bb, 0xb5bb, 0xb5bb, 0xb5bb, 0xb5bb, 0xb5bb, 0xb5bb, 0xb5bb,
0xb5bb, 0xb5bb, 0xb5bb, 0xb5bb, 0xb5bb, 0xb5bb, 0xb5bb, 0xb5bb, 0xb5bb, 0xb5bb,
0xb5bb, 0xb5bb, 0xb5bb, 0xb5bb, 0xb5bb, 0xb5bb, 0xb5bb, 0xb5bb, 0xb5bb, 0xb5bb,
0xb5bb, 0xb5bb, 0xb5bb, 0xb5bb, 0xb5bb, 0xb5bb, 0xb5bb, 0xb5bb, 0xb5bb, 0xb5bb,
0xb5bb, 0xb5bb, 0xb5bb, 0xb5bb, 0xb5bb, 0xb5bb, 0xb5bb, 0xb5bb, 0xb5bb, 0xb5bb,
0xb5bb, 0xb5bb, 0xb5bb, 0xb5bb, 0xb5bb, 0xb5bb, 0xb5bb, 0xb5bb, 0xb5bb, 0xb5bb,
0xb5bb, 0xb5bb, 0xb5bb, 0xb5bb, 0xb5bb, 0xb5bb, 0xb5bb, 0xb5bb, 0xb5bb, 0xb5bb,
0xb5bb, 0xb5bb, 0xb5bb, 0xb5bb, 0xb5bb, 0xb5bb, 0xb5bb, 0xb5bb, 0xb5bb, 0xb5bb,
0xb5bb, 0xb5bb, 0xb5bb, 0xb5bb, 0xb5bb, 0xb5bb, 0xb5bb, 0xb5bb, 0xb5bb, 0xb5bb,
0xb5bb, 0xb5bb, 0xb5bb, 0xb5bb, 0xb5bb, 0xb5bb, 0xb5bb, 0xb5bb, 0xb5bb, 0xb5bb,
0xb5bb, 0xb5bb, 0xb5bb, 0xb5bb, 0xb5bb, 0xb5bb, 0xb5bb, 0xb5bb, 0xb5bb, 0xb5bb,
0xb5bb, 0xb5bb, 0xb5bb, 0xb5bb, 0xb5bb, 0xb5bb, 0xb5bb, 0xb5bb, 0xb5bb, 0xb5bb,
0xb5bb, 0xb5bb, 0xb5bb, 0xb5bb, 0xb5bb, 0xb5bb, 0xb5bb, 0xb5bb, 0xb5bb, 0xb5bb,
0xb5bb, 0xb5bb, 0xb5bb, 0xb5bb, 0xb5bb, 0xb5bb, 0xb5bb, 0xb5bb, 0xb5bb, 0xb5bb,
0xb5bb, 0xb5bb, 0xb5bb, 0xb5bb, 0xb5bb, 0xb5bb, 0xb5bb, 0xb5bb, 0xb5bb, 0xb5bb,
0xb5bb, 0xb5bb, 0xb5bb, 0xb5bb, 0xb5bb, 0xb5bb, 0xb5bb, 0xb5bb, 0xb5bb, 0xb5bb,
0xb5bb, 0xb5bb, 0xb5bb, 0xb5bb, 0xb5bb, 0xb5bb, 0xb5bb, 0xb5bb, 0xb5bb, 0xb5bb,
0xb5bb, 0xb5bb, 0xb5bb, 0xb5bb, 0xb5bb, 0xb5bb, 0xb5bb, 0xb5bb, 0xa539, 0x8435,
0x6b70, 0x52ac, 0x5acd, 0x73b0, 0x632e, 0x39e9, 0x31e9, 0x52ce, 0x7393, 0x8415,
0x8c96, 0xa558, 0x9cd7, 0x6b33, 0x41d0, 0x290e, 0x28eb, 0x292b, 0x31ae, 0x4211,
0x3a11, 0x31ce, 0x216a, 0x2148, 0x2968, 0x39e9, 0x424a, 0x4a4b, 0x4a4b, 0x4a4b,
0x424b, 0x422b, 0x420a, 0x422a, 0x424a, 0x424b, 0x4a6b, 0x528b, 0x528b, 0x528b,
0x528a, 0x528a, 0x528a, 0x528a, 0x528a, 0x5a8a, 0x5aaa, 0x5aca, 0x5aca, 0x5aca,
0x5aca, 0x5acb, 0x5acb, 0x5acb, 0x5acb, 0x5acb, 0x5acb, 0x52cb, 0x5acb, 0x5acb,
0x5acb, 0x5acb, 0x62cb, 0x62cb, 0x62cb, 0x62cb, 0x62cb, 0x62cb, 0x62cb, 0x62cc,

0x630c, 0x630c, 0x630c, 0x630d, 0x630c, 0x630c, 0x630c, 0x630c, 0x630c, 0x630c,
0x630c, 0x630c, 0x630c, 0x630c, 0x630c, 0x630c, 0x630c, 0x630c, 0x630c, 0x62ec,
0x62cc, 0x62ec, 0x62ec, 0x62ec, 0x62ec, 0x62cc, 0x62cc, 0x62cc, 0x62cc, 0x62cc,
0x62cb, 0x62cb, 0x62cb, 0x62cb, 0x62cb, 0x62cb, 0x62cb, 0x62cb, 0x5acb, 0x5acb,
0x5acb, 0x5acb, 0x5acb, 0x5aaa, 0x5269, 0x4a28, 0x39a7, 0x39ea, 0x630f, 0x6332,
0x4a51, 0x4212, 0x39f1, 0x318e, 0x316f, 0x3150, 0x290e, 0x39cd, 0x6b71, 0x9cf6,
0xb599, 0xa538, 0x9496, 0x7bf4, 0x52f0, 0x4aaf, 0x6351, 0x6b91, 0x632e, 0x52ac,
0x52ad, 0x6b51, 0xb5bb, 0xb5bb, 0xb5bb, 0xb5bb, 0xb5bb, 0xb5bb, 0xb5bb, 0xb5bb,
0xb5bb, 0xb5bb, 0xb5bb, 0xb5bb, 0xb5bb, 0xb5bb, 0xb5bb, 0xb5bb, 0xb5bb, 0xb5bb,
0xb5bb, 0xb5bb, 0xb5bb, 0xb5bb, 0xb5bb, 0xb5bb, 0xb5bb, 0xb5bb, 0xb5bb, 0xb5bb,
0xb5bb, 0xb5bb, 0xb5bb, 0xb5bb, 0xb5bb, 0xb5bb, 0xb5bb, 0xb5bb, 0xb5bb, 0xb5bb,
0xb5bb, 0xb5bb, 0xb5bb, 0xb5bb, 0xb5bb, 0xb5bb, 0xb5bb, 0xb5bb, 0xb5bb, 0xb5bb,
0xb5bb, 0xb5bb, 0xb5bb, 0xb5bb, 0xb5bb, 0xb5bb, 0xb5bb, 0xb5bb, 0xb5bb, 0xb5bb,
0xb5bb, 0xb5bb, 0xb5bb, 0xb5bb, 0xb5bb, 0xb5bb, 0xb5bb, 0xb5bb, 0xb5bb, 0xb5bb,
0xb5bb, 0xb5bb, 0xb5bb, 0xb5bb, 0xb5bb, 0xb5bb, 0xb5bb, 0xb5bb, 0xb5bb, 0xb5bb,
0xb5bb, 0xb5bb, 0xb5bb, 0xb5bb, 0xb5bb, 0xb5bb, 0xb5bb, 0xb5bb, 0xb5bb, 0xb5bb,
0xb5bb, 0xb5bb, 0xb5bb, 0xb5bb, 0xb5bb, 0xb5bb, 0xb5bb, 0xb5bb, 0xb5bb, 0xb5bb,
0xb5bb, 0xb5bb, 0xb5bb, 0xb5bb, 0xb5bb, 0xb5bb, 0xb5bb, 0xb5bb, 0xb5bb, 0xb5bb,
0xb5bb, 0xb5bb, 0xb5bb, 0xb5bb, 0xb5bb, 0xb5bb, 0xb5bb, 0xb5bb, 0xb5bb, 0xb5bb,
0xb5bb, 0xb5bb, 0xb5bb, 0xb5bb, 0xb5bb, 0xb5bb, 0xb5bb, 0xb5bb, 0xb5bb, 0xb5bb,
0xb5bb, 0xb5bb, 0xb5bb, 0xb5bb, 0xb5bb, 0xb5bb, 0xb5bb, 0xb5bb, 0xb5bb, 0xb5bb,
0xb5bb, 0xb5bb, 0xb5bb, 0xb5bb, 0xb5bb, 0xb5bb, 0xb5bb, 0xb5bb, 0xb5bb, 0xb5bb,
0xb5bb, 0xb5bb, 0xb5bb, 0xb5bb, 0xb5bb, 0xb5bb, 0xb5bb, 0xb5bb, 0xb5bb, 0xb5bb,
0xb5bb, 0xb5bb, 0xb5bb, 0xb5bb, 0xb5bb, 0xb5bb, 0xb5bb, 0xb5bb, 0xb5bb, 0xb5bb,
0xb5bb, 0xb5bb, 0xb5bb, 0xb5bb, 0xb5bb, 0xb5bb, 0xb5bb, 0xb5bb, 0xa539, 0x8435,
0x632f, 0x4a4b, 0x52ac, 0x7bf1, 0x8c33, 0x6b4f, 0x4a8b, 0x4a8b, 0x6350, 0x7bf4,
0x9497, 0xa538, 0x9496, 0x6b13, 0x41d0, 0x290e, 0x28eb, 0x292b, 0x31ae, 0x4211,
0x3a12, 0x31ce, 0x216a, 0x2148, 0x2968, 0x39e9, 0x424a, 0x4a4b, 0x4a4b, 0x4a4b,
0x424b, 0x424b, 0x422a, 0x422a, 0x424a, 0x424b, 0x4a6b, 0x528b, 0x528b, 0x528b,
0x528a, 0x528a, 0x528a, 0x5a8a, 0x5a8a, 0x5a8a, 0x5aaa, 0x5aca, 0x5aca, 0x5aca,
0x5acb, 0x5acb, 0x5acb, 0x5acb, 0x5acb, 0x5acb, 0x5acb, 0x5acb, 0x5acb, 0x62cb,
0x62cb, 0x62cb, 0x62cb, 0x62cb, 0x62cb, 0x62cb, 0x62cb, 0x62cb, 0x62cb, 0x62cc,

0x630c, 0x630c, 0x630c, 0x630c, 0x630c, 0x630c, 0x630c, 0x630c, 0x630c, 0x630c,
0x630c, 0x630c, 0x630c, 0x630c, 0x630c, 0x630c, 0x630c, 0x630c, 0x630c, 0x630c,
0x630c, 0x630c, 0x630c, 0x630c, 0x630c, 0x630c, 0x630c, 0x62ec, 0x62cc, 0x62cc,
0x62cb, 0x62cb, 0x62cb, 0x62cb, 0x62cb, 0x62cb, 0x62cb, 0x62cb, 0x62cb, 0x62cb,
0x62cb, 0x5acb, 0x5acb, 0x5aea, 0x5aa9, 0x4a28, 0x39a7, 0x39ea, 0x630f, 0x6332,
0x4a51, 0x4212, 0x39f1, 0x318e, 0x316f, 0x3130, 0x290e, 0x41ed, 0x73b1, 0xa536,
0xbdda, 0xb59a, 0x9d18, 0x8456, 0x5b12, 0x52f1, 0x6b92, 0x73b1, 0x632e, 0x52ac,
0x52ad, 0x6310, 0xb5bb, 0xb5bb, 0xb5bb, 0xb5bb, 0xb5bb, 0xb5bb, 0xb5bb, 0xb5bb,
0xb5bb, 0xb5bb, 0xb5bb, 0xb5bb, 0xb5bb, 0xb5bb, 0xb5bb, 0xb5bb, 0xb5bb, 0xb5bb,
0xb5bb, 0xb5bb, 0xb5bb, 0xb5bb, 0xb5bb, 0xb5bb, 0xb5bb, 0xb5bb, 0xb5bb, 0xb5bb,
0xb5bb, 0xb5bb, 0xb5bb, 0xb5bb, 0xb5bb, 0xb5bb, 0xb5bb, 0xb5bb, 0xb5bb, 0xb5bb,
0xb5bb, 0xb5bb, 0xb5bb, 0xb5bb, 0xb5bb, 0xb5bb, 0xb5bb, 0xb5bb, 0xb5bb, 0xb5bb,
0xb5bb, 0xb5bb, 0xb5bb, 0xb5bb, 0xb5bb, 0xb5bb, 0xb5bb, 0xb5bb, 0xb5bb, 0xb5bb,
0xb5bb, 0xb5bb, 0xb5bb, 0xb5bb, 0xb5bb, 0xb5bb, 0xb5bb, 0xb5bb, 0xb5bb, 0xb5bb,
0xb5bb, 0xb5bb, 0xb5bb, 0xb5bb, 0xb5bb, 0xb5bb, 0xb5bb, 0xb5bb, 0xb5bb, 0xb5bb,
0xb5bb, 0xb5bb, 0xb5bb, 0xb5bb, 0xb5bb, 0xb5bb, 0xb5bb, 0xb5bb, 0xb5bb, 0xb5bb,
0xb5bb, 0xb5bb, 0xb5bb, 0xb5bb, 0xb5bb, 0xb5bb, 0xb5bb, 0xb5bb, 0xb5bb, 0xb5bb,
0xb5bb, 0xb5bb, 0xb5bb, 0xb5bb, 0xb5bb, 0xb5bb, 0xb5bb, 0xb5bb, 0xb5bb, 0xb5bb,
0xb5bb, 0xb5bb, 0xb5bb, 0xb5bb, 0xb5bb, 0xb5bb, 0xb5bb, 0xb5bb, 0xb5bb, 0xb5bb,
0xb5bb, 0xb5bb, 0xb5bb, 0xb5bb, 0xb5bb, 0xb5bb, 0xb5bb, 0xb5bb, 0xb5bb, 0xb5bb,
0xb5bb, 0xb5bb, 0xb5bb, 0xb5bb, 0xb5bb, 0xb5bb, 0xb5bb, 0xb5bb, 0xb5bb, 0xb5bb,
0xb5bb, 0xb5bb, 0xb5bb, 0xb5bb, 0xb5bb, 0xb5bb, 0xb5bb, 0xb5bb, 0xb5bb, 0xb5bb,
0xb5bb, 0xb5bb, 0xb5bb, 0xb5bb, 0xb5bb, 0xb5bb, 0xb5bb, 0xb5bb, 0xb5bb, 0xb5bb,
0xb5bb, 0xb5bb, 0xb5bb, 0xb5bb, 0xb5bb, 0xb5bb, 0xb5bb, 0xb5bb, 0xb5bb, 0xb5bb,
0xb5bb, 0xb5bb, 0xb5bb, 0xb5bb, 0xb5bb, 0xb5bb, 0xb5bb, 0xb5bb, 0xad59, 0x8414,
0x5ace, 0x3a0a, 0x3a0a, 0x4a8d, 0x6b72, 0x7c33, 0x6b8f, 0x52ec, 0x5b2e, 0x7bf3,
0x9cd7, 0xa518, 0x8c76, 0x6b13, 0x41d0, 0x290e, 0x28eb, 0x292b, 0x31ae, 0x4211,
0x3a12, 0x31ce, 0x216a, 0x2148, 0x2968, 0x39e9, 0x424a, 0x4a4b, 0x4a4b, 0x4a4b,
0x4a4b, 0x4a4b, 0x424a, 0x424a, 0x424a, 0x424b, 0x4a6b, 0x528b, 0x528b, 0x528b,
0x528a, 0x528a, 0x528a, 0x5a8a, 0x5a8a, 0x5a8a, 0x5aaa, 0x5aca, 0x5aca, 0x5aca,
0x5acb, 0x5acb, 0x5acb, 0x5acb, 0x5acb, 0x5acb, 0x5acb, 0x5acb, 0x62cb, 0x62cb,
0x62cb, 0x62cb, 0x62cb, 0x62cb, 0x62cb, 0x62cb, 0x62cb, 0x62cb, 0x62cb, 0x62cc,

0x630c, 0x630c, 0x630c, 0x630c, 0x630c, 0x630c, 0x630c, 0x630c, 0x630c, 0x630c,
0x630c, 0x630c, 0x630c, 0x630c, 0x630c, 0x630c, 0x630c, 0x630c, 0x630c, 0x630c,
0x630c, 0x630c, 0x632c, 0x632c, 0x632c, 0x632c, 0x630c, 0x62ec, 0x62cc, 0x62cc,
0x62cb, 0x62cb, 0x62cb, 0x62cb, 0x62cb, 0x62cb, 0x62cb, 0x62cb, 0x62cb, 0x62cb,
0x62cb, 0x62cb, 0x5acb, 0x5aea, 0x5aa9, 0x4a28, 0x39a7, 0x39ea, 0x630f, 0x6332,
0x4a51, 0x4212, 0x39f1, 0x318e, 0x316f, 0x3130, 0x290e, 0x41ed, 0x7bf1, 0xad57,
0xbdfb, 0xbdbb, 0xa539, 0x8497, 0x6353, 0x5312, 0x6b73, 0x73d2, 0x6b6f, 0x52ac,
0x528d, 0x6310, 0xb5bb, 0xb5bb, 0xb5bb, 0xb5bb, 0xb5bb, 0xb5bb, 0xb5bb, 0xb5bb,
0xb5bb, 0xb5bb, 0xb5bb, 0xb5bb, 0xb5bb, 0xb5bb, 0xb5bb, 0xb5bb, 0xb5bb, 0xb5bb,
0xb5bb, 0xb5bb, 0xb5bb, 0xb5bb, 0xb5bb, 0xb5bb, 0xb5bb, 0xb5bb, 0xb5bb, 0xb5bb,
0xb5bb, 0xb5bb, 0xb5bb, 0xb5bb, 0xb5bb, 0xb5bb, 0xb5bb, 0xb5bb, 0xb5bb, 0xb5bb,
0xb5bb, 0xb5bb, 0xb5bb, 0xb5bb, 0xb5bb, 0xb5bb, 0xb5bb, 0xb5bb, 0xb5bb, 0xb5bb,
0xb5bb, 0xb5bb, 0xb5bb, 0xb5bb, 0xb5bb, 0xb5bb, 0xb5bb, 0xb5bb, 0xb5bb, 0xb5bb,
0xb5bb, 0xb5bb, 0xb5bb, 0xb5bb, 0xb5bb, 0xb5bb, 0xb5bb, 0xb5bb, 0xb5bb, 0xb5bb,
0xb5bb, 0xb5bb, 0xb5bb, 0xb5bb, 0xb5bb, 0xb5bb, 0xb5bb, 0xb5bb, 0xb5bb, 0xb5bb,
0xb5bb, 0xb5bb, 0xb5bb, 0xb5bb, 0xb5bb, 0xb5bb, 0xb5bb, 0xb5bb, 0xb5bb, 0xb5bb,
0xb5bb, 0xb5bb, 0xb5bb, 0xb5bb, 0xb5bb, 0xb5bb, 0xb5bb, 0xb5bb, 0xb5bb, 0xb5bb,
0xb5bb, 0xb5bb, 0xb5bb, 0xb5bb, 0xb5bb, 0xb5bb, 0xb5bb, 0xb5bb, 0xb5bb, 0xb5bb,
0xb5bb, 0xb5bb, 0xb5bb, 0xb5bb, 0xb5bb, 0xb5bb, 0xb5bb, 0xb5bb, 0xb5bb, 0xb5bb,
0xb5bb, 0xb5bb, 0xb5bb, 0xb5bb, 0xb5bb, 0xb5bb, 0xb5bb, 0xb5bb, 0xb5bb, 0xb5bb,
0xb5bb, 0xb5bb, 0xb5bb, 0xb5bb, 0xb5bb, 0xb5bb, 0xb5bb, 0xb5bb, 0xb5bb, 0xb5bb,
0xb5bb, 0xb5bb, 0xb5bb, 0xb5bb, 0xb5bb, 0xb5bb, 0xb5bb, 0xb5bb, 0xb5bb, 0xb5bb,
0xb5bb, 0xb5bb, 0xb5bb, 0xb5bb, 0xb5bb, 0xb5bb, 0xb5bb, 0xb5bb, 0xb5bb, 0xb5bb,
0xb5bb, 0xb5bb, 0xb5bb, 0xb5bb, 0xb5bb, 0xb5bb, 0xb5bb, 0xb5bb, 0xb5bb, 0xb5bb,
0xb5bb, 0xb5bb, 0xb5bb, 0xb5bb, 0xb5bb, 0xb5bb, 0xb5bb, 0xb5bb, 0xa4f8, 0x73b2,
0x52cd, 0x426b, 0x422b, 0x31cc, 0x428f, 0x6bb3, 0x7bf2, 0x73b0, 0x6b90, 0x7bd3,
0x9497, 0x9cf7, 0x8c76, 0x6b13, 0x41d0, 0x290e, 0x28eb, 0x292b, 0x31ae, 0x4211,
0x3a11, 0x31ce, 0x216a, 0x2148, 0x2968, 0x39e9, 0x424a, 0x4a4b, 0x4a4b, 0x4a4b,
0x4a4b, 0x4a4a, 0x424a, 0x4249, 0x424a, 0x4a4b, 0x4a6b, 0x4a8b, 0x4a8b, 0x528b,
0x528b, 0x528a, 0x528a, 0x5a8a, 0x5a8a, 0x5a8a, 0x5aaa, 0x5aca, 0x5aca, 0x5aca,
0x5acb, 0x5acb, 0x5acb, 0x5acb, 0x5acb, 0x5acb, 0x5acb, 0x5acb, 0x5acb, 0x62cb,
0x62cb, 0x62cb, 0x62cb, 0x62cb, 0x62cb, 0x62cb, 0x62cb, 0x62cb, 0x62cb, 0x62cc,

0x630c, 0x630c, 0x630c, 0x630c, 0x630c, 0x630c, 0x630c, 0x630c, 0x630c, 0x630c,
0x630c, 0x630c, 0x630c, 0x630c, 0x630c, 0x630c, 0x630c, 0x630c, 0x630c, 0x630c,
0x630c, 0x630c, 0x630c, 0x62ec, 0x62ec, 0x62ec, 0x62ec, 0x62cc, 0x62cc, 0x62cc,
0x62cb, 0x62cb, 0x62cb, 0x62cb, 0x62cb, 0x62cb, 0x62cb, 0x62cb, 0x62cb, 0x62cb,
0x5acb, 0x5acb, 0x5acb, 0x5aca, 0x52a9, 0x4a28, 0x39a7, 0x39ea, 0x630f, 0x6332,
0x4a51, 0x4212, 0x39f1, 0x318e, 0x316f, 0x3130, 0x290d, 0x41ed, 0x7bf2, 0xad77,
0xc61b, 0xbdfb, 0xa55a, 0x8c97, 0x6b73, 0x5b32, 0x6b93, 0x6b91, 0x5b2e, 0x4aac,
0x52ad, 0x6330, 0xb5bb, 0xb5bb, 0xb5bb, 0xb5bb, 0xb5bb, 0xb5bb, 0xb5bb, 0xb5bb,
0xb5bb, 0xb5bb, 0xb5bb, 0xb5bb, 0xb5bb, 0xb5bb, 0xb5bb, 0xb5bb, 0xb5bb, 0xb5bb,
0xb5bb, 0xb5bb, 0xb5bb, 0xb5bb, 0xb5bb, 0xb5bb, 0xb5bb, 0xb5bb, 0xb5bb, 0xb5bb,
0xb5bb, 0xb5bb, 0xb5bb, 0xb5bb, 0xb5bb, 0xb5bb, 0xb5bb, 0xb5bb, 0xb5bb, 0xb5bb,
0xb5bb, 0xb5bb, 0xb5bb, 0xb5bb, 0xb5bb, 0xb5bb, 0xb5bb, 0xb5bb, 0xb5bb, 0xb5bb,
0xb5bb, 0xb5bb, 0xb5bb, 0xb5bb, 0xb5bb, 0xb5bb, 0xb5bb, 0xb5bb, 0xb5bb, 0xb5bb,
0xb5bb, 0xb5bb, 0xb5bb, 0xb5bb, 0xb5bb, 0xb5bb, 0xb5bb, 0xb5bb, 0xb5bb, 0xb5bb,
0xb5bb, 0xb5bb, 0xb5bb, 0xb5bb, 0xb5bb, 0xb5bb, 0xb5bb, 0xb5bb, 0xb5bb, 0xb5bb,
0xb5bb, 0xb5bb, 0xb5bb, 0xb5bb, 0xb5bb, 0xb5bb, 0xb5bb, 0xb5bb, 0xb5bb, 0xb5bb,
0xb5bb, 0xb5bb, 0xb5bb, 0xb5bb, 0xb5bb, 0xb5bb, 0xb5bb, 0xb5bb, 0xb5bb, 0xb5bb,
0xb5bb, 0xb5bb, 0xb5bb, 0xb5bb, 0xb5bb, 0xb5bb, 0xb5bb, 0xb5bb, 0xb5bb, 0xb5bb,
0xb5bb, 0xb5bb, 0xb5bb, 0xb5bb, 0xb5bb, 0xb5bb, 0xb5bb, 0xb5bb, 0xb5bb, 0xb5bb,
0xb5bb, 0xb5bb, 0xb5bb, 0xb5bb, 0xb5bb, 0xb5bb, 0xb5bb, 0xb5bb, 0xb5bb, 0xb5bb,
0xb5bb, 0xb5bb, 0xb5bb, 0xb5bb, 0xb5bb, 0xb5bb, 0xb5bb, 0xb5bb, 0xb5bb, 0xb5bb,
0xb5bb, 0xb5bb, 0xb5bb, 0xb5bb, 0xb5bb, 0xb5bb, 0xb5bb, 0xb5bb, 0xb5bb, 0xb5bb,
0xb5bb, 0xb5bb, 0xb5bb, 0xb5bb, 0xb5bb, 0xb5bb, 0xb5bb, 0xb5bb, 0xb5bb, 0xb5bb,
0xb5bb, 0xb5bb, 0xb5bb, 0xb5bb, 0xb5bb, 0xb5bb, 0xb5bb, 0xb5bb, 0xb5bb, 0xb5bb,
0xb5bb, 0xb5bb, 0xb5bb, 0xb5bb, 0xb5bb, 0xb5bb, 0xb5bb, 0xb5bb, 0x9cd7, 0x6bb1,
0x5aed, 0x528c, 0x4a4d, 0x31cc, 0x320e, 0x52d0, 0x6b72, 0x73b2, 0x7392, 0x7bd3,
0x8c76, 0x9d18, 0x9496, 0x6b13, 0x41d0, 0x290e, 0x28eb, 0x292b, 0x31ae, 0x4211,
0x3a11, 0x31ce, 0x216a, 0x2148, 0x2968, 0x39e9, 0x424a, 0x4a4b, 0x4a4b, 0x4a4b,
0x4a4b, 0x424b, 0x424a, 0x422a, 0x422a, 0x424b, 0x4a6b, 0x4a8b, 0x528b, 0x528b,
0x528b, 0x528a, 0x528a, 0x528a, 0x528a, 0x5a8a, 0x5aaa, 0x5aca, 0x5aca, 0x5aca,
0x5aca, 0x5acb, 0x5acb, 0x5acb, 0x5acb, 0x5acb, 0x5acb, 0x5acb, 0x5acb, 0x5acb,
0x62cb, 0x62cb, 0x62cb, 0x62cb, 0x62cb, 0x62cb, 0x62cb, 0x62cb, 0x62cb, 0x62cb,

0x630c, 0x630c, 0x630c, 0x630c, 0x630c, 0x630c, 0x630c, 0x630c, 0x630c, 0x630c,
0x630c, 0x630c, 0x630c, 0x630c, 0x630c, 0x630c, 0x630c, 0x630c, 0x630c, 0x630c,
0x630c, 0x630c, 0x62ec, 0x62cc, 0x62cc, 0x62cc, 0x62cc, 0x62cc, 0x62cc, 0x62cc,
0x62cb, 0x62cb, 0x62cb, 0x62cb, 0x62cb, 0x62cb, 0x62cb, 0x62cb, 0x62cb, 0x62cb,
0x5acb, 0x52cb, 0x5acb, 0x5aea, 0x52a9, 0x4a28, 0x39a7, 0x39ea, 0x630f, 0x6332,
0x4a51, 0x4212, 0x39f1, 0x318e, 0x316f, 0x3130, 0x290e, 0x41ed, 0x7bf2, 0xb598,
0xc65c, 0xbe1c, 0xad7a, 0x9498, 0x6b94, 0x6373, 0x73f3, 0x6370, 0x4a8c, 0x426b,
0x52cd, 0x6b50, 0xb5bb, 0xb5bb, 0xb5bb, 0xb5bb, 0xb5bb, 0xb5bb, 0xb5bb, 0xb5bb,
0xb5bb, 0xb5bb, 0xb5bb, 0xb5bb, 0xb5bb, 0xb5bb, 0xb5bb, 0xb5bb, 0xb5bb, 0xb5bb,
0xb5bb, 0xb5bb, 0xb5bb, 0xb5bb, 0xb5bb, 0xb5bb, 0xb5bb, 0xb5bb, 0xb5bb, 0xb5bb,
0xb5bb, 0xb5bb, 0xb5bb, 0xb5bb, 0xb5bb, 0xb5bb, 0xb5bb, 0xb5bb, 0xb5bb, 0xb5bb,
0xb5bb, 0xb5bb, 0xb5bb, 0xb5bb, 0xb5bb, 0xb5bb, 0xb5bb, 0xb5bb, 0xb5bb, 0xb5bb,
0xb5bb, 0xb5bb, 0xb5bb, 0xb5bb, 0xb5bb, 0xb5bb, 0xb5bb, 0xb5bb, 0xb5bb, 0xb5bb,
0xb5bb, 0xb5bb, 0xb5bb, 0xb5bb, 0xb5bb, 0xb5bb, 0xb5bb, 0xb5bb, 0xb5bb, 0xb5bb,
0xb5bb, 0xb5bb, 0xb5bb, 0xb5bb, 0xb5bb, 0xb5bb, 0xb5bb, 0xb5bb, 0xb5bb, 0xb5bb,
0xb5bb, 0xb5bb, 0xb5bb, 0xb5bb, 0xb5bb, 0xb5bb, 0xb5bb, 0xb5bb, 0xb5bb, 0xb5bb,
0xb5bb, 0xb5bb, 0xb5bb, 0xb5bb, 0xb5bb, 0xb5bb, 0xb5bb, 0xb5bb, 0xb5bb, 0xb5bb,
0xb5bb, 0xb5bb, 0xb5bb, 0xb5bb, 0xb5bb, 0xb5bb, 0xb5bb, 0xb5bb, 0xb5bb, 0xb5bb,
0xb5bb, 0xb5bb, 0xb5bb, 0xb5bb, 0xb5bb, 0xb5bb, 0xb5bb, 0xb5bb, 0xb5bb, 0xb5bb,
0xb5bb, 0xb5bb, 0xb5bb, 0xb5bb, 0xb5bb, 0xb5bb, 0xb5bb, 0xb5bb, 0xb5bb, 0xb5bb,
0xb5bb, 0xb5bb, 0xb5bb, 0xb5bb, 0xb5bb, 0xb5bb, 0xb5bb, 0xb5bb, 0xb5bb, 0xb5bb,
0xb5bb, 0xb5bb, 0xb5bb, 0xb5bb, 0xb5bb, 0xb5bb, 0xb5bb, 0xb5bb, 0xb5bb, 0xb5bb,
0xb5bb, 0xb5bb, 0xb5bb, 0xb5bb, 0xb5bb, 0xb5bb, 0xb5bb, 0xb5bb, 0xb5bb, 0xb5bb,
0xb5bb, 0xb5bb, 0xb5bb, 0xb5bb, 0xb5bb, 0xb5bb, 0xb5bb, 0xb5bb, 0xb5bb, 0xb5bb,
0xb5bb, 0xb5bb, 0xb5bb, 0xb5bb, 0xb5bb, 0xb5bb, 0xb5bb, 0xb5bb, 0x94f7, 0x6b90,
0x5acd, 0x526c, 0x4a4d, 0x3a2d, 0x3a0d, 0x3a2e, 0x52b0, 0x6311, 0x6b92, 0x7bf4,
0x9497, 0xa538, 0x94b7, 0x6b33, 0x41d0, 0x290e, 0x28eb, 0x292b, 0x31ae, 0x4211,
0x3a12, 0x31ce, 0x216a, 0x2148, 0x2968, 0x39e9, 0x424a, 0x4a4b, 0x4a4b, 0x4a4b,
0x4a4b, 0x4a4b, 0x424b, 0x422a, 0x420a, 0x422b, 0x4a6b, 0x528b, 0x528b, 0x528b,
0x528b, 0x528a, 0x528a, 0x528a, 0x528a, 0x5a8a, 0x5aaa, 0x5aca, 0x5aca, 0x5aca,
0x5aca, 0x5acb, 0x5acb, 0x5acb, 0x5acb, 0x5acb, 0x5acb, 0x5acb, 0x5acb, 0x5acb,
0x5acb, 0x62cb, 0x62cb, 0x62cb, 0x62cb, 0x62cb, 0x62cb, 0x62cb, 0x62cb, 0x62cb,

0x62cc, 0x62cc, 0x62cc, 0x62cc, 0x62cc, 0x62cc, 0x62cc, 0x62cc, 0x62cc, 0x62cc,
0x62cc, 0x62cc, 0x62cc, 0x62cc, 0x62cc, 0x62cc, 0x62cc, 0x62cc, 0x62cc, 0x62cc,
0x62cc, 0x62cc, 0x62cc, 0x62cc, 0x62cc, 0x62cc, 0x62cc, 0x62cc, 0x62cc, 0x62cb,
0x62cb, 0x62cb, 0x62cb, 0x62cb, 0x62cb, 0x62cb, 0x62cb, 0x62cb, 0x5acb, 0x5acb,
0x5acb, 0x5acb, 0x5acb, 0x5aea, 0x52a9, 0x4a28, 0x39a7, 0x39ea, 0x630f, 0x6332,
0x4a51, 0x4212, 0x39f1, 0x318e, 0x316f, 0x3130, 0x290e, 0x41ed, 0x7bf2, 0xb5d8,
0xce9c, 0xc63c, 0xad7a, 0x9498, 0x6b75, 0x6b94, 0x8455, 0x6bb1, 0x4aac, 0x4a6b,
0x5ace, 0x6b51, 0xb5bb, 0xb5bb, 0xb5bb, 0xb5bb, 0xb5bb, 0xb5bb, 0xb5bb, 0xb5bb,
0xb5bb, 0xb5bb, 0xb5bb, 0xb5bb, 0xb5bb, 0xb5bb, 0xb5bb, 0xb5bb, 0xb5bb, 0xb5bb,
0xb5bb, 0xb5bb, 0xb5bb, 0xb5bb, 0xb5bb, 0xb5bb, 0xb5bb, 0xb5bb, 0xb5bb, 0xb5bb,
0xb5bb, 0xb5bb, 0xb5bb, 0xb5bb, 0xb5bb, 0xb5bb, 0xb5bb, 0xb5bb, 0xb5bb, 0xb5bb,
0xb5bb, 0xb5bb, 0xb5bb, 0xb5bb, 0xb5bb, 0xb5bb, 0xb5bb, 0xb5bb, 0xb5bb, 0xb5bb,
0xb5bb, 0xb5bb, 0xb5bb, 0xb5bb, 0xb5bb, 0xb5bb, 0xb5bb, 0xb5bb, 0xb5bb, 0xb5bb,
0xb5bb, 0xb5bb, 0xb5bb, 0xb5bb, 0xb5bb, 0xb5bb, 0xb5bb, 0xb5bb, 0xb5bb, 0xb5bb,
0xb5bb, 0xb5bb, 0xb5bb, 0xb5bb, 0xb5bb, 0xb5bb, 0xb5bb, 0xb5bb, 0xb5bb, 0xb5bb,
0xb5bb, 0xb5bb, 0xb5bb, 0xb5bb, 0xb5bb, 0xb5bb, 0xb5bb, 0xb5bb, 0xb5bb, 0xb5bb,
0xb5bb, 0xb5bb, 0xb5bb, 0xb5bb, 0xb5bb, 0xb5bb, 0xb5bb, 0xb5bb, 0xb5bb, 0xb5bb,
0xb5bb, 0xb5bb, 0xb5bb, 0xb5bb, 0xb5bb, 0xb5bb, 0xb5bb, 0xb5bb, 0xb5bb, 0xb5bb,
0xb5bb, 0xb5bb, 0xb5bb, 0xb5bb, 0xb5bb, 0xb5bb, 0xb5bb, 0xb5bb, 0xb5bb, 0xb5bb,
0xb5bb, 0xb5bb, 0xb5bb, 0xb5bb, 0xb5bb, 0xb5bb, 0xb5bb, 0xb5bb, 0xb5bb, 0xb5bb,
0xb5bb, 0xb5bb, 0xb5bb, 0xb5bb, 0xb5bb, 0xb5bb, 0xb5bb, 0xb5bb, 0xb5bb, 0xb5bb,
0xb5bb, 0xb5bb, 0xb5bb, 0xb5bb, 0xb5bb, 0xb5bb, 0xb5bb, 0xb5bb, 0xb5bb, 0xb5bb,
0xb5bb, 0xb5bb, 0xb5bb, 0xb5bb, 0xb5bb, 0xb5bb, 0xb5bb, 0xb5bb, 0xb5bb, 0xb5bb,
0xb5bb, 0xb5bb, 0xb5bb, 0xb5bb, 0xb5bb, 0xb5bb, 0xb5bb, 0xb5bb, 0xb5bb, 0xb5bb,
0xb5bb, 0xb5bb, 0xb5bb, 0xb5bb, 0xb5bb, 0xb5bb, 0xb5bb, 0xb5bb, 0x94d7, 0x6b50,
0x52ac, 0x4a4b, 0x4a4c, 0x3a2d, 0x31ed, 0x3a0e, 0x4a70, 0x6311, 0x6bb3, 0x7c55,
0x9d17, 0xad79, 0x9cd7, 0x6b53, 0x41d0, 0x290e, 0x28eb, 0x292b, 0x31ae, 0x4211,
0x3a12, 0x31ce, 0x216a, 0x2148, 0x2968, 0x39e9, 0x424a, 0x4a4b, 0x4a4b, 0x4a4b,
0x4a4b, 0x4a4b, 0x424b, 0x422a, 0x420a, 0x4a2b, 0x4a6b, 0x4a8b, 0x4a8b, 0x528b,
0x528a, 0x528a, 0x528a, 0x528a, 0x528a, 0x5a8a, 0x5a8a, 0x5a8a, 0x5aca, 0x5aca,
0x5aca, 0x5acb, 0x5aca, 0x5aca, 0x5aca, 0x5acb, 0x5acb, 0x5acb, 0x5acb, 0x5acb,
0x5acb, 0x5acb, 0x5acb, 0x5acb, 0x62cb, 0x62cb, 0x62cb, 0x62cb, 0x62cb, 0x62cb,

0x62cc, 0x62cc, 0x62cc, 0x62cc, 0x62ac, 0x62cc, 0x62cc, 0x62cc, 0x62cc, 0x62cc,
0x62cc, 0x62cc, 0x62cc, 0x62cc, 0x62cc, 0x62cc, 0x62cc, 0x62ac, 0x62cc, 0x62cc,
0x62cc, 0x62cc, 0x62cc, 0x62cc, 0x62cc, 0x62cc, 0x62cc, 0x62cc, 0x62cc, 0x62cb,
0x62cb, 0x62cb, 0x62cb, 0x62cb, 0x62cb, 0x62cb, 0x62cb, 0x62cb, 0x5acb, 0x5acb,
0x5acb, 0x5acb, 0x5acb, 0x5aaa, 0x5269, 0x4a28, 0x39a7, 0x39ea, 0x630f, 0x6332,
0x4a51, 0x4212, 0x39f1, 0x318e, 0x316f, 0x3130, 0x290d, 0x41ed, 0x7bf1, 0xb5d8,
0xce9c, 0xc63c, 0xad5a, 0x9498, 0x6b75, 0x6b95, 0x8c76, 0x73b1, 0x52ac, 0x4a8c,
0x5b0e, 0x7392, 0xb5bb, 0xb5bb, 0xb5bb, 0xb5bb, 0xb5bb, 0xb5bb, 0xb5bb, 0xb5bb,
0xb5bb, 0xb5bb, 0xb5bb, 0xb5bb, 0xb5bb, 0xb5bb, 0xb5bb, 0xb5bb, 0xb5bb, 0xb5bb,
0xb5bb, 0xb5bb, 0xb5bb, 0xb5bb, 0xb5bb, 0xb5bb, 0xb5bb, 0xb5bb, 0xb5bb, 0xb5bb,
0xb5bb, 0xb5bb, 0xb5bb, 0xb5bb, 0xb5bb, 0xb5bb, 0xb5bb, 0xb5bb, 0xb5bb, 0xb5bb,
0xb5bb, 0xb5bb, 0xb5bb, 0xb5bb, 0xb5bb, 0xb5bb, 0xb5bb, 0xb5bb, 0xb5bb, 0xb5bb,
0xb5bb, 0xb5bb, 0xb5bb, 0xb5bb, 0xb5bb, 0xb5bb, 0xb5bb, 0xb5bb, 0xb5bb, 0xb5bb,
0xb5bb, 0xb5bb, 0xb5bb, 0xb5bb, 0xb5bb, 0xb5bb, 0xb5bb, 0xb5bb, 0xb5bb, 0xb5bb,
0xb5bb, 0xb5bb, 0xb5bb, 0xb5bb, 0xb5bb, 0xb5bb, 0xb5bb, 0xb5bb, 0xb5bb, 0xb5bb,
0xb5bb, 0xb5bb, 0xb5bb, 0xb5bb, 0xb5bb, 0xb5bb, 0xb5bb, 0xb5bb, 0xb5bb, 0xb5bb,
0xb5bb, 0xb5bb, 0xb5bb, 0xb5bb, 0xb5bb, 0xb5bb, 0xb5bb, 0xb5bb, 0xb5bb, 0xb5bb,
0xb5bb, 0xb5bb, 0xb5bb, 0xb5bb, 0xb5bb, 0xb5bb, 0xb5bb, 0xb5bb, 0xb5bb, 0xb5bb,
0xb5bb, 0xb5bb, 0xb5bb, 0xb5bb, 0xb5bb, 0xb5bb, 0xb5bb, 0xb5bb, 0xb5bb, 0xb5bb,
0xb5bb, 0xb5bb, 0xb5bb, 0xb5bb, 0xb5bb, 0xb5bb, 0xb5bb, 0xb5bb, 0xb5bb, 0xb5bb,
0xb5bb, 0xb5bb, 0xb5bb, 0xb5bb, 0xb5bb, 0xb5bb, 0xb5bb, 0xb5bb, 0xb5bb, 0xb5bb,
0xb5bb, 0xb5bb, 0xb5bb, 0xb5bb, 0xb5bb, 0xb5bb, 0xb5bb, 0xb5bb, 0xb5bb, 0xb5bb,
0xb5bb, 0xb5bb, 0xb5bb, 0xb5bb, 0xb5bb, 0xb5bb, 0xb5bb, 0xb5bb, 0xb5bb, 0xb5bb,
0xb5bb, 0xb5bb, 0xb5bb, 0xb5bb, 0xb5bb, 0xb5bb, 0xb5bb, 0xb5bb, 0xb5bb, 0xb5bb,
0xb5bb, 0xb5bb, 0xb5bb, 0xb5bb, 0xb5bb, 0xb5bb, 0xb5bb, 0xb5bb, 0x9cd8, 0x6b71,
0x4aac, 0x424a, 0x424b, 0x424d, 0x3a0e, 0x3a2e, 0x52d0, 0x6352, 0x7bf4, 0x8c76,
0xa538, 0xbdd9, 0xa517, 0x7354, 0x41b1, 0x28ee, 0x28eb, 0x292b, 0x31ae, 0x4211,
0x3a11, 0x31ce, 0x216a, 0x2148, 0x2968, 0x39e9, 0x424a, 0x4a4b, 0x4a4b, 0x4a4b,
0x4a4b, 0x4a4b, 0x424b, 0x422a, 0x420a, 0x4a2b, 0x4a4b, 0x4a6b, 0x4a8b, 0x528a,
0x528a, 0x528a, 0x528a, 0x528a, 0x528a, 0x5a8a, 0x5a8a, 0x5a8a, 0x5aca, 0x5aca,
0x5aca, 0x5aca, 0x5aca, 0x5aca, 0x5acb, 0x5acb, 0x5acb, 0x5acb, 0x5acb, 0x5acb,
0x5acb, 0x5acb, 0x5acb, 0x5acb, 0x5acb, 0x5acb, 0x62cb, 0x62cb, 0x62cb, 0x62cb,

0x5acc, 0x62cc, 0x62cc, 0x62cc, 0x62cc, 0x62ec, 0x62ec, 0x62ec, 0x62ec, 0x62ec,
0x62ec, 0x62ec, 0x62ec, 0x62ec, 0x62ec, 0x62ec, 0x62ec, 0x62cc, 0x62cc, 0x62cc,
0x62cc, 0x62cc, 0x62cc, 0x62cc, 0x62cc, 0x62cc, 0x62cc, 0x62cc, 0x62cb, 0x62cb,
0x62cb, 0x62cb, 0x62cb, 0x62cb, 0x62cb, 0x62cb, 0x62cb, 0x62cb, 0x5acb, 0x5acb,
0x5acb, 0x5acb, 0x5acb, 0x5aaa, 0x5269, 0x4a28, 0x39a7, 0x39ea, 0x630f, 0x6332,
0x4a51, 0x4212, 0x39f1, 0x318e, 0x316f, 0x3130, 0x290d, 0x41ed, 0x7bf1, 0xb5b7,
0xd69c, 0xc63d, 0xad5b, 0x9498, 0x6b74, 0x6b94, 0x8c55, 0x7bb1, 0x52ac, 0x4aac,
0x5b2f, 0x7392, 0xb5bb, 0xb5bb, 0xb5bb, 0xb5bb, 0xb5bb, 0xb5bb, 0xb5bb, 0xb5bb,
0xb5bb, 0xb5bb, 0xb5bb, 0xb5bb, 0xb5bb, 0xb5bb, 0xb5bb, 0xb5bb, 0xb5bb, 0xb5bb,
0xb5bb, 0xb5bb, 0xb5bb, 0xb5bb, 0xb5bb, 0xb5bb, 0xb5bb, 0xb5bb, 0xb5bb, 0xb5bb,
0xb5bb, 0xb5bb, 0xb5bb, 0xb5bb, 0xb5bb, 0xb5bb, 0xb5bb, 0xb5bb, 0xb5bb, 0xb5bb,
0xb5bb, 0xb5bb, 0xb5bb, 0xb5bb, 0xb5bb, 0xb5bb, 0xb5bb, 0xb5bb, 0xb5bb, 0xb5bb,
0xb5bb, 0xb5bb, 0xb5bb, 0xb5bb, 0xb5bb, 0xb5bb, 0xb5bb, 0xb5bb, 0xb5bb, 0xb5bb,
0xb5bb, 0xb5bb, 0xb5bb, 0xb5bb, 0xb5bb, 0xb5bb, 0xb5bb, 0xb5bb, 0xb5bb, 0xb5bb,
0xb5bb, 0xb5bb, 0xb5bb, 0xb5bb, 0xb5bb, 0xb5bb, 0xb5bb, 0xb5bb, 0xb5bb, 0xb5bb,
0xb5bb, 0xb5bb, 0xb5bb, 0xb5bb, 0xb5bb, 0xb5bb, 0xb5bb, 0xb5bb, 0xb5bb, 0xb5bb,
0xb5bb, 0xb5bb, 0xb5bb, 0xb5bb, 0xb5bb, 0xb5bb, 0xb5bb, 0xb5bb, 0xb5bb, 0xb5bb,
0xb5bb, 0xb5bb, 0xb5bb, 0xb5bb, 0xb5bb, 0xb5bb, 0xb5bb, 0xb5bb, 0xb5bb, 0xb5bb,
0xb5bb, 0xb5bb, 0xb5bb, 0xb5bb, 0xb5bb, 0xb5bb, 0xb5bb, 0xb5bb, 0xb5bb, 0xb5bb,
0xb5bb, 0xb5bb, 0xb5bb, 0xb5bb, 0xb5bb, 0xb5bb, 0xb5bb, 0xb5bb, 0xb5bb, 0xb5bb,
0xb5bb, 0xb5bb, 0xb5bb, 0xb5bb, 0xb5bb, 0xb5bb, 0xb5bb, 0xb5bb, 0xb5bb, 0xb5bb,
0xb5bb, 0xb5bb, 0xb5bb, 0xb5bb, 0xb5bb, 0xb5bb, 0xb5bb, 0xb5bb, 0xb5bb, 0xb5bb,
0xb5bb, 0xb5bb, 0xb5bb, 0xb5bb, 0xb5bb, 0xb5bb, 0xb5bb, 0xb5bb, 0xb5bb, 0xb5bb,
0xb5bb, 0xb5bb, 0xb5bb, 0xb5bb, 0xb5bb, 0xb5bb, 0xb5bb, 0xb5bb, 0xb5bb, 0xb5bb,
0xb5bb, 0xb5bb, 0xb5bb, 0xb5bb, 0xb5bb, 0xb5bb, 0xb5bb, 0xb5bb, 0x9cf8, 0x73b2,
0x52ad, 0x424a, 0x424b, 0x426d, 0x424f, 0x426f, 0x52f1, 0x6b93, 0x8435, 0x94b7,
0xb599, 0xc61a, 0xad58, 0x7374, 0x4191, 0x28cd, 0x28eb, 0x294b, 0x31ae, 0x4211,
0x3a11, 0x31ce, 0x216a, 0x2148, 0x2968, 0x39e9, 0x424a, 0x4a4b, 0x4a4b, 0x4a4b,
0x4a4b, 0x424b, 0x424b, 0x422a, 0x420a, 0x424a, 0x424b, 0x4a4b, 0x526b, 0x528b,
0x528a, 0x528a, 0x528a, 0x528a, 0x528a, 0x528a, 0x5a8a, 0x5a8a, 0x5aaa, 0x5aca,
0x5aca, 0x5aca, 0x5aca, 0x5acb, 0x5acb, 0x5acb, 0x5acb, 0x5acb, 0x5acb, 0x5acb,
0x5acb, 0x5acb, 0x5acb, 0x5acb, 0x5acb, 0x5acb, 0x62cb, 0x62cb, 0x62cb, 0x62cb,

0x5acc, 0x5acc, 0x62cc, 0x62cc, 0x62ec, 0x632c, 0x632c, 0x630c, 0x632c, 0x630c,
0x630c, 0x630c, 0x630c, 0x630c, 0x630c, 0x630c, 0x630c, 0x62ec, 0x62cc, 0x62cc,
0x62cc, 0x62cc, 0x62cc, 0x62cc, 0x62cc, 0x62cc, 0x62cc, 0x62cb, 0x62cb, 0x62cb,
0x62cb, 0x62cb, 0x62cb, 0x62cb, 0x62cb, 0x62cb, 0x62cb, 0x62cb, 0x5acb, 0x5acb,
0x5acb, 0x5acb, 0x5acb, 0x5aea, 0x52a9, 0x4a28, 0x39a7, 0x39ea, 0x630f, 0x6332,
0x4a51, 0x4212, 0x39f1, 0x318e, 0x316f, 0x3130, 0x290e, 0x41ed, 0x7bf2, 0xb5d8,
0xd69c, 0xc63d, 0xad7b, 0x9498, 0x6b75, 0x6b95, 0x8c55, 0x73b1, 0x52ac, 0x52ac,
0x632f, 0x7392, 0xb5bb, 0xb5bb, 0xb5bb, 0xb5bb, 0xb5bb, 0xb5bb, 0xb5bb, 0xb5bb,
0xb5bb, 0xb5bb, 0xb5bb, 0xb5bb, 0xb5bb, 0xb5bb, 0xb5bb, 0xb5bb, 0xb5bb, 0xb5bb,
0xb5bb, 0xb5bb, 0xb5bb, 0xb5bb, 0xb5bb, 0xb5bb, 0xb5bb, 0xb5bb, 0xb5bb, 0xb5bb,
0xb5bb, 0xb5bb, 0xb5bb, 0xb5bb, 0xb5bb, 0xb5bb, 0xb5bb, 0xb5bb, 0xb5bb, 0xb5bb,
0xb5bb, 0xb5bb, 0xb5bb, 0xb5bb, 0xb5bb, 0xb5bb, 0xb5bb, 0xb5bb, 0xb5bb, 0xb5bb,
0xb5bb, 0xb5bb, 0xb5bb, 0xb5bb, 0xb5bb, 0xb5bb, 0xb5bb, 0xb5bb, 0xb5bb, 0xb5bb,
0xb5bb, 0xb5bb, 0xb5bb, 0xb5bb, 0xb5bb, 0xb5bb, 0xb5bb, 0xb5bb, 0xb5bb, 0xb5bb,
0xb5bb, 0xb5bb, 0xb5bb, 0xb5bb, 0xb5bb, 0xb5bb, 0xb5bb, 0xb5bb, 0xb5bb, 0xb5bb,
0xb5bb, 0xb5bb, 0xb5bb, 0xb5bb, 0xb5bb, 0xb5bb, 0xb5bb, 0xb5bb, 0xb5bb, 0xb5bb,
0xb5bb, 0xb5bb, 0xb5bb, 0xb5bb, 0xb5bb, 0xb5bb, 0xb5bb, 0xb5bb, 0xb5bb, 0xb5bb,
0xb5bb, 0xb5bb, 0xb5bb, 0xb5bb, 0xb5bb, 0xb5bb, 0xb5bb, 0xb5bb, 0xb5bb, 0xb5bb,
0xb5bb, 0xb5bb, 0xb5bb, 0xb5bb, 0xb5bb, 0xb5bb, 0xb5bb, 0xb5bb, 0xb5bb, 0xb5bb,
0xb5bb, 0xb5bb, 0xb5bb, 0xb5bb, 0xb5bb, 0xb5bb, 0xb5bb, 0xb5bb, 0xb5bb, 0xb5bb,
0xb5bb, 0xb5bb, 0xb5bb, 0xb5bb, 0xb5bb, 0xb5bb, 0xb5bb, 0xb5bb, 0xb5bb, 0xb5bb,
0xb5bb, 0xb5bb, 0xb5bb, 0xb5bb, 0xb5bb, 0xb5bb, 0xb5bb, 0xb5bb, 0xb5bb, 0xb5bb,
0xb5bb, 0xb5bb, 0xb5bb, 0xb5bb, 0xb5bb, 0xb5bb, 0xb5bb, 0xb5bb, 0xb5bb, 0xb5bb,
0xb5bb, 0xb5bb, 0xb5bb, 0xb5bb, 0xb5bb, 0xb5bb, 0xb5bb, 0xb5bb, 0xb5bb, 0xb5bb,
0xb5bb, 0xb5bb, 0xb5bb, 0xb5bb, 0xb5bb, 0xb5bb, 0xb5bb, 0xb5bb, 0x9cf8, 0x73b2,
0x62ee, 0x526b, 0x4a4b, 0x4a8d, 0x4a8f, 0x4ab0, 0x5af2, 0x73b4, 0x8c96, 0xa538,
0xbdda, 0xce5b, 0xad98, 0x7394, 0x41b1, 0x28ce, 0x28eb, 0x294b, 0x31ae, 0x4211,
0x3a12, 0x31ce, 0x216a, 0x2148, 0x2968, 0x39e9, 0x424a, 0x4a4b, 0x4a4b, 0x4a4b,
0x4a4b, 0x4a4b, 0x424b, 0x422a, 0x420a, 0x4249, 0x424a, 0x4a4b, 0x4a6b, 0x528b,
0x528a, 0x528a, 0x528a, 0x528a, 0x528a, 0x528a, 0x528a, 0x5a8a, 0x5a8a, 0x5aaa,
0x5aca, 0x5aca, 0x5aca, 0x5aca, 0x5aca, 0x5acb, 0x5acb, 0x5acb, 0x5acb, 0x5acb,
0x5acb, 0x5acb, 0x5acb, 0x62cb, 0x62cb, 0x62cb, 0x62cb, 0x62cb, 0x62cb, 0x62cb,

0x62cc, 0x62cc, 0x62cc, 0x62cc, 0x62ec, 0x632c, 0x632c, 0x630c, 0x632c, 0x630c,
0x630c, 0x630c, 0x630c, 0x630c, 0x630c, 0x630c, 0x630c, 0x630c, 0x630c, 0x630c,
0x630c, 0x630c, 0x62ec, 0x62cc, 0x62cc, 0x62cc, 0x62cc, 0x62cb, 0x62cb, 0x62cb,
0x62cb, 0x62cb, 0x62cb, 0x62cb, 0x62cb, 0x62cb, 0x62cb, 0x62cb, 0x62cb, 0x62cb,
0x5acb, 0x5acb, 0x5acb, 0x5aea, 0x52a9, 0x4a28, 0x39a7, 0x39ea, 0x630f, 0x6332,
0x4a51, 0x4212, 0x39f1, 0x318e, 0x316f, 0x3130, 0x290e, 0x41ed, 0x7bf2, 0xb5d8,
0xd69c, 0xc63d, 0xad7b, 0x9498, 0x6b74, 0x6b95, 0x8476, 0x73d1, 0x52ac, 0x528c,
0x632f, 0x7bd3, 0xb5bb, 0xb5bb, 0xb5bb, 0xb5bb, 0xb5bb, 0xb5bb, 0xb5bb, 0xb5bb,
0xb5bb, 0xb5bb, 0xb5bb, 0xb5bb, 0xb5bb, 0xb5bb, 0xb5bb, 0xb5bb, 0xb5bb, 0xb5bb,
0xb5bb, 0xb5bb, 0xb5bb, 0xb5bb, 0xb5bb, 0xb5bb, 0xb5bb, 0xb5bb, 0xb5bb, 0xb5bb,
0xb5bb, 0xb5bb, 0xb5bb, 0xb5bb, 0xb5bb, 0xb5bb, 0xb5bb, 0xb5bb, 0xb5bb, 0xb5bb,
0xb5bb, 0xb5bb, 0xb5bb, 0xb5bb, 0xb5bb, 0xb5bb, 0xb5bb, 0xb5bb, 0xb5bb, 0xb5bb,
0xb5bb, 0xb5bb, 0xb5bb, 0xb5bb, 0xb5bb, 0xb5bb, 0xb5bb, 0xb5bb, 0xb5bb, 0xb5bb,
0xb5bb, 0xb5bb, 0xb5bb, 0xb5bb, 0xb5bb, 0xb5bb, 0xb5bb, 0xb5bb, 0xb5bb, 0xb5bb,
0xb5bb, 0xb5bb, 0xb5bb, 0xb5bb, 0xb5bb, 0xb5bb, 0xb5bb, 0xb5bb, 0xb5bb, 0xb5bb,
0xb5bb, 0xb5bb, 0xb5bb, 0xb5bb, 0xb5bb, 0xb5bb, 0xb5bb, 0xb5bb, 0xb5bb, 0xb5bb,
0xb5bb, 0xb5bb, 0xb5bb, 0xb5bb, 0xb5bb, 0xb5bb, 0xb5bb, 0xb5bb, 0xb5bb, 0xb5bb,
0xb5bb, 0xb5bb, 0xb5bb, 0xb5bb, 0xb5bb, 0xb5bb, 0xb5bb, 0xb5bb, 0xb5bb, 0xb5bb,
0xb5bb, 0xb5bb, 0xb5bb, 0xb5bb, 0xb5bb, 0xb5bb, 0xb5bb, 0xb5bb, 0xb5bb, 0xb5bb,
0xb5bb, 0xb5bb, 0xb5bb, 0xb5bb, 0xb5bb, 0xb5bb, 0xb5bb, 0xb5bb, 0xb5bb, 0xb5bb,
0xb5bb, 0xb5bb, 0xb5bb, 0xb5bb, 0xb5bb, 0xb5bb, 0xb5bb, 0xb5bb, 0xb5bb, 0xb5bb,
0xb5bb, 0xb5bb, 0xb5bb, 0xb5bb, 0xb5bb, 0xb5bb, 0xb5bb, 0xb5bb, 0xb5bb, 0xb5bb,
0xb5bb, 0xb5bb, 0xb5bb, 0xb5bb, 0xb5bb, 0xb5bb, 0xb5bb, 0xb5bb, 0xb5bb, 0xb5bb,
0xb5bb, 0xb5bb, 0xb5bb, 0xb5bb, 0xb5bb, 0xb5bb, 0xb5bb, 0xb5bb, 0xb5bb, 0xb5bb,
0xb5bb, 0xb5bb, 0xb5bb, 0xb5bb, 0xb5bb, 0xb5bb, 0xb5bb, 0xb5bb, 0x9cd7, 0x7bd3,
0x6b70, 0x52ad, 0x4a4b, 0x4a6d, 0x52cf, 0x5b11, 0x6352, 0x7bd4, 0x94b7, 0xad59,
0xc61b, 0xd69c, 0xb5b9, 0x7b94, 0x39b1, 0x20ce, 0x20eb, 0x294b, 0x31ae, 0x4211,
0x3a12, 0x31ce, 0x216a, 0x2148, 0x2968, 0x39e9, 0x424a, 0x4a4b, 0x4a4b, 0x4a4b,
0x4a4b, 0x4a4b, 0x4a4b, 0x424a, 0x424a, 0x4249, 0x424a, 0x4a4b, 0x4a6b, 0x4a8b,
0x528a, 0x528a, 0x528a, 0x528a, 0x528a, 0x528a, 0x528a, 0x5a8a, 0x5a8a, 0x5aaa,
0x5aca, 0x5aca, 0x5aca, 0x5aca, 0x5aca, 0x5acb, 0x5acb, 0x5acb, 0x5acb, 0x5acb,
0x5acb, 0x5acb, 0x5acb, 0x62cb, 0x62cb, 0x62cb, 0x62cb, 0x62cb, 0x62cb, 0x62cb,

0x5acc, 0x62cc, 0x62cc, 0x62cc, 0x62cc, 0x62ec, 0x62ec, 0x62ec, 0x62ec, 0x630c,
0x632c, 0x630c, 0x630c, 0x630c, 0x630c, 0x630c, 0x630c, 0x630c, 0x62ec, 0x62ec,
0x62ec, 0x62ec, 0x62cc, 0x62cc, 0x62cc, 0x62cc, 0x62cb, 0x62cb, 0x62cb, 0x62cb,
0x62cb, 0x62cb, 0x62cb, 0x62cb, 0x62cb, 0x62cb, 0x62cb, 0x62cb, 0x62cb, 0x62cb,
0x5acb, 0x52cb, 0x5acb, 0x5aea, 0x52a9, 0x4a28, 0x39a7, 0x39ea, 0x630f, 0x6332,
0x4a51, 0x4212, 0x39f1, 0x318e, 0x316f, 0x3130, 0x290d, 0x41ed, 0x7bf1, 0xb597,
0xce5c, 0xc61d, 0xad5b, 0x9498, 0x7395, 0x6b95, 0x7bf4, 0x634f, 0x426a, 0x528b,
0x632f, 0x7bd3, 0xb5bb, 0xb5bb, 0xb5bb, 0xb5bb, 0xb5bb, 0xb5bb, 0xb5bb, 0xb5bb,
0xb5bb, 0xb5bb, 0xb5bb, 0xb5bb, 0xb5bb, 0xb5bb, 0xb5bb, 0xb5bb, 0xb5bb, 0xb5bb,
0xb5bb, 0xb5bb, 0xb5bb, 0xb5bb, 0xb5bb, 0xb5bb, 0xb5bb, 0xb5bb, 0xb5bb, 0xb5bb,
0xb5bb, 0xb5bb, 0xb5bb, 0xb5bb, 0xb5bb, 0xb5bb, 0xb5bb, 0xb5bb, 0xb5bb, 0xb5bb,
0xb5bb, 0xb5bb, 0xb5bb, 0xb5bb, 0xb5bb, 0xb5bb, 0xb5bb, 0xb5bb, 0xb5bb, 0xb5bb,
0xb5bb, 0xb5bb, 0xb5bb, 0xb5bb, 0xb5bb, 0xb5bb, 0xb5bb, 0xb5bb, 0xb5bb, 0xb5bb,
0xb5bb, 0xb5bb, 0xb5bb, 0xb5bb, 0xb5bb, 0xb5bb, 0xb5bb, 0xb5bb, 0xb5bb, 0xb5bb,
0xb5bb, 0xb5bb, 0xb5bb, 0xb5bb, 0xb5bb, 0xb5bb, 0xb5bb, 0xb5bb, 0xb5bb, 0xb5bb,
0xb5bb, 0xb5bb, 0xb5bb, 0xb5bb, 0xb5bb, 0xb5bb, 0xb5bb, 0xb5bb, 0xb5bb, 0xb5bb,
0xb5bb, 0xb5bb, 0xb5bb, 0xb5bb, 0xb5bb, 0xb5bb, 0xb5bb, 0xb5bb, 0xb5bb, 0xb5bb,
0xb5bb, 0xb5bb, 0xb5bb, 0xb5bb, 0xb5bb, 0xb5bb, 0xb5bb, 0xb5bb, 0xb5bb, 0xb5bb,
0xb5bb, 0xb5bb, 0xb5bb, 0xb5bb, 0xb5bb, 0xb5bb, 0xb5bb, 0xb5bb, 0xb5bb, 0xb5bb,
0xb5bb, 0xb5bb, 0xb5bb, 0xb5bb, 0xb5bb, 0xb5bb, 0xb5bb, 0xb5bb, 0xb5bb, 0xb5bb,
0xb5bb, 0xb5bb, 0xb5bb, 0xb5bb, 0xb5bb, 0xb5bb, 0xb5bb, 0xb5bb, 0xb5bb, 0xb5bb,
0xb5bb, 0xb5bb, 0xb5bb, 0xb5bb, 0xb5bb, 0xb5bb, 0xb5bb, 0xb5bb, 0xb5bb, 0xb5bb,
0xb5bb, 0xb5bb, 0xb5bb, 0xb5bb, 0xb5bb, 0xb5bb, 0xb5bb, 0xb5bb, 0xb5bb, 0xb5bb,
0xb5bb, 0xb5bb, 0xb5bb, 0xb5bb, 0xb5bb, 0xb5bb, 0xb5bb, 0xb5bb, 0xb5bb, 0xb5bb,
0xb5bb, 0xb5bb, 0xb5bb, 0xb5bb, 0xb5bb, 0xb5bb, 0xb5bb, 0xb5bb, 0x9cf8, 0x7bf3,
0x6b70, 0x52ac, 0x4a4b, 0x4a6d, 0x52d0, 0x5b32, 0x6b93, 0x8435, 0x9cd7, 0xb579,
0xc63b, 0xd6bc, 0xbdd9, 0x7b94, 0x39b0, 0x20ce, 0x20eb, 0x294b, 0x31ae, 0x4211,
0x3a11, 0x31ce, 0x216a, 0x2148, 0x2968, 0x39e9, 0x424a, 0x4a4b, 0x4a4b, 0x4a4b,
0x4a4b, 0x4a4b, 0x4a4b, 0x424b, 0x424a, 0x424a, 0x424a, 0x4a4a, 0x4a4b, 0x4a6b,
0x528a, 0x528a, 0x528a, 0x528a, 0x528a, 0x528a, 0x528a, 0x5a8a, 0x5a8a, 0x5aaa,
0x5aca, 0x5aca, 0x5aca, 0x5aca, 0x5aca, 0x5aca, 0x5acb, 0x5acb, 0x5acb, 0x5acb,
0x5acb, 0x5acb, 0x5acb, 0x62cb, 0x62cb, 0x62cb, 0x62cb, 0x62cb, 0x62cb, 0x62cb,

0x5acc, 0x5acc, 0x62cc, 0x62cc, 0x5acc, 0x62cc, 0x62cc, 0x62cc, 0x62cc, 0x62ec,
0x630c, 0x630c, 0x62ec, 0x630c, 0x62ec, 0x630c, 0x630c, 0x62ec, 0x62ac, 0x62cc,
0x62cc, 0x62cc, 0x62cc, 0x62cc, 0x62cc, 0x62cb, 0x62cb, 0x62cb, 0x62cb, 0x62cb,
0x62cb, 0x62cb, 0x62cb, 0x62cb, 0x62cb, 0x62cb, 0x62cb, 0x62cb, 0x62cb, 0x5acb,
0x5acb, 0x5acb, 0x5acb, 0x5aca, 0x5289, 0x4a28, 0x39a7, 0x39ea, 0x630f, 0x6332,
0x4a51, 0x4212, 0x39f1, 0x318e, 0x316f, 0x3130, 0x290e, 0x41ed, 0x7bf1, 0xb597,
0xc63c, 0xc61d, 0xad5a, 0x9498, 0x73d5, 0x7bd5, 0x8414, 0x5b0e, 0x3a09, 0x4a6b,
0x6b50, 0x7bd3, 0xb5bb, 0xb5bb, 0xb5bb, 0xb5bb, 0xb5bb, 0xb5bb, 0xb5bb, 0xb5bb,
0xb5bb, 0xb5bb, 0xb5bb, 0xb5bb, 0xb5bb, 0xb5bb, 0xb5bb, 0xb5bb, 0xb5bb, 0xb5bb,
0xb5bb, 0xb5bb, 0xb5bb, 0xb5bb, 0xb5bb, 0xb5bb, 0xb5bb, 0xb5bb, 0xb5bb, 0xb5bb,
0xb5bb, 0xb5bb, 0xb5bb, 0xb5bb, 0xb5bb, 0xb5bb, 0xb5bb, 0xb5bb, 0xb5bb, 0xb5bb,
0xb5bb, 0xb5bb, 0xb5bb, 0xb5bb, 0xb5bb, 0xb5bb, 0xb5bb, 0xb5bb, 0xb5bb, 0xb5bb,
0xb5bb, 0xb5bb, 0xb5bb, 0xb5bb, 0xb5bb, 0xb5bb, 0xb5bb, 0xb5bb, 0xb5bb, 0xb5bb,
0xb5bb, 0xb5bb, 0xb5bb, 0xb5bb, 0xb5bb, 0xb5bb, 0xb5bb, 0xb5bb, 0xb5bb, 0xb5bb,
0xb5bb, 0xb5bb, 0xb5bb, 0xb5bb, 0xb5bb, 0xb5bb, 0xb5bb, 0xb5bb, 0xb5bb, 0xb5bb,
0xb5bb, 0xb5bb, 0xb5bb, 0xb5bb, 0xb5bb, 0xb5bb, 0xb5bb, 0xb5bb, 0xb5bb, 0xb5bb,
0xb5bb, 0xb5bb, 0xb5bb, 0xb5bb, 0xb5bb, 0xb5bb, 0xb5bb, 0xb5bb, 0xb5bb, 0xb5bb,
0xb5bb, 0xb5bb, 0xb5bb, 0xb5bb, 0xb5bb, 0xb5bb, 0xb5bb, 0xb5bb, 0xb5bb, 0xb5bb,
0xb5bb, 0xb5bb, 0xb5bb, 0xb5bb, 0xb5bb, 0xb5bb, 0xb5bb, 0xb5bb, 0xb5bb, 0xb5bb,
0xb5bb, 0xb5bb, 0xb5bb, 0xb5bb, 0xb5bb, 0xb5bb, 0xb5bb, 0xb5bb, 0xb5bb, 0xb5bb,
0xb5bb, 0xb5bb, 0xb5bb, 0xb5bb, 0xb5bb, 0xb5bb, 0xb5bb, 0xb5bb, 0xb5bb, 0xb5bb,
0xb5bb, 0xb5bb, 0xb5bb, 0xb5bb, 0xb5bb, 0xb5bb, 0xb5bb, 0xb5bb, 0xb5bb, 0xb5bb,
0xb5bb, 0xb5bb, 0xb5bb, 0xb5bb, 0xb5bb, 0xb5bb, 0xb5bb, 0xb5bb, 0xb5bb, 0xb5bb,
0xb5bb, 0xb5bb, 0xb5bb, 0xb5bb, 0xb5bb, 0xb5bb, 0xb5bb, 0xb5bb, 0xb5bb, 0xb5bb,
0xb5bb, 0xb5bb, 0xb5bb, 0xb5bb, 0xb5bb, 0xb5bb, 0xb5bb, 0xb5bb, 0xa519, 0x7bf3,
0x630e, 0x4a6b, 0x4a4b, 0x4a6e, 0x52b1, 0x5b12, 0x6bd4, 0x8496, 0xa538, 0xb5ba,
0xce5c, 0xdedd, 0xbdda, 0x7b94, 0x39b0, 0x20ce, 0x20eb, 0x294b, 0x31ae, 0x4211,
0x3a11, 0x31ce, 0x216a, 0x2148, 0x2968, 0x39e9, 0x424a, 0x4a4b, 0x4a4b, 0x4a4b,
0x4a4b, 0x4a4b, 0x4a4b, 0x424b, 0x424b, 0x424a, 0x4249, 0x4a4a, 0x4a4b, 0x4a4b,
0x528a, 0x5289, 0x528a, 0x528a, 0x528a, 0x528a, 0x528a, 0x5a8a, 0x5a8a, 0x5aaa,
0x5aca, 0x5aca, 0x5aca, 0x5aca, 0x5aca, 0x5aca, 0x5aca, 0x5acb, 0x5acb, 0x5acb,
0x5acb, 0x5acb, 0x5acb, 0x62cb, 0x62cb, 0x5acb, 0x62cb, 0x62cb, 0x62cb, 0x62cb,

0x5acc, 0x5acc, 0x5acc, 0x5acc, 0x5acc, 0x5acc, 0x62cc, 0x62cc, 0x62cc, 0x62cc,
0x62cc, 0x62cc, 0x62cc, 0x62cc, 0x62cc, 0x62cc, 0x62cc, 0x62cc, 0x62cc, 0x62cc,
0x62cc, 0x62cc, 0x62cb, 0x62cb, 0x62cb, 0x62cb, 0x62cb, 0x62cb, 0x62cb, 0x62cb,
0x62cb, 0x62cb, 0x62cb, 0x62cb, 0x62cb, 0x62cb, 0x62cb, 0x5acb, 0x5acb, 0x5acb,
0x5acb, 0x5acb, 0x5acb, 0x5aaa, 0x5269, 0x4a28, 0x39a7, 0x39ea, 0x630f, 0x6332,
0x4a51, 0x4212, 0x39f1, 0x318e, 0x316f, 0x3130, 0x290e, 0x41ed, 0x7bf2, 0xb598,
0xce5c, 0xc61d, 0xad7b, 0x9498, 0x73d5, 0x7c36, 0x94b7, 0x7390, 0x422a, 0x4a6b,
0x6b50, 0x7bd3, 0xb5bb, 0xb5bb, 0xb5bb, 0xb5bb, 0xb5bb, 0xb5bb, 0xb5bb, 0xb5bb,
0xb5bb, 0xb5bb, 0xb5bb, 0xb5bb, 0xb5bb, 0xb5bb, 0xb5bb, 0xb5bb, 0xb5bb, 0xb5bb,
0xb5bb, 0xb5bb, 0xb5bb, 0xb5bb, 0xb5bb, 0xb5bb, 0xb5bb, 0xb5bb, 0xb5bb, 0xb5bb,
0xb5bb, 0xb5bb, 0xb5bb, 0xb5bb, 0xb5bb, 0xb5bb, 0xb5bb, 0xb5bb, 0xb5bb, 0xb5bb,
0xb5bb, 0xb5bb, 0xb5bb, 0xb5bb, 0xb5bb, 0xb5bb, 0xb5bb, 0xb5bb, 0xb5bb, 0xb5bb,
0xb5bb, 0xb5bb, 0xb5bb, 0xb5bb, 0xb5bb, 0xb5bb, 0xb5bb, 0xb5bb, 0xb5bb, 0xb5bb,
0xb5bb, 0xb5bb, 0xb5bb, 0xb5bb, 0xb5bb, 0xb5bb, 0xb5bb, 0xb5bb, 0xb5bb, 0xb5bb,
0xb5bb, 0xb5bb, 0xb5bb, 0xb5bb, 0xb5bb, 0xb5bb, 0xb5bb, 0xb5bb, 0xb5bb, 0xb5bb,
0xb5bb, 0xb5bb, 0xb5bb, 0xb5bb, 0xb5bb, 0xb5bb, 0xb5bb, 0xb5bb, 0xb5bb, 0xb5bb,
0xb5bb, 0xb5bb, 0xb5bb, 0xb5bb, 0xb5bb, 0xb5bb, 0xb5bb, 0xb5bb, 0xb5bb, 0xb5bb,
0xb5bb, 0xb5bb, 0xb5bb, 0xb5bb, 0xb5bb, 0xb5bb, 0xb5bb, 0xb5bb, 0xb5bb, 0xb5bb,
0xb5bb, 0xb5bb, 0xb5bb, 0xb5bb, 0xb5bb, 0xb5bb, 0xb5bb, 0xb5bb, 0xb5bb, 0xb5bb,
0xb5bb, 0xb5bb, 0xb5bb, 0xb5bb, 0xb5bb, 0xb5bb, 0xb5bb, 0xb5bb, 0xb5bb, 0xb5bb,
0xb5bb, 0xb5bb, 0xb5bb, 0xb5bb, 0xb5bb, 0xb5bb, 0xb5bb, 0xb5bb, 0xb5bb, 0xb5bb,
0xb5bb, 0xb5bb, 0xb5bb, 0xb5bb, 0xb5bb, 0xb5bb, 0xb5bb, 0xb5bb, 0xb5bb, 0xb5bb,
0xb5bb, 0xb5bb, 0xb5bb, 0xb5bb, 0xb5bb, 0xb5bb, 0xb5bb, 0xb5bb, 0xb5bb, 0xb5bb,
0xb5bb, 0xb5bb, 0xb5bb, 0xb5bb, 0xb5bb, 0xb5bb, 0xb5bb, 0xb5bb, 0xb5bb, 0xb5bb,
0xb5bb, 0xb5bb, 0xb5bb, 0xb5bb, 0xb5bb, 0xb5bb, 0xb5bb, 0xb5bb, 0xa519, 0x7bd2,
0x52ad, 0x424b, 0x4a4c, 0x526f, 0x52b1, 0x5b13, 0x73d6, 0x8cb8, 0xa55a, 0xb5bb,
0xce5d, 0xdedd, 0xbdda, 0x7b94, 0x39b1, 0x20ce, 0x20eb, 0x294b, 0x31ae, 0x4211,
0x3a12, 0x31ce, 0x216a, 0x2148, 0x2968, 0x39e9, 0x424a, 0x4a4b, 0x4a4b, 0x4a4b,
0x4a4b, 0x4a4b, 0x4a4b, 0x424b, 0x424b, 0x420a, 0x422a, 0x4a4a, 0x4a4b, 0x4a4b,
0x528a, 0x528a, 0x528a, 0x528a, 0x528a, 0x528a, 0x528a, 0x528a, 0x5a8a, 0x5a8a,
0x5a8a, 0x5aca, 0x5aca, 0x5aca, 0x5aca, 0x5aca, 0x5aca, 0x5aca, 0x5acb, 0x5aca,
0x5aca, 0x5acb, 0x5acb, 0x5acb, 0x5acb, 0x5acb, 0x5acb, 0x5acb, 0x5acb, 0x5acb,

0x5acc, 0x5acc, 0x5acc, 0x5acc, 0x5acc, 0x5acc, 0x5acc, 0x5acc, 0x62cc, 0x62cc,
0x62cc, 0x62cc, 0x62cc, 0x62cc, 0x62cc, 0x62cc, 0x62cb, 0x62cb, 0x62cb, 0x62cb,
0x62cb, 0x62cb, 0x62cb, 0x62cb, 0x62cb, 0x62cb, 0x62cb, 0x62cb, 0x62cb, 0x62cb,
0x62cb, 0x62cb, 0x62cb, 0x62cb, 0x62cb, 0x5acb, 0x5acb, 0x5acb, 0x5acb, 0x5acb,
0x5aca, 0x5aca, 0x5aca, 0x5aaa, 0x5269, 0x4a28, 0x39a7, 0x39ea, 0x630f, 0x6332,
0x4a51, 0x4212, 0x39f1, 0x318e, 0x316f, 0x3130, 0x290e, 0x41ed, 0x7bf2, 0xb598,
0xce5c, 0xc61d, 0xad9b, 0x94d9, 0x6bb5, 0x7c16, 0x94f7, 0x7c12, 0x4aab, 0x4a6b,
0x630f, 0x7bf3, 0xb5bb, 0xb5bb, 0xb5bb, 0xb5bb, 0xb5bb, 0xb5bb, 0xb5bb, 0xb5bb,
0xb5bb, 0xb5bb, 0xb5bb, 0xb5bb, 0xb5bb, 0xb5bb, 0xb5bb, 0xb5bb, 0xb5bb, 0xb5bb,
0xb5bb, 0xb5bb, 0xb5bb, 0xb5bb, 0xb5bb, 0xb5bb, 0xb5bb, 0xb5bb, 0xb5bb, 0xb5bb,
0xb5bb, 0xb5bb, 0xb5bb, 0xb5bb, 0xb5bb, 0xb5bb, 0xb5bb, 0xb5bb, 0xb5bb, 0xb5bb,
0xb5bb, 0xb5bb, 0xb5bb, 0xb5bb, 0xb5bb, 0xb5bb, 0xb5bb, 0xb5bb, 0xb5bb, 0xb5bb,
0xb5bb, 0xb5bb, 0xb5bb, 0xb5bb, 0xb5bb, 0xb5bb, 0xb5bb, 0xb5bb, 0xb5bb, 0xb5bb,
0xb5bb, 0xb5bb, 0xb5bb, 0xb5bb, 0xb5bb, 0xb5bb, 0xb5bb, 0xb5bb, 0xb5bb, 0xb5bb,
0xb5bb, 0xb5bb, 0xb5bb, 0xb5bb, 0xb5bb, 0xb5bb, 0xb5bb, 0xb5bb, 0xb5bb, 0xb5bb,
0xb5bb, 0xb5bb, 0xb5bb, 0xb5bb, 0xb5bb, 0xb5bb, 0xb5bb, 0xb5bb, 0xb5bb, 0xb5bb,
0xb5bb, 0xb5bb, 0xb5bb, 0xb5bb, 0xb5bb, 0xb5bb, 0xb5bb, 0xb5bb, 0xb5bb, 0xb5bb,
0xb5bb, 0xb5bb, 0xb5bb, 0xb5bb, 0xb5bb, 0xb5bb, 0xb5bb, 0xb5bb, 0xb5bb, 0xb5bb,
0xb5bb, 0xb5bb, 0xb5bb, 0xb5bb, 0xb5bb, 0xb5bb, 0xb5bb, 0xb5bb, 0xb5bb, 0xb5bb,
0xb5bb, 0xb5bb, 0xb5bb, 0xb5bb, 0xb5bb, 0xb5bb, 0xb5bb, 0xb5bb, 0xb5bb, 0xb5bb,
0xb5bb, 0xb5bb, 0xb5bb, 0xb5bb, 0xb5bb, 0xb5bb, 0xb5bb, 0xb5bb, 0xb5bb, 0xb5bb,
0xb5bb, 0xb5bb, 0xb5bb, 0xb5bb, 0xb5bb, 0xb5bb, 0xb5bb, 0xb5bb, 0xb5bb, 0xb5bb,
0xb5bb, 0xb5bb, 0xb5bb, 0xb5bb, 0xb5bb, 0xb5bb, 0xb5bb, 0xb5bb, 0xb5bb, 0xb5bb,
0xb5bb, 0xb5bb, 0xb5bb, 0xb5bb, 0xb5bb, 0xb5bb, 0xb5bb, 0xb5bb, 0xb5bb, 0xb5bb,
0xb5bb, 0xb5bb, 0xb5bb, 0xb5bb, 0xb5bb, 0xb5bb, 0xb5bb, 0xb5bb, 0x9cd7, 0x6b50,
0x4a4c, 0x422b, 0x4a8d, 0x52b0, 0x52f2, 0x6354, 0x7bf6, 0x9499, 0xa53a, 0xad7b,
0xc61d, 0xd6bd, 0xb5da, 0x7394, 0x39b1, 0x20ce, 0x20eb, 0x294b, 0x31ae, 0x4211,
0x3a12, 0x31ce, 0x216a, 0x2148, 0x2968, 0x39e9, 0x424a, 0x4a4b, 0x4a4b, 0x4a4b,
0x4a4b, 0x4a4b, 0x4a4b, 0x424b, 0x424b, 0x420a, 0x420a, 0x424a, 0x424a, 0x4a4a,
0x4a4a, 0x4a4a, 0x526a, 0x528a, 0x528a, 0x528a, 0x528a, 0x528a, 0x5a8a, 0x5a8a,
0x5a8a, 0x5a8a, 0x5aaa, 0x5aca, 0x5aca, 0x5aca, 0x5aca, 0x5aca, 0x5aca, 0x5aca,
0x5aca, 0x5acb, 0x5acb, 0x5acb, 0x5acb, 0x5acb, 0x5acb, 0x5acb, 0x5acb, 0x5acb,

0x5acb, 0x5acb, 0x5acb, 0x5acc, 0x5acc, 0x5acc, 0x5acb, 0x5acb, 0x5acb, 0x62cb,
0x62cb, 0x62cb, 0x62cb, 0x62cb, 0x62cb, 0x62cb, 0x62cb, 0x62cb, 0x62cb, 0x62cb,
0x62cb, 0x62cb, 0x62cb, 0x62cb, 0x62cb, 0x62cb, 0x62cb, 0x62cb, 0x62cb, 0x62cb,
0x62cb, 0x62cb, 0x62cb, 0x62cb, 0x62cb, 0x5acb, 0x5acb, 0x5acb, 0x5acb, 0x5acb,
0x5aca, 0x5aca, 0x5aca, 0x5aaa, 0x5269, 0x4a28, 0x39a7, 0x39ea, 0x630f, 0x6332,
0x4a51, 0x4212, 0x39f1, 0x318e, 0x316f, 0x3130, 0x290d, 0x41ed, 0x7bf1, 0xad78,
0xc61c, 0xbdfd, 0xad7b, 0x94d9, 0x6b96, 0x6b95, 0x8497, 0x8474, 0x636e, 0x4a6a,
0x4a8c, 0x6b71, 0xb5bb, 0xb5bb, 0xb5bb, 0xb5bb, 0xb5bb, 0xb5bb, 0xb5bb, 0xb5bb,
0xb5bb, 0xb5bb, 0xb5bb, 0xb5bb, 0xb5bb, 0xb5bb, 0xb5bb, 0xb5bb, 0xb5bb, 0xb5bb,
0xb5bb, 0xb5bb, 0xb5bb, 0xb5bb, 0xb5bb, 0xb5bb, 0xb5bb, 0xb5bb, 0xb5bb, 0xb5bb,
0xb5bb, 0xb5bb, 0xb5bb, 0xb5bb, 0xb5bb, 0xb5bb, 0xb5bb, 0xb5bb, 0xb5bb, 0xb5bb,
0xb5bb, 0xb5bb, 0xb5bb, 0xb5bb, 0xb5bb, 0xb5bb, 0xb5bb, 0xb5bb, 0xb5bb, 0xb5bb,
0xb5bb, 0xb5bb, 0xb5bb, 0xb5bb, 0xb5bb, 0xb5bb, 0xb5bb, 0xb5bb, 0xb5bb, 0xb5bb,
0xb5bb, 0xb5bb, 0xb5bb, 0xb5bb, 0xb5bb, 0xb5bb, 0xb5bb, 0xb5bb, 0xb5bb, 0xb5bb,
0xb5bb, 0xb5bb, 0xb5bb, 0xb5bb, 0xb5bb, 0xb5bb, 0xb5bb, 0xb5bb, 0xb5bb, 0xb5bb,
0xb5bb, 0xb5bb, 0xb5bb, 0xb5bb, 0xb5bb, 0xb5bb, 0xb5bb, 0xb5bb, 0xb5bb, 0xb5bb,
0xb5bb, 0xb5bb, 0xb5bb, 0xb5bb, 0xb5bb, 0xb5bb, 0xb5bb, 0xb5bb, 0xb5bb, 0xb5bb,
0xb5bb, 0xb5bb, 0xb5bb, 0xb5bb, 0xb5bb, 0xb5bb, 0xb5bb, 0xb5bb, 0xb5bb, 0xb5bb,
0xb5bb, 0xb5bb, 0xb5bb, 0xb5bb, 0xb5bb, 0xb5bb, 0xb5bb, 0xb5bb, 0xb5bb, 0xb5bb,
0xb5bb, 0xb5bb, 0xb5bb, 0xb5bb, 0xb5bb, 0xb5bb, 0xb5bb, 0xb5bb, 0xb5bb, 0xb5bb,
0xb5bb, 0xb5bb, 0xb5bb, 0xb5bb, 0xb5bb, 0xb5bb, 0xb5bb, 0xb5bb, 0xb5bb, 0xb5bb,
0xb5bb, 0xb5bb, 0xb5bb, 0xb5bb, 0xb5bb, 0xb5bb, 0xb5bb, 0xb5bb, 0xb5bb, 0xb5bb,
0xb5bb, 0xb5bb, 0xb5bb, 0xb5bb, 0xb5bb, 0xb5bb, 0xb5bb, 0xb5bb, 0xb5bb, 0xb5bb,
0xb5bb, 0xb5bb, 0xb5bb, 0xb5bb, 0xb5bb, 0xb5bb, 0xb5bb, 0xb5bb, 0xb5bb, 0xb5bb,
0xb5bb, 0xb5bb, 0xb5bb, 0xb5bb, 0xb5bb, 0xb5bb, 0xb5bb, 0xb5bb, 0x94b6, 0x632f,
0x4aad, 0x4a8c, 0x4a8e, 0x4ab0, 0x52f3, 0x6375, 0x7c17, 0x8c99, 0x9cfa, 0xad5b,
0xbdfc, 0xce5c, 0xad79, 0x6b74, 0x39b0, 0x20ce, 0x20eb, 0x294b, 0x31ae, 0x4211,
0x3a11, 0x31ce, 0x216a, 0x2148, 0x2968, 0x39e9, 0x424a, 0x4a4b, 0x4a4b, 0x4a4b,
0x4a4b, 0x4a4b, 0x4a4b, 0x424b, 0x424b, 0x420a, 0x422a, 0x424a, 0x424a, 0x4a4a,
0x4a4a, 0x4a2a, 0x524a, 0x526a, 0x528a, 0x528a, 0x528a, 0x528a, 0x528a, 0x528a,
0x5a8a, 0x5a8a, 0x5a8a, 0x5aaa, 0x5aca, 0x5aca, 0x5aca, 0x5aca, 0x5aca, 0x5aca,
0x5aca, 0x5aca, 0x5aca, 0x5acb, 0x5acb, 0x5acb, 0x5acb, 0x5acb, 0x5acb, 0x5acb,

0x5acb, 0x5acb, 0x5acb, 0x5acc, 0x5acc, 0x5acc, 0x5acb, 0x5acb, 0x5acb, 0x5acb,
0x62cb, 0x62cb, 0x62cb, 0x62cb, 0x62cb, 0x62cb, 0x62cb, 0x62cb, 0x62cb, 0x62cb,
0x62cb, 0x62cb, 0x62cb, 0x62cb, 0x62cb, 0x62cb, 0x62cb, 0x62cb, 0x62cb, 0x62cb,
0x62cb, 0x62cb, 0x62cb, 0x62cb, 0x62cb, 0x5acb, 0x5acb, 0x5acb, 0x5acb, 0x5acb,
0x5acb, 0x5aca, 0x5aca, 0x5aaa, 0x5269, 0x4a28, 0x39a7, 0x39ea, 0x630f, 0x6332,
0x4a51, 0x4212, 0x39f1, 0x318e, 0x316f, 0x3130, 0x290e, 0x41ed, 0x7bf2, 0xad78,
0xbdfc, 0xbddc, 0xad5b, 0x94d9, 0x73b6, 0x6b55, 0x6bb5, 0x8456, 0x8433, 0x52cc,
0x422a, 0x528d, 0xb5bb, 0xb5bb, 0xb5bb, 0xb5bb, 0xb5bb, 0xb5bb, 0xb5bb, 0xb5bb,
0xb5bb, 0xb5bb, 0xb5bb, 0xb5bb, 0xb5bb, 0xb5bb, 0xb5bb, 0xb5bb, 0xb5bb, 0xb5bb,
0xb5bb, 0xb5bb, 0xb5bb, 0xb5bb, 0xb5bb, 0xb5bb, 0xb5bb, 0xb5bb, 0xb5bb, 0xb5bb,
0xb5bb, 0xb5bb, 0xb5bb, 0xb5bb, 0xb5bb, 0xb5bb, 0xb5bb, 0xb5bb, 0xb5bb, 0xb5bb,
0xb5bb, 0xb5bb, 0xb5bb, 0xb5bb, 0xb5bb, 0xb5bb, 0xb5bb, 0xb5bb, 0xb5bb, 0xb5bb,
0xb5bb, 0xb5bb, 0xb5bb, 0xb5bb, 0xb5bb, 0xb5bb, 0xb5bb, 0xb5bb, 0xb5bb, 0xb5bb,
0xb5bb, 0xb5bb, 0xb5bb, 0xb5bb, 0xb5bb, 0xb5bb, 0xb5bb, 0xb5bb, 0xb5bb, 0xb5bb,
0xb5bb, 0xb5bb, 0xb5bb, 0xb5bb, 0xb5bb, 0xb5bb, 0xb5bb, 0xb5bb, 0xb5bb, 0xb5bb,
0xb5bb, 0xb5bb, 0xb5bb, 0xb5bb, 0xb5bb, 0xb5bb, 0xb5bb, 0xb5bb, 0xb5bb, 0xb5bb,
0xb5bb, 0xb5bb, 0xb5bb, 0xb5bb, 0xb5bb, 0xb5bb, 0xb5bb, 0xb5bb, 0xb5bb, 0xb5bb,
0xb5bb, 0xb5bb, 0xb5bb, 0xb5bb, 0xb5bb, 0xb5bb, 0xb5bb, 0xb5bb, 0xb5bb, 0xb5bb,
0xb5bb, 0xb5bb, 0xb5bb, 0xb5bb, 0xb5bb, 0xb5bb, 0xb5bb, 0xb5bb, 0xb5bb, 0xb5bb,
0xb5bb, 0xb5bb, 0xb5bb, 0xb5bb, 0xb5bb, 0xb5bb, 0xb5bb, 0xb5bb, 0xb5bb, 0xb5bb,
0xb5bb, 0xb5bb, 0xb5bb, 0xb5bb, 0xb5bb, 0xb5bb, 0xb5bb, 0xb5bb, 0xb5bb, 0xb5bb,
0xb5bb, 0xb5bb, 0xb5bb, 0xb5bb, 0xb5bb, 0xb5bb, 0xb5bb, 0xb5bb, 0xb5bb, 0xb5bb,
0xb5bb, 0xb5bb, 0xb5bb, 0xb5bb, 0xb5bb, 0xb5bb, 0xb5bb, 0xb5bb, 0xb5bb, 0xb5bb,
0xb5bb, 0xb5bb, 0xb5bb, 0xb5bb, 0xb5bb, 0xb5bb, 0xb5bb, 0xb5bb, 0xb5bb, 0xb5bb,
0xb5bb, 0xb5bb, 0xb5bb, 0xb5bb, 0xb5bb, 0xb5bb, 0xb5bb, 0xb5bb, 0x8c96, 0x5b0e,
0x52cd, 0x4aad, 0x4a8e, 0x4a90, 0x4ab2, 0x5b35, 0x73f7, 0x8478, 0x94ba, 0xa53b,
0xb5bb, 0xbdfb, 0xa519, 0x6b54, 0x39b0, 0x28ee, 0x28eb, 0x294b, 0x31ae, 0x4211,
0x3a12, 0x31ce, 0x216a, 0x2148, 0x2968, 0x39e9, 0x424a, 0x4a4b, 0x4a4b, 0x4a4b,
0x4a4b, 0x4a4b, 0x4a4b, 0x424b, 0x424b, 0x420a, 0x420a, 0x424a, 0x424a, 0x4a4a,
0x4a4b, 0x4a4a, 0x526a, 0x528a, 0x528a, 0x528a, 0x528a, 0x528a, 0x528a, 0x528a,
0x5a8a, 0x5a8a, 0x5a8a, 0x5a8a, 0x5aaa, 0x5aca, 0x5aca, 0x5aca, 0x5aca, 0x5acb,
0x5aca, 0x5aca, 0x5aca, 0x5acb, 0x5acb, 0x5acb, 0x5acb, 0x5acb, 0x5acb, 0x5acb,

0x5acb, 0x5acb, 0x5acb, 0x5acb, 0x5acb, 0x5acb, 0x5acb, 0x5acb, 0x5acb, 0x5acb,
0x5acb, 0x62cb, 0x62cb, 0x62cb, 0x62cb, 0x62cb, 0x62cb, 0x62cb, 0x62cb, 0x62cb,
0x62cb, 0x62cb, 0x62cb, 0x62cb, 0x62cb, 0x62cb, 0x62cb, 0x62cb, 0x62cb, 0x62cb,
0x62cb, 0x62cb, 0x62cb, 0x62cb, 0x62cb, 0x5acb, 0x5acb, 0x5acb, 0x5aca, 0x5aca,
0x5aca, 0x5aca, 0x5aca, 0x5aaa, 0x5269, 0x4227, 0x31a7, 0x39ea, 0x630f, 0x6332,
0x4a51, 0x4212, 0x39f1, 0x318e, 0x316f, 0x3130, 0x290e, 0x41ed, 0x73b2, 0xad58,
0xc61c, 0xbddc, 0xa53a, 0x9499, 0x7bf7, 0x6335, 0x5ab3, 0x73d5, 0x8456, 0x634f,
0x4a4b, 0x420b, 0xb5bb, 0xb5bb, 0xb5bb, 0xb5bb, 0xb5bb, 0xb5bb, 0xb5bb, 0xb5bb,
0xb5bb, 0xb5bb, 0xb5bb, 0xb5bb, 0xb5bb, 0xb5bb, 0xb5bb, 0xb5bb, 0xb5bb, 0xb5bb,
0xb5bb, 0xb5bb, 0xb5bb, 0xb5bb, 0xb5bb, 0xb5bb, 0xb5bb, 0xb5bb, 0xb5bb, 0xb5bb,
0xb5bb, 0xb5bb, 0xb5bb, 0xb5bb, 0xb5bb, 0xb5bb, 0xb5bb, 0xb5bb, 0xb5bb, 0xb5bb,
0xb5bb, 0xb5bb, 0xb5bb, 0xb5bb, 0xb5bb, 0xb5bb, 0xb5bb, 0xb5bb, 0xb5bb, 0xb5bb,
0xb5bb, 0xb5bb, 0xb5bb, 0xb5bb, 0xb5bb, 0xb5bb, 0xb5bb, 0xb5bb, 0xb5bb, 0xb5bb,
0xb5bb, 0xb5bb, 0xb5bb, 0xb5bb, 0xb5bb, 0xb5bb, 0xb5bb, 0xb5bb, 0xb5bb, 0xb5bb,
0xb5bb, 0xb5bb, 0xb5bb, 0xb5bb, 0xb5bb, 0xb5bb, 0xb5bb, 0xb5bb, 0xb5bb, 0xb5bb,
0xb5bb, 0xb5bb, 0xb5bb, 0xb5bb, 0xb5bb, 0xb5bb, 0xb5bb, 0xb5bb, 0xb5bb, 0xb5bb,
0xb5bb, 0xb5bb, 0xb5bb, 0xb5bb, 0xb5bb, 0xb5bb, 0xb5bb, 0xb5bb, 0xb5bb, 0xb5bb,
0xb5bb, 0xb5bb, 0xb5bb, 0xb5bb, 0xb5bb, 0xb5bb, 0xb5bb, 0xb5bb, 0xb5bb, 0xb5bb,
0xb5bb, 0xb5bb, 0xb5bb, 0xb5bb, 0xb5bb, 0xb5bb, 0xb5bb, 0xb5bb, 0xb5bb, 0xb5bb,
0xb5bb, 0xb5bb, 0xb5bb, 0xb5bb, 0xb5bb, 0xb5bb, 0xb5bb, 0xb5bb, 0xb5bb, 0xb5bb,
0xb5bb, 0xb5bb, 0xb5bb, 0xb5bb, 0xb5bb, 0xb5bb, 0xb5bb, 0xb5bb, 0xb5bb, 0xb5bb,
0xb5bb, 0xb5bb, 0xb5bb, 0xb5bb, 0xb5bb, 0xb5bb, 0xb5bb, 0xb5bb, 0xb5bb, 0xb5bb,
0xb5bb, 0xb5bb, 0xb5bb, 0xb5bb, 0xb5bb, 0xb5bb, 0xb5bb, 0xb5bb, 0xb5bb, 0xb5bb,
0xb5bb, 0xb5bb, 0xb5bb, 0xb5bb, 0xb5bb, 0xb5bb, 0xb5bb, 0xb5bb, 0xb5bb, 0xb5bb,
0xb5bb, 0xb5bb, 0xb5bb, 0xb5bb, 0xb5bb, 0xb5bb, 0xb5bb, 0xb5bb, 0x8c76, 0x5acd,
0x4a4b, 0x4a6b, 0x4a8e, 0x4a8f, 0x4a91, 0x52d2, 0x6354, 0x7bd6, 0x8c58, 0x9cd9,
0xad5a, 0xad9a, 0x94d7, 0x6313, 0x39d0, 0x290e, 0x28eb, 0x292b, 0x31ae, 0x4211,
0x3a12, 0x31ce, 0x216a, 0x2148, 0x2968, 0x39e9, 0x424a, 0x4a4b, 0x4a4b, 0x4a4b,
0x4a4b, 0x4a4b, 0x4a4b, 0x424b, 0x424b, 0x422a, 0x420a, 0x420a, 0x422a, 0x4a4a,
0x4a4b, 0x4a6a, 0x528a, 0x528a, 0x528a, 0x528a, 0x528a, 0x528a, 0x528a, 0x528a,
0x5a8a, 0x5a8a, 0x5a8a, 0x5a8a, 0x5aaa, 0x5aca, 0x5aca, 0x5aca, 0x5aca, 0x5aca,
0x5aca, 0x5acb, 0x5acb, 0x5acb, 0x5acb, 0x5acb, 0x5acb, 0x5acb, 0x5acb, 0x5acb,

0x5acb, 0x5acb, 0x5acb, 0x5acb, 0x5acb, 0x5acb, 0x5acb, 0x5acb, 0x5acb, 0x52cb,
0x5acb, 0x62cb, 0x62cb, 0x62cb, 0x62cb, 0x62cb, 0x62cb, 0x62cb, 0x62cb, 0x62cb,
0x62cb, 0x62cb, 0x62cb, 0x62cb, 0x62cb, 0x62cb, 0x62cb, 0x62cb, 0x62cb, 0x62cb,
0x62cb, 0x62cb, 0x62cb, 0x62cb, 0x62cb, 0x62cb, 0x5acb, 0x5acb, 0x5aca, 0x5aca,
0x5aca, 0x5aca, 0x5aca, 0x5aaa, 0x5269, 0x4228, 0x31a7, 0x39ea, 0x630f, 0x6332,
0x4a51, 0x4212, 0x39f1, 0x318e, 0x316f, 0x3150, 0x290d, 0x39cd, 0x6b72, 0x9cf7,
0xb5bb, 0xad7c, 0x9cfb, 0x8c79, 0x73d7, 0x5b35, 0x52d3, 0x6354, 0x6b73, 0x4a6c,
0x39e9, 0x39ea, 0xb5bb, 0xb5bb, 0xb5bb, 0xb5bb, 0xb5bb, 0xb5bb, 0xb5bb, 0xb5bb,
0xb5bb, 0xb5bb, 0xb5bb, 0xb5bb, 0xb5bb, 0xb5bb, 0xb5bb, 0xb5bb, 0xb5bb, 0xb5bb,
0xb5bb, 0xb5bb, 0xb5bb, 0xb5bb, 0xb5bb, 0xb5bb, 0xb5bb, 0xb5bb, 0xb5bb, 0xb5bb,
0xb5bb, 0xb5bb, 0xb5bb, 0xb5bb, 0xb5bb, 0xb5bb, 0xb5bb, 0xb5bb, 0xb5bb, 0xb5bb,
0xb5bb, 0xb5bb, 0xb5bb, 0xb5bb, 0xb5bb, 0xb5bb, 0xb5bb, 0xb5bb, 0xb5bb, 0xb5bb,
0xb5bb, 0xb5bb, 0xb5bb, 0xb5bb, 0xb5bb, 0xb5bb, 0xb5bb, 0xb5bb, 0xb5bb, 0xb5bb,
0xb5bb, 0xb5bb, 0xb5bb, 0xb5bb, 0xb5bb, 0xb5bb, 0xb5bb, 0xb5bb, 0xb5bb, 0xb5bb,
0xb5bb, 0xb5bb, 0xb5bb, 0xb5bb, 0xb5bb, 0xb5bb, 0xb5bb, 0xb5bb, 0xb5bb, 0xb5bb,
0xb5bb, 0xb5bb, 0xb5bb, 0xb5bb, 0xb5bb, 0xb5bb, 0xb5bb, 0xb5bb, 0xb5bb, 0xb5bb,
0xb5bb, 0xb5bb, 0xb5bb, 0xb5bb, 0xb5bb, 0xb5bb, 0xb5bb, 0xb5bb, 0xb5bb, 0xb5bb,
0xb5bb, 0xb5bb, 0xb5bb, 0xb5bb, 0xb5bb, 0xb5bb, 0xb5bb, 0xb5bb, 0xb5bb, 0xb5bb,
0xb5bb, 0xb5bb, 0xb5bb, 0xb5bb, 0xb5bb, 0xb5bb, 0xb5bb, 0xb5bb, 0xb5bb, 0xb5bb,
0xb5bb, 0xb5bb, 0xb5bb, 0xb5bb, 0xb5bb, 0xb5bb, 0xb5bb, 0xb5bb, 0xb5bb, 0xb5bb,
0xb5bb, 0xb5bb, 0xb5bb, 0xb5bb, 0xb5bb, 0xb5bb, 0xb5bb, 0xb5bb, 0xb5bb, 0xb5bb,
0xb5bb, 0xb5bb, 0xb5bb, 0xb5bb, 0xb5bb, 0xb5bb, 0xb5bb, 0xb5bb, 0xb5bb, 0xb5bb,
0xb5bb, 0xb5bb, 0xb5bb, 0xb5bb, 0xb5bb, 0xb5bb, 0xb5bb, 0xb5bb, 0xb5bb, 0xb5bb,
0xb5bb, 0xb5bb, 0xb5bb, 0xb5bb, 0xb5bb, 0xb5bb, 0xb5bb, 0xb5bb, 0xb5bb, 0xb5bb,
0xb5bb, 0xb5bb, 0xb5bb, 0xb5bb, 0xb5bb, 0xb5bb, 0xb5bb, 0xb5bb, 0x9496, 0x5aef,
0x4a4b, 0x39e9, 0x39eb, 0x422e, 0x52b0, 0x52f1, 0x6312, 0x6333, 0x6b74, 0x7bf5,
0x9498, 0x94d8, 0x8435, 0x5af2, 0x39d0, 0x290e, 0x290b, 0x292b, 0x31ae, 0x4211,
0x3a11, 0x31ce, 0x216a, 0x2148, 0x2968, 0x39e9, 0x424a, 0x4a4b, 0x4a4b, 0x4a4b,
0x4a4b, 0x4a4b, 0x4a4b, 0x4a4b, 0x424b, 0x424b, 0x422a, 0x420a, 0x422a, 0x4a4a,
0x4a4b, 0x4a6b, 0x528a, 0x528a, 0x528a, 0x528a, 0x528a, 0x528a, 0x528a, 0x528a,
0x5a8a, 0x5a8a, 0x5a8a, 0x5a8a, 0x5aaa, 0x5aca, 0x5aca, 0x5aca, 0x5aca, 0x5aca,
0x5aca, 0x5acb, 0x5acb, 0x5acb, 0x5acb, 0x5acb, 0x5acb, 0x5acb, 0x5acb, 0x5acb,

0x5acb, 0x5acb, 0x5acb, 0x5acb, 0x5acb, 0x5acb, 0x5acb, 0x5acb, 0x5acb, 0x5acb,
0x5acb, 0x5acb, 0x5acb, 0x5acb, 0x62cb, 0x62cb, 0x62cb, 0x62cb, 0x62cb, 0x62cb,
0x62cb, 0x62cb, 0x62cb, 0x62cb, 0x62cb, 0x62cb, 0x62cb, 0x62cb, 0x62cb, 0x62cb,
0x62cb, 0x62cb, 0x62cb, 0x62cb, 0x5acb, 0x62cb, 0x5acb, 0x5acb, 0x5aca, 0x5aca,
0x5aca, 0x5aca, 0x5aca, 0x5aaa, 0x5269, 0x4228, 0x31a7, 0x39ea, 0x630f, 0x6332,
0x4a51, 0x4212, 0x39f1, 0x318e, 0x296f, 0x2930, 0x290e, 0x39cd, 0x6b71, 0x9cd7,
0xad5b, 0xa51b, 0x8c99, 0x7c38, 0x73b7, 0x73b7, 0x6bb6, 0x5b13, 0x424d, 0x31a9,
0x39c9, 0x4a4b, 0xb5bb, 0xb5bb, 0xb5bb, 0xb5bb, 0xb5bb, 0xb5bb, 0xb5bb, 0xb5bb,
0xb5bb, 0xb5bb, 0xb5bb, 0xb5bb, 0xb5bb, 0xb5bb, 0xb5bb, 0xb5bb, 0xb5bb, 0xb5bb,
0xb5bb, 0xb5bb, 0xb5bb, 0xb5bb, 0xb5bb, 0xb5bb, 0xb5bb, 0xb5bb, 0xb5bb, 0xb5bb,
0xb5bb, 0xb5bb, 0xb5bb, 0xb5bb, 0xb5bb, 0xb5bb, 0xb5bb, 0xb5bb, 0xb5bb, 0xb5bb,
0xb5bb, 0xb5bb, 0xb5bb, 0xb5bb, 0xb5bb, 0xb5bb, 0xb5bb, 0xb5bb, 0xb5bb, 0xb5bb,
0xb5bb, 0xb5bb, 0xb5bb, 0xb5bb, 0xb5bb, 0xb5bb, 0xb5bb, 0xb5bb, 0xb5bb, 0xb5bb,
0xb5bb, 0xb5bb, 0xb5bb, 0xb5bb, 0xb5bb, 0xb5bb, 0xb5bb, 0xb5bb, 0xb5bb, 0xb5bb,
0xb5bb, 0xb5bb, 0xb5bb, 0xb5bb, 0xb5bb, 0xb5bb, 0xb5bb, 0xb5bb, 0xb5bb, 0xb5bb,
0xb5bb, 0xb5bb, 0xb5bb, 0xb5bb, 0xb5bb, 0xb5bb, 0xb5bb, 0xb5bb, 0xb5bb, 0xb5bb,
0xb5bb, 0xb5bb, 0xb5bb, 0xb5bb, 0xb5bb, 0xb5bb, 0xb5bb, 0xb5bb, 0xb5bb, 0xb5bb,
0xb5bb, 0xb5bb, 0xb5bb, 0xb5bb, 0xb5bb, 0xb5bb, 0xb5bb, 0xb5bb, 0xb5bb, 0xb5bb,
0xb5bb, 0xb5bb, 0xb5bb, 0xb5bb, 0xb5bb, 0xb5bb, 0xb5bb, 0xb5bb, 0xb5bb, 0xb5bb,
0xb5bb, 0xb5bb, 0xb5bb, 0xb5bb, 0xb5bb, 0xb5bb, 0xb5bb, 0xb5bb, 0xb5bb, 0xb5bb,
0xb5bb, 0xb5bb, 0xb5bb, 0xb5bb, 0xb5bb, 0xb5bb, 0xb5bb, 0xb5bb, 0xb5bb, 0xb5bb,
0xb5bb, 0xb5bb, 0xb5bb, 0xb5bb, 0xb5bb, 0xb5bb, 0xb5bb, 0xb5bb, 0xb5bb, 0xb5bb,
0xb5bb, 0xb5bb, 0xb5bb, 0xb5bb, 0xb5bb, 0xb5bb, 0xb5bb, 0xb5bb, 0xb5bb, 0xb5bb,
0xb5bb, 0xb5bb, 0xb5bb, 0xb5bb, 0xb5bb, 0xb5bb, 0xb5bb, 0xb5bb, 0xb5bb, 0xb5bb,
0xb5bb, 0xb5bb, 0xb5bb, 0xb5bb, 0xb5bb, 0xb5bb, 0xb5bb, 0xb5bb, 0x94b7, 0x6b70,
0x528d, 0x31a9, 0x2107, 0x2107, 0x2989, 0x422c, 0x52cf, 0x6312, 0x6b53, 0x6b94,
0x7bf5, 0x8415, 0x7394, 0x5292, 0x39b0, 0x290e, 0x290b, 0x292b, 0x31ae, 0x4211,
0x3a11, 0x31ce, 0x216a, 0x2148, 0x2968, 0x39e9, 0x424a, 0x4a4b, 0x4a4b, 0x4a4b,
0x4a4b, 0x4a4b, 0x4a4b, 0x4a4b, 0x4a4b, 0x424b, 0x422a, 0x420a, 0x4229, 0x424a,
0x4a4b, 0x4a6b, 0x528b, 0x528a, 0x528a, 0x528a, 0x528a, 0x528a, 0x528a, 0x528a,
0x528a, 0x5a8a, 0x5a8a, 0x5a8a, 0x5aaa, 0x5aaa, 0x5aca, 0x5aca, 0x5aca, 0x5aca,
0x5aca, 0x5aca, 0x5acb, 0x5acb, 0x5acb, 0x5acb, 0x5acb, 0x5acb, 0x5acb, 0x5acb,

0x5acb, 0x5acb, 0x5acb, 0x5acb, 0x5acb, 0x5acb, 0x5acb, 0x5acb, 0x5acb, 0x5acb,
0x5acb, 0x5acb, 0x5acb, 0x5acb, 0x5acb, 0x62cb, 0x62cb, 0x62cb, 0x62cb, 0x62cb,
0x62cb, 0x62cb, 0x62cb, 0x62cb, 0x62cb, 0x62cb, 0x62cb, 0x62cb, 0x62cb, 0x62cb,
0x62cb, 0x62cb, 0x62cb, 0x5acb, 0x5acb, 0x5acb, 0x5acb, 0x5acb, 0x5aca, 0x5aca,
0x5aca, 0x5aca, 0x5aca, 0x5aaa, 0x5269, 0x4227, 0x31a6, 0x39ea, 0x630f, 0x6332,
0x4a51, 0x4212, 0x39f1, 0x318e, 0x316f, 0x3150, 0x290e, 0x41cd, 0x6b70, 0x94b7,
0xa53b, 0xa51b, 0x8c9a, 0x7c39, 0x7bd8, 0x83f8, 0x7bd6, 0x4a8e, 0x2167, 0x2987,
0x422b, 0x52ad, 0xb5bb, 0xb5bb, 0xb5bb, 0xb5bb, 0xb5bb, 0xb5bb, 0xb5bb, 0xb5bb,
0xb5bb, 0xb5bb, 0xb5bb, 0xb5bb, 0xb5bb, 0xb5bb, 0xb5bb, 0xb5bb, 0xb5bb, 0xb5bb,
0xb5bb, 0xb5bb, 0xb5bb, 0xb5bb, 0xb5bb, 0xb5bb, 0xb5bb, 0xb5bb, 0xb5bb, 0xb5bb,
0xb5bb, 0xb5bb, 0xb5bb, 0xb5bb, 0xb5bb, 0xb5bb, 0xb5bb, 0xb5bb, 0xb5bb, 0xb5bb,
0xb5bb, 0xb5bb, 0xb5bb, 0xb5bb, 0xb5bb, 0xb5bb, 0xb5bb, 0xb5bb, 0xb5bb, 0xb5bb,
0xb5bb, 0xb5bb, 0xb5bb, 0xb5bb, 0xb5bb, 0xb5bb, 0xb5bb, 0xb5bb, 0xb5bb, 0xb5bb,
0xb5bb, 0xb5bb, 0xb5bb, 0xb5bb, 0xb5bb, 0xb5bb, 0xb5bb, 0xb5bb, 0xb5bb, 0xb5bb,
0xb5bb, 0xb5bb, 0xb5bb, 0xb5bb, 0xb5bb, 0xb5bb, 0xb5bb, 0xb5bb, 0xb5bb, 0xb5bb,
0xb5bb, 0xb5bb, 0xb5bb, 0xb5bb, 0xb5bb, 0xb5bb, 0xb5bb, 0xb5bb, 0xb5bb, 0xb5bb,
0xb5bb, 0xb5bb, 0xb5bb, 0xb5bb, 0xb5bb, 0xb5bb, 0xb5bb, 0xb5bb, 0xb5bb, 0xb5bb,
0xb5bb, 0xb5bb, 0xb5bb, 0xb5bb, 0xb5bb, 0xb5bb, 0xb5bb, 0xb5bb, 0xb5bb, 0xb5bb,
0xb5bb, 0xb5bb, 0xb5bb, 0xb5bb, 0xb5bb, 0xb5bb, 0xb5bb, 0xb5bb, 0xb5bb, 0xb5bb,
0xb5bb, 0xb5bb, 0xb5bb, 0xb5bb, 0xb5bb, 0xb5bb, 0xb5bb, 0xb5bb, 0xb5bb, 0xb5bb,
0xb5bb, 0xb5bb, 0xb5bb, 0xb5bb, 0xb5bb, 0xb5bb, 0xb5bb, 0xb5bb, 0xb5bb, 0xb5bb,
0xb5bb, 0xb5bb, 0xb5bb, 0xb5bb, 0xb5bb, 0xb5bb, 0xb5bb, 0xb5bb, 0xb5bb, 0xb5bb,
0xb5bb, 0xb5bb, 0xb5bb, 0xb5bb, 0xb5bb, 0xb5bb, 0xb5bb, 0xb5bb, 0xb5bb, 0xb5bb,
0xb5bb, 0xb5bb, 0xb5bb, 0xb5bb, 0xb5bb, 0xb5bb, 0xb5bb, 0xb5bb, 0xb5bb, 0xb5bb,
0xb5bb, 0xb5bb, 0xb5bb, 0xb5bb, 0xb5bb, 0xb5bb, 0xb5bb, 0xb5bb, 0x9cf7, 0x73b1,
0x52ae, 0x39ea, 0x2967, 0x2106, 0x18e5, 0x2127, 0x39ca, 0x528e, 0x6311, 0x6352,
0x6b92, 0x7392, 0x6b32, 0x5251, 0x3990, 0x292e, 0x290b, 0x292b, 0x31ae, 0x4211,
0x3a12, 0x31ce, 0x216a, 0x2148, 0x2968, 0x39e9, 0x424a, 0x4a4b, 0x4a4b, 0x4a4b,
0x4a4b, 0x4a4b, 0x4a4b, 0x4a4b, 0x4a4b, 0x424b, 0x422a, 0x420a, 0x422a, 0x424a,
0x4a4b, 0x4a6b, 0x528b, 0x528b, 0x528a, 0x528a, 0x528a, 0x528a, 0x528a, 0x528a,
0x528a, 0x528a, 0x5a8a, 0x5a8a, 0x5a8a, 0x5a8a, 0x5aca, 0x5aca, 0x5aca, 0x5aca,
0x5aca, 0x5aca, 0x5aca, 0x5acb, 0x5acb, 0x5acb, 0x5acb, 0x5acb, 0x5acb, 0x5acb,

0x5acb, 0x5acb, 0x5acb, 0x5acb, 0x5acb, 0x5acb, 0x5acb, 0x5acb, 0x5acb, 0x5acb,
0x5acb, 0x5acb, 0x5acb, 0x5acb, 0x5acb, 0x5acb, 0x5acb, 0x5acb, 0x5acb, 0x5acb,
0x5acb, 0x5acb, 0x5acb, 0x62cb, 0x62cb, 0x62cb, 0x62cb, 0x5acb, 0x5acb, 0x5acb,
0x5acb, 0x5acb, 0x5acb, 0x5acb, 0x5acb, 0x5acb, 0x5aca, 0x5aca, 0x5aca, 0x5aca,
0x5aca, 0x5aaa, 0x5a8a, 0x5a8a, 0x5269, 0x4227, 0x31a7, 0x39ea, 0x630f, 0x6332,
0x4a51, 0x4212, 0x39f1, 0x318e, 0x318f, 0x3970, 0x292e, 0x39ad, 0x6331, 0x8c76,
0x9d1a, 0x9d1b, 0x9cdc, 0x8c7b, 0x7bd8, 0x6b33, 0x52ae, 0x31a9, 0x2126, 0x2986,
0x3a4a, 0x52ce, 0xb5bb, 0xb5bb, 0xb5bb, 0xb5bb, 0xb5bb, 0xb5bb, 0xb5bb, 0xb5bb,
0xb5bb, 0xb5bb, 0xb5bb, 0xb5bb, 0xb5bb, 0xb5bb, 0xb5bb, 0xb5bb, 0xb5bb, 0xb5bb,
0xb5bb, 0xb5bb, 0xb5bb, 0xb5bb, 0xb5bb, 0xb5bb, 0xb5bb, 0xb5bb, 0xb5bb, 0xb5bb,
0xb5bb, 0xb5bb, 0xb5bb, 0xb5bb, 0xb5bb, 0xb5bb, 0xb5bb, 0xb5bb, 0xb5bb, 0xb5bb,
0xb5bb, 0xb5bb, 0xb5bb, 0xb5bb, 0xb5bb, 0xb5bb, 0xb5bb, 0xb5bb, 0xb5bb, 0xb5bb,
0xb5bb, 0xb5bb, 0xb5bb, 0xb5bb, 0xb5bb, 0xb5bb, 0xb5bb, 0xb5bb, 0xb5bb, 0xb5bb,
0xb5bb, 0xb5bb, 0xb5bb, 0xb5bb, 0xb5bb, 0xb5bb, 0xb5bb, 0xb5bb, 0xb5bb, 0xb5bb,
0xb5bb, 0xb5bb, 0xb5bb, 0xb5bb, 0xb5bb, 0xb5bb, 0xb5bb, 0xb5bb, 0xb5bb, 0xb5bb,
0xb5bb, 0xb5bb, 0xb5bb, 0xb5bb, 0xb5bb, 0xb5bb, 0xb5bb, 0xb5bb, 0xb5bb, 0xb5bb,
0xb5bb, 0xb5bb, 0xb5bb, 0xb5bb, 0xb5bb, 0xb5bb, 0xb5bb, 0xb5bb, 0xb5bb, 0xb5bb,
0xb5bb, 0xb5bb, 0xb5bb, 0xb5bb, 0xb5bb, 0xb5bb, 0xb5bb, 0xb5bb, 0xb5bb, 0xb5bb,
0xb5bb, 0xb5bb, 0xb5bb, 0xb5bb, 0xb5bb, 0xb5bb, 0xb5bb, 0xb5bb, 0xb5bb, 0xb5bb,
0xb5bb, 0xb5bb, 0xb5bb, 0xb5bb, 0xb5bb, 0xb5bb, 0xb5bb, 0xb5bb, 0xb5bb, 0xb5bb,
0xb5bb, 0xb5bb, 0xb5bb, 0xb5bb, 0xb5bb, 0xb5bb, 0xb5bb, 0xb5bb, 0xb5bb, 0xb5bb,
0xb5bb, 0xb5bb, 0xb5bb, 0xb5bb, 0xb5bb, 0xb5bb, 0xb5bb, 0xb5bb, 0xb5bb, 0xb5bb,
0xb5bb, 0xb5bb, 0xb5bb, 0xb5bb, 0xb5bb, 0xb5bb, 0xb5bb, 0xb5bb, 0xb5bb, 0xb5bb,
0xb5bb, 0xb5bb, 0xb5bb, 0xb5bb, 0xb5bb, 0xb5bb, 0xb5bb, 0xb5bb, 0xb5bb, 0xb5bb,
0xb5bb, 0xb5bb, 0xb5bb, 0xb5bb, 0xb5bb, 0xb5bb, 0xb5bb, 0xb5bb, 0x9cf8, 0x7391,
0x52ad, 0x4a6b, 0x5acd, 0x632e, 0x52ac, 0x31a8, 0x2106, 0x2126, 0x39ca, 0x4a6d,
0x5aef, 0x6b50, 0x6310, 0x5250, 0x3990, 0x292e, 0x290b, 0x292b, 0x31ae, 0x4211,
0x3a12, 0x31ce, 0x216a, 0x2148, 0x2968, 0x39e9, 0x424a, 0x4a4b, 0x4a4b, 0x4a4b,
0x4a4b, 0x4a4b, 0x4a4b, 0x4a4b, 0x4a4b, 0x424b, 0x422a, 0x420a, 0x420a, 0x422a,
0x4a4a, 0x4a4a, 0x4a4b, 0x528b, 0x528a, 0x528a, 0x528a, 0x528a, 0x528a, 0x528a,
0x528a, 0x528a, 0x528a, 0x5a8a, 0x5a8a, 0x5a8a, 0x5a8a, 0x5a8a, 0x5a8a, 0x5aca,
0x5aca, 0x5aca, 0x5aca, 0x5aca, 0x5acb, 0x5aca, 0x5aca, 0x5acb, 0x5acb, 0x5acb,

0x52ab, 0x5aab, 0x5aab, 0x5aab, 0x5aab, 0x5acb, 0x5acb, 0x5acb, 0x5acb, 0x5acb,
0x5acb, 0x5acb, 0x5acb, 0x5acb, 0x5acb, 0x5acb, 0x5acb, 0x5acb, 0x5acb, 0x5acb,
0x5acb, 0x5acb, 0x5acb, 0x5acb, 0x5acb, 0x5acb, 0x5acb, 0x5acb, 0x5acb, 0x5acb,
0x5acb, 0x5acb, 0x5acb, 0x5acb, 0x5acb, 0x5aca, 0x5aca, 0x5aca, 0x5aca, 0x5aca,
0x5aea, 0x5aaa, 0x5a8a, 0x5a8a, 0x5269, 0x4227, 0x31a7, 0x39ea, 0x630f, 0x6332,
0x4a51, 0x4212, 0x39f1, 0x318e, 0x318f, 0x3990, 0x292e, 0x39ad, 0x6330, 0x8c76,
0x94da, 0x8c57, 0x7bd5, 0x6b52, 0x4a8e, 0x31ea, 0x31a8, 0x4a6c, 0x5acd, 0x426a,
0x424a, 0x52ad, 0xb5bb, 0xb5bb, 0xb5bb, 0xb5bb, 0xb5bb, 0xb5bb, 0xb5bb, 0xb5bb,
0xb5bb, 0xb5bb, 0xb5bb, 0xb5bb, 0xb5bb, 0xb5bb, 0xb5bb, 0xb5bb, 0xb5bb, 0xb5bb,
0xb5bb, 0xb5bb, 0xb5bb, 0xb5bb, 0xb5bb, 0xb5bb, 0xb5bb, 0xb5bb, 0xb5bb, 0xb5bb,
0xb5bb, 0xb5bb, 0xb5bb, 0xb5bb, 0xb5bb, 0xb5bb, 0xb5bb, 0xb5bb, 0xb5bb, 0xb5bb,
0xb5bb, 0xb5bb, 0xb5bb, 0xb5bb, 0xb5bb, 0xb5bb, 0xb5bb, 0xb5bb, 0xb5bb, 0xb5bb,
0xb5bb, 0xb5bb, 0xb5bb, 0xb5bb, 0xb5bb, 0xb5bb, 0xb5bb, 0xb5bb, 0xb5bb, 0xb5bb,
0xb5bb, 0xb5bb, 0xb5bb, 0xb5bb, 0xb5bb, 0xb5bb, 0xb5bb, 0xb5bb, 0xb5bb, 0xb5bb,
0xb5bb, 0xb5bb, 0xb5bb, 0xb5bb, 0xb5bb, 0xb5bb, 0xb5bb, 0xb5bb, 0xb5bb, 0xb5bb,
0xb5bb, 0xb5bb, 0xb5bb, 0xb5bb, 0xb5bb, 0xb5bb, 0xb5bb, 0xb5bb, 0xb5bb, 0xb5bb,
0xb5bb, 0xb5bb, 0xb5bb, 0xb5bb, 0xb5bb, 0xb5bb, 0xb5bb, 0xb5bb, 0xb5bb, 0xb5bb,
0xb5bb, 0xb5bb, 0xb5bb, 0xb5bb, 0xb5bb, 0xb5bb, 0xb5bb, 0xb5bb, 0xb5bb, 0xb5bb,
0xb5bb, 0xb5bb, 0xb5bb, 0xb5bb, 0xb5bb, 0xb5bb, 0xb5bb, 0xb5bb, 0xb5bb, 0xb5bb,
0xb5bb, 0xb5bb, 0xb5bb, 0xb5bb, 0xb5bb, 0xb5bb, 0xb5bb, 0xb5bb, 0xb5bb, 0xb5bb,
0xb5bb, 0xb5bb, 0xb5bb, 0xb5bb, 0xb5bb, 0xb5bb, 0xb5bb, 0xb5bb, 0xb5bb, 0xb5bb,
0xb5bb, 0xb5bb, 0xb5bb, 0xb5bb, 0xb5bb, 0xb5bb, 0xb5bb, 0xb5bb, 0xb5bb, 0xb5bb,
0xb5bb, 0xb5bb, 0xb5bb, 0xb5bb, 0xb5bb, 0xb5bb, 0xb5bb, 0xb5bb, 0xb5bb, 0xb5bb,
0xb5bb, 0xb5bb, 0xb5bb, 0xb5bb, 0xb5bb, 0xb5bb, 0xb5bb, 0xb5bb, 0xb5bb, 0xb5bb,
0xb5bb, 0xb5bb, 0xb5bb, 0xb5bb, 0xb5bb, 0xb5bb, 0xb5bb, 0xb5bb, 0x9cf8, 0x7392,
0x52ad, 0x4a6c, 0x5aee, 0x7391, 0x73b1, 0x632e, 0x4a8b, 0x4209, 0x39c9, 0x424b,
0x5b0e, 0x6b71, 0x6b31, 0x5250, 0x3990, 0x292e, 0x290b, 0x292b, 0x31ae, 0x41f1,
0x3a11, 0x31ce, 0x214a, 0x2108, 0x2968, 0x39e9, 0x424a, 0x4a4b, 0x4a4b, 0x4a4b,
0x4a4b, 0x4a4b, 0x4a4b, 0x4a4b, 0x4a4b, 0x424b, 0x422a, 0x420a, 0x41ea, 0x422a,
0x4a4a, 0x4a4a, 0x4a4b, 0x524b, 0x526a, 0x528a, 0x528a, 0x528a, 0x528a, 0x528a,
0x528a, 0x528a, 0x528a, 0x528a, 0x5a8a, 0x5a8a, 0x5a8a, 0x5a8a, 0x5a8a, 0x5a8a,
0x5aaa, 0x5aaa, 0x5aaa, 0x5aaa, 0x5aaa, 0x5a8a, 0x5aaa, 0x5aca, 0x5aca, 0x5aca,

0x528b, 0x528b, 0x5a8b, 0x5a8b, 0x5a8b, 0x5aab, 0x5acb, 0x5acb, 0x5acb, 0x5acb,
0x5acb, 0x5acb, 0x5acb, 0x5acb, 0x5acb, 0x5acb, 0x5acb, 0x5acb, 0x5acb, 0x5acb,
0x5acb, 0x5acb, 0x5acb, 0x5acb, 0x5acb, 0x52cb, 0x5acb, 0x5acb, 0x5acb, 0x5acb,
0x5acb, 0x5acb, 0x5acb, 0x5acb, 0x5aca, 0x5aca, 0x5aca, 0x5aca, 0x5aca, 0x5aca,
0x5aca, 0x5aaa, 0x5a8a, 0x528a, 0x4a69, 0x4227, 0x31a7, 0x39ea, 0x630f, 0x6332,
0x4a51, 0x4212, 0x39f1, 0x318e, 0x318f, 0x3990, 0x292e, 0x39ad, 0x6330, 0x9497,
0xa4f9, 0x8435, 0x6b50, 0x52ad, 0x422a, 0x31c9, 0x39eb, 0x6b72, 0x8c74, 0x634e,
0x4a6b, 0x4a6c, 0xb5bb, 0xb5bb, 0xb5bb, 0xb5bb, 0xb5bb, 0xb5bb, 0xb5bb, 0xb5bb,
0xb5bb, 0xb5bb, 0xb5bb, 0xb5bb, 0xb5bb, 0xb5bb, 0xb5bb, 0xb5bb, 0xb5bb, 0xb5bb,
0xb5bb, 0xb5bb, 0xb5bb, 0xb5bb, 0xb5bb, 0xb5bb, 0xb5bb, 0xb5bb, 0xb5bb, 0xb5bb,
0xb5bb, 0xb5bb, 0xb5bb, 0xb5bb, 0xb5bb, 0xb5bb, 0xb5bb, 0xb5bb, 0xb5bb, 0xb5bb,
0xb5bb, 0xb5bb, 0xb5bb, 0xb5bb, 0xb5bb, 0xb5bb, 0xb5bb, 0xb5bb, 0xb5bb, 0xb5bb,
0xb5bb, 0xb5bb, 0xb5bb, 0xb5bb, 0xb5bb, 0xb5bb, 0xb5bb, 0xb5bb, 0xb5bb, 0xb5bb,
0xb5bb, 0xb5bb, 0xb5bb, 0xb5bb, 0xb5bb, 0xb5bb, 0xb5bb, 0xb5bb, 0xb5bb, 0xb5bb,
0xb5bb, 0xb5bb, 0xb5bb, 0xb5bb, 0xb5bb, 0xb5bb, 0xb5bb, 0xb5bb, 0xb5bb, 0xb5bb,
0xb5bb, 0xb5bb, 0xb5bb, 0xb5bb, 0xb5bb, 0xb5bb, 0xb5bb, 0xb5bb, 0xb5bb, 0xb5bb,
0xb5bb, 0xb5bb, 0xb5bb, 0xb5bb, 0xb5bb, 0xb5bb, 0xb5bb, 0xb5bb, 0xb5bb, 0xb5bb,
0xb5bb, 0xb5bb, 0xb5bb, 0xb5bb, 0xb5bb, 0xb5bb, 0xb5bb, 0xb5bb, 0xb5bb, 0xb5bb,
0xb5bb, 0xb5bb, 0xb5bb, 0xb5bb, 0xb5bb, 0xb5bb, 0xb5bb, 0xb5bb, 0xb5bb, 0xb5bb,
0xb5bb, 0xb5bb, 0xb5bb, 0xb5bb, 0xb5bb, 0xb5bb, 0xb5bb, 0xb5bb, 0xb5bb, 0xb5bb,
0xb5bb, 0xb5bb, 0xb5bb, 0xb5bb, 0xb5bb, 0xb5bb, 0xb5bb, 0xb5bb, 0xb5bb, 0xb5bb,
0xb5bb, 0xb5bb, 0xb5bb, 0xb5bb, 0xb5bb, 0xb5bb, 0xb5bb, 0xb5bb, 0xb5bb, 0xb5bb,
0xb5bb, 0xb5bb, 0xb5bb, 0xb5bb, 0xb5bb, 0xb5bb, 0xb5bb, 0xb5bb, 0xb5bb, 0xb5bb,
0xb5bb, 0xb5bb, 0xb5bb, 0xb5bb, 0xb5bb, 0xb5bb, 0xb5bb, 0xb5bb, 0xb5bb, 0xb5bb,
0xb5bb, 0xb5bb, 0xb5bb, 0xb5bb, 0xb5bb, 0xb5bb, 0xb5bb, 0xb5bb, 0x9cf8, 0x73b2,
0x52ce, 0x426c, 0x4a6d, 0x52af, 0x5b10, 0x6370, 0x6b91, 0x6b4f, 0x5acd, 0x52ce,
0x6370, 0x73d3, 0x6b72, 0x5270, 0x3990, 0x292e, 0x290b, 0x292b, 0x31ae, 0x41f1,
0x3a11, 0x31ce, 0x214a, 0x2108, 0x2968, 0x39e9, 0x424a, 0x4a4b, 0x4a4b, 0x4a4b,
0x4a4b, 0x4a4b, 0x4a4b, 0x4a4b, 0x4a4b, 0x424b, 0x424b, 0x422a, 0x420a, 0x420a,
0x422a, 0x4a4a, 0x4a4b, 0x4a4b, 0x524a, 0x528a, 0x528a, 0x528a, 0x528a, 0x528a,
0x528a, 0x528a, 0x528a, 0x528a, 0x528a, 0x5a8a, 0x5a8a, 0x5a8a, 0x5a8a, 0x5a8a,
0x5a8a, 0x5a8a, 0x5a8a, 0x5a8a, 0x5a8a, 0x5a8a, 0x5a8a, 0x5aaa, 0x5aaa, 0x5aaa,

0x528b, 0x528b, 0x528b, 0x5a8b, 0x5a8b, 0x5a8b, 0x5aab, 0x5acb, 0x5acb, 0x5acb,
0x5acb, 0x5acb, 0x5acb, 0x5acb, 0x5acb, 0x5acb, 0x5acb, 0x5acb, 0x5acb, 0x5acb,
0x5acb, 0x5acb, 0x5acb, 0x5acb, 0x5acb, 0x5acb, 0x5acb, 0x5acb, 0x5acb, 0x5acb,
0x5acb, 0x5acb, 0x5acb, 0x5aca, 0x5aca, 0x5aca, 0x5aca, 0x5aca, 0x5aca, 0x5aca,
0x5a8a, 0x5a8a, 0x5a8a, 0x528a, 0x4a69, 0x4227, 0x31a7, 0x39ea, 0x630f, 0x6332,
0x4a51, 0x4212, 0x39f1, 0x318e, 0x318f, 0x3970, 0x312e, 0x39ad, 0x6331, 0x9cb7,
0xad39, 0x9cb7, 0x7bf3, 0x6b72, 0x6b52, 0x5af2, 0x5291, 0x7395, 0x8c56, 0x7390,
0x52ac, 0x4a4c, 0xb5bb, 0xb5bb, 0xb5bb, 0xb5bb, 0xb5bb, 0xb5bb, 0xb5bb, 0xb5bb,
0xb5bb, 0xb5bb, 0xb5bb, 0xb5bb, 0xb5bb, 0xb5bb, 0xb5bb, 0xb5bb, 0xb5bb, 0xb5bb,
0xb5bb, 0xb5bb, 0xb5bb, 0xb5bb, 0xb5bb, 0xb5bb, 0xb5bb, 0xb5bb, 0xb5bb, 0xb5bb,
0xb5bb, 0xb5bb, 0xb5bb, 0xb5bb, 0xb5bb, 0xb5bb, 0xb5bb, 0xb5bb, 0xb5bb, 0xb5bb,
0xb5bb, 0xb5bb, 0xb5bb, 0xb5bb, 0xb5bb, 0xb5bb, 0xb5bb, 0xb5bb, 0xb5bb, 0xb5bb,
0xb5bb, 0xb5bb, 0xb5bb, 0xb5bb, 0xb5bb, 0xb5bb, 0xb5bb, 0xb5bb, 0xb5bb, 0xb5bb,
0xb5bb, 0xb5bb, 0xb5bb, 0xb5bb, 0xb5bb, 0xb5bb, 0xb5bb, 0xb5bb, 0xb5bb, 0xb5bb,
0xb5bb, 0xb5bb, 0xb5bb, 0xb5bb, 0xb5bb, 0xb5bb, 0xb5bb, 0xb5bb, 0xb5bb, 0xb5bb,
0xb5bb, 0xb5bb, 0xb5bb, 0xb5bb, 0xb5bb, 0xb5bb, 0xb5bb, 0xb5bb, 0xb5bb, 0xb5bb,
0xb5bb, 0xb5bb, 0xb5bb, 0xb5bb, 0xb5bb, 0xb5bb, 0xb5bb, 0xb5bb, 0xb5bb, 0xb5bb,
0xb5bb, 0xb5bb, 0xb5bb, 0xb5bb, 0xb5bb, 0xb5bb, 0xb5bb, 0xb5bb, 0xb5bb, 0xb5bb,
0xb5bb, 0xb5bb, 0xb5bb, 0xb5bb, 0xb5bb, 0xb5bb, 0xb5bb, 0xb5bb, 0xb5bb, 0xb5bb,
0xb5bb, 0xb5bb, 0xb5bb, 0xb5bb, 0xb5bb, 0xb5bb, 0xb5bb, 0xb5bb, 0xb5bb, 0xb5bb,
0xb5bb, 0xb5bb, 0xb5bb, 0xb5bb, 0xb5bb, 0xb5bb, 0xb5bb, 0xb5bb, 0xb5bb, 0xb5bb,
0xb5bb, 0xb5bb, 0xb5bb, 0xb5bb, 0xb5bb, 0xb5bb, 0xb5bb, 0xb5bb, 0xb5bb, 0xb5bb,
0xb5bb, 0xb5bb, 0xb5bb, 0xb5bb, 0xb5bb, 0xb5bb, 0xb5bb, 0xb5bb, 0xb5bb, 0xb5bb,
0xb5bb, 0xb5bb, 0xb5bb, 0xb5bb, 0xb5bb, 0xb5bb, 0xb5bb, 0xb5bb, 0xb5bb, 0xb5bb,
0xb5bb, 0xb5bb, 0xb5bb, 0xb5bb, 0xb5bb, 0xb5bb, 0xb5bb, 0xb5bb, 0x9cf8, 0x73b2,
0x52ed, 0x426c, 0x424c, 0x3a0c, 0x3a0d, 0x426f, 0x5b10, 0x6351, 0x6b71, 0x7372,
0x73d3, 0x7c34, 0x73d3, 0x5291, 0x39b0, 0x292e, 0x290b, 0x292b, 0x31ae, 0x4211,
0x3a12, 0x31ce, 0x216a, 0x2148, 0x2968, 0x39e9, 0x424a, 0x4a4b, 0x4a4b, 0x4a4b,
0x4a4b, 0x4a4b, 0x4a4b, 0x4a4b, 0x4a4b, 0x4a4b, 0x424b, 0x424b, 0x422a, 0x420a,
0x420a, 0x422a, 0x4a4b, 0x4a4b, 0x4a6a, 0x528a, 0x528a, 0x528a, 0x528a, 0x528a,
0x528a, 0x528a, 0x528a, 0x528a, 0x528a, 0x528a, 0x5a8a, 0x5a8a, 0x5a8a, 0x5a8a,
0x5a8a, 0x5a8a, 0x5a8a, 0x5a8a, 0x5a8a, 0x5a8a, 0x5a8a, 0x5a8b, 0x5a8b, 0x5a8b,

0x528b, 0x528b, 0x528b, 0x528b, 0x528b, 0x528b, 0x5a8b, 0x5a8b, 0x5a8b, 0x5aab,
0x5aeb, 0x5acb, 0x5acb, 0x5acb, 0x5acb, 0x5acb, 0x5acb, 0x5acb, 0x5acb, 0x5acb,
0x5acb, 0x5acb, 0x5acb, 0x5acb, 0x5acb, 0x5acb, 0x5acb, 0x5acb, 0x5acb, 0x5acb,
0x5acb, 0x5acb, 0x5acb, 0x5aca, 0x5aca, 0x5aca, 0x5aca, 0x5aca, 0x5aca, 0x5aca,
0x5a8a, 0x5a8a, 0x5a8a, 0x528a, 0x4a69, 0x4227, 0x31a7, 0x39ea, 0x630f, 0x6332,
0x4a51, 0x4212, 0x39f1, 0x318e, 0x316f, 0x3150, 0x290e, 0x39ad, 0x6331, 0x9496,
0xad5a, 0xa51a, 0x9498, 0x8c57, 0x8418, 0x6b56, 0x5293, 0x6b35, 0x83f5, 0x6b70,
0x52ac, 0x4a4c, 0xb5bb, 0xb5bb, 0xb5bb, 0xb5bb, 0xb5bb, 0xb5bb, 0xb5bb, 0xb5bb,
0xb5bb, 0xb5bb, 0xb5bb, 0xb5bb, 0xb5bb, 0xb5bb, 0xb5bb, 0xb5bb, 0xb5bb, 0xb5bb,
0xb5bb, 0xb5bb, 0xb5bb, 0xb5bb, 0xb5bb, 0xb5bb, 0xb5bb, 0xb5bb, 0xb5bb, 0xb5bb,
0xb5bb, 0xb5bb, 0xb5bb, 0xb5bb, 0xb5bb, 0xb5bb, 0xb5bb, 0xb5bb, 0xb5bb, 0xb5bb,
0xb5bb, 0xb5bb, 0xb5bb, 0xb5bb, 0xb5bb, 0xb5bb, 0xb5bb, 0xb5bb, 0xb5bb, 0xb5bb,
0xb5bb, 0xb5bb, 0xb5bb, 0xb5bb, 0xb5bb, 0xb5bb, 0xb5bb, 0xb5bb, 0xb5bb, 0xb5bb,
0xb5bb, 0xb5bb, 0xb5bb, 0xb5bb, 0xb5bb, 0xb5bb, 0xb5bb, 0xb5bb, 0xb5bb, 0xb5bb,
0xb5bb, 0xb5bb, 0xb5bb, 0xb5bb, 0xb5bb, 0xb5bb, 0xb5bb, 0xb5bb, 0xb5bb, 0xb5bb,
0xb5bb, 0xb5bb, 0xb5bb, 0xb5bb, 0xb5bb, 0xb5bb, 0xb5bb, 0xb5bb, 0xb5bb, 0xb5bb,
0xb5bb, 0xb5bb, 0xb5bb, 0xb5bb, 0xb5bb, 0xb5bb, 0xb5bb, 0xb5bb, 0xb5bb, 0xb5bb,
0xb5bb, 0xb5bb, 0xb5bb, 0xb5bb, 0xb5bb, 0xb5bb, 0xb5bb, 0xb5bb, 0xb5bb, 0xb5bb,
0xb5bb, 0xb5bb, 0xb5bb, 0xb5bb, 0xb5bb, 0xb5bb, 0xb5bb, 0xb5bb, 0xb5bb, 0xb5bb,
0xb5bb, 0xb5bb, 0xb5bb, 0xb5bb, 0xb5bb, 0xb5bb, 0xb5bb, 0xb5bb, 0xb5bb, 0xb5bb,
0xb5bb, 0xb5bb, 0xb5bb, 0xb5bb, 0xb5bb, 0xb5bb, 0xb5bb, 0xb5bb, 0xb5bb, 0xb5bb,
0xb5bb, 0xb5bb, 0xb5bb, 0xb5bb, 0xb5bb, 0xb5bb, 0xb5bb, 0xb5bb, 0xb5bb, 0xb5bb,
0xb5bb, 0xb5bb, 0xb5bb, 0xb5bb, 0xb5bb, 0xb5bb, 0xb5bb, 0xb5bb, 0xb5bb, 0xb5bb,
0xb5bb, 0xb5bb, 0xb5bb, 0xb5bb, 0xb5bb, 0xb5bb, 0xb5bb, 0xb5bb, 0xb5bb, 0xb5bb,
0xb5bb, 0xb5bb, 0xb5bb, 0xb5bb, 0xb5bb, 0xb5bb, 0xb5bb, 0xb5bb, 0x9cd7, 0x6b71,
0x52ad, 0x4a4c, 0x424d, 0x422d, 0x3a2e, 0x424f, 0x4ad0, 0x5b31, 0x6b93, 0x7bd4,
0x8c56, 0x94b6, 0x8415, 0x62d2, 0x39b0, 0x290e, 0x290b, 0x292b, 0x31ae, 0x4211,
0x3a12, 0x31ce, 0x216a, 0x2148, 0x2968, 0x39e9, 0x424a, 0x4a4b, 0x4a4b, 0x4a4b,
0x4a4b, 0x4a4b, 0x4a4b, 0x4a4b, 0x4a4b, 0x4a4b, 0x424b, 0x424b, 0x422b, 0x41ea,
0x420a, 0x422a, 0x424a, 0x4a4a, 0x4a6a, 0x4a8a, 0x4a6a, 0x524a, 0x528a, 0x528a,
0x528a, 0x528a, 0x528a, 0x528a, 0x528a, 0x528a, 0x528a, 0x528a, 0x528a, 0x528a,
0x528a, 0x5a8a, 0x5a8a, 0x5a8a, 0x5a8a, 0x5a8a, 0x5a8a, 0x5a8a, 0x5a8a, 0x5a8b,

0x528b, 0x528b, 0x528b, 0x528b, 0x528b, 0x528b, 0x528b, 0x528b, 0x5a8b, 0x5a8b,
0x5aab, 0x5aab, 0x5aab, 0x5acb, 0x5acb, 0x5acb, 0x5acb, 0x5acb, 0x5acb, 0x5acb,
0x5acb, 0x5acb, 0x5acb, 0x5acb, 0x5acb, 0x5acb, 0x5acb, 0x5acb, 0x5acb, 0x5acb,
0x5acb, 0x5acb, 0x5aca, 0x5aca, 0x5aca, 0x5aaa, 0x5aaa, 0x5aaa, 0x5aca, 0x5aca,
0x5aaa, 0x5a8a, 0x5a8a, 0x528a, 0x4a69, 0x4227, 0x31a7, 0x39ea, 0x630f, 0x6332,
0x4a51, 0x4212, 0x39f1, 0x318e, 0x296f, 0x2930, 0x290e, 0x39cd, 0x6b50, 0x9496,
0xa53a, 0x9cfb, 0x94ba, 0x9499, 0x8459, 0x6356, 0x4a93, 0x5b14, 0x73d4, 0x6b4f,
0x528c, 0x422b, 0xb5bb, 0xb5bb, 0xb5bb, 0xb5bb, 0xb5bb, 0xb5bb, 0xb5bb, 0xb5bb,
0xb5bb, 0xb5bb, 0xb5bb, 0xb5bb, 0xb5bb, 0xb5bb, 0xb5bb, 0xb5bb, 0xb5bb, 0xb5bb,
0xb5bb, 0xb5bb, 0xb5bb, 0xb5bb, 0xb5bb, 0xb5bb, 0xb5bb, 0xb5bb, 0xb5bb, 0xb5bb,
0xb5bb, 0xb5bb, 0xb5bb, 0xb5bb, 0xb5bb, 0xb5bb, 0xb5bb, 0xb5bb, 0xb5bb, 0xb5bb,
0xb5bb, 0xb5bb, 0xb5bb, 0xb5bb, 0xb5bb, 0xb5bb, 0xb5bb, 0xb5bb, 0xb5bb, 0xb5bb,
0xb5bb, 0xb5bb, 0xb5bb, 0xb5bb, 0xb5bb, 0xb5bb, 0xb5bb, 0xb5bb, 0xb5bb, 0xb5bb,
0xb5bb, 0xb5bb, 0xb5bb, 0xb5bb, 0xb5bb, 0xb5bb, 0xb5bb, 0xb5bb, 0xb5bb, 0xb5bb,
0xb5bb, 0xb5bb, 0xb5bb, 0xb5bb, 0xb5bb, 0xb5bb, 0xb5bb, 0xb5bb, 0xb5bb, 0xb5bb,
0xb5bb, 0xb5bb, 0xb5bb, 0xb5bb, 0xb5bb, 0xb5bb, 0xb5bb, 0xb5bb, 0xb5bb, 0xb5bb,
0xb5bb, 0xb5bb, 0xb5bb, 0xb5bb, 0xb5bb, 0xb5bb, 0xb5bb, 0xb5bb, 0xb5bb, 0xb5bb,
0xb5bb, 0xb5bb, 0xb5bb, 0xb5bb, 0xb5bb, 0xb5bb, 0xb5bb, 0xb5bb, 0xb5bb, 0xb5bb,
0xb5bb, 0xb5bb, 0xb5bb, 0xb5bb, 0xb5bb, 0xb5bb, 0xb5bb, 0xb5bb, 0xb5bb, 0xb5bb,
0xb5bb, 0xb5bb, 0xb5bb, 0xb5bb, 0xb5bb, 0xb5bb, 0xb5bb, 0xb5bb, 0xb5bb, 0xb5bb,
0xb5bb, 0xb5bb, 0xb5bb, 0xb5bb, 0xb5bb, 0xb5bb, 0xb5bb, 0xb5bb, 0xb5bb, 0xb5bb,
0xb5bb, 0xb5bb, 0xb5bb, 0xb5bb, 0xb5bb, 0xb5bb, 0xb5bb, 0xb5bb, 0xb5bb, 0xb5bb,
0xb5bb, 0xb5bb, 0xb5bb, 0xb5bb, 0xb5bb, 0xb5bb, 0xb5bb, 0xb5bb, 0xb5bb, 0xb5bb,
0xb5bb, 0xb5bb, 0xb5bb, 0xb5bb, 0xb5bb, 0xb5bb, 0xb5bb, 0xb5bb, 0xb5bb, 0xb5bb,
0xb5bb, 0xb5bb, 0xb5bb, 0xb5bb, 0xb5bb, 0xb5bb, 0xb5bb, 0xb5bb, 0x94b7, 0x6b51,
0x52cd, 0x4a6c, 0x526d, 0x4a6f, 0x4270, 0x4a91, 0x5af2, 0x6b73, 0x7bf4, 0x8c56,
0x9cf8, 0xa538, 0x9476, 0x6af2, 0x39d0, 0x292e, 0x28eb, 0x292b, 0x31ae, 0x4211,
0x3a11, 0x31ce, 0x216a, 0x2148, 0x2968, 0x39e9, 0x424a, 0x4a4b, 0x4a4b, 0x4a4b,
0x4a4b, 0x4a4b, 0x4a4b, 0x4a4b, 0x4a4b, 0x4a4b, 0x4a4b, 0x424b, 0x422b, 0x422b,
0x422a, 0x4229, 0x422a, 0x4a4a, 0x4a6a, 0x4a6a, 0x4a4a, 0x524a, 0x528a, 0x528a,
0x528a, 0x528a, 0x528a, 0x528a, 0x528a, 0x528a, 0x528a, 0x528a, 0x528a, 0x528a,
0x528a, 0x5a8a, 0x5a8a, 0x5a8a, 0x5a8a, 0x5a8a, 0x5a8a, 0x5a8a, 0x5a8a, 0x5a8a,

0x4a8b, 0x4a8b, 0x528b, 0x528b, 0x528b, 0x528b, 0x528b, 0x528b, 0x528b, 0x5a8b,
0x528b, 0x528b, 0x5a8b, 0x5acb, 0x5acb, 0x5aab, 0x5acb, 0x5acb, 0x5acb, 0x5acb,
0x5acb, 0x5acb, 0x5acb, 0x5acb, 0x5acb, 0x5acb, 0x5acb, 0x5acb, 0x5acb, 0x5acb,
0x5aca, 0x5aca, 0x5aca, 0x5aca, 0x5aca, 0x5a8a, 0x5a6a, 0x5a8a, 0x5aaa, 0x5aaa,
0x5a8a, 0x5a8a, 0x5a8a, 0x528a, 0x4a69, 0x4227, 0x31a7, 0x39ea, 0x630f, 0x6332,
0x4a51, 0x4212, 0x39f1, 0x318e, 0x316f, 0x3150, 0x290e, 0x41cd, 0x6b71, 0x94d6,
0xa55a, 0xa51b, 0x9cda, 0x94b9, 0x8438, 0x6355, 0x4ab2, 0x5b53, 0x73d3, 0x5b0e,
0x4a2b, 0x420a, 0xb5bb, 0xb5bb, 0xb5bb, 0xb5bb, 0xb5bb, 0xb5bb, 0xb5bb, 0xb5bb,
0xb5bb, 0xb5bb, 0xb5bb, 0xb5bb, 0xb5bb, 0xb5bb, 0xb5bb, 0xb5bb, 0xb5bb, 0xb5bb,
0xb5bb, 0xb5bb, 0xb5bb, 0xb5bb, 0xb5bb, 0xb5bb, 0xb5bb, 0xb5bb, 0xb5bb, 0xb5bb,
0xb5bb, 0xb5bb, 0xb5bb, 0xb5bb, 0xb5bb, 0xb5bb, 0xb5bb, 0xb5bb, 0xb5bb, 0xb5bb,
0xb5bb, 0xb5bb, 0xb5bb, 0xb5bb, 0xb5bb, 0xb5bb, 0xb5bb, 0xb5bb, 0xb5bb, 0xb5bb,
0xb5bb, 0xb5bb, 0xb5bb, 0xb5bb, 0xb5bb, 0xb5bb, 0xb5bb, 0xb5bb, 0xb5bb, 0xb5bb,
0xb5bb, 0xb5bb, 0xb5bb, 0xb5bb, 0xb5bb, 0xb5bb, 0xb5bb, 0xb5bb, 0xb5bb, 0xb5bb,
0xb5bb, 0xb5bb, 0xb5bb, 0xb5bb, 0xb5bb, 0xb5bb, 0xb5bb, 0xb5bb, 0xb5bb, 0xb5bb,
0xb5bb, 0xb5bb, 0xb5bb, 0xb5bb, 0xb5bb, 0xb5bb, 0xb5bb, 0xb5bb, 0xb5bb, 0xb5bb,
0xb5bb, 0xb5bb, 0xb5bb, 0xb5bb, 0xb5bb, 0xb5bb, 0xb5bb, 0xb5bb, 0xb5bb, 0xb5bb,
0xb5bb, 0xb5bb, 0xb5bb, 0xb5bb, 0xb5bb, 0xb5bb, 0xb5bb, 0xb5bb, 0xb5bb, 0xb5bb,
0xb5bb, 0xb5bb, 0xb5bb, 0xb5bb, 0xb5bb, 0xb5bb, 0xb5bb, 0xb5bb, 0xb5bb, 0xb5bb,
0xb5bb, 0xb5bb, 0xb5bb, 0xb5bb, 0xb5bb, 0xb5bb, 0xb5bb, 0xb5bb, 0xb5bb, 0xb5bb,
0xb5bb, 0xb5bb, 0xb5bb, 0xb5bb, 0xb5bb, 0xb5bb, 0xb5bb, 0xb5bb, 0xb5bb, 0xb5bb,
0xb5bb, 0xb5bb, 0xb5bb, 0xb5bb, 0xb5bb, 0xb5bb, 0xb5bb, 0xb5bb, 0xb5bb, 0xb5bb,
0xb5bb, 0xb5bb, 0xb5bb, 0xb5bb, 0xb5bb, 0xb5bb, 0xb5bb, 0xb5bb, 0xb5bb, 0xb5bb,
0xb5bb, 0xb5bb, 0xb5bb, 0xb5bb, 0xb5bb, 0xb5bb, 0xb5bb, 0xb5bb, 0xb5bb, 0xb5bb,
0xb5bb, 0xb5bb, 0xb5bb, 0xb5bb, 0xb5bb, 0xb5bb, 0xb5bb, 0xb5bb, 0x9cb7, 0x6b70,
0x52cd, 0x4a8c, 0x528d, 0x4a90, 0x4ab1, 0x5b13, 0x6b74, 0x8416, 0x9497, 0x9cf8,
0xad9a, 0xbddb, 0x9cf8, 0x6b33, 0x41b0, 0x290e, 0x28eb, 0x292b, 0x31ae, 0x4211,
0x3a11, 0x31ce, 0x216a, 0x2148, 0x2968, 0x39e9, 0x424a, 0x4a4b, 0x4a4b, 0x4a4b,
0x4a4b, 0x4a4b, 0x4a4b, 0x4a4b, 0x4a4b, 0x4a4b, 0x4a4b, 0x4a4b, 0x4a4b, 0x4a4b,
0x426a, 0x422a, 0x420a, 0x422a, 0x4a4a, 0x4a4a, 0x4a4a, 0x524a, 0x4a6a, 0x528a,
0x528a, 0x528a, 0x528a, 0x528a, 0x528a, 0x528a, 0x528a, 0x528a, 0x528a, 0x528a,
0x528a, 0x5a8a, 0x5a8a, 0x528a, 0x5a8a, 0x528a, 0x5a8a, 0x5a8a, 0x5a8a, 0x5a8a,

0x424a, 0x424a, 0x4a4b, 0x4a4b, 0x4a6b, 0x528b, 0x528b, 0x528b, 0x528b, 0x528b,
0x528b, 0x528b, 0x528b, 0x5a8b, 0x5a8b, 0x5a8b, 0x5a8b, 0x5aab, 0x5acb, 0x5acb,
0x5acb, 0x5acb, 0x5acb, 0x5acb, 0x5acb, 0x5acb, 0x5acb, 0x5acb, 0x5aca, 0x5aca,
0x5a8a, 0x5a8a, 0x5aca, 0x5aaa, 0x5a8a, 0x5a8a, 0x5a8a, 0x5a8a, 0x5a8a, 0x5a8a,
0x5a8a, 0x5a8a, 0x5a8a, 0x528a, 0x4a69, 0x4227, 0x31a7, 0x39ea, 0x630f, 0x6332,
0x4a51, 0x4212, 0x39f1, 0x318e, 0x316f, 0x3150, 0x290e, 0x39cd, 0x6b72, 0x9d17,
0xb5db, 0xb59b, 0xa53b, 0x9cda, 0x8c38, 0x6b96, 0x5b13, 0x6b93, 0x73d2, 0x52ad,
0x4209, 0x420a, 0xb5bb, 0xb5bb, 0xb5bb, 0xb5bb, 0xb5bb, 0xb5bb, 0xb5bb, 0xb5bb,
0xb5bb, 0xb5bb, 0xb5bb, 0xb5bb, 0xb5bb, 0xb5bb, 0xb5bb, 0xb5bb, 0xb5bb, 0xb5bb,
0xb5bb, 0xb5bb, 0xb5bb, 0xb5bb, 0xb5bb, 0xb5bb, 0xb5bb, 0xb5bb, 0xb5bb, 0xb5bb,
0xb5bb, 0xb5bb, 0xb5bb, 0xb5bb, 0xb5bb, 0xb5bb, 0xb5bb, 0xb5bb, 0xb5bb, 0xb5bb,
0xb5bb, 0xb5bb, 0xb5bb, 0xb5bb, 0xb5bb, 0xb5bb, 0xb5bb, 0xb5bb, 0xb5bb, 0xb5bb,
0xb5bb, 0xb5bb, 0xb5bb, 0xb5bb, 0xb5bb, 0xb5bb, 0xb5bb, 0xb5bb, 0xb5bb, 0xb5bb,
0xb5bb, 0xb5bb, 0xb5bb, 0xb5bb, 0xb5bb, 0xb5bb, 0xb5bb, 0xb5bb, 0xb5bb, 0xb5bb,
0xb5bb, 0xb5bb, 0xb5bb, 0xb5bb, 0xb5bb, 0xb5bb, 0xb5bb, 0xb5bb, 0xb5bb, 0xb5bb,
0xb5bb, 0xb5bb, 0xb5bb, 0xb5bb, 0xb5bb, 0xb5bb, 0xb5bb, 0xb5bb, 0xb5bb, 0xb5bb,
0xb5bb, 0xb5bb, 0xb5bb, 0xb5bb, 0xb5bb, 0xb5bb, 0xb5bb, 0xb5bb, 0xb5bb, 0xb5bb,
0xb5bb, 0xb5bb, 0xb5bb, 0xb5bb, 0xb5bb, 0xb5bb, 0xb5bb, 0xb5bb, 0xb5bb, 0xb5bb,
0xb5bb, 0xb5bb, 0xb5bb, 0xb5bb, 0xb5bb, 0xb5bb, 0xb5bb, 0xb5bb, 0xb5bb, 0xb5bb,
0xb5bb, 0xb5bb, 0xb5bb, 0xb5bb, 0xb5bb, 0xb5bb, 0xb5bb, 0xb5bb, 0xb5bb, 0xb5bb,
0xb5bb, 0xb5bb, 0xb5bb, 0xb5bb, 0xb5bb, 0xb5bb, 0xb5bb, 0xb5bb, 0xb5bb, 0xb5bb,
0xb5bb, 0xb5bb, 0xb5bb, 0xb5bb, 0xb5bb, 0xb5bb, 0xb5bb, 0xb5bb, 0xb5bb, 0xb5bb,
0xb5bb, 0xb5bb, 0xb5bb, 0xb5bb, 0xb5bb, 0xb5bb, 0xb5bb, 0xb5bb, 0xb5bb, 0xb5bb,
0xb5bb, 0xb5bb, 0xb5bb, 0xb5bb, 0xb5bb, 0xb5bb, 0xb5bb, 0xb5bb, 0xb5bb, 0xb5bb,
0xb5bb, 0xb5bb, 0xb5bb, 0xb5bb, 0xb5bb, 0xb5bb, 0xb5bb, 0xb5bb, 0x9cd7, 0x6b4f,
0x52ac, 0x4a6c, 0x4a8d, 0x4ad0, 0x52f2, 0x6353, 0x7bf6, 0x9498, 0xa519, 0xb59a,
0xc61c, 0xce7c, 0xad79, 0x7354, 0x4191, 0x28ce, 0x28eb, 0x294b, 0x31ae, 0x4211,
0x3a12, 0x31ce, 0x216a, 0x2148, 0x2968, 0x39e9, 0x424a, 0x4a4b, 0x4a4b, 0x4a4b,
0x4a4b, 0x4a4b, 0x4a4b, 0x4a4b, 0x4a4b, 0x4a4b, 0x4a4b, 0x4a4b, 0x4a4b, 0x4a4b,
0x424b, 0x422a, 0x420a, 0x420a, 0x422a, 0x4a4a, 0x4a4a, 0x4a4a, 0x4a4a, 0x4a6a,
0x528a, 0x528a, 0x528a, 0x528a, 0x528a, 0x528a, 0x528a, 0x528a, 0x528a, 0x528a,
0x528a, 0x528a, 0x528a, 0x528a, 0x528a, 0x528a, 0x528a, 0x528a, 0x528a, 0x528a,

0x420a, 0x420a, 0x420a, 0x420a, 0x422a, 0x4a6b, 0x4a8b, 0x4a8b, 0x528b, 0x528b,
0x528b, 0x528b, 0x528b, 0x528b, 0x528b, 0x528b, 0x528b, 0x528b, 0x528b, 0x5a8b,
0x5a8b, 0x5a8b, 0x5a8b, 0x5a8b, 0x5a8b, 0x5a8b, 0x5a8b, 0x5a8a, 0x5a8a, 0x5a8a,
0x5a8a, 0x5a8a, 0x5a8a, 0x5a8a, 0x5a8a, 0x5a8a, 0x5a8a, 0x5a8a, 0x528a, 0x528a,
0x528a, 0x528a, 0x528a, 0x52aa, 0x4a69, 0x39e7, 0x3187, 0x420a, 0x632f, 0x6332,
0x4a51, 0x4212, 0x39f1, 0x318e, 0x316f, 0x3130, 0x290e, 0x41cd, 0x7392, 0xa538,
0xbdfc, 0xbddc, 0xad5b, 0x9cda, 0x8438, 0x6b96, 0x6354, 0x73f5, 0x7bf3, 0x52ad,
0x3a0a, 0x422a, 0xb5bb, 0xb5bb, 0xb5bb, 0xb5bb, 0xb5bb, 0xb5bb, 0xb5bb, 0xb5bb,
0xb5bb, 0xb5bb, 0xb5bb, 0xb5bb, 0xb5bb, 0xb5bb, 0xb5bb, 0xb5bb, 0xb5bb, 0xb5bb,
0xb5bb, 0xb5bb, 0xb5bb, 0xb5bb, 0xb5bb, 0xb5bb, 0xb5bb, 0xb5bb, 0xb5bb, 0xb5bb,
0xb5bb, 0xb5bb, 0xb5bb, 0xb5bb, 0xb5bb, 0xb5bb, 0xb5bb, 0xb5bb, 0xb5bb, 0xb5bb,
0xb5bb, 0xb5bb, 0xb5bb, 0xb5bb, 0xb5bb, 0xb5bb, 0xb5bb, 0xb5bb, 0xb5bb, 0xb5bb,
0xb5bb, 0xb5bb, 0xb5bb, 0xb5bb, 0xb5bb, 0xb5bb, 0xb5bb, 0xb5bb, 0xb5bb, 0xb5bb,
0xb5bb, 0xb5bb, 0xb5bb, 0xb5bb, 0xb5bb, 0xb5bb, 0xb5bb, 0xb5bb, 0xb5bb, 0xb5bb,
0xb5bb, 0xb5bb, 0xb5bb, 0xb5bb, 0xb5bb, 0xb5bb, 0xb5bb, 0xb5bb, 0xb5bb, 0xb5bb,
0xb5bb, 0xb5bb, 0xb5bb, 0xb5bb, 0xb5bb, 0xb5bb, 0xb5bb, 0xb5bb, 0xb5bb, 0xb5bb,
0xb5bb, 0xb5bb, 0xb5bb, 0xb5bb, 0xb5bb, 0xb5bb, 0xb5bb, 0xb5bb, 0xb5bb, 0xb5bb,
0xb5bb, 0xb5bb, 0xb5bb, 0xb5bb, 0xb5bb, 0xb5bb, 0xb5bb, 0xb5bb, 0xb5bb, 0xb5bb,
0xb5bb, 0xb5bb, 0xb5bb, 0xb5bb, 0xb5bb, 0xb5bb, 0xb5bb, 0xb5bb, 0xb5bb, 0xb5bb,
0xb5bb, 0xb5bb, 0xb5bb, 0xb5bb, 0xb5bb, 0xb5bb, 0xb5bb, 0xb5bb, 0xb5bb, 0xb5bb,
0xb5bb, 0xb5bb, 0xb5bb, 0xb5bb, 0xb5bb, 0xb5bb, 0xb5bb, 0xb5bb, 0xb5bb, 0xb5bb,
0xb5bb, 0xb5bb, 0xb5bb, 0xb5bb, 0xb5bb, 0xb5bb, 0xb5bb, 0xb5bb, 0xb5bb, 0xb5bb,
0xb5bb, 0xb5bb, 0xb5bb, 0xb5bb, 0xb5bb, 0xb5bb, 0xb5bb, 0xb5bb, 0xb5bb, 0xb5bb,
0xb5bb, 0xb5bb, 0xb5bb, 0xb5bb, 0xb5bb, 0xb5bb, 0xb5bb, 0xb5bb, 0xb5bb, 0xb5bb,
0xb5bb, 0xb5bb, 0xb5bb, 0xb5bb, 0xb5bb, 0xb5bb, 0xb5bb, 0xb5bb, 0x94b7, 0x6b30,
0x528c, 0x4a6c, 0x4a8e, 0x4ab0, 0x5312, 0x6b94, 0x8436, 0x9cd8, 0xad7a, 0xbdfb,
0xce7c, 0xdedd, 0xb5ba, 0x7394, 0x39b1, 0x20ce, 0x20eb, 0x294b, 0x31ae, 0x4211,
0x3a12, 0x31ce, 0x216a, 0x2148, 0x2968, 0x39e9, 0x424a, 0x4a4b, 0x4a4b, 0x4a4b,
0x4a4b, 0x4a4b, 0x4a4b, 0x4a4b, 0x4a4b, 0x4a4b, 0x4a4b, 0x4a4b, 0x4a4b, 0x4a4b,
0x424b, 0x422a, 0x420a, 0x420a, 0x420a, 0x420a, 0x4a4a, 0x4a4a, 0x4a4a, 0x4a4a,
0x4a4a, 0x524a, 0x526a, 0x528a, 0x528a, 0x528a, 0x528a, 0x528a, 0x528a, 0x528a,
0x528a, 0x528a, 0x528a, 0x528a, 0x528a, 0x528a, 0x528a, 0x528a, 0x528a, 0x528a,

0x420a, 0x420a, 0x420a, 0x420a, 0x420a, 0x422a, 0x426a, 0x426a, 0x4a6a, 0x4a6b,
0x4a6b, 0x4a6b, 0x526b, 0x528b, 0x528b, 0x528b, 0x528b, 0x528b, 0x528b, 0x528a,
0x528a, 0x528a, 0x528a, 0x528a, 0x528a, 0x528a, 0x528a, 0x528a, 0x528a, 0x528a,
0x528a, 0x528a, 0x528a, 0x528a, 0x528a, 0x528a, 0x528a, 0x528a, 0x528a, 0x528a,
0x528a, 0x528a, 0x528a, 0x528a, 0x4a49, 0x39c7, 0x3187, 0x420a, 0x632f, 0x6332,
0x4a51, 0x4212, 0x39f1, 0x318e, 0x316f, 0x3130, 0x290d, 0x41ed, 0x7bd1, 0xad78,
0xc61c, 0xbdfd, 0xad7b, 0x9cfa, 0x8458, 0x73b6, 0x6374, 0x73d4, 0x7bd2, 0x52ac,
0x422a, 0x426b, 0xb5bb, 0xb5bb, 0xb5bb, 0xb5bb, 0xb5bb, 0xb5bb, 0xb5bb, 0xb5bb,
0xb5bb, 0xb5bb, 0xb5bb, 0xb5bb, 0xb5bb, 0xb5bb, 0xb5bb, 0xb5bb, 0xb5bb, 0xb5bb,
0xb5bb, 0xb5bb, 0xb5bb, 0xb5bb, 0xb5bb, 0xb5bb, 0xb5bb, 0xb5bb, 0xb5bb, 0xb5bb,
0xb5bb, 0xb5bb, 0xb5bb, 0xb5bb, 0xb5bb, 0xb5bb, 0xb5bb, 0xb5bb, 0xb5bb, 0xb5bb,
0xb5bb, 0xb5bb, 0xb5bb, 0xb5bb, 0xb5bb, 0xb5bb, 0xb5bb, 0xb5bb, 0xb5bb, 0xb5bb,
0xb5bb, 0xb5bb, 0xb5bb, 0xb5bb, 0xb5bb, 0xb5bb, 0xb5bb, 0xb5bb, 0xb5bb, 0xb5bb,
0xb5bb, 0xb5bb, 0xb5bb, 0xb5bb, 0xb5bb, 0xb5bb, 0xb5bb, 0xb5bb, 0xb5bb, 0xb5bb,
0xb5bb, 0xb5bb, 0xb5bb, 0xb5bb, 0xb5bb, 0xb5bb, 0xb5bb, 0xb5bb, 0xb5bb, 0xb5bb,
0xb5bb, 0xb5bb, 0xb5bb, 0xb5bb, 0xb5bb, 0xb5bb, 0xb5bb, 0xb5bb, 0xb5bb, 0xb5bb,
0xb5bb, 0xb5bb, 0xb5bb, 0xb5bb, 0xb5bb, 0xb5bb, 0xb5bb, 0xb5bb, 0xb5bb, 0xb5bb,
0xb5bb, 0xb5bb, 0xb5bb, 0xb5bb, 0xb5bb, 0xb5bb, 0xb5bb, 0xb5bb, 0xb5bb, 0xb5bb,
0xb5bb, 0xb5bb, 0xb5bb, 0xb5bb, 0xb5bb, 0xb5bb, 0xb5bb, 0xb5bb, 0xb5bb, 0xb5bb,
0xb5bb, 0xb5bb, 0xb5bb, 0xb5bb, 0xb5bb, 0xb5bb, 0xb5bb, 0xb5bb, 0xb5bb, 0xb5bb,
0xb5bb, 0xb5bb, 0xb5bb, 0xb5bb, 0xb5bb, 0xb5bb, 0xb5bb, 0xb5bb, 0xb5bb, 0xb5bb,
0xb5bb, 0xb5bb, 0xb5bb, 0xb5bb, 0xb5bb, 0xb5bb, 0xb5bb, 0xb5bb, 0xb5bb, 0xb5bb,
0xb5bb, 0xb5bb, 0xb5bb, 0xb5bb, 0xb5bb, 0xb5bb, 0xb5bb, 0xb5bb, 0xb5bb, 0xb5bb,
0xb5bb, 0xb5bb, 0xb5bb, 0xb5bb, 0xb5bb, 0xb5bb, 0xb5bb, 0xb5bb, 0xb5bb, 0xb5bb,
0xb5bb, 0xb5bb, 0xb5bb, 0xb5bb, 0xb5bb, 0xb5bb, 0xb5bb, 0xb5bb, 0x8c75, 0x52cd,
0x4a6b, 0x4a6c, 0x4aae, 0x4ab0, 0x5b12, 0x6bb4, 0x8c56, 0x9cf8, 0xb5ba, 0xc63b,
0xd6bc, 0xe71d, 0xbdfa, 0x7394, 0x39b0, 0x20ce, 0x20eb, 0x294b, 0x31ae, 0x41f1,
0x3a11, 0x31ce, 0x214a, 0x2108, 0x2968, 0x39e9, 0x424a, 0x4a4b, 0x4a4b, 0x4a4b,
0x4a4b, 0x4a4b, 0x4a4b, 0x4a4b, 0x4a4b, 0x4a4b, 0x4a4b, 0x4a4b, 0x4a4b, 0x424b,
0x424b, 0x424a, 0x422a, 0x420a, 0x420a, 0x420a, 0x420a, 0x422a, 0x4a4a, 0x4a4a,
0x4a4a, 0x4a4a, 0x4a4a, 0x4a6a, 0x4a6a, 0x4a6a, 0x526a, 0x528a, 0x528a, 0x526a,
0x526a, 0x528a, 0x528a, 0x528a, 0x528a, 0x528a, 0x528a, 0x528a, 0x528a, 0x528a,

0x422a, 0x420a, 0x420a, 0x420a, 0x420a, 0x3a0a, 0x422a, 0x424a, 0x4a4a, 0x4a2a,
0x422b, 0x424b, 0x4a6b, 0x528b, 0x528b, 0x528b, 0x528b, 0x528b, 0x528b, 0x528a,
0x528a, 0x528a, 0x528a, 0x528a, 0x528a, 0x528a, 0x528a, 0x528a, 0x528a, 0x528a,
0x528a, 0x528a, 0x528a, 0x528a, 0x528a, 0x528a, 0x528a, 0x528a, 0x528a, 0x528a,
0x528a, 0x528a, 0x528a, 0x526a, 0x4a29, 0x39e7, 0x3187, 0x420a, 0x632f, 0x6332,
0x4a51, 0x4212, 0x39f1, 0x318e, 0x316f, 0x3130, 0x290e, 0x41ed, 0x7bf2, 0xb598,
0xce5c, 0xc61c, 0xb59b, 0xa53a, 0x8478, 0x73f6, 0x6bb5, 0x73b4, 0x6b71, 0x528b,
0x424a, 0x4a8c, 0xb5bb, 0xb5bb, 0xb5bb, 0xb5bb, 0xb5bb, 0xb5bb, 0xb5bb, 0xb5bb,
0xb5bb, 0xb5bb, 0xb5bb, 0xb5bb, 0xb5bb, 0xb5bb, 0xb5bb, 0xb5bb, 0xb5bb, 0xb5bb,
0xb5bb, 0xb5bb, 0xb5bb, 0xb5bb, 0xb5bb, 0xb5bb, 0xb5bb, 0xb5bb, 0xb5bb, 0xb5bb,
0xb5bb, 0xb5bb, 0xb5bb, 0xb5bb, 0xb5bb, 0xb5bb, 0xb5bb, 0xb5bb, 0xb5bb, 0xb5bb,
0xb5bb, 0xb5bb, 0xb5bb, 0xb5bb, 0xb5bb, 0xb5bb, 0xb5bb, 0xb5bb, 0xb5bb, 0xb5bb,
0xb5bb, 0xb5bb, 0xb5bb, 0xb5bb, 0xb5bb, 0xb5bb, 0xb5bb, 0xb5bb, 0xb5bb, 0xb5bb,
0xb5bb, 0xb5bb, 0xb5bb, 0xb5bb, 0xb5bb, 0xb5bb, 0xb5bb, 0xb5bb, 0xb5bb, 0xb5bb,
0xb5bb, 0xb5bb, 0xb5bb, 0xb5bb, 0xb5bb, 0xb5bb, 0xb5bb, 0xb5bb, 0xb5bb, 0xb5bb,
0xb5bb, 0xb5bb, 0xb5bb, 0xb5bb, 0xb5bb, 0xb5bb, 0xb5bb, 0xb5bb, 0xb5bb, 0xb5bb,
0xb5bb, 0xb5bb, 0xb5bb, 0xb5bb, 0xb5bb, 0xb5bb, 0xb5bb, 0xb5bb, 0xb5bb, 0xb5bb,
0xb5bb, 0xb5bb, 0xb5bb, 0xb5bb, 0xb5bb, 0xb5bb, 0xb5bb, 0xb5bb, 0xb5bb, 0xb5bb,
0xb5bb, 0xb5bb, 0xb5bb, 0xb5bb, 0xb5bb, 0xb5bb, 0xb5bb, 0xb5bb, 0xb5bb, 0xb5bb,
0xb5bb, 0xb5bb, 0xb5bb, 0xb5bb, 0xb5bb, 0xb5bb, 0xb5bb, 0xb5bb, 0xb5bb, 0xb5bb,
0xb5bb, 0xb5bb, 0xb5bb, 0xb5bb, 0xb5bb, 0xb5bb, 0xb5bb, 0xb5bb, 0xb5bb, 0xb5bb,
0xb5bb, 0xb5bb, 0xb5bb, 0xb5bb, 0xb5bb, 0xb5bb, 0xb5bb, 0xb5bb, 0xb5bb, 0xb5bb,
0xb5bb, 0xb5bb, 0xb5bb, 0xb5bb, 0xb5bb, 0xb5bb, 0xb5bb, 0xb5bb, 0xb5bb, 0xb5bb,
0xb5bb, 0xb5bb, 0xb5bb, 0xb5bb, 0xb5bb, 0xb5bb, 0xb5bb, 0xb5bb, 0xb5bb, 0xb5bb,
0xb5bb, 0xb5bb, 0xb5bb, 0xb5bb, 0xb5bb, 0xb5bb, 0xb5bb, 0xb5bb, 0x7bf3, 0x3a09,
0x422a, 0x4a6c, 0x4a8e, 0x4ab0, 0x5b12, 0x73f4, 0x8c96, 0xa518, 0xb5da, 0xc65b,
0xdedc, 0xe73d, 0xc5fa, 0x7bb4, 0x39b1, 0x20ce, 0x20eb, 0x294b, 0x31ae, 0x41f1,
0x3a12, 0x31ce, 0x214a, 0x2108, 0x2968, 0x3a09, 0x424a, 0x4a4b, 0x4a4b, 0x4a4b,
0x4a4b, 0x4a4b, 0x4a4b, 0x4a4b, 0x4a4b, 0x4a4b, 0x4a4b, 0x4a4b, 0x4a4b, 0x4a4b,
0x424b, 0x424b, 0x424b, 0x422a, 0x420a, 0x420a, 0x420a, 0x420a, 0x422a, 0x4a4a,
0x4a4a, 0x4a4a, 0x4a4a, 0x4a4a, 0x4a4a, 0x4a4a, 0x4a4a, 0x526a, 0x526a, 0x524a,
0x524a, 0x528a, 0x528a, 0x528a, 0x528a, 0x528a, 0x528a, 0x528a, 0x528a, 0x528b,

0x424a, 0x422a, 0x420a, 0x420a, 0x3a0a, 0x3a0a, 0x3a0a, 0x420a, 0x420a, 0x420a,
0x420a, 0x424a, 0x424a, 0x4a4b, 0x4a6b, 0x4a8b, 0x528b, 0x528b, 0x528b, 0x528a,
0x528a, 0x528a, 0x528a, 0x528a, 0x528a, 0x528a, 0x528a, 0x528a, 0x528a, 0x528a,
0x528a, 0x528a, 0x528a, 0x528a, 0x528a, 0x528a, 0x528a, 0x528a, 0x528a, 0x528a,
0x528a, 0x528a, 0x528a, 0x526a, 0x4a29, 0x39e7, 0x3187, 0x420a, 0x632f, 0x6332,
0x4a51, 0x4212, 0x39f1, 0x318e, 0x316f, 0x3130, 0x290e, 0x41ed, 0x7bf2, 0xb598,
0xce5c, 0xce5d, 0xbddc, 0xa51a, 0x7c17, 0x73d6, 0x7c16, 0x7c14, 0x6370, 0x4a8c,
0x4a4b, 0x528d, 0xb5bb, 0xb5bb, 0xb5bb, 0xb5bb, 0xb5bb, 0xb5bb, 0xb5bb, 0xb5bb,
0xb5bb, 0xb5bb, 0xb5bb, 0xb5bb, 0xb5bb, 0xb5bb, 0xb5bb, 0xb5bb, 0xb5bb, 0xb5bb,
0xb5bb, 0xb5bb, 0xb5bb, 0xb5bb, 0xb5bb, 0xb5bb, 0xb5bb, 0xb5bb, 0xb5bb, 0xb5bb,
0xb5bb, 0xb5bb, 0xb5bb, 0xb5bb, 0xb5bb, 0xb5bb, 0xb5bb, 0xb5bb, 0xb5bb, 0xb5bb,
0xb5bb, 0xb5bb, 0xb5bb, 0xb5bb, 0xb5bb, 0xb5bb, 0xb5bb, 0xb5bb, 0xb5bb, 0xb5bb,
0xb5bb, 0xb5bb, 0xb5bb, 0xb5bb, 0xb5bb, 0xb5bb, 0xb5bb, 0xb5bb, 0xb5bb, 0xb5bb,
0xb5bb, 0xb5bb, 0xb5bb, 0xb5bb, 0xb5bb, 0xb5bb, 0xb5bb, 0xb5bb, 0xb5bb, 0xb5bb,
0xb5bb, 0xb5bb, 0xb5bb, 0xb5bb, 0xb5bb, 0xb5bb, 0xb5bb, 0xb5bb, 0xb5bb, 0xb5bb,
0xb5bb, 0xb5bb, 0xb5bb, 0xb5bb, 0xb5bb, 0xb5bb, 0xb5bb, 0xb5bb, 0xb5bb, 0xb5bb,
0xb5bb, 0xb5bb, 0xb5bb, 0xb5bb, 0xb5bb, 0xb5bb, 0xb5bb, 0xb5bb, 0xb5bb, 0xb5bb,
0xb5bb, 0xb5bb, 0xb5bb, 0xb5bb, 0xb5bb, 0xb5bb, 0xb5bb, 0xb5bb, 0xb5bb, 0xb5bb,
0xb5bb, 0xb5bb, 0xb5bb, 0xb5bb, 0xb5bb, 0xb5bb, 0xb5bb, 0xb5bb, 0xb5bb, 0xb5bb,
0xb5bb, 0xb5bb, 0xb5bb, 0xb5bb, 0xb5bb, 0xb5bb, 0xb5bb, 0xb5bb, 0xb5bb, 0xb5bb,
0xb5bb, 0xb5bb, 0xb5bb, 0xb5bb, 0xb5bb, 0xb5bb, 0xb5bb, 0xb5bb, 0xb5bb, 0xb5bb,
0xb5bb, 0xb5bb, 0xb5bb, 0xb5bb, 0xb5bb, 0xb5bb, 0xb5bb, 0xb5bb, 0xb5bb, 0xb5bb,
0xb5bb, 0xb5bb, 0xb5bb, 0xb5bb, 0xb5bb, 0xb5bb, 0xb5bb, 0xb5bb, 0xb5bb, 0xb5bb,
0xb5bb, 0xb5bb, 0xb5bb, 0xb5bb, 0xb5bb, 0xb5bb, 0xb5bb, 0xb5bb, 0xb5bb, 0xb5bb,
0xb5bb, 0xb5bb, 0xb5bb, 0xb5bb, 0xb5bb, 0xb5bb, 0xb5bb, 0xb5bb, 0x7391, 0x31a7,
0x3a2a, 0x4a6d, 0x4a4e, 0x4270, 0x52f1, 0x73d3, 0x8c96, 0xa518, 0xbdda, 0xce5b,
0xdedd, 0xe73d, 0xc61a, 0x7bd5, 0x39d1, 0x20ce, 0x20eb, 0x294b, 0x31ae, 0x4211,
0x3a12, 0x31ce, 0x216a, 0x2148, 0x2968, 0x39e9, 0x424a, 0x4a4b, 0x4a4b, 0x4a4b,
0x4a4b, 0x4a4b, 0x4a4b, 0x4a4b, 0x4a4b, 0x4a4b, 0x4a4b, 0x4a4b, 0x4a4b, 0x4a4b,
0x4a4b, 0x424b, 0x424b, 0x424b, 0x422a, 0x420a, 0x420a, 0x420a, 0x420a, 0x422a,
0x424a, 0x4a4a, 0x4a4a, 0x4a4a, 0x4a4a, 0x4a4a, 0x4a4a, 0x4a4a, 0x4a4a, 0x524a,
0x526a, 0x528a, 0x528a, 0x528a, 0x528b, 0x526b, 0x524b, 0x528b, 0x528b, 0x528b,

0x424a, 0x422a, 0x422a, 0x424a, 0x3a2a, 0x3a0a, 0x420a, 0x420a, 0x420a, 0x420a,
0x420a, 0x422a, 0x420a, 0x420a, 0x424a, 0x426a, 0x4a6a, 0x4a6a, 0x4a6a, 0x4a6a,
0x4a6a, 0x4a6a, 0x528a, 0x528a, 0x528a, 0x528a, 0x528a, 0x528a, 0x528a, 0x528a,
0x528a, 0x528a, 0x528a, 0x528a, 0x528a, 0x528a, 0x528a, 0x528a, 0x528a, 0x528a,
0x528a, 0x528a, 0x528a, 0x4a6a, 0x4a29, 0x39e7, 0x3187, 0x41ea, 0x632f, 0x6332,
0x4a51, 0x4212, 0x39f1, 0x318e, 0x316f, 0x3130, 0x290e, 0x41ed, 0x7bf1, 0xad98,
0xce5c, 0xce5c, 0xbddc, 0xa51a, 0x7c16, 0x73d5, 0x7c36, 0x7bf4, 0x6b4e, 0x4a6b,
0x4a4c, 0x52ae, 0xb5bb, 0xb5bb, 0xb5bb, 0xb5bb, 0xb5bb, 0xb5bb, 0xb5bb, 0xb5bb,
0xb5bb, 0xb5bb, 0xb5bb, 0xb5bb, 0xb5bb, 0xb5bb, 0xb5bb, 0xb5bb, 0xb5bb, 0xb5bb,
0xb5bb, 0xb5bb, 0xb5bb, 0xb5bb, 0xb5bb, 0xb5bb, 0xb5bb, 0xb5bb, 0xb5bb, 0xb5bb,
0xb5bb, 0xb5bb, 0xb5bb, 0xb5bb, 0xb5bb, 0xb5bb, 0xb5bb, 0xb5bb, 0xb5bb, 0xb5bb,
0xb5bb, 0xb5bb, 0xb5bb, 0xb5bb, 0xb5bb, 0xb5bb, 0xb5bb, 0xb5bb, 0xb5bb, 0xb5bb,
0xb5bb, 0xb5bb, 0xb5bb, 0xb5bb, 0xb5bb, 0xb5bb, 0xb5bb, 0xb5bb, 0xb5bb, 0xb5bb,
0xb5bb, 0xb5bb, 0xb5bb, 0xb5bb, 0xb5bb, 0xb5bb, 0xb5bb, 0xb5bb, 0xb5bb, 0xb5bb,
0xb5bb, 0xb5bb, 0xb5bb, 0xb5bb, 0xb5bb, 0xb5bb, 0xb5bb, 0xb5bb, 0xb5bb, 0xb5bb,
0xb5bb, 0xb5bb, 0xb5bb, 0xb5bb, 0xb5bb, 0xb5bb, 0xb5bb, 0xb5bb, 0xb5bb, 0xb5bb,
0xb5bb, 0xb5bb, 0xb5bb, 0xb5bb, 0xb5bb, 0xb5bb, 0xb5bb, 0xb5bb, 0xb5bb, 0xb5bb,
0xb5bb, 0xb5bb, 0xb5bb, 0xb5bb, 0xb5bb, 0xb5bb, 0xb5bb, 0xb5bb, 0xb5bb, 0xb5bb,
0xb5bb, 0xb5bb, 0xb5bb, 0xb5bb, 0xb5bb, 0xb5bb, 0xb5bb, 0xb5bb, 0xb5bb, 0xb5bb,
0xb5bb, 0xb5bb, 0xb5bb, 0xb5bb, 0xb5bb, 0xb5bb, 0xb5bb, 0xb5bb, 0xb5bb, 0xb5bb,
0xb5bb, 0xb5bb, 0xb5bb, 0xb5bb, 0xb5bb, 0xb5bb, 0xb5bb, 0xb5bb, 0xb5bb, 0xb5bb,
0xb5bb, 0xb5bb, 0xb5bb, 0xb5bb, 0xb5bb, 0xb5bb, 0xb5bb, 0xb5bb, 0xb5bb, 0xb5bb,
0xb5bb, 0xb5bb, 0xb5bb, 0xb5bb, 0xb5bb, 0xb5bb, 0xb5bb, 0xb5bb, 0xb5bb, 0xb5bb,
0xb5bb, 0xb5bb, 0xb5bb, 0xb5bb, 0xb5bb, 0xb5bb, 0xb5bb, 0xb5bb, 0xb5bb, 0xb5bb,
0xb5bb, 0xb5bb, 0xb5bb, 0xb5bb, 0xb5bb, 0xb5bb, 0xb5bb, 0xb5bb, 0x7bd3, 0x39c9,
0x422a, 0x4a6d, 0x4a6e, 0x426f, 0x52d1, 0x6bb3, 0x8c75, 0xa518, 0xbdda, 0xce3b,
0xdedc, 0xe71d, 0xc61a, 0x7bd5, 0x39d1, 0x20cd, 0x20eb, 0x294b, 0x31ae, 0x4211,
0x3a11, 0x31ce, 0x216a, 0x2148, 0x2968, 0x39e9, 0x424a, 0x4a4b, 0x4a4b, 0x4a4b,
0x4a4b, 0x4a4b, 0x4a4b, 0x4a4b, 0x4a4b, 0x4a4b, 0x4a4b, 0x4a4b, 0x4a4b, 0x4a4b,
0x4a4b, 0x4a4b, 0x424b, 0x4a4b, 0x424b, 0x424a, 0x420a, 0x420a, 0x420a, 0x420a,
0x422a, 0x424a, 0x424a, 0x4a4a, 0x4a4a, 0x4a4a, 0x4a4a, 0x4a4a, 0x4a4a, 0x4a4a,
0x4a4a, 0x4a6a, 0x4a6a, 0x4a6b, 0x4a6b, 0x4a4b, 0x4a4b, 0x4a4b, 0x4a6b, 0x4a6b,

0x4a6b, 0x4a6b, 0x4a6b, 0x424a, 0x422a, 0x422a, 0x422a, 0x420a, 0x420a, 0x420a,
0x420a, 0x420a, 0x420a, 0x420a, 0x422a, 0x422a, 0x422a, 0x422a, 0x422a, 0x422a,
0x422a, 0x424a, 0x4a6a, 0x528a, 0x4a6a, 0x4a6a, 0x4a6a, 0x528a, 0x528a, 0x528a,
0x528a, 0x528a, 0x528a, 0x528a, 0x528a, 0x528a, 0x528a, 0x528a, 0x528a, 0x528a,
0x528a, 0x528a, 0x528a, 0x4a6a, 0x4229, 0x39c7, 0x2987, 0x3a0a, 0x632f, 0x6332,
0x4a51, 0x4212, 0x39f1, 0x318e, 0x316f, 0x3130, 0x290d, 0x41ed, 0x7bf1, 0xb598,
0xce5c, 0xc63d, 0xb5bb, 0xa4fa, 0x7bf6, 0x6bd5, 0x7c16, 0x73b2, 0x5aed, 0x4a6b,
0x4a8d, 0x5aef, 0xb5bb, 0xb5bb, 0xb5bb, 0xb5bb, 0xb5bb, 0xb5bb, 0xb5bb, 0xb5bb,
0xb5bb, 0xb5bb, 0xb5bb, 0xb5bb, 0xb5bb, 0xb5bb, 0xb5bb, 0xb5bb, 0xb5bb, 0xb5bb,
0xb5bb, 0xb5bb, 0xb5bb, 0xb5bb, 0xb5bb, 0xb5bb, 0xb5bb, 0xb5bb, 0xb5bb, 0xb5bb,
0xb5bb, 0xb5bb, 0xb5bb, 0xb5bb, 0xb5bb, 0xb5bb, 0xb5bb, 0xb5bb, 0xb5bb, 0xb5bb,
0xb5bb, 0xb5bb, 0xb5bb, 0xb5bb, 0xb5bb, 0xb5bb, 0xb5bb, 0xb5bb, 0xb5bb, 0xb5bb,
0xb5bb, 0xb5bb, 0xb5bb, 0xb5bb, 0xb5bb, 0xb5bb, 0xb5bb, 0xb5bb, 0xb5bb, 0xb5bb,
0xb5bb, 0xb5bb, 0xb5bb, 0xb5bb, 0xb5bb, 0xb5bb, 0xb5bb, 0xb5bb, 0xb5bb, 0xb5bb,
0xb5bb, 0xb5bb, 0xb5bb, 0xb5bb, 0xb5bb, 0xb5bb, 0xb5bb, 0xb5bb, 0xb5bb, 0xb5bb,
0xb5bb, 0xb5bb, 0xb5bb, 0xb5bb, 0xb5bb, 0xb5bb, 0xb5bb, 0xb5bb, 0xb5bb, 0xb5bb,
0xb5bb, 0xb5bb, 0xb5bb, 0xb5bb, 0xb5bb, 0xb5bb, 0xb5bb, 0xb5bb, 0xb5bb, 0xb5bb,
0xb5bb, 0xb5bb, 0xb5bb, 0xb5bb, 0xb5bb, 0xb5bb, 0xb5bb, 0xb5bb, 0xb5bb, 0xb5bb,
0xb5bb, 0xb5bb, 0xb5bb, 0xb5bb, 0xb5bb, 0xb5bb, 0xb5bb, 0xb5bb, 0xb5bb, 0xb5bb,
0xb5bb, 0xb5bb, 0xb5bb, 0xb5bb, 0xb5bb, 0xb5bb, 0xb5bb, 0xb5bb, 0xb5bb, 0xb5bb,
0xb5bb, 0xb5bb, 0xb5bb, 0xb5bb, 0xb5bb, 0xb5bb, 0xb5bb, 0xb5bb, 0xb5bb, 0xb5bb,
0xb5bb, 0xb5bb, 0xb5bb, 0xb5bb, 0xb5bb, 0xb5bb, 0xb5bb, 0xb5bb, 0xb5bb, 0xb5bb,
0xb5bb, 0xb5bb, 0xb5bb, 0xb5bb, 0xb5bb, 0xb5bb, 0xb5bb, 0xb5bb, 0xb5bb, 0xb5bb,
0xb5bb, 0xb5bb, 0xb5bb, 0xb5bb, 0xb5bb, 0xb5bb, 0xb5bb, 0xb5bb, 0xb5bb, 0xb5bb,
0xb5bb, 0xb5bb, 0xb5bb, 0xb5bb, 0xb5bb, 0xb5bb, 0xb5bb, 0xb5bb, 0x8414, 0x4a4b,
0x4a2a, 0x4a6c, 0x4a8e, 0x4a8f, 0x52f1, 0x6b93, 0x8c55, 0xa538, 0xbdda, 0xc63b,
0xdedc, 0xe73d, 0xc63a, 0x7bd5, 0x39b1, 0x20cd, 0x20eb, 0x294b, 0x31ae, 0x4211,
0x3a11, 0x31ce, 0x216a, 0x2148, 0x2968, 0x39e9, 0x424a, 0x4a4b, 0x4a4b, 0x4a4b,
0x4a4b, 0x4a4b, 0x4a4b, 0x4a4b, 0x4a4b, 0x4a4b, 0x4a4b, 0x4a4b, 0x4a4b, 0x4a4b,
0x4a4b, 0x4a4b, 0x4a4b, 0x4a4b, 0x4a4b, 0x424b, 0x422a, 0x420a, 0x420a, 0x420a,
0x420a, 0x422a, 0x422a, 0x422a, 0x424a, 0x424a, 0x4a4a, 0x4a4a, 0x4a4b, 0x4a4b,
0x4a4b, 0x4a4b, 0x4a4b, 0x4a4b, 0x4a4b, 0x4a4b, 0x4a4b, 0x4a4b, 0x4a4b, 0x4a4b,

0x528c, 0x4a8b, 0x4a8b, 0x4a4b, 0x4a4b, 0x4a4b, 0x426a, 0x424a, 0x420a, 0x420a,
0x420a, 0x420a, 0x420a, 0x420a, 0x420a, 0x420a, 0x420a, 0x420a, 0x420a, 0x420a,
0x422a, 0x424a, 0x424a, 0x4a4a, 0x4a4a, 0x4a4a, 0x4a4b, 0x4a6b, 0x528a, 0x528a,
0x528a, 0x528a, 0x528a, 0x528a, 0x528a, 0x528a, 0x528a, 0x528a, 0x528a, 0x528a,
0x528a, 0x528a, 0x528a, 0x4a6a, 0x4209, 0x3187, 0x2147, 0x320a, 0x632f, 0x6332,
0x4a52, 0x4212, 0x39f1, 0x318e, 0x316f, 0x3130, 0x290e, 0x41ed, 0x7bf2, 0xb598,
0xc63c, 0xc61d, 0xad7b, 0x94d9, 0x73b6, 0x73b5, 0x8436, 0x6b91, 0x4aac, 0x426b,
0x52ce, 0x6330, 0xb5bb, 0xb5bb, 0xb5bb, 0xb5bb, 0xb5bb, 0xb5bb, 0xb5bb, 0xb5bb,
0xb5bb, 0xb5bb, 0xb5bb, 0xb5bb, 0xb5bb, 0xb5bb, 0xb5bb, 0xb5bb, 0xb5bb, 0xb5bb,
0xb5bb, 0xb5bb, 0xb5bb, 0xb5bb, 0xb5bb, 0xb5bb, 0xb5bb, 0xb5bb, 0xb5bb, 0xb5bb,
0xb5bb, 0xb5bb, 0xb5bb, 0xb5bb, 0xb5bb, 0xb5bb, 0xb5bb, 0xb5bb, 0xb5bb, 0xb5bb,
0xb5bb, 0xb5bb, 0xb5bb, 0xb5bb, 0xb5bb, 0xb5bb, 0xb5bb, 0xb5bb, 0xb5bb, 0xb5bb,
0xb5bb, 0xb5bb, 0xb5bb, 0xb5bb, 0xb5bb, 0xb5bb, 0xb5bb, 0xb5bb, 0xb5bb, 0xb5bb,
0xb5bb, 0xb5bb, 0xb5bb, 0xb5bb, 0xb5bb, 0xb5bb, 0xb5bb, 0xb5bb, 0xb5bb, 0xb5bb,
0xb5bb, 0xb5bb, 0xb5bb, 0xb5bb, 0xb5bb, 0xb5bb, 0xb5bb, 0xb5bb, 0xb5bb, 0xb5bb,
0xb5bb, 0xb5bb, 0xb5bb, 0xb5bb, 0xb5bb, 0xb5bb, 0xb5bb, 0xb5bb, 0xb5bb, 0xb5bb,
0xb5bb, 0xb5bb, 0xb5bb, 0xb5bb, 0xb5bb, 0xb5bb, 0xb5bb, 0xb5bb, 0xb5bb, 0xb5bb,
0xb5bb, 0xb5bb, 0xb5bb, 0xb5bb, 0xb5bb, 0xb5bb, 0xb5bb, 0xb5bb, 0xb5bb, 0xb5bb,
0xb5bb, 0xb5bb, 0xb5bb, 0xb5bb, 0xb5bb, 0xb5bb, 0xb5bb, 0xb5bb, 0xb5bb, 0xb5bb,
0xb5bb, 0xb5bb, 0xb5bb, 0xb5bb, 0xb5bb, 0xb5bb, 0xb5bb, 0xb5bb, 0xb5bb, 0xb5bb,
0xb5bb, 0xb5bb, 0xb5bb, 0xb5bb, 0xb5bb, 0xb5bb, 0xb5bb, 0xb5bb, 0xb5bb, 0xb5bb,
0xb5bb, 0xb5bb, 0xb5bb, 0xb5bb, 0xb5bb, 0xb5bb, 0xb5bb, 0xb5bb, 0xb5bb, 0xb5bb,
0xb5bb, 0xb5bb, 0xb5bb, 0xb5bb, 0xb5bb, 0xb5bb, 0xb5bb, 0xb5bb, 0xb5bb, 0xb5bb,
0xb5bb, 0xb5bb, 0xb5bb, 0xb5bb, 0xb5bb, 0xb5bb, 0xb5bb, 0xb5bb, 0xb5bb, 0xb5bb,
0xb5bb, 0xb5bb, 0xb5bb, 0xb5bb, 0xb5bb, 0xb5bb, 0xb5bb, 0xb5bb, 0x8c55, 0x52ad,
0x4a4b, 0x4a6b, 0x52ad, 0x52cf, 0x5311, 0x6b93, 0x8c76, 0xa538, 0xbdda, 0xce3b,
0xdedd, 0xe77d, 0xc65a, 0x7bd5, 0x39b1, 0x20ce, 0x20eb, 0x294b, 0x31ae, 0x4211,
0x3a12, 0x31ce, 0x216a, 0x2148, 0x2968, 0x39e9, 0x424a, 0x4a4b, 0x4a4b, 0x4a4b,
0x4a4b, 0x4a4b, 0x4a4b, 0x4a4b, 0x4a4b, 0x4a4b, 0x4a4b, 0x4a4b, 0x4a4b, 0x4a4b,
0x4a4b, 0x4a4b, 0x4a4b, 0x4a4b, 0x4a4b, 0x4a4b, 0x424b, 0x424b, 0x420a, 0x420a,
0x420a, 0x420a, 0x420a, 0x420a, 0x422a, 0x424a, 0x4a4a, 0x4a4a, 0x4a4b, 0x4a4b,
0x4a4b, 0x4a4b, 0x4a4b, 0x4a4b, 0x4a4b, 0x4a4b, 0x4a4b, 0x4a4b, 0x4a4b, 0x4a4b,

0x52cc, 0x52cc, 0x52ac, 0x528c, 0x4a6b, 0x4a8b, 0x4a8b, 0x4a6b, 0x4a4b, 0x424b,
0x424b, 0x424a, 0x422a, 0x420a, 0x420a, 0x420a, 0x420a, 0x420a, 0x420a, 0x420a,
0x420a, 0x420a, 0x420a, 0x420a, 0x420a, 0x422a, 0x4a4a, 0x4a4a, 0x4a4a, 0x4a4a,
0x4a4a, 0x4a4a, 0x4a4a, 0x4a4a, 0x4a4a, 0x4a4a, 0x4a4a, 0x4a4a, 0x4a4a, 0x4a4a,
0x4a4a, 0x4a4a, 0x4a4a, 0x422a, 0x39e9, 0x3187, 0x2947, 0x39ca, 0x630f, 0x6332,
0x4a52, 0x4212, 0x39f1, 0x318e, 0x316f, 0x3130, 0x290e, 0x41ed, 0x7bf2, 0xad78,
0xc61c, 0xbddc, 0xa55a, 0x8c98, 0x6b95, 0x7395, 0x8c56, 0x73b2, 0x528c, 0x4a6b,
0x5ace, 0x6b51, 0xb5bb, 0xb5bb, 0xb5bb, 0xb5bb, 0xb5bb, 0xb5bb, 0xb5bb, 0xb5bb,
0xb5bb, 0xb5bb, 0xb5bb, 0xb5bb, 0xb5bb, 0xb5bb, 0xb5bb, 0xb5bb, 0xb5bb, 0xb5bb,
0xb5bb, 0xb5bb, 0xb5bb, 0xb5bb, 0xb5bb, 0xb5bb, 0xb5bb, 0xb5bb, 0xb5bb, 0xb5bb,
0xb5bb, 0xb5bb, 0xb5bb, 0xb5bb, 0xb5bb, 0xb5bb, 0xb5bb, 0xb5bb, 0xb5bb, 0xb5bb,
0xb5bb, 0xb5bb, 0xb5bb, 0xb5bb, 0xb5bb, 0xb5bb, 0xb5bb, 0xb5bb, 0xb5bb, 0xb5bb,
0xb5bb, 0xb5bb, 0xb5bb, 0xb5bb, 0xb5bb, 0xb5bb, 0xb5bb, 0xb5bb, 0xb5bb, 0xb5bb,
0xb5bb, 0xb5bb, 0xb5bb, 0xb5bb, 0xb5bb, 0xb5bb, 0xb5bb, 0xb5bb, 0xb5bb, 0xb5bb,
0xb5bb, 0xb5bb, 0xb5bb, 0xb5bb, 0xb5bb, 0xb5bb, 0xb5bb, 0xb5bb, 0xb5bb, 0xb5bb,
0xb5bb, 0xb5bb, 0xb5bb, 0xb5bb, 0xb5bb, 0xb5bb, 0xb5bb, 0xb5bb, 0xb5bb, 0xb5bb,
0xb5bb, 0xb5bb, 0xb5bb, 0xb5bb, 0xb5bb, 0xb5bb, 0xb5bb, 0xb5bb, 0xb5bb, 0xb5bb,
0xb5bb, 0xb5bb, 0xb5bb, 0xb5bb, 0xb5bb, 0xb5bb, 0xb5bb, 0xb5bb, 0xb5bb, 0xb5bb,
0xb5bb, 0xb5bb, 0xb5bb, 0xb5bb, 0xb5bb, 0xb5bb, 0xb5bb, 0xb5bb, 0xb5bb, 0xb5bb,
0xb5bb, 0xb5bb, 0xb5bb, 0xb5bb, 0xb5bb, 0xb5bb, 0xb5bb, 0xb5bb, 0xb5bb, 0xb5bb,
0xb5bb, 0xb5bb, 0xb5bb, 0xb5bb, 0xb5bb, 0xb5bb, 0xb5bb, 0xb5bb, 0xb5bb, 0xb5bb,
0xb5bb, 0xb5bb, 0xb5bb, 0xb5bb, 0xb5bb, 0xb5bb, 0xb5bb, 0xb5bb, 0xb5bb, 0xb5bb,
0xb5bb, 0xb5bb, 0xb5bb, 0xb5bb, 0xb5bb, 0xb5bb, 0xb5bb, 0xb5bb, 0xb5bb, 0xb5bb,
0xb5bb, 0xb5bb, 0xb5bb, 0xb5bb, 0xb5bb, 0xb5bb, 0xb5bb, 0xb5bb, 0xb5bb, 0xb5bb,
0xb5bb, 0xb5bb, 0xb5bb, 0xb5bb, 0xb5bb, 0xb5bb, 0xb5bb, 0xb5bb, 0x8c76, 0x5ace,
0x528c, 0x52ac, 0x52ce, 0x52cf, 0x52f1, 0x6b93, 0x8476, 0x9d38, 0xbdda, 0xce3b,
0xdedd, 0xe77d, 0xc65a, 0x7bd5, 0x39b1, 0x20ce, 0x20eb, 0x294b, 0x31ae, 0x4211,
0x3a12, 0x31ce, 0x216a, 0x2148, 0x2968, 0x39e9, 0x424a, 0x4a4b, 0x4a4b, 0x4a4b,
0x4a4b, 0x4a4b, 0x4a4b, 0x4a4b, 0x4a4b, 0x4a4b, 0x4a4b, 0x4a4b, 0x4a4b, 0x4a4b,
0x4a4b, 0x4a4b, 0x4a4b, 0x4a4b, 0x4a4b, 0x4a4b, 0x424b, 0x424b, 0x420a, 0x420a,
0x420a, 0x420a, 0x420a, 0x420a, 0x420a, 0x420a, 0x424b, 0x424b, 0x4a4b, 0x4a4b,
0x4a4b, 0x4a4b, 0x4a4b, 0x4a4b, 0x4a4b, 0x4a4b, 0x4a4b, 0x4a4b, 0x4a4b, 0x4a4b,

0x52cc, 0x52cc, 0x52cc, 0x52cc, 0x52ac, 0x4aab, 0x528c, 0x4a6b, 0x4a6b, 0x428b,
0x426b, 0x424a, 0x422a, 0x422a, 0x422a, 0x422a, 0x422a, 0x420a, 0x420a, 0x420a,
0x420a, 0x420a, 0x420a, 0x420a, 0x420a, 0x420a, 0x422a, 0x422a, 0x420a, 0x422a,
0x422a, 0x422a, 0x422a, 0x420a, 0x422a, 0x424a, 0x424a, 0x424a, 0x424a, 0x424a,
0x422a, 0x420a, 0x422a, 0x422a, 0x39e8, 0x2987, 0x2147, 0x39aa, 0x630f, 0x6332,
0x4a52, 0x4212, 0x39f1, 0x318e, 0x316f, 0x3130, 0x290d, 0x41ed, 0x7bd1, 0xa537,
0xbddb, 0xb5bb, 0xa519, 0x8457, 0x6334, 0x6b74, 0x8c56, 0x7bb1, 0x52ac, 0x4a8c,
0x5b0e, 0x7392, 0xb5bb, 0xb5bb, 0xb5bb, 0xb5bb, 0xb5bb, 0xb5bb, 0xb5bb, 0xb5bb,
0xb5bb, 0xb5bb, 0xb5bb, 0xb5bb, 0xb5bb, 0xb5bb, 0xb5bb, 0xb5bb, 0xb5bb, 0xb5bb,
0xb5bb, 0xb5bb, 0xb5bb, 0xb5bb, 0xb5bb, 0xb5bb, 0xb5bb, 0xb5bb, 0xb5bb, 0xb5bb,
0xb5bb, 0xb5bb, 0xb5bb, 0xb5bb, 0xb5bb, 0xb5bb, 0xb5bb, 0xb5bb, 0xb5bb, 0xb5bb,
0xb5bb, 0xb5bb, 0xb5bb, 0xb5bb, 0xb5bb, 0xb5bb, 0xb5bb, 0xb5bb, 0xb5bb, 0xb5bb,
0xb5bb, 0xb5bb, 0xb5bb, 0xb5bb, 0xb5bb, 0xb5bb, 0xb5bb, 0xb5bb, 0xb5bb, 0xb5bb,
0xb5bb, 0xb5bb, 0xb5bb, 0xb5bb, 0xb5bb, 0xb5bb, 0xb5bb, 0xb5bb, 0xb5bb, 0xb5bb,
0xb5bb, 0xb5bb, 0xb5bb, 0xb5bb, 0xb5bb, 0xb5bb, 0xb5bb, 0xb5bb, 0xb5bb, 0xb5bb,
0xb5bb, 0xb5bb, 0xb5bb, 0xb5bb, 0xb5bb, 0xb5bb, 0xb5bb, 0xb5bb, 0xb5bb, 0xb5bb,
0xb5bb, 0xb5bb, 0xb5bb, 0xb5bb, 0xb5bb, 0xb5bb, 0xb5bb, 0xb5bb, 0xb5bb, 0xb5bb,
0xb5bb, 0xb5bb, 0xb5bb, 0xb5bb, 0xb5bb, 0xb5bb, 0xb5bb, 0xb5bb, 0xb5bb, 0xb5bb,
0xb5bb, 0xb5bb, 0xb5bb, 0xb5bb, 0xb5bb, 0xb5bb, 0xb5bb, 0xb5bb, 0xb5bb, 0xb5bb,
0xb5bb, 0xb5bb, 0xb5bb, 0xb5bb, 0xb5bb, 0xb5bb, 0xb5bb, 0xb5bb, 0xb5bb, 0xb5bb,
0xb5bb, 0xb5bb, 0xb5bb, 0xb5bb, 0xb5bb, 0xb5bb, 0xb5bb, 0xb5bb, 0xb5bb, 0xb5bb,
0xb5bb, 0xb5bb, 0xb5bb, 0xb5bb, 0xb5bb, 0xb5bb, 0xb5bb, 0xb5bb, 0xb5bb, 0xb5bb,
0xb5bb, 0xb5bb, 0xb5bb, 0xb5bb, 0xb5bb, 0xb5bb, 0xb5bb, 0xb5bb, 0xb5bb, 0xb5bb,
0xb5bb, 0xb5bb, 0xb5bb, 0xb5bb, 0xb5bb, 0xb5bb, 0xb5bb, 0xb5bb, 0xb5bb, 0xb5bb,
0xb5bb, 0xb5bb, 0xb5bb, 0xb5bb, 0xb5bb, 0xb5bb, 0xb5bb, 0xb5bb, 0x9496, 0x62ef,
0x528c, 0x52ac, 0x52ce, 0x52d0, 0x5af1, 0x6b93, 0x8455, 0xa518, 0xbdda, 0xc63b,
0xdedc, 0xe73d, 0xc63a, 0x7bd5, 0x39b1, 0x20cd, 0x20eb, 0x294b, 0x31ae, 0x4211,
0x3a11, 0x31ce, 0x216a, 0x2148, 0x2968, 0x39e9, 0x424a, 0x4a4b, 0x4a4b, 0x4a4b,
0x4a4b, 0x4a4b, 0x4a4b, 0x4a4b, 0x4a4b, 0x4a4b, 0x4a4b, 0x4a4b, 0x4a4b, 0x4a4b,
0x4a4b, 0x4a4b, 0x4a4b, 0x4a4b, 0x4a4b, 0x4a4b, 0x424b, 0x424a, 0x420a, 0x420a,
0x420a, 0x420a, 0x420a, 0x420a, 0x422a, 0x422a, 0x424b, 0x4a4b, 0x4a4b, 0x4a4b,
0x4a4b, 0x4a4b, 0x4a4b, 0x4a4b, 0x4a4b, 0x4a4b, 0x4a4b, 0x4a4b, 0x4a4b, 0x4a4b,

0x52ec, 0x52cc, 0x52cc, 0x52cc, 0x52cc, 0x52cc, 0x52ac, 0x4aac, 0x4aab, 0x4aab,
0x4a8b, 0x4a6b, 0x4a4b, 0x4a6b, 0x426a, 0x426a, 0x424a, 0x422a, 0x420a, 0x420a,
0x422a, 0x422a, 0x420a, 0x420a, 0x420a, 0x420a, 0x420a, 0x420a, 0x420a, 0x3a0a,
0x3a0a, 0x3a0a, 0x3a0a, 0x3a0a, 0x420a, 0x422a, 0x424a, 0x422a, 0x422a, 0x422a,
0x420a, 0x41ea, 0x420a, 0x4229, 0x39e8, 0x2987, 0x2147, 0x39ca, 0x630f, 0x6332,
0x4a52, 0x4212, 0x39f1, 0x318e, 0x316f, 0x3130, 0x290d, 0x41cd, 0x7392, 0x9d17,
0xb5bb, 0xad7a, 0x94b8, 0x7bf6, 0x52f3, 0x6374, 0x8c75, 0x73d1, 0x52ac, 0x4aac,
0x5b2f, 0x7392, 0xb5bb, 0xb5bb, 0xb5bb, 0xb5bb, 0xb5bb, 0xb5bb, 0xb5bb, 0xb5bb,
0xb5bb, 0xb5bb, 0xb5bb, 0xb5bb, 0xb5bb, 0xb5bb, 0xb5bb, 0xb5bb, 0xb5bb, 0xb5bb,
0xb5bb, 0xb5bb, 0xb5bb, 0xb5bb, 0xb5bb, 0xb5bb, 0xb5bb, 0xb5bb, 0xb5bb, 0xb5bb,
0xb5bb, 0xb5bb, 0xb5bb, 0xb5bb, 0xb5bb, 0xb5bb, 0xb5bb, 0xb5bb, 0xb5bb, 0xb5bb,
0xb5bb, 0xb5bb, 0xb5bb, 0xb5bb, 0xb5bb, 0xb5bb, 0xb5bb, 0xb5bb, 0xb5bb, 0xb5bb,
0xb5bb, 0xb5bb, 0xb5bb, 0xb5bb, 0xb5bb, 0xb5bb, 0xb5bb, 0xb5bb, 0xb5bb, 0xb5bb,
0xb5bb, 0xb5bb, 0xb5bb, 0xb5bb, 0xb5bb, 0xb5bb, 0xb5bb, 0xb5bb, 0xb5bb, 0xb5bb,
0xb5bb, 0xb5bb, 0xb5bb, 0xb5bb, 0xb5bb, 0xb5bb, 0xb5bb, 0xb5bb, 0xb5bb, 0xb5bb,
0xb5bb, 0xb5bb, 0xb5bb, 0xb5bb, 0xb5bb, 0xb5bb, 0xb5bb, 0xb5bb, 0xb5bb, 0xb5bb,
0xb5bb, 0xb5bb, 0xb5bb, 0xb5bb, 0xb5bb, 0xb5bb, 0xb5bb, 0xb5bb, 0xb5bb, 0xb5bb,
0xb5bb, 0xb5bb, 0xb5bb, 0xb5bb, 0xb5bb, 0xb5bb, 0xb5bb, 0xb5bb, 0xb5bb, 0xb5bb,
0xb5bb, 0xb5bb, 0xb5bb, 0xb5bb, 0xb5bb, 0xb5bb, 0xb5bb, 0xb5bb, 0xb5bb, 0xb5bb,
0xb5bb, 0xb5bb, 0xb5bb, 0xb5bb, 0xb5bb, 0xb5bb, 0xb5bb, 0xb5bb, 0xb5bb, 0xb5bb,
0xb5bb, 0xb5bb, 0xb5bb, 0xb5bb, 0xb5bb, 0xb5bb, 0xb5bb, 0xb5bb, 0xb5bb, 0xb5bb,
0xb5bb, 0xb5bb, 0xb5bb, 0xb5bb, 0xb5bb, 0xb5bb, 0xb5bb, 0xb5bb, 0xb5bb, 0xb5bb,
0xb5bb, 0xb5bb, 0xb5bb, 0xb5bb, 0xb5bb, 0xb5bb, 0xb5bb, 0xb5bb, 0xb5bb, 0xb5bb,
0xb5bb, 0xb5bb, 0xb5bb, 0xb5bb, 0xb5bb, 0xb5bb, 0xb5bb, 0xb5bb, 0xb5bb, 0xb5bb,
0xb5bb, 0xb5bb, 0xb5bb, 0xb5bb, 0xb5bb, 0xb5bb, 0xb5bb, 0xb5bb, 0x9496, 0x630e,
0x528c, 0x4a8c, 0x52ae, 0x52d0, 0x5af2, 0x6b93, 0x8c55, 0xa518, 0xbdda, 0xc65b,
0xdedc, 0xe71d, 0xc61a, 0x7bd5, 0x39d1, 0x20cd, 0x20eb, 0x294b, 0x31ae, 0x4211,
0x3a11, 0x31ce, 0x216a, 0x2148, 0x2968, 0x39e9, 0x424a, 0x4a4b, 0x4a4b, 0x4a4b,
0x4a4b, 0x4a4b, 0x4a4b, 0x4a4b, 0x4a4b, 0x4a4b, 0x4a4b, 0x4a4b, 0x4a4b, 0x4a4b,
0x4a4b, 0x4a4b, 0x4a4b, 0x4a4b, 0x4a4b, 0x4a4b, 0x424b, 0x424b, 0x420a, 0x420a,
0x420a, 0x420a, 0x420a, 0x4a2b, 0x4a4b, 0x4a6b, 0x4a4b, 0x4a4a, 0x4a4b, 0x4a4b,
0x4a4b, 0x4a4b, 0x4a4b, 0x4a4b, 0x4a4b, 0x4a4b, 0x4a4b, 0x4a4b, 0x4a4b, 0x4a4b,

0x5b0c, 0x5aec, 0x5acc, 0x52cc, 0x52cc, 0x52cc, 0x52cc, 0x52cc, 0x52cc, 0x52ac,
0x528c, 0x4a8b, 0x4a8b, 0x4a8b, 0x4aab, 0x4a8b, 0x4a4b, 0x4a4b, 0x4a4b, 0x424a,
0x424a, 0x424a, 0x422a, 0x420a, 0x420a, 0x420a, 0x420a, 0x420a, 0x3a0a, 0x3a0a,
0x3a0a, 0x3a0a, 0x3a0a, 0x3a0a, 0x420a, 0x420a, 0x420a, 0x420a, 0x420a, 0x420a,
0x420a, 0x420a, 0x420a, 0x3a29, 0x31e8, 0x2987, 0x2147, 0x39ca, 0x630f, 0x6332,
0x4a52, 0x4212, 0x39f1, 0x318e, 0x316f, 0x3150, 0x290e, 0x39cd, 0x6b71, 0x9cd7,
0xad7b, 0xa51a, 0x8c77, 0x73d5, 0x5b33, 0x6374, 0x7414, 0x5b4f, 0x424b, 0x528c,
0x632f, 0x7392, 0xb5bb, 0xb5bb, 0xb5bb, 0xb5bb, 0xb5bb, 0xb5bb, 0xb5bb, 0xb5bb,
0xb5bb, 0xb5bb, 0xb5bb, 0xb5bb, 0xb5bb, 0xb5bb, 0xb5bb, 0xb5bb, 0xb5bb, 0xb5bb,
0xb5bb, 0xb5bb, 0xb5bb, 0xb5bb, 0xb5bb, 0xb5bb, 0xb5bb, 0xb5bb, 0xb5bb, 0xb5bb,
0xb5bb, 0xb5bb, 0xb5bb, 0xb5bb, 0xb5bb, 0xb5bb, 0xb5bb, 0xb5bb, 0xb5bb, 0xb5bb,
0xb5bb, 0xb5bb, 0xb5bb, 0xb5bb, 0xb5bb, 0xb5bb, 0xb5bb, 0xb5bb, 0xb5bb, 0xb5bb,
0xb5bb, 0xb5bb, 0xb5bb, 0xb5bb, 0xb5bb, 0xb5bb, 0xb5bb, 0xb5bb, 0xb5bb, 0xb5bb,
0xb5bb, 0xb5bb, 0xb5bb, 0xb5bb, 0xb5bb, 0xb5bb, 0xb5bb, 0xb5bb, 0xb5bb, 0xb5bb,
0xb5bb, 0xb5bb, 0xb5bb, 0xb5bb, 0xb5bb, 0xb5bb, 0xb5bb, 0xb5bb, 0xb5bb, 0xb5bb,
0xb5bb, 0xb5bb, 0xb5bb, 0xb5bb, 0xb5bb, 0xb5bb, 0xb5bb, 0xb5bb, 0xb5bb, 0xb5bb,
0xb5bb, 0xb5bb, 0xb5bb, 0xb5bb, 0xb5bb, 0xb5bb, 0xb5bb, 0xb5bb, 0xb5bb, 0xb5bb,
0xb5bb, 0xb5bb, 0xb5bb, 0xb5bb, 0xb5bb, 0xb5bb, 0xb5bb, 0xb5bb, 0xb5bb, 0xb5bb,
0xb5bb, 0xb5bb, 0xb5bb, 0xb5bb, 0xb5bb, 0xb5bb, 0xb5bb, 0xb5bb, 0xb5bb, 0xb5bb,
0xb5bb, 0xb5bb, 0xb5bb, 0xb5bb, 0xb5bb, 0xb5bb, 0xb5bb, 0xb5bb, 0xb5bb, 0xb5bb,
0xb5bb, 0xb5bb, 0xb5bb, 0xb5bb, 0xb5bb, 0xb5bb, 0xb5bb, 0xb5bb, 0xb5bb, 0xb5bb,
0xb5bb, 0xb5bb, 0xb5bb, 0xb5bb, 0xb5bb, 0xb5bb, 0xb5bb, 0xb5bb, 0xb5bb, 0xb5bb,
0xb5bb, 0xb5bb, 0xb5bb, 0xb5bb, 0xb5bb, 0xb5bb, 0xb5bb, 0xb5bb, 0xb5bb, 0xb5bb,
0xb5bb, 0xb5bb, 0xb5bb, 0xb5bb, 0xb5bb, 0xb5bb, 0xb5bb, 0xb5bb, 0xb5bb, 0xb5bb,
0xb5bb, 0xb5bb, 0xb5bb, 0xb5bb, 0xb5bb, 0xb5bb, 0xb5bb, 0xb5bb, 0x9496, 0x630e,
0x52ac, 0x528c, 0x528e, 0x52b0, 0x5312, 0x6b94, 0x8c76, 0xa538, 0xbdda, 0xce5b,
0xdedd, 0xe73d, 0xc61a, 0x7bd5, 0x39d1, 0x20ce, 0x20eb, 0x294b, 0x31ae, 0x4211,
0x3a12, 0x31ce, 0x216a, 0x2148, 0x2968, 0x39e9, 0x424a, 0x4a4b, 0x4a4b, 0x4a4b,
0x4a4b, 0x4a4b, 0x4a4b, 0x4a4b, 0x4a4b, 0x4a4b, 0x4a4b, 0x4a4b, 0x4a4b, 0x4a4b,
0x4a4b, 0x4a4b, 0x4a4b, 0x4a4b, 0x4a4b, 0x4a4b, 0x424b, 0x424b, 0x420a, 0x420a,
0x420a, 0x420b, 0x422b, 0x4a4b, 0x4a4b, 0x4a4b, 0x4a4b, 0x4a4b, 0x4a4b, 0x4a4c,
0x4a4c, 0x524c, 0x524c, 0x524c, 0x524c, 0x524c, 0x524c, 0x524c, 0x524c, 0x524c,

0x5b0d, 0x5b0d, 0x5b0d, 0x5b0c, 0x5aec, 0x5acc, 0x5acc, 0x52cc, 0x52cc, 0x52cc,
0x52cc, 0x52cc, 0x52cc, 0x52cc, 0x52cc, 0x52ab, 0x528b, 0x4a6b, 0x4a8b, 0x428b,
0x4a8b, 0x4a8b, 0x4a4b, 0x4a2b, 0x4a4b, 0x4a4b, 0x4a4b, 0x424a, 0x424a, 0x424a,
0x422a, 0x420a, 0x420a, 0x420a, 0x420a, 0x420a, 0x420a, 0x420a, 0x420a, 0x420a,
0x420a, 0x420a, 0x420a, 0x420a, 0x39e9, 0x2987, 0x2147, 0x39ca, 0x630f, 0x6332,
0x4a52, 0x4212, 0x39f1, 0x318e, 0x298f, 0x2970, 0x292e, 0x41ad, 0x6b31, 0x94b6,
0xa55a, 0x9cd9, 0x8438, 0x7bd7, 0x6b95, 0x5b52, 0x4a8e, 0x31a9, 0x3188, 0x4a6c,
0x6b50, 0x7bd3, 0xb5bb, 0xb5bb, 0xb5bb, 0xb5bb, 0xb5bb, 0xb5bb, 0xb5bb, 0xb5bb,
0xb5bb, 0xb5bb, 0xb5bb, 0xb5bb, 0xb5bb, 0xb5bb, 0xb5bb, 0xb5bb, 0xb5bb, 0xb5bb,
0xb5bb, 0xb5bb, 0xb5bb, 0xb5bb, 0xb5bb, 0xb5bb, 0xb5bb, 0xb5bb, 0xb5bb, 0xb5bb,
0xb5bb, 0xb5bb, 0xb5bb, 0xb5bb, 0xb5bb, 0xb5bb, 0xb5bb, 0xb5bb, 0xb5bb, 0xb5bb,
0xb5bb, 0xb5bb, 0xb5bb, 0xb5bb, 0xb5bb, 0xb5bb, 0xb5bb, 0xb5bb, 0xb5bb, 0xb5bb,
0xb5bb, 0xb5bb, 0xb5bb, 0xb5bb, 0xb5bb, 0xb5bb, 0xb5bb, 0xb5bb, 0xb5bb, 0xb5bb,
0xb5bb, 0xb5bb, 0xb5bb, 0xb5bb, 0xb5bb, 0xb5bb, 0xb5bb, 0xb5bb, 0xb5bb, 0xb5bb,
0xb5bb, 0xb5bb, 0xb5bb, 0xb5bb, 0xb5bb, 0xb5bb, 0xb5bb, 0xb5bb, 0xb5bb, 0xb5bb,
0xb5bb, 0xb5bb, 0xb5bb, 0xb5bb, 0xb5bb, 0xb5bb, 0xb5bb, 0xb5bb, 0xb5bb, 0xb5bb,
0xb5bb, 0xb5bb, 0xb5bb, 0xb5bb, 0xb5bb, 0xb5bb, 0xb5bb, 0xb5bb, 0xb5bb, 0xb5bb,
0xb5bb, 0xb5bb, 0xb5bb, 0xb5bb, 0xb5bb, 0xb5bb, 0xb5bb, 0xb5bb, 0xb5bb, 0xb5bb,
0xb5bb, 0xb5bb, 0xb5bb, 0xb5bb, 0xb5bb, 0xb5bb, 0xb5bb, 0xb5bb, 0xb5bb, 0xb5bb,
0xb5bb, 0xb5bb, 0xb5bb, 0xb5bb, 0xb5bb, 0xb5bb, 0xb5bb, 0xb5bb, 0xb5bb, 0xb5bb,
0xb5bb, 0xb5bb, 0xb5bb, 0xb5bb, 0xb5bb, 0xb5bb, 0xb5bb, 0xb5bb, 0xb5bb, 0xb5bb,
0xb5bb, 0xb5bb, 0xb5bb, 0xb5bb, 0xb5bb, 0xb5bb, 0xb5bb, 0xb5bb, 0xb5bb, 0xb5bb,
0xb5bb, 0xb5bb, 0xb5bb, 0xb5bb, 0xb5bb, 0xb5bb, 0xb5bb, 0xb5bb, 0xb5bb, 0xb5bb,
0xb5bb, 0xb5bb, 0xb5bb, 0xb5bb, 0xb5bb, 0xb5bb, 0xb5bb, 0xb5bb, 0xb5bb, 0xb5bb,
0xb5bb, 0xb5bb, 0xb5bb, 0xb5bb, 0xb5bb, 0xb5bb, 0xb5bb, 0xb5bb, 0x8c75, 0x5b0e,
0x52cd, 0x52cd, 0x52cf, 0x4ad1, 0x5af3, 0x7394, 0x8c76, 0x9d38, 0xb5b9, 0xc61b,
0xd6bd, 0xdefd, 0xbdda, 0x7bb4, 0x39b1, 0x20ce, 0x20eb, 0x294b, 0x31ae, 0x4211,
0x3a12, 0x31ce, 0x216a, 0x2148, 0x2968, 0x39e9, 0x424a, 0x4a4b, 0x4a4b, 0x4a4b,
0x4a4b, 0x4a4b, 0x4a4b, 0x4a4b, 0x4a4b, 0x4a4b, 0x4a4b, 0x4a4b, 0x4a4b, 0x4a4b,
0x4a4b, 0x4a4b, 0x4a4b, 0x4a4b, 0x4a4b, 0x4a4b, 0x424b, 0x424b, 0x420a, 0x4209,
0x420a, 0x422b, 0x424b, 0x4a4b, 0x4a4b, 0x4a4c, 0x524c, 0x524c, 0x524c, 0x524c,
0x524c, 0x524c, 0x524c, 0x524c, 0x528c, 0x528c, 0x528c, 0x528c, 0x528c, 0x528c,

0x5b0d, 0x5b0d, 0x5b2d, 0x5b2c, 0x5b0c, 0x5aec, 0x5aec, 0x5aec, 0x52ec, 0x530c,
0x52ec, 0x52cc, 0x52ac, 0x52cc, 0x52cc, 0x52cc, 0x52ab, 0x4aab, 0x4aab, 0x4aab,
0x4aac, 0x4aab, 0x4a8b, 0x4a6b, 0x4a6b, 0x4a6b, 0x4a6b, 0x426a, 0x426a, 0x426a,
0x424a, 0x424a, 0x424a, 0x424a, 0x422a, 0x422a, 0x422a, 0x422a, 0x422a, 0x422a,
0x422a, 0x422a, 0x422a, 0x424a, 0x3a09, 0x3187, 0x2127, 0x39ca, 0x630f, 0x6332,
0x4a52, 0x4212, 0x39f1, 0x318e, 0x318f, 0x3190, 0x292e, 0x39ad, 0x6b30, 0x8c76,
0x94fa, 0x94db, 0x8c59, 0x73b6, 0x5af0, 0x3a2b, 0x2167, 0x1905, 0x2947, 0x422b,
0x6330, 0x7bf3, 0xb5bb, 0xb5bb, 0xb5bb, 0xb5bb, 0xb5bb, 0xb5bb, 0xb5bb, 0xb5bb,
0xb5bb, 0xb5bb, 0xb5bb, 0xb5bb, 0xb5bb, 0xb5bb, 0xb5bb, 0xb5bb, 0xb5bb, 0xb5bb,
0xb5bb, 0xb5bb, 0xb5bb, 0xb5bb, 0xb5bb, 0xb5bb, 0xb5bb, 0xb5bb, 0xb5bb, 0xb5bb,
0xb5bb, 0xb5bb, 0xb5bb, 0xb5bb, 0xb5bb, 0xb5bb, 0xb5bb, 0xb5bb, 0xb5bb, 0xb5bb,
0xb5bb, 0xb5bb, 0xb5bb, 0xb5bb, 0xb5bb, 0xb5bb, 0xb5bb, 0xb5bb, 0xb5bb, 0xb5bb,
0xb5bb, 0xb5bb, 0xb5bb, 0xb5bb, 0xb5bb, 0xb5bb, 0xb5bb, 0xb5bb, 0xb5bb, 0xb5bb,
0xb5bb, 0xb5bb, 0xb5bb, 0xb5bb, 0xb5bb, 0xb5bb, 0xb5bb, 0xb5bb, 0xb5bb, 0xb5bb,
0xb5bb, 0xb5bb, 0xb5bb, 0xb5bb, 0xb5bb, 0xb5bb, 0xb5bb, 0xb5bb, 0xb5bb, 0xb5bb,
0xb5bb, 0xb5bb, 0xb5bb, 0xb5bb, 0xb5bb, 0xb5bb, 0xb5bb, 0xb5bb, 0xb5bb, 0xb5bb,
0xb5bb, 0xb5bb, 0xb5bb, 0xb5bb, 0xb5bb, 0xb5bb, 0xb5bb, 0xb5bb, 0xb5bb, 0xb5bb,
0xb5bb, 0xb5bb, 0xb5bb, 0xb5bb, 0xb5bb, 0xb5bb, 0xb5bb, 0xb5bb, 0xb5bb, 0xb5bb,
0xb5bb, 0xb5bb, 0xb5bb, 0xb5bb, 0xb5bb, 0xb5bb, 0xb5bb, 0xb5bb, 0xb5bb, 0xb5bb,
0xb5bb, 0xb5bb, 0xb5bb, 0xb5bb, 0xb5bb, 0xb5bb, 0xb5bb, 0xb5bb, 0xb5bb, 0xb5bb,
0xb5bb, 0xb5bb, 0xb5bb, 0xb5bb, 0xb5bb, 0xb5bb, 0xb5bb, 0xb5bb, 0xb5bb, 0xb5bb,
0xb5bb, 0xb5bb, 0xb5bb, 0xb5bb, 0xb5bb, 0xb5bb, 0xb5bb, 0xb5bb, 0xb5bb, 0xb5bb,
0xb5bb, 0xb5bb, 0xb5bb, 0xb5bb, 0xb5bb, 0xb5bb, 0xb5bb, 0xb5bb, 0xb5bb, 0xb5bb,
0xb5bb, 0xb5bb, 0xb5bb, 0xb5bb, 0xb5bb, 0xb5bb, 0xb5bb, 0xb5bb, 0xb5bb, 0xb5bb,
0xb5bb, 0xb5bb, 0xb5bb, 0xb5bb, 0xb5bb, 0xb5bb, 0xb5bb, 0xb5bb, 0x8434, 0x4a6c,
0x4a6c, 0x52ae, 0x52b0, 0x52d1, 0x5b12, 0x6bb4, 0x8456, 0x94d7, 0xad58, 0xb5ba,
0xce5c, 0xd6bc, 0xbdb9, 0x7394, 0x39b0, 0x20ce, 0x20eb, 0x294b, 0x31ae, 0x4211,
0x3a11, 0x31ce, 0x216a, 0x2148, 0x2968, 0x39e9, 0x424a, 0x4a4b, 0x4a4b, 0x4a4b,
0x4a4b, 0x4a4b, 0x4a4b, 0x4a4b, 0x4a4b, 0x4a4b, 0x4a4b, 0x4a4b, 0x4a4b, 0x4a4b,
0x4a4b, 0x4a4b, 0x4a4b, 0x4a4b, 0x4a4b, 0x4a4b, 0x4a4b, 0x424b, 0x422a, 0x420a,
0x420a, 0x424a, 0x424b, 0x4a4b, 0x4a4b, 0x4a4c, 0x524c, 0x524c, 0x524c, 0x526c,
0x526c, 0x526c, 0x526c, 0x526c, 0x528c, 0x528c, 0x528c, 0x528c, 0x528c, 0x528c,

0x5b0d, 0x5b0d, 0x5b0d, 0x5b0d, 0x5b0d, 0x5b2d, 0x5b2d, 0x5b0d, 0x5b2c, 0x5b2c,
0x5b0c, 0x5aec, 0x52cc, 0x52ec, 0x52cc, 0x52cc, 0x52cc, 0x52cc, 0x52cc, 0x52cc,
0x52cc, 0x52cc, 0x52ab, 0x52ab, 0x52ab, 0x4aab, 0x4aab, 0x4aab, 0x4aab, 0x4aab,
0x4a8b, 0x4a8b, 0x4aab, 0x4a8b, 0x4a6b, 0x4a4b, 0x4a6b, 0x4a6b, 0x4a6b, 0x4a6b,
0x4a6b, 0x4a6b, 0x4a6b, 0x426a, 0x3a29, 0x31a7, 0x2927, 0x39ca, 0x630f, 0x6332,
0x4a52, 0x4212, 0x39f1, 0x318e, 0x318f, 0x3990, 0x312e, 0x39ad, 0x6331, 0x8436,
0x9cba, 0x94ba, 0x83f6, 0x5af0, 0x31c9, 0x2167, 0x31c8, 0x422a, 0x4a4b, 0x422a,
0x52ad, 0x6bd2, 0xb5bb, 0xb5bb, 0xb5bb, 0xb5bb, 0xb5bb, 0xb5bb, 0xb5bb, 0xb5bb,
0xb5bb, 0xb5bb, 0xb5bb, 0xb5bb, 0xb5bb, 0xb5bb, 0xb5bb, 0xb5bb, 0xb5bb, 0xb5bb,
0xb5bb, 0xb5bb, 0xb5bb, 0xb5bb, 0xb5bb, 0xb5bb, 0xb5bb, 0xb5bb, 0xb5bb, 0xb5bb,
0xb5bb, 0xb5bb, 0xb5bb, 0xb5bb, 0xb5bb, 0xb5bb, 0xb5bb, 0xb5bb, 0xb5bb, 0xb5bb,
0xb5bb, 0xb5bb, 0xb5bb, 0xb5bb, 0xb5bb, 0xb5bb, 0xb5bb, 0xb5bb, 0xb5bb, 0xb5bb,
0xb5bb, 0xb5bb, 0xb5bb, 0xb5bb, 0xb5bb, 0xb5bb, 0xb5bb, 0xb5bb, 0xb5bb, 0xb5bb,
0xb5bb, 0xb5bb, 0xb5bb, 0xb5bb, 0xb5bb, 0xb5bb, 0xb5bb, 0xb5bb, 0xb5bb, 0xb5bb,
0xb5bb, 0xb5bb, 0xb5bb, 0xb5bb, 0xb5bb, 0xb5bb, 0xb5bb, 0xb5bb, 0xb5bb, 0xb5bb,
0xb5bb, 0xb5bb, 0xb5bb, 0xb5bb, 0xb5bb, 0xb5bb, 0xb5bb, 0xb5bb, 0xb5bb, 0xb5bb,
0xb5bb, 0xb5bb, 0xb5bb, 0xb5bb, 0xb5bb, 0xb5bb, 0xb5bb, 0xb5bb, 0xb5bb, 0xb5bb,
0xb5bb, 0xb5bb, 0xb5bb, 0xb5bb, 0xb5bb, 0xb5bb, 0xb5bb, 0xb5bb, 0xb5bb, 0xb5bb,
0xb5bb, 0xb5bb, 0xb5bb, 0xb5bb, 0xb5bb, 0xb5bb, 0xb5bb, 0xb5bb, 0xb5bb, 0xb5bb,
0xb5bb, 0xb5bb, 0xb5bb, 0xb5bb, 0xb5bb, 0xb5bb, 0xb5bb, 0xb5bb, 0xb5bb, 0xb5bb,
0xb5bb, 0xb5bb, 0xb5bb, 0xb5bb, 0xb5bb, 0xb5bb, 0xb5bb, 0xb5bb, 0xb5bb, 0xb5bb,
0xb5bb, 0xb5bb, 0xb5bb, 0xb5bb, 0xb5bb, 0xb5bb, 0xb5bb, 0xb5bb, 0xb5bb, 0xb5bb,
0xb5bb, 0xb5bb, 0xb5bb, 0xb5bb, 0xb5bb, 0xb5bb, 0xb5bb, 0xb5bb, 0xb5bb, 0xb5bb,
0xb5bb, 0xb5bb, 0xb5bb, 0xb5bb, 0xb5bb, 0xb5bb, 0xb5bb, 0xb5bb, 0xb5bb, 0xb5bb,
0xb5bb, 0xb5bb, 0xb5bb, 0xb5bb, 0xb5bb, 0xb5bb, 0xb5bb, 0xb59b, 0x7bd2, 0x39ca,
0x422b, 0x4a6e, 0x4a90, 0x4a90, 0x52f1, 0x6b94, 0x7bf5, 0x8c76, 0x9cf7, 0xad59,
0xbdfb, 0xce7c, 0xb599, 0x7394, 0x39b1, 0x20cd, 0x20eb, 0x294b, 0x31ae, 0x4211,
0x3a11, 0x31ce, 0x216a, 0x2148, 0x2968, 0x39e9, 0x424a, 0x4a4b, 0x4a4b, 0x4a4b,
0x4a4b, 0x4a4b, 0x4a4b, 0x4a4b, 0x4a4b, 0x4a4b, 0x4a4b, 0x4a4b, 0x4a4b, 0x4a4b,
0x4a4b, 0x4a4b, 0x4a4b, 0x4a4b, 0x4a4b, 0x4a4b, 0x4a4b, 0x4a4b, 0x426b, 0x3a2a,
0x420a, 0x4a2b, 0x4a4b, 0x4a4b, 0x4a4b, 0x524c, 0x524c, 0x524c, 0x526c, 0x528c,
0x528c, 0x528d, 0x5a8d, 0x5a8d, 0x5a8d, 0x5a8d, 0x5a8d, 0x5a8d, 0x5a8d, 0x5a8d,

0x5b0d, 0x5b0d, 0x5b0d, 0x5b0d, 0x5b0d, 0x5b0d, 0x5b0d, 0x5b0d, 0x5b0d, 0x5b0d,
0x5b0d, 0x5b0c, 0x5b0c, 0x5b0c, 0x5aec, 0x5acc, 0x5acc, 0x5acc, 0x5acc, 0x52cc,
0x52cc, 0x52cc, 0x52cc, 0x52cc, 0x52cc, 0x52cc, 0x52cc, 0x52cc, 0x52cc, 0x52cc,
0x52ab, 0x528b, 0x528b, 0x528b, 0x528b, 0x528b, 0x4a8b, 0x4a8b, 0x4a8b, 0x4a8b,
0x4a8b, 0x4a8b, 0x4a8b, 0x426a, 0x3a29, 0x31a7, 0x2927, 0x39ca, 0x630f, 0x6332,
0x4a52, 0x4212, 0x39f1, 0x318e, 0x318f, 0x3990, 0x312e, 0x39ad, 0x5af1, 0x8c57,
0x9cfb, 0x8c77, 0x6b51, 0x4a4c, 0x3189, 0x39aa, 0x52ae, 0x73b2, 0x6bb0, 0x4a8b,
0x426b, 0x6350, 0xb5bb, 0xb5bb, 0xb5bb, 0xb5bb, 0xb5bb, 0xb5bb, 0xb5bb, 0xb5bb,
0xb5bb, 0xb5bb, 0xb5bb, 0xb5bb, 0xb5bb, 0xb5bb, 0xb5bb, 0xb5bb, 0xb5bb, 0xb5bb,
0xb5bb, 0xb5bb, 0xb5bb, 0xb5bb, 0xb5bb, 0xb5bb, 0xb5bb, 0xb5bb, 0xb5bb, 0xb5bb,
0xb5bb, 0xb5bb, 0xb5bb, 0xb5bb, 0xb5bb, 0xb5bb, 0xb5bb, 0xb5bb, 0xb5bb, 0xb5bb,
0xb5bb, 0xb5bb, 0xb5bb, 0xb5bb, 0xb5bb, 0xb5bb, 0xb5bb, 0xb5bb, 0xb5bb, 0xb5bb,
0xb5bb, 0xb5bb, 0xb5bb, 0xb5bb, 0xb5bb, 0xb5bb, 0xb5bb, 0xb5bb, 0xb5bb, 0xb5bb,
0xb5bb, 0xb5bb, 0xb5bb, 0xb5bb, 0xb5bb, 0xb5bb, 0xb5bb, 0xb5bb, 0xb5bb, 0xb5bb,
0xb5bb, 0xb5bb, 0xb5bb, 0xb5bb, 0xb5bb, 0xb5bb, 0xb5bb, 0xb5bb, 0xb5bb, 0xb5bb,
0xb5bb, 0xb5bb, 0xb5bb, 0xb5bb, 0xb5bb, 0xb5bb, 0xb5bb, 0xb5bb, 0xb5bb, 0xb5bb,
0xb5bb, 0xb5bb, 0xb5bb, 0xb5bb, 0xb5bb, 0xb5bb, 0xb5bb, 0xb5bb, 0xb5bb, 0xb5bb,
0xb5bb, 0xb5bb, 0xb5bb, 0xb5bb, 0xb5bb, 0xb5bb, 0xb5bb, 0xb5bb, 0xb5bb, 0xb5bb,
0xb5bb, 0xb5bb, 0xb5bb, 0xb5bb, 0xb5bb, 0xb5bb, 0xb5bb, 0xb5bb, 0xb5bb, 0xb5bb,
0xb5bb, 0xb5bb, 0xb5bb, 0xb5bb, 0xb5bb, 0xb5bb, 0xb5bb, 0xb5bb, 0xb5bb, 0xb5bb,
0xb5bb, 0xb5bb, 0xb5bb, 0xb5bb, 0xb5bb, 0xb5bb, 0xb5bb, 0xb5bb, 0xb5bb, 0xb5bb,
0xb5bb, 0xb5bb, 0xb5bb, 0xb5bb, 0xb5bb, 0xb5bb, 0xb5bb, 0xb5bb, 0xb5bb, 0xb5bb,
0xb5bb, 0xb5bb, 0xb5bb, 0xb5bb, 0xb5bb, 0xb5bb, 0xb5bb, 0xb5bb, 0xb5bb, 0xb5bb,
0xb5bb, 0xb5bb, 0xb5bb, 0xb5bb, 0xb5bb, 0xb5bb, 0xb5bb, 0xb5bb, 0xb5bb, 0xb5bb,
0xb5bb, 0xb5bb, 0xb5bb, 0xb5bb, 0xb5bb, 0xb5bb, 0xb5bb, 0xa537, 0x6b6f, 0x31a8,
0x3a2b, 0x426e, 0x424f, 0x3a4f, 0x4a90, 0x6312, 0x7393, 0x8414, 0x9496, 0x9cf8,
0xb59a, 0xc61b, 0xad38, 0x7354, 0x4191, 0x28ce, 0x28eb, 0x294b, 0x31ae, 0x4211,
0x3a12, 0x31ce, 0x216a, 0x2148, 0x2968, 0x39e9, 0x424a, 0x4a4b, 0x4a4b, 0x4a4b,
0x4a4b, 0x4a4b, 0x4a4b, 0x4a4b, 0x4a4b, 0x4a4b, 0x4a4b, 0x4a4b, 0x4a4b, 0x4a4b,
0x4a4b, 0x4a4b, 0x4a4b, 0x4a4b, 0x4a4b, 0x4a4b, 0x4a4b, 0x4a4b, 0x424b, 0x422a,
0x420a, 0x4a4b, 0x4a4b, 0x4a4b, 0x4a4b, 0x524c, 0x528c, 0x528c, 0x5a8c, 0x5a8d,
0x5a8d, 0x5a8d, 0x5a8d, 0x5a8d, 0x5a8d, 0x5a8d, 0x5a8d, 0x5a8d, 0x5a8d, 0x5a8d,

0x5b0d, 0x5b0d, 0x5b0d, 0x5b0d, 0x5b0d, 0x5b0d, 0x5b0d, 0x5b0d, 0x5b0d, 0x5b0d,
0x5b0d, 0x5b0d, 0x5b0d, 0x5b0d, 0x5b0c, 0x5b0c, 0x5b0c, 0x5b0c, 0x5b0c, 0x5acc,
0x5aac, 0x5acc, 0x52cc, 0x52cc, 0x52cc, 0x52cc, 0x52cc, 0x52cc, 0x52cc, 0x52cc,
0x52cc, 0x52cc, 0x52cc, 0x52ac, 0x52cc, 0x52cc, 0x52cb, 0x52cb, 0x52ab, 0x4a8b,
0x4a8b, 0x4a8b, 0x4a8b, 0x426a, 0x3a29, 0x31a7, 0x2927, 0x39ca, 0x630f, 0x6332,
0x4a52, 0x4212, 0x39f1, 0x318e, 0x318f, 0x3990, 0x292e, 0x39ad, 0x6331, 0x9497,
0xa519, 0x8454, 0x6b70, 0x5aef, 0x52cf, 0x4a90, 0x4ab1, 0x7bd4, 0x8c54, 0x52ed,
0x424b, 0x52ce, 0xb5bb, 0xb5bb, 0xb5bb, 0xb5bb, 0xb5bb, 0xb5bb, 0xb5bb, 0xb5bb,
0xb5bb, 0xb5bb, 0xb5bb, 0xb5bb, 0xb5bb, 0xb5bb, 0xb5bb, 0xb5bb, 0xb5bb, 0xb5bb,
0xb5bb, 0xb5bb, 0xb5bb, 0xb5bb, 0xb5bb, 0xb5bb, 0xb5bb, 0xb5bb, 0xb5bb, 0xb5bb,
0xb5bb, 0xb5bb, 0xb5bb, 0xb5bb, 0xb5bb, 0xb5bb, 0xb5bb, 0xb5bb, 0xb5bb, 0xb5bb,
0xb5bb, 0xb5bb, 0xb5bb, 0xb5bb, 0xb5bb, 0xb5bb, 0xb5bb, 0xb5bb, 0xb5bb, 0xb5bb,
0xb5bb, 0xb5bb, 0xb5bb, 0xb5bb, 0xb5bb, 0xb5bb, 0xb5bb, 0xb5bb, 0xb5bb, 0xb5bb,
0xb5bb, 0xb5bb, 0xb5bb, 0xb5bb, 0xb5bb, 0xb5bb, 0xb5bb, 0xb5bb, 0xb5bb, 0xb5bb,
0xb5bb, 0xb5bb, 0xb5bb, 0xb5bb, 0xb5bb, 0xb5bb, 0xb5bb, 0xb5bb, 0xb5bb, 0xb5bb,
0xb5bb, 0xb5bb, 0xb5bb, 0xb5bb, 0xb5bb, 0xb5bb, 0xb5bb, 0xb5bb, 0xb5bb, 0xb5bb,
0xb5bb, 0xb5bb, 0xb5bb, 0xb5bb, 0xb5bb, 0xb5bb, 0xb5bb, 0xb5bb, 0xb5bb, 0xb5bb,
0xb5bb, 0xb5bb, 0xb5bb, 0xb5bb, 0xb5bb, 0xb5bb, 0xb5bb, 0xb5bb, 0xb5bb, 0xb5bb,
0xb5bb, 0xb5bb, 0xb5bb, 0xb5bb, 0xb5bb, 0xb5bb, 0xb5bb, 0xb5bb, 0xb5bb, 0xb5bb,
0xb5bb, 0xb5bb, 0xb5bb, 0xb5bb, 0xb5bb, 0xb5bb, 0xb5bb, 0xb5bb, 0xb5bb, 0xb5bb,
0xb5bb, 0xb5bb, 0xb5bb, 0xb5bb, 0xb5bb, 0xb5bb, 0xb5bb, 0xb5bb, 0xb5bb, 0xb5bb,
0xb5bb, 0xb5bb, 0xb5bb, 0xb5bb, 0xb5bb, 0xb5bb, 0xb5bb, 0xb5bb, 0xb5bb, 0xb5bb,
0xb5bb, 0xb5bb, 0xb5bb, 0xb5bb, 0xb5bb, 0xb5bb, 0xb5bb, 0xb5bb, 0xb5bb, 0xb5bb,
0xb5bb, 0xb5bb, 0xb5bb, 0xb5bb, 0xb5bb, 0xb5bb, 0xb5bb, 0xb5bb, 0xb5bb, 0xb5bb,
0xb5bb, 0xb5bb, 0xb5bb, 0xb5bb, 0xb5bb, 0xb5bb, 0xb5bb, 0x8432, 0x5b0e, 0x3a0a,
0x3a0c, 0x320d, 0x31ed, 0x320d, 0x422e, 0x52b0, 0x6331, 0x7392, 0x7bf4, 0x8c76,
0x9d38, 0xb599, 0x9cf7, 0x6b53, 0x41b0, 0x28ce, 0x28eb, 0x294b, 0x31ae, 0x4211,
0x3a12, 0x31ce, 0x216a, 0x2148, 0x2968, 0x39e9, 0x424a, 0x4a4b, 0x4a4b, 0x4a4b,
0x4a4b, 0x4a4b, 0x4a4b, 0x4a4b, 0x4a4b, 0x4a4b, 0x4a4b, 0x4a4b, 0x4a4b, 0x4a4b,
0x4a4b, 0x4a4b, 0x4a4b, 0x4a4b, 0x4a4b, 0x4a4b, 0x4a4b, 0x4a4b, 0x424b, 0x422a,
0x420a, 0x424b, 0x424b, 0x4a4b, 0x4a4b, 0x524c, 0x528c, 0x528c, 0x5a8d, 0x5a8d,
0x5a8d, 0x5a8d, 0x5a8d, 0x5a8d, 0x5a8d, 0x5a8d, 0x5a8d, 0x5a8d, 0x5a8d, 0x5a8d,

0x5b0d, 0x5b0d, 0x5b0d, 0x5b0d, 0x5b0d, 0x5b0d, 0x5b0d, 0x5b0d, 0x5b0d, 0x5b0d,
0x5b0d, 0x5b0d, 0x5b0d, 0x5b0d, 0x5b0c, 0x5b2c, 0x5b0c, 0x5b0c, 0x5b0c, 0x5aec,
0x5aec, 0x5aec, 0x52ec, 0x52ec, 0x52cc, 0x52ac, 0x52cc, 0x52cc, 0x52cc, 0x52cc,
0x52cc, 0x52cc, 0x52cc, 0x52cc, 0x52cc, 0x52cc, 0x52cc, 0x52cb, 0x52ab, 0x52ab,
0x4a8b, 0x4a8b, 0x4a8b, 0x426a, 0x3a09, 0x29a7, 0x2127, 0x39ca, 0x630f, 0x6332,
0x4a52, 0x4212, 0x39f1, 0x318e, 0x318f, 0x3990, 0x292e, 0x39ad, 0x6330, 0x94b6,
0xa539, 0x8c96, 0x7c15, 0x7bf6, 0x73b6, 0x4af3, 0x3a30, 0x6353, 0x8435, 0x634f,
0x4a6b, 0x4a4b, 0xb5bb, 0xb5bb, 0xb5bb, 0xb5bb, 0xb5bb, 0xb5bb, 0xb5bb, 0xb5bb,
0xb5bb, 0xb5bb, 0xb5bb, 0xb5bb, 0xb5bb, 0xb5bb, 0xb5bb, 0xb5bb, 0xb5bb, 0xb5bb,
0xb5bb, 0xb5bb, 0xb5bb, 0xb5bb, 0xb5bb, 0xb5bb, 0xb5bb, 0xb5bb, 0xb5bb, 0xb5bb,
0xb5bb, 0xb5bb, 0xb5bb, 0xb5bb, 0xb5bb, 0xb5bb, 0xb5bb, 0xb5bb, 0xb5bb, 0xb5bb,
0xb5bb, 0xb5bb, 0xb5bb, 0xb5bb, 0xb5bb, 0xb5bb, 0xb5bb, 0xb5bb, 0xb5bb, 0xb5bb,
0xb5bb, 0xb5bb, 0xb5bb, 0xb5bb, 0xb5bb, 0xb5bb, 0xb5bb, 0xb5bb, 0xb5bb, 0xb5bb,
0xb5bb, 0xb5bb, 0xb5bb, 0xb5bb, 0xb5bb, 0xb5bb, 0xb5bb, 0xb5bb, 0xb5bb, 0xb5bb,
0xb5bb, 0xb5bb, 0xb5bb, 0xb5bb, 0xb5bb, 0xb5bb, 0xb5bb, 0xb5bb, 0xb5bb, 0xb5bb,
0xb5bb, 0xb5bb, 0xb5bb, 0xb5bb, 0xb5bb, 0xb5bb, 0xb5bb, 0xb5bb, 0xb5bb, 0xb5bb,
0xb5bb, 0xb5bb, 0xb5bb, 0xb5bb, 0xb5bb, 0xb5bb, 0xb5bb, 0xb5bb, 0xb5bb, 0xb5bb,
0xb5bb, 0xb5bb, 0xb5bb, 0xb5bb, 0xb5bb, 0xb5bb, 0xb5bb, 0xb5bb, 0xb5bb, 0xb5bb,
0xb5bb, 0xb5bb, 0xb5bb, 0xb5bb, 0xb5bb, 0xb5bb, 0xb5bb, 0xb5bb, 0xb5bb, 0xb5bb,
0xb5bb, 0xb5bb, 0xb5bb, 0xb5bb, 0xb5bb, 0xb5bb, 0xb5bb, 0xb5bb, 0xb5bb, 0xb5bb,
0xb5bb, 0xb5bb, 0xb5bb, 0xb5bb, 0xb5bb, 0xb5bb, 0xb5bb, 0xb5bb, 0xb5bb, 0xb5bb,
0xb5bb, 0xb5bb, 0xb5bb, 0xb5bb, 0xb5bb, 0xb5bb, 0xb5bb, 0xb5bb, 0xb5bb, 0xb5bb,
0xb5bb, 0xb5bb, 0xb5bb, 0xb5bb, 0xb5bb, 0xb5bb, 0xb5bb, 0xb5bb, 0xb5bb, 0xb5bb,
0xb5bb, 0xb5bb, 0xb5bb, 0xb5bb, 0xb5bb, 0xb5bb, 0xb5bb, 0xb5bb, 0xb5bb, 0xb5bb,
0xb5bb, 0xb5bb, 0xb5bb, 0xb5bb, 0xb5bb, 0xb5bb, 0xb5bb, 0x7391, 0x52cd, 0x31e9,
0x3a0b, 0x31ec, 0x29ac, 0x31ec, 0x3a0d, 0x4a6e, 0x5acf, 0x6331, 0x6b93, 0x7c14,
0x94b6, 0xad58, 0x9cb6, 0x6b33, 0x41b0, 0x28ee, 0x28eb, 0x292b, 0x31ae, 0x41f1,
0x3a11, 0x31ce, 0x214a, 0x2128, 0x2968, 0x39e9, 0x424a, 0x4a4b, 0x4a4b, 0x4a4b,
0x4a4b, 0x4a4b, 0x4a4b, 0x4a4b, 0x4a4b, 0x4a4b, 0x4a4b, 0x4a4b, 0x4a4b, 0x4a4b,
0x4a4b, 0x4a4a, 0x4a4a, 0x4a4a, 0x4a4b, 0x4a4b, 0x4a4b, 0x4a4b, 0x424b, 0x422a,
0x420a, 0x422b, 0x424b, 0x4a4b, 0x4a4b, 0x524c, 0x528c, 0x528c, 0x5a8d, 0x5a8d,
0x5a8d, 0x5a8d, 0x5a8d, 0x5a8d, 0x5a8d, 0x5a8d, 0x5a8d, 0x5a8d, 0x5a8d, 0x5a8d,

0x5b0d, 0x5b0d, 0x5b0d, 0x5b0d, 0x5b0d, 0x5b0d, 0x5b2d, 0x5b2d, 0x5b2d, 0x5b0d,
0x5b0d, 0x5b0d, 0x5b0d, 0x5b0d, 0x5b0d, 0x5b0d, 0x5b0d, 0x5b0c, 0x5b0c, 0x5b0c,
0x5b0c, 0x5b2c, 0x5b2c, 0x5b0c, 0x5aec, 0x5acc, 0x5acc, 0x52ec, 0x52cc, 0x52cc,
0x52cc, 0x52cc, 0x52cc, 0x52cc, 0x52cc, 0x52cc, 0x52cc, 0x52cc, 0x52cc, 0x52cc,
0x52ab, 0x4a8b, 0x4a8b, 0x426b, 0x3a29, 0x29a7, 0x2127, 0x39ca, 0x630f, 0x6332,
0x4a52, 0x4212, 0x39f1, 0x318e, 0x318f, 0x3170, 0x292e, 0x39ad, 0x6331, 0x9496,
0xa53a, 0x9cfa, 0x949a, 0x8c7a, 0x73d7, 0x52d3, 0x3a0f, 0x52d1, 0x73d4, 0x73d0,
0x5aec, 0x39ea, 0xb5bb, 0xb5bb, 0xb5bb, 0xb5bb, 0xb5bb, 0xb5bb, 0xb5bb, 0xb5bb,
0xb5bb, 0xb5bb, 0xb5bb, 0xb5bb, 0xb5bb, 0xb5bb, 0xb5bb, 0xb5bb, 0xb5bb, 0xb5bb,
0xb5bb, 0xb5bb, 0xb5bb, 0xb5bb, 0xb5bb, 0xb5bb, 0xb5bb, 0xb5bb, 0xb5bb, 0xb5bb,
0xb5bb, 0xb5bb, 0xb5bb, 0xb5bb, 0xb5bb, 0xb5bb, 0xb5bb, 0xb5bb, 0xb5bb, 0xb5bb,
0xb5bb, 0xb5bb, 0xb5bb, 0xb5bb, 0xb5bb, 0xb5bb, 0xb5bb, 0xb5bb, 0xb5bb, 0xb5bb,
0xb5bb, 0xb5bb, 0xb5bb, 0xb5bb, 0xb5bb, 0xb5bb, 0xb5bb, 0xb5bb, 0xb5bb, 0xb5bb,
0xb5bb, 0xb5bb, 0xb5bb, 0xb5bb, 0xb5bb, 0xb5bb, 0xb5bb, 0xb5bb, 0xb5bb, 0xb5bb,
0xb5bb, 0xb5bb, 0xb5bb, 0xb5bb, 0xb5bb, 0xb5bb, 0xb5bb, 0xb5bb, 0xb5bb, 0xb5bb,
0xb5bb, 0xb5bb, 0xb5bb, 0xb5bb, 0xb5bb, 0xb5bb, 0xb5bb, 0xb5bb, 0xb5bb, 0xb5bb,
0xb5bb, 0xb5bb, 0xb5bb, 0xb5bb, 0xb5bb, 0xb5bb, 0xb5bb, 0xb5bb, 0xb5bb, 0xb5bb,
0xb5bb, 0xb5bb, 0xb5bb, 0xb5bb, 0xb5bb, 0xb5bb, 0xb5bb, 0xb5bb, 0xb5bb, 0xb5bb,
0xb5bb, 0xb5bb, 0xb5bb, 0xb5bb, 0xb5bb, 0xb5bb, 0xb5bb, 0xb5bb, 0xb5bb, 0xb5bb,
0xb5bb, 0xb5bb, 0xb5bb, 0xb5bb, 0xb5bb, 0xb5bb, 0xb5bb, 0xb5bb, 0xb5bb, 0xb5bb,
0xb5bb, 0xb5bb, 0xb5bb, 0xb5bb, 0xb5bb, 0xb5bb, 0xb5bb, 0xb5bb, 0xb5bb, 0xb5bb,
0xb5bb, 0xb5bb, 0xb5bb, 0xb5bb, 0xb5bb, 0xb5bb, 0xb5bb, 0xb5bb, 0xb5bb, 0xb5bb,
0xb5bb, 0xb5bb, 0xb5bb, 0xb5bb, 0xb5bb, 0xb5bb, 0xb5bb, 0xb5bb, 0xb5bb, 0xb5bb,
0xb5bb, 0xb5bb, 0xb5bb, 0xb5bb, 0xb5bb, 0xb5bb, 0xb5bb, 0xb5bb, 0xb5bb, 0xb5bb,
0xb5bb, 0xb5bb, 0xb5bb, 0xb5bb, 0xb5bb, 0xb5bb, 0xb5bb, 0x7c13, 0x52ad, 0x2968,
0x3a0a, 0x3a2c, 0x31cc, 0x29ab, 0x31cb, 0x3a2c, 0x4a6d, 0x5aef, 0x6371, 0x7bf3,
0x9495, 0xa538, 0x9497, 0x6b13, 0x41d0, 0x290e, 0x28eb, 0x292b, 0x31ae, 0x41f1,
0x3a12, 0x31ce, 0x212a, 0x20e8, 0x2968, 0x3a09, 0x424a, 0x4a4b, 0x4a4b, 0x4a4b,
0x4a4b, 0x4a4b, 0x4a4b, 0x4a4b, 0x4a4b, 0x4a4b, 0x4a4b, 0x4a4b, 0x4a6b, 0x4a6b,
0x4a6b, 0x4a6b, 0x4a6b, 0x4a6b, 0x4a4b, 0x4a4b, 0x4a4b, 0x424b, 0x424b, 0x422a,
0x420a, 0x41ea, 0x422b, 0x4a4b, 0x524b, 0x524c, 0x528c, 0x528c, 0x5a8d, 0x5a8d,
0x5a8d, 0x5a8d, 0x5a8d, 0x5a8d, 0x5a8d, 0x5a8d, 0x5a8d, 0x5a8d, 0x5a8d, 0x5a8d,

0x5b0d, 0x5b0d, 0x5b0d, 0x5b0d, 0x5b0d, 0x630d, 0x634d, 0x636d, 0x634d, 0x5b2d,
0x5b0d, 0x5b0d, 0x5b0d, 0x5b0d, 0x5b0d, 0x5b0d, 0x5b0d, 0x5b0d, 0x5b0d, 0x5b0c,
0x5b0c, 0x5b0c, 0x5b0c, 0x5b0c, 0x5b0c, 0x5b0c, 0x5b0c, 0x5b2c, 0x5b0c, 0x5acc,
0x5acc, 0x5acc, 0x5acc, 0x52cc, 0x52cc, 0x52cc, 0x52cc, 0x52cc, 0x52cc, 0x52cc,
0x52cb, 0x4aab, 0x4a8b, 0x426b, 0x3a29, 0x29a7, 0x2127, 0x39ca, 0x630f, 0x6332,
0x4a52, 0x4212, 0x39f1, 0x318e, 0x316f, 0x3150, 0x290e, 0x39cd, 0x6331, 0x9496,
0xad5a, 0xad5b, 0x9cdb, 0x8c59, 0x7bf7, 0x6334, 0x4a91, 0x4a91, 0x6373, 0x7c33,
0x636f, 0x39ca, 0xb5bb, 0xb5bb, 0xb5bb, 0xb5bb, 0xb5bb, 0xb5bb, 0xb5bb, 0xb5bb,
0xb5bb, 0xb5bb, 0xb5bb, 0xb5bb, 0xb5bb, 0xb5bb, 0xb5bb, 0xb5bb, 0xb5bb, 0xb5bb,
0xb5bb, 0xb5bb, 0xb5bb, 0xb5bb, 0xb5bb, 0xb5bb, 0xb5bb, 0xb5bb, 0xb5bb, 0xb5bb,
0xb5bb, 0xb5bb, 0xb5bb, 0xb5bb, 0xb5bb, 0xb5bb, 0xb5bb, 0xb5bb, 0xb5bb, 0xb5bb,
0xb5bb, 0xb5bb, 0xb5bb, 0xb5bb, 0xb5bb, 0xb5bb, 0xb5bb, 0xb5bb, 0xb5bb, 0xb5bb,
0xb5bb, 0xb5bb, 0xb5bb, 0xb5bb, 0xb5bb, 0xb5bb, 0xb5bb, 0xb5bb, 0xb5bb, 0xb5bb,
0xb5bb, 0xb5bb, 0xb5bb, 0xb5bb, 0xb5bb, 0xb5bb, 0xb5bb, 0xb5bb, 0xb5bb, 0xb5bb,
0xb5bb, 0xb5bb, 0xb5bb, 0xb5bb, 0xb5bb, 0xb5bb, 0xb5bb, 0xb5bb, 0xb5bb, 0xb5bb,
0xb5bb, 0xb5bb, 0xb5bb, 0xb5bb, 0xb5bb, 0xb5bb, 0xb5bb, 0xb5bb, 0xb5bb, 0xb5bb,
0xb5bb, 0xb5bb, 0xb5bb, 0xb5bb, 0xb5bb, 0xb5bb, 0xb5bb, 0xb5bb, 0xb5bb, 0xb5bb,
0xb5bb, 0xb5bb, 0xb5bb, 0xb5bb, 0xb5bb, 0xb5bb, 0xb5bb, 0xb5bb, 0xb5bb, 0xb5bb,
0xb5bb, 0xb5bb, 0xb5bb, 0xb5bb, 0xb5bb, 0xb5bb, 0xb5bb, 0xb5bb, 0xb5bb, 0xb5bb,
0xb5bb, 0xb5bb, 0xb5bb, 0xb5bb, 0xb5bb, 0xb5bb, 0xb5bb, 0xb5bb, 0xb5bb, 0xb5bb,
0xb5bb, 0xb5bb, 0xb5bb, 0xb5bb, 0xb5bb, 0xb5bb, 0xb5bb, 0xb5bb, 0xb5bb, 0xb5bb,
0xb5bb, 0xb5bb, 0xb5bb, 0xb5bb, 0xb5bb, 0xb5bb, 0xb5bb, 0xb5bb, 0xb5bb, 0xb5bb,
0xb5bb, 0xb5bb, 0xb5bb, 0xb5bb, 0xb5bb, 0xb5bb, 0xb5bb, 0xb5bb, 0xb5bb, 0xb5bb,
0xb5bb, 0xb5bb, 0xb5bb, 0xb5bb, 0xb5bb, 0xb5bb, 0xb5bb, 0xb5bb, 0xb5bb, 0xb5bb,
0xb5bb, 0xb5bb, 0xb5bb, 0xb5bb, 0xb5bb, 0xb5bb, 0xb5bb, 0x94d5, 0x630f, 0x2968,
0x39ea, 0x3a2a, 0x31ca, 0x2969, 0x2969, 0x39ca, 0x4a4c, 0x52ae, 0x6351, 0x7bd3,
0x9496, 0x9d38, 0x8cb7, 0x6313, 0x39d0, 0x290e, 0x28eb, 0x292b, 0x31ae, 0x41f1,
0x3a12, 0x31ce, 0x212a, 0x2108, 0x2968, 0x3a09, 0x424a, 0x4a4b, 0x4a4b, 0x4a4b,
0x4a4b, 0x4a4b, 0x4a4b, 0x4a4b, 0x4a4b, 0x4a4b, 0x4a4b, 0x4a4c, 0x4a6c, 0x4aac,
0x4a8c, 0x4a8c, 0x4aac, 0x4aac, 0x4a6b, 0x4a4b, 0x424b, 0x424b, 0x424b, 0x422a,
0x420a, 0x420a, 0x422a, 0x4a4b, 0x524c, 0x524c, 0x528c, 0x528c, 0x5a8d, 0x5a8d,
0x5a8d, 0x5a8d, 0x5a8d, 0x5a8d, 0x5a8d, 0x5a8d, 0x5a8d, 0x5a8d, 0x5a8d, 0x5a8d,

0x630d, 0x632d, 0x636e, 0x636e, 0x634d, 0x5b0d, 0x52ac, 0x52cb, 0x5b2c, 0x5b4d,
0x634e, 0x636e, 0x634d, 0x630d, 0x5b0d, 0x530c, 0x5b0c, 0x5b0c, 0x5b0c, 0x5b0c,
0x5b0c, 0x5b0c, 0x5b0c, 0x5b0c, 0x5b0c, 0x5b0c, 0x5b0c, 0x5b2c, 0x5b0c, 0x5b0c,
0x5aec, 0x5b0c, 0x5b0c, 0x5aec, 0x52cc, 0x52cc, 0x52cc, 0x52cc, 0x52cc, 0x52cc,
0x52cb, 0x4acb, 0x4a8b, 0x424b, 0x39e9, 0x2987, 0x2147, 0x39ca, 0x630f, 0x6332,
0x4a52, 0x4212, 0x39f1, 0x318e, 0x296f, 0x2930, 0x290e, 0x39cd, 0x6b50, 0x94b6,
0xad7b, 0xad7b, 0xa51b, 0x949a, 0x8c38, 0x73b5, 0x5b13, 0x4270, 0x52f1, 0x7c54,
0x73d1, 0x422a, 0xb5bb, 0xb5bb, 0xb5bb, 0xb5bb, 0xb5bb, 0xb5bb, 0xb5bb, 0xb5bb,
0xb5bb, 0xb5bb, 0xb5bb, 0xb5bb, 0xb5bb, 0xb5bb, 0xb5bb, 0xb5bb, 0xb5bb, 0xb5bb,
0xb5bb, 0xb5bb, 0xb5bb, 0xb5bb, 0xb5bb, 0xb5bb, 0xb5bb, 0xb5bb, 0xb5bb, 0xb5bb,
0xb5bb, 0xb5bb, 0xb5bb, 0xb5bb, 0xb5bb, 0xb5bb, 0xb5bb, 0xb5bb, 0xb5bb, 0xb5bb,
0xb5bb, 0xb5bb, 0xb5bb, 0xb5bb, 0xb5bb, 0xb5bb, 0xb5bb, 0xb5bb, 0xb5bb, 0xb5bb,
0xb5bb, 0xb5bb, 0xb5bb, 0xb5bb, 0xb5bb, 0xb5bb, 0xb5bb, 0xb5bb, 0xb5bb, 0xb5bb,
0xb5bb, 0xb5bb, 0xb5bb, 0xb5bb, 0xb5bb, 0xb5bb, 0xb5bb, 0xb5bb, 0xb5bb, 0xb5bb,
0xb5bb, 0xb5bb, 0xb5bb, 0xb5bb, 0xb5bb, 0xb5bb, 0xb5bb, 0xb5bb, 0xb5bb, 0xb5bb,
0xb5bb, 0xb5bb, 0xb5bb, 0xb5bb, 0xb5bb, 0xb5bb, 0xb5bb, 0xb5bb, 0xb5bb, 0xb5bb,
0xb5bb, 0xb5bb, 0xb5bb, 0xb5bb, 0xb5bb, 0xb5bb, 0xb5bb, 0xb5bb, 0xb5bb, 0xb5bb,
0xb5bb, 0xb5bb, 0xb5bb, 0xb5bb, 0xb5bb, 0xb5bb, 0xb5bb, 0xb5bb, 0xb5bb, 0xb5bb,
0xb5bb, 0xb5bb, 0xb5bb, 0xb5bb, 0xb5bb, 0xb5bb, 0xb5bb, 0xb5bb, 0xb5bb, 0xb5bb,
0xb5bb, 0xb5bb, 0xb5bb, 0xb5bb, 0xb5bb, 0xb5bb, 0xb5bb, 0xb5bb, 0xb5bb, 0xb5bb,
0xb5bb, 0xb5bb, 0xb5bb, 0xb5bb, 0xb5bb, 0xb5bb, 0xb5bb, 0xb5bb, 0xb5bb, 0xb5bb,
0xb5bb, 0xb5bb, 0xb5bb, 0xb5bb, 0xb5bb, 0xb5bb, 0xb5bb, 0xb5bb, 0xb5bb, 0xb5bb,
0xb5bb, 0xb5bb, 0xb5bb, 0xb5bb, 0xb5bb, 0xb5bb, 0xb5bb, 0xb5bb, 0xb5bb, 0xb5bb,
0xb5bb, 0xb5bb, 0xb5bb, 0xb5bb, 0xb5bb, 0xb5bb, 0xb5bb, 0xb5bb, 0xb5bb, 0xb5bb,
0xb5bb, 0xb5bb, 0xb5bb, 0xb5bb, 0xb5bb, 0xb5bb, 0xb5bb, 0xa556, 0x73d1, 0x39ea,
0x31a8, 0x2968, 0x2127, 0x2107, 0x2968, 0x3a2a, 0x52ad, 0x630f, 0x6b70, 0x7bd3,
0x9496, 0xa538, 0x9497, 0x6b13, 0x41b0, 0x290e, 0x28eb, 0x292b, 0x31ae, 0x41f1,
0x3a11, 0x31ce, 0x216a, 0x2128, 0x2968, 0x39e9, 0x424a, 0x4a4b, 0x4a4b, 0x4a4b,
0x4a4a, 0x4a2b, 0x4a2b, 0x4a6c, 0x4a8c, 0x4aac, 0x4a8c, 0x4a4c, 0x420b, 0x31e9,
0x29a9, 0x2988, 0x2988, 0x39c9, 0x424b, 0x4a8c, 0x4a8c, 0x4a6c, 0x424b, 0x422a,
0x41e9, 0x4209, 0x420a, 0x422b, 0x4a2b, 0x4a4b, 0x526c, 0x526c, 0x5a8d, 0x5a8d,
0x5a8d, 0x5a8d, 0x5a8d, 0x5a8d, 0x5a8d, 0x5a8d, 0x5a8d, 0x5a8d, 0x5a8d, 0x5a8d,

0x634e, 0x5b0d, 0x52ec, 0x52cb, 0x426a, 0x3a29, 0x31e8, 0x39e8, 0x4229, 0x424a,
0x4a8a, 0x52eb, 0x5aec, 0x5b0d, 0x5b2d, 0x5b2d, 0x5b2c, 0x5b0c, 0x5b0c, 0x5b0c,
0x5b0c, 0x5b0c, 0x5b0c, 0x5b0c, 0x5b0c, 0x5b0c, 0x5b0c, 0x5b0c, 0x5b0c, 0x5b2c,
0x5b0c, 0x5b2c, 0x5b2c, 0x5b0c, 0x5aec, 0x5aec, 0x5aec, 0x5aec, 0x52cc, 0x52cc,
0x52cb, 0x4acb, 0x4a8b, 0x422a, 0x39e9, 0x2987, 0x2147, 0x39ca, 0x630f, 0x6332,
0x4a52, 0x4212, 0x39f1, 0x318e, 0x316f, 0x3150, 0x290e, 0x39cd, 0x7391, 0x9d17,
0xb5bb, 0xb5bc, 0xad5b, 0xa51a, 0x94b8, 0x7c17, 0x6354, 0x4271, 0x4ab1, 0x7bf4,
0x73d1, 0x4a6b, 0xb5bb, 0xb5bb, 0xb5bb, 0xb5bb, 0xb5bb, 0xb5bb, 0xb5bb, 0xb5bb,
0xb5bb, 0xb5bb, 0xb5bb, 0xb5bb, 0xb5bb, 0xb5bb, 0xb5bb, 0xb5bb, 0xb5bb, 0xb5bb,
0xb5bb, 0xb5bb, 0xb5bb, 0xb5bb, 0xb5bb, 0xb5bb, 0xb5bb, 0xb5bb, 0xb5bb, 0xb5bb,
0xb5bb, 0xb5bb, 0xb5bb, 0xb5bb, 0xb5bb, 0xb5bb, 0xb5bb, 0xb5bb, 0xb5bb, 0xb5bb,
0xb5bb, 0xb5bb, 0xb5bb, 0xb5bb, 0xb5bb, 0xb5bb, 0xb5bb, 0xb5bb, 0xb5bb, 0xb5bb,
0xb5bb, 0xb5bb, 0xb5bb, 0xb5bb, 0xb5bb, 0xb5bb, 0xb5bb, 0xb5bb, 0xb5bb, 0xb5bb,
0xb5bb, 0xb5bb, 0xb5bb, 0xb5bb, 0xb5bb, 0xb5bb, 0xb5bb, 0xb5bb, 0xb5bb, 0xb5bb,
0xb5bb, 0xb5bb, 0xb5bb, 0xb5bb, 0xb5bb, 0xb5bb, 0xb5bb, 0xb5bb, 0xb5bb, 0xb5bb,
0xb5bb, 0xb5bb, 0xb5bb, 0xb5bb, 0xb5bb, 0xb5bb, 0xb5bb, 0xb5bb, 0xb5bb, 0xb5bb,
0xb5bb, 0xb5bb, 0xb5bb, 0xb5bb, 0xb5bb, 0xb5bb, 0xb5bb, 0xb5bb, 0xb5bb, 0xb5bb,
0xb5bb, 0xb5bb, 0xb5bb, 0xb5bb, 0xb5bb, 0xb5bb, 0xb5bb, 0xb5bb, 0xb5bb, 0xb5bb,
0xb5bb, 0xb5bb, 0xb5bb, 0xb5bb, 0xb5bb, 0xb5bb, 0xb5bb, 0xb5bb, 0xb5bb, 0xb5bb,
0xb5bb, 0xb5bb, 0xb5bb, 0xb5bb, 0xb5bb, 0xb5bb, 0xb5bb, 0xb5bb, 0xb5bb, 0xb5bb,
0xb5bb, 0xb5bb, 0xb5bb, 0xb5bb, 0xb5bb, 0xb5bb, 0xb5bb, 0xb5bb, 0xb5bb, 0xb5bb,
0xb5bb, 0xb5bb, 0xb5bb, 0xb5bb, 0xb5bb, 0xb5bb, 0xb5bb, 0xb5bb, 0xb5bb, 0xb5bb,
0xb5bb, 0xb5bb, 0xb5bb, 0xb5bb, 0xb5bb, 0xb5bb, 0xb5bb, 0xb5bb, 0xb5bb, 0xb5bb,
0xb5bb, 0xb5bb, 0xb5bb, 0xb5bb, 0xb5bb, 0xb5bb, 0xb5bb, 0xb5bb, 0xb5bb, 0xb5bb,
0xb5bb, 0xb5bb, 0xb5bb, 0xb5bb, 0xb5bb, 0xb5bb, 0xb5bb, 0xb599, 0x8c53, 0x528c,
0x39a9, 0x2947, 0x2127, 0x2968, 0x31ca, 0x426c, 0x5aee, 0x6350, 0x6b91, 0x7bf4,
0x9497, 0xa539, 0x9cb7, 0x6b33, 0x41d0, 0x290e, 0x28eb, 0x292b, 0x31ae, 0x4211,
0x3a11, 0x31ce, 0x216a, 0x2148, 0x2968, 0x39e9, 0x424a, 0x4a4a, 0x4a2b, 0x4a4b,
0x4a6b, 0x4a8c, 0x4a6c, 0x4a6c, 0x426b, 0x3a0a, 0x31c9, 0x2967, 0x2106, 0x2106,
0x1926, 0x1905, 0x18e4, 0x18c5, 0x2106, 0x2987, 0x31c9, 0x3a0a, 0x422b, 0x424b,
0x424b, 0x422a, 0x41ea, 0x420a, 0x422a, 0x4a4b, 0x524c, 0x526c, 0x5a8d, 0x5a8d,
0x5a8d, 0x5a8d, 0x5a8d, 0x5a8d, 0x5a8d, 0x5a8d, 0x5a8d, 0x528d, 0x5a8d, 0x5aad,

0x52ec, 0x4a8a, 0x31e7, 0x29a6, 0x29a6, 0x31e7, 0x3a48, 0x4229, 0x39e8, 0x31c7,
0x29c6, 0x31c7, 0x3a08, 0x426a, 0x52cc, 0x530d, 0x5b0d, 0x5b0c, 0x5b2c, 0x5b2c,
0x5b0c, 0x5b0c, 0x5b0c, 0x5b0c, 0x5b0c, 0x5b0c, 0x5b0c, 0x5b0c, 0x5b0c, 0x5b0c,
0x5b0c, 0x5b0c, 0x5b0c, 0x5b0c, 0x5b0c, 0x5b0c, 0x5b2c, 0x5b2c, 0x52ec, 0x52cc,
0x52cc, 0x4acc, 0x4a8b, 0x424a, 0x39e9, 0x2987, 0x2147, 0x39ca, 0x630f, 0x6332,
0x4a51, 0x4212, 0x39f1, 0x318e, 0x316f, 0x3130, 0x290e, 0x41ed, 0x73b2, 0xad58,
0xc61c, 0xc61d, 0xb5bb, 0xad7a, 0x9cf9, 0x8458, 0x7376, 0x4ab2, 0x4ab1, 0x73b3,
0x6b70, 0x3a4b, 0xb5bb, 0xb5bb, 0xb5bb, 0xb5bb, 0xb5bb, 0xb5bb, 0xb5bb, 0xb5bb,
0xb5bb, 0xb5bb, 0xb5bb, 0xb5bb, 0xb5bb, 0xb5bb, 0xb5bb, 0xb5bb, 0xb5bb, 0xb5bb,
0xb5bb, 0xb5bb, 0xb5bb, 0xb5bb, 0xb5bb, 0xb5bb, 0xb5bb, 0xb5bb, 0xb5bb, 0xb5bb,
0xb5bb, 0xb5bb, 0xb5bb, 0xb5bb, 0xb5bb, 0xb5bb, 0xb5bb, 0xb5bb, 0xb5bb, 0xb5bb,
0xb5bb, 0xb5bb, 0xb5bb, 0xb5bb, 0xb5bb, 0xb5bb, 0xb5bb, 0xb5bb, 0xb5bb, 0xb5bb,
0xb5bb, 0xb5bb, 0xb5bb, 0xb5bb, 0xb5bb, 0xb5bb, 0xb5bb, 0xb5bb, 0xb5bb, 0xb5bb,
0xb5bb, 0xb5bb, 0xb5bb, 0xb5bb, 0xb5bb, 0xb5bb, 0xb5bb, 0xb5bb, 0xb5bb, 0xb5bb,
0xb5bb, 0xb5bb, 0xb5bb, 0xb5bb, 0xb5bb, 0xb5bb, 0xb5bb, 0xb5bb, 0xb5bb, 0xb5bb,
0xb5bb, 0xb5bb, 0xb5bb, 0xb5bb, 0xb5bb, 0xb5bb, 0xb5bb, 0xb5bb, 0xb5bb, 0xb5bb,
0xb5bb, 0xb5bb, 0xb5bb, 0xb5bb, 0xb5bb, 0xb5bb, 0xb5bb, 0xb5bb, 0xb5bb, 0xb5bb,
0xb5bb, 0xb5bb, 0xb5bb, 0xb5bb, 0xb5bb, 0xb5bb, 0xb5bb, 0xb5bb, 0xb5bb, 0xb5bb,
0xb5bb, 0xb5bb, 0xb5bb, 0xb5bb, 0xb5bb, 0xb5bb, 0xb5bb, 0xb5bb, 0xb5bb, 0xb5bb,
0xb5bb, 0xb5bb, 0xb5bb, 0xb5bb, 0xb5bb, 0xb5bb, 0xb5bb, 0xb5bb, 0xb5bb, 0xb5bb,
0xb5bb, 0xb5bb, 0xb5bb, 0xb5bb, 0xb5bb, 0xb5bb, 0xb5bb, 0xb5bb, 0xb5bb, 0xb5bb,
0xb5bb, 0xb5bb, 0xb5bb, 0xb5bb, 0xb5bb, 0xb5bb, 0xb5bb, 0xb5bb, 0xb5bb, 0xb5bb,
0xb5bb, 0xb5bb, 0xb5bb, 0xb5bb, 0xb5bb, 0xb5bb, 0xb5bb, 0xb5bb, 0xb5bb, 0xb5bb,
0xb5bb, 0xb5bb, 0xb5bb, 0xb5bb, 0xb5bb, 0xb5bb, 0xb5bb, 0xb5bb, 0xb5bb, 0xb5bb,
0xb5bb, 0xb5bb, 0xb5bb, 0xb5bb, 0xb5bb, 0xb5bb, 0xb5bb, 0xb5bc, 0x8c76, 0x5ace,
0x422a, 0x39e9, 0x320a, 0x3a2b, 0x422c, 0x4a4d, 0x5aaf, 0x6351, 0x73d3, 0x8435,
0x9cf8, 0xb57a, 0x9cf8, 0x6b53, 0x41d0, 0x290e, 0x28eb, 0x292b, 0x31ae, 0x4211,
0x3a12, 0x31ce, 0x216a, 0x2148, 0x2968, 0x39e9, 0x424a, 0x4a6b, 0x4a4b, 0x4a4c,
0x4a6c, 0x4a6b, 0x422a, 0x39e9, 0x2987, 0x2106, 0x18e4, 0x1924, 0x2145, 0x39c8,
0x4a4a, 0x52ab, 0x4a69, 0x31a7, 0x2104, 0x18c4, 0x18e4, 0x2146, 0x3187, 0x39e9,
0x3a2a, 0x422a, 0x420a, 0x420a, 0x422a, 0x4a4b, 0x524c, 0x526c, 0x5a8d, 0x5a8d,
0x5a8d, 0x5a8d, 0x5a8d, 0x5a8d, 0x5a8d, 0x5a8d, 0x5a8d, 0x5a8d, 0x5aad, 0x62cd,

0x31a7, 0x31c7, 0x31e7, 0x4a49, 0x630b, 0x7bcf, 0x8451, 0x8430, 0x7b8e, 0x630c,
0x528a, 0x39e7, 0x3186, 0x2987, 0x31c7, 0x3a08, 0x426a, 0x52ec, 0x5b2d, 0x5b2d,
0x5b0c, 0x5b0c, 0x5b0c, 0x5b2c, 0x5b2c, 0x5b0c, 0x5b0c, 0x5b0c, 0x5b0c, 0x5b0c,
0x5b0c, 0x5b0c, 0x5b0c, 0x5b0c, 0x5b0c, 0x5b0c, 0x5b0c, 0x5b2c, 0x52ec, 0x52cc,
0x52cc, 0x52ac, 0x4a4b, 0x422a, 0x39e9, 0x2987, 0x2147, 0x39aa, 0x630f, 0x6332,
0x4a51, 0x4212, 0x39f1, 0x318e, 0x316f, 0x3130, 0x290e, 0x41ed, 0x7bf2, 0xad98,
0xce5c, 0xce5d, 0xbddc, 0xad7b, 0x9cf9, 0x8c57, 0x7396, 0x52d3, 0x52f2, 0x6b93,
0x5b2f, 0x31e9, 0xb5bb, 0xb5bb, 0xb5bb, 0xb5bb, 0xb5bb, 0xb5bb, 0xb5bb, 0xb5bb,
0xb5bb, 0xb5bb, 0xb5bb, 0xb5bb, 0xb5bb, 0xb5bb, 0xb5bb, 0xb5bb, 0xb5bb, 0xb5bb,
0xb5bb, 0xb5bb, 0xb5bb, 0xb5bb, 0xb5bb, 0xb5bb, 0xb5bb, 0xb5bb, 0xb5bb, 0xb5bb,
0xb5bb, 0xb5bb, 0xb5bb, 0xb5bb, 0xb5bb, 0xb5bb, 0xb5bb, 0xb5bb, 0xb5bb, 0xb5bb,
0xb5bb, 0xb5bb, 0xb5bb, 0xb5bb, 0xb5bb, 0xb5bb, 0xb5bb, 0xb5bb, 0xb5bb, 0xb5bb,
0xb5bb, 0xb5bb, 0xb5bb, 0xb5bb, 0xb5bb, 0xb5bb, 0xb5bb, 0xb5bb, 0xb5bb, 0xb5bb,
0xb5bb, 0xb5bb, 0xb5bb, 0xb5bb, 0xb5bb, 0xb5bb, 0xb5bb, 0xb5bb, 0xb5bb, 0xb5bb,
0xb5bb, 0xb5bb, 0xb5bb, 0xb5bb, 0xb5bb, 0xb5bb, 0xb5bb, 0xb5bb, 0xb5bb, 0xb5bb,
0xb5bb, 0xb5bb, 0xb5bb, 0xb5bb, 0xb5bb, 0xb5bb, 0xb5bb, 0xb5bb, 0xb5bb, 0xb5bb,
0xb5bb, 0xb5bb, 0xb5bb, 0xb5bb, 0xb5bb, 0xb5bb, 0xb5bb, 0xb5bb, 0xb5bb, 0xb5bb,
0xb5bb, 0xb5bb, 0xb5bb, 0xb5bb, 0xb5bb, 0xb5bb, 0xb5bb, 0xb5bb, 0xb5bb, 0xb5bb,
0xb5bb, 0xb5bb, 0xb5bb, 0xb5bb, 0xb5bb, 0xb5bb, 0xb5bb, 0xb5bb, 0xb5bb, 0xb5bb,
0xb5bb, 0xb5bb, 0xb5bb, 0xb5bb, 0xb5bb, 0xb5bb, 0xb5bb, 0xb5bb, 0xb5bb, 0xb5bb,
0xb5bb, 0xb5bb, 0xb5bb, 0xb5bb, 0xb5bb, 0xb5bb, 0xb5bb, 0xb5bb, 0xb5bb, 0xb5bb,
0xb5bb, 0xb5bb, 0xb5bb, 0xb5bb, 0xb5bb, 0xb5bb, 0xb5bb, 0xb5bb, 0xb5bb, 0xb5bb,
0xb5bb, 0xb5bb, 0xb5bb, 0xb5bb, 0xb5bb, 0xb5bb, 0xb5bb, 0xb5bb, 0xb5bb, 0xb5bb,
0xb5bb, 0xb5bb, 0xb5bb, 0xb5bb, 0xb5bb, 0xb5bb, 0xb5bb, 0xb5bb, 0xb5bb, 0xb5bb,
0xb5bb, 0xb5bb, 0xb5bb, 0xb5bb, 0xb5bb, 0xb5bb, 0xb5bb, 0xb5bb, 0x8c76, 0x5ace,
0x4a4b, 0x4a6b, 0x4a8d, 0x426d, 0x422d, 0x4a4e, 0x5ad0, 0x7393, 0x8435, 0x94d8,
0xad7a, 0xbdfb, 0xa538, 0x7354, 0x41b1, 0x28ee, 0x28eb, 0x294b, 0x31ae, 0x4211,
0x3a12, 0x31ce, 0x216a, 0x2148, 0x2968, 0x39e8, 0x424a, 0x4a8b, 0x4a8c, 0x4a6b,
0x41ea, 0x3188, 0x2126, 0x18e4, 0x18e5, 0x2966, 0x4208, 0x5aeb, 0x73ae, 0x8430,
0x9c93, 0xa4f4, 0xa514, 0x8c71, 0x738e, 0x52aa, 0x31a6, 0x2104, 0x18c4, 0x10e4,
0x2146, 0x31c9, 0x3a0a, 0x422a, 0x420a, 0x420a, 0x4a4b, 0x4a4b, 0x526c, 0x5a8d,
0x5a8d, 0x5a8d, 0x5a8d, 0x5a8d, 0x5a8d, 0x5aad, 0x62ce, 0x62ce, 0x62ce, 0x52ad,

0x4209, 0x528b, 0x73af, 0x9c92, 0xbd76, 0xc5d7, 0xbd97, 0xb515, 0xacd4, 0xa4d3,
0x9cb3, 0x8c30, 0x6b4d, 0x526a, 0x39c7, 0x29a6, 0x29c7, 0x31e7, 0x3a28, 0x528b,
0x5b0c, 0x5b2c, 0x5b0c, 0x5acc, 0x5aec, 0x5b0c, 0x5b2c, 0x5b2c, 0x5b0c, 0x5b2c,
0x5b0c, 0x5b0c, 0x5b0c, 0x5b0c, 0x5b2c, 0x5b2c, 0x5b0c, 0x5aec, 0x52cc, 0x52cc,
0x4aab, 0x4a8b, 0x424a, 0x422a, 0x39e9, 0x2987, 0x2147, 0x39ea, 0x630f, 0x6332,
0x4a51, 0x4212, 0x39f1, 0x318e, 0x316f, 0x3130, 0x290d, 0x41ed, 0x7bf1, 0xb5b8,
0xce7c, 0xce5c, 0xbddc, 0xad5b, 0x9cf9, 0x8437, 0x6b55, 0x5af3, 0x5b32, 0x6b71,
0x52ad, 0x2988, 0xb5bb, 0xb5bb, 0xb5bb, 0xb5bb, 0xb5bb, 0xb5bb, 0xb5bb, 0xb5bb,
0xb5bb, 0xb5bb, 0xb5bb, 0xb5bb, 0xb5bb, 0xb5bb, 0xb5bb, 0xb5bb, 0xb5bb, 0xb5bb,
0xb5bb, 0xb5bb, 0xb5bb, 0xb5bb, 0xb5bb, 0xb5bb, 0xb5bb, 0xb5bb, 0xb5bb, 0xb5bb,
0xb5bb, 0xb5bb, 0xb5bb, 0xb5bb, 0xb5bb, 0xb5bb, 0xb5bb, 0xb5bb, 0xb5bb, 0xb5bb,
0xb5bb, 0xb5bb, 0xb5bb, 0xb5bb, 0xb5bb, 0xb5bb, 0xb5bb, 0xb5bb, 0xb5bb, 0xb5bb,
0xb5bb, 0xb5bb, 0xb5bb, 0xb5bb, 0xb5bb, 0xb5bb, 0xb5bb, 0xb5bb, 0xb5bb, 0xb5bb,
0xb5bb, 0xb5bb, 0xb5bb, 0xb5bb, 0xb5bb, 0xb5bb, 0xb5bb, 0xb5bb, 0xb5bb, 0xb5bb,
0xb5bb, 0xb5bb, 0xb5bb, 0xb5bb, 0xb5bb, 0xb5bb, 0xb5bb, 0xb5bb, 0xb5bb, 0xb5bb,
0xb5bb, 0xb5bb, 0xb5bb, 0xb5bb, 0xb5bb, 0xb5bb, 0xb5bb, 0xb5bb, 0xb5bb, 0xb5bb,
0xb5bb, 0xb5bb, 0xb5bb, 0xb5bb, 0xb5bb, 0xb5bb, 0xb5bb, 0xb5bb, 0xb5bb, 0xb5bb,
0xb5bb, 0xb5bb, 0xb5bb, 0xb5bb, 0xb5bb, 0xb5bb, 0xb5bb, 0xb5bb, 0xb5bb, 0xb5bb,
0xb5bb, 0xb5bb, 0xb5bb, 0xb5bb, 0xb5bb, 0xb5bb, 0xb5bb, 0xb5bb, 0xb5bb, 0xb5bb,
0xb5bb, 0xb5bb, 0xb5bb, 0xb5bb, 0xb5bb, 0xb5bb, 0xb5bb, 0xb5bb, 0xb5bb, 0xb5bb,
0xb5bb, 0xb5bb, 0xb5bb, 0xb5bb, 0xb5bb, 0xb5bb, 0xb5bb, 0xb5bb, 0xb5bb, 0xb5bb,
0xb5bb, 0xb5bb, 0xb5bb, 0xb5bb, 0xb5bb, 0xb5bb, 0xb5bb, 0xb5bb, 0xb5bb, 0xb5bb,
0xb5bb, 0xb5bb, 0xb5bb, 0xb5bb, 0xb5bb, 0xb5bb, 0xb5bb, 0xb5bb, 0xb5bb, 0xb5bb,
0xb5bb, 0xb5bb, 0xb5bb, 0xb5bb, 0xb5bb, 0xb5bb, 0xb5bb, 0xb5bb, 0xb5bb, 0xb5bb,
0xb5bb, 0xb5bb, 0xb5bb, 0xb5bb, 0xb5bb, 0xb5bb, 0xb5bb, 0xb5bb, 0x8c55, 0x52ad,
0x4a4b, 0x4a4b, 0x426d, 0x424d, 0x424e, 0x52b0, 0x6b72, 0x8435, 0x9cb8, 0xad3a,
0xbdfb, 0xce5b, 0xb599, 0x7394, 0x3991, 0x20cd, 0x20eb, 0x294b, 0x31ae, 0x41f1,
0x3a11, 0x31ce, 0x214a, 0x2108, 0x2968, 0x4209, 0x4a8b, 0x4a6b, 0x39ea, 0x2967,
0x1905, 0x1904, 0x2945, 0x39a7, 0x528b, 0x7bcf, 0x9cd3, 0xad56, 0xb577, 0xad16,
0xacd5, 0xb536, 0xc5d8, 0xce19, 0xc5f8, 0xa514, 0x7bef, 0x5acb, 0x41e8, 0x2125,
0x10c3, 0x10a4, 0x18e5, 0x3187, 0x39e9, 0x422a, 0x4a4b, 0x4a4b, 0x4a2b, 0x524c,
0x526c, 0x5a8d, 0x5a8d, 0x5a8d, 0x5acd, 0x62ce, 0x5aae, 0x526b, 0x4209, 0x31a8,

0x7b8f, 0x8bd0, 0xacd4, 0xc597, 0xd5f9, 0xcdb8, 0xbd16, 0xac74, 0xac74, 0xb4f5,
0xc597, 0xc5b7, 0xb535, 0x9472, 0x736e, 0x5aab, 0x4229, 0x29a6, 0x2165, 0x3187,
0x4229, 0x4aca, 0x5aec, 0x5acc, 0x5acc, 0x52cc, 0x530c, 0x530c, 0x52ec, 0x530c,
0x5aec, 0x5b0c, 0x5b0c, 0x5b0c, 0x52ec, 0x5b0c, 0x5aec, 0x52cc, 0x52cc, 0x52cc,
0x4a8b, 0x424a, 0x424a, 0x422a, 0x39e9, 0x2987, 0x2166, 0x320a, 0x632f, 0x6332,
0x4a51, 0x4212, 0x39f1, 0x318e, 0x316f, 0x3130, 0x290e, 0x41ed, 0x7bf1, 0xb5b8,
0xd69c, 0xce5c, 0xbddc, 0xad7b, 0x94f9, 0x7c16, 0x5b14, 0x5b33, 0x6bb3, 0x6330,
0x4a4b, 0x3188, 0xb5bb, 0xb5bb, 0xb5bb, 0xb5bb, 0xb5bb, 0xb5bb, 0xb5bb, 0xb5bb,
0xb5bb, 0xb5bb, 0xb5bb, 0xb5bb, 0xb5bb, 0xb5bb, 0xb5bb, 0xb5bb, 0xb5bb, 0xb5bb,
0xb5bb, 0xb5bb, 0xb5bb, 0xb5bb, 0xb5bb, 0xb5bb, 0xb5bb, 0xb5bb, 0xb5bb, 0xb5bb,
0xb5bb, 0xb5bb, 0xb5bb, 0xb5bb, 0xb5bb, 0xb5bb, 0xb5bb, 0xb5bb, 0xb5bb, 0xb5bb,
0xb5bb, 0xb5bb, 0xb5bb, 0xb5bb, 0xb5bb, 0xb5bb, 0xb5bb, 0xb5bb, 0xb5bb, 0xb5bb,
0xb5bb, 0xb5bb, 0xb5bb, 0xb5bb, 0xb5bb, 0xb5bb, 0xb5bb, 0xb5bb, 0xb5bb, 0xb5bb,
0xb5bb, 0xb5bb, 0xb5bb, 0xb5bb, 0xb5bb, 0xb5bb, 0xb5bb, 0xb5bb, 0xb5bb, 0xb5bb,
0xb5bb, 0xb5bb, 0xb5bb, 0xb5bb, 0xb5bb, 0xb5bb, 0xb5bb, 0xb5bb, 0xb5bb, 0xb5bb,
0xb5bb, 0xb5bb, 0xb5bb, 0xb5bb, 0xb5bb, 0xb5bb, 0xb5bb, 0xb5bb, 0xb5bb, 0xb5bb,
0xb5bb, 0xb5bb, 0xb5bb, 0xb5bb, 0xb5bb, 0xb5bb, 0xb5bb, 0xb5bb, 0xb5bb, 0xb5bb,
0xb5bb, 0xb5bb, 0xb5bb, 0xb5bb, 0xb5bb, 0xb5bb, 0xb5bb, 0xb5bb, 0xb5bb, 0xb5bb,
0xb5bb, 0xb5bb, 0xb5bb, 0xb5bb, 0xb5bb, 0xb5bb, 0xb5bb, 0xb5bb, 0xb5bb, 0xb5bb,
0xb5bb, 0xb5bb, 0xb5bb, 0xb5bb, 0xb5bb, 0xb5bb, 0xb5bb, 0xb5bb, 0xb5bb, 0xb5bb,
0xb5bb, 0xb5bb, 0xb5bb, 0xb5bb, 0xb5bb, 0xb5bb, 0xb5bb, 0xb5bb, 0xb5bb, 0xb5bb,
0xb5bb, 0xb5bb, 0xb5bb, 0xb5bb, 0xb5bb, 0xb5bb, 0xb5bb, 0xb5bb, 0xb5bb, 0xb5bb,
0xb5bb, 0xb5bb, 0xb5bb, 0xb5bb, 0xb5bb, 0xb5bb, 0xb5bb, 0xb5bb, 0xb5bb, 0xb5bb,
0xb5bb, 0xb5bb, 0xb5bb, 0xb5bb, 0xb5bb, 0xb5bb, 0xb5bb, 0xb5bb, 0xb5bb, 0xb5bb,
0xb5bb, 0xb5bb, 0xb5bb, 0xb5bb, 0xb5bb, 0xb5bb, 0xb5bb, 0xb5bb, 0x8434, 0x528c,
0x4a6b, 0x424b, 0x3a2c, 0x3a2e, 0x4a8f, 0x6352, 0x7c35, 0x94d8, 0xa53a, 0xb59b,
0xc63c, 0xd6bc, 0xb5b9, 0x7394, 0x39b0, 0x20ce, 0x20eb, 0x294b, 0x31ae, 0x41f1,
0x3a11, 0x31ae, 0x212a, 0x2108, 0x2988, 0x39e9, 0x39e9, 0x3187, 0x1905, 0x18e4,
0x2165, 0x4228, 0x630c, 0x83d0, 0x9c93, 0xbd77, 0xcdd9, 0xc5d9, 0xbd38, 0xa495,
0x9c14, 0x9c34, 0xacd6, 0xc599, 0xcdd9, 0xbd77, 0xa4b4, 0x9412, 0x8390, 0x6b2d,
0x4a49, 0x2125, 0x10a3, 0x10a3, 0x2105, 0x3188, 0x420a, 0x4a6b, 0x4a6b, 0x4a4b,
0x526c, 0x5a8d, 0x5a8d, 0x5a8d, 0x528c, 0x4a2b, 0x39a9, 0x3187, 0x2965, 0x2945,

0x9c12, 0x9c12, 0xa432, 0xb474, 0xb494, 0xac94, 0x9c52, 0x9bf2, 0x9bd2, 0xa433,
0xbcd5, 0xc537, 0xc597, 0xbd76, 0xb4d4, 0x9c31, 0x838f, 0x62ec, 0x4a49, 0x2966,
0x2145, 0x29c6, 0x4269, 0x52cb, 0x52cc, 0x52cc, 0x52cc, 0x52cc, 0x52cc, 0x52cc,
0x52cc, 0x5aec, 0x5b0c, 0x530c, 0x52cc, 0x5acc, 0x5acc, 0x52cc, 0x52cc, 0x52cc,
0x4a6b, 0x422a, 0x420a, 0x3a0a, 0x39e9, 0x3187, 0x2967, 0x320a, 0x632f, 0x6332,
0x4a51, 0x4212, 0x39f1, 0x318e, 0x316f, 0x3130, 0x290e, 0x41ed, 0x7bf2, 0xb5b8,
0xd69c, 0xce5d, 0xbddb, 0xad7a, 0x94d8, 0x73d5, 0x52d2, 0x6353, 0x73d2, 0x5aed,
0x422a, 0x39c9, 0xb5bb, 0xb5bb, 0xb5bb, 0xb5bb, 0xb5bb, 0xb5bb, 0xb5bb, 0xb5bb,
0xb5bb, 0xb5bb, 0xb5bb, 0xb5bb, 0xb5bb, 0xb5bb, 0xb5bb, 0xb5bb, 0xb5bb, 0xb5bb,
0xb5bb, 0xb5bb, 0xb5bb, 0xb5bb, 0xb5bb, 0xb5bb, 0xb5bb, 0xb5bb, 0xb5bb, 0xb5bb,
0xb5bb, 0xb5bb, 0xb5bb, 0xb5bb, 0xb5bb, 0xb5bb, 0xb5bb, 0xb5bb, 0xb5bb, 0xb5bb,
0xb5bb, 0xb5bb, 0xb5bb, 0xb5bb, 0xb5bb, 0xb5bb, 0xb5bb, 0xb5bb, 0xb5bb, 0xb5bb,
0xb5bb, 0xb5bb, 0xb5bb, 0xb5bb, 0xb5bb, 0xb5bb, 0xb5bb, 0xb5bb, 0xb5bb, 0xb5bb,
0xb5bb, 0xb5bb, 0xb5bb, 0xb5bb, 0xb5bb, 0xb5bb, 0xb5bb, 0xb5bb, 0xb5bb, 0xb5bb,
0xb5bb, 0xb5bb, 0xb5bb, 0xb5bb, 0xb5bb, 0xb5bb, 0xb5bb, 0xb5bb, 0xb5bb, 0xb5bb,
0xb5bb, 0xb5bb, 0xb5bb, 0xb5bb, 0xb5bb, 0xb5bb, 0xb5bb, 0xb5bb, 0xb5bb, 0xb5bb,
0xb5bb, 0xb5bb, 0xb5bb, 0xb5bb, 0xb5bb, 0xb5bb, 0xb5bb, 0xb5bb, 0xb5bb, 0xb5bb,
0xb5bb, 0xb5bb, 0xb5bb, 0xb5bb, 0xb5bb, 0xb5bb, 0xb5bb, 0xb5bb, 0xb5bb, 0xb5bb,
0xb5bb, 0xb5bb, 0xb5bb, 0xb5bb, 0xb5bb, 0xb5bb, 0xb5bb, 0xb5bb, 0xb5bb, 0xb5bb,
0xb5bb, 0xb5bb, 0xb5bb, 0xb5bb, 0xb5bb, 0xb5bb, 0xb5bb, 0xb5bb, 0xb5bb, 0xb5bb,
0xb5bb, 0xb5bb, 0xb5bb, 0xb5bb, 0xb5bb, 0xb5bb, 0xb5bb, 0xb5bb, 0xb5bb, 0xb5bb,
0xb5bb, 0xb5bb, 0xb5bb, 0xb5bb, 0xb5bb, 0xb5bb, 0xb5bb, 0xb5bb, 0xb5bb, 0xb5bb,
0xb5bb, 0xb5bb, 0xb5bb, 0xb5bb, 0xb5bb, 0xb5bb, 0xb5bb, 0xb5bb, 0xb5bb, 0xb5bb,
0xb5bb, 0xb5bb, 0xb5bb, 0xb5bb, 0xb5bb, 0xb5bb, 0xb5bb, 0xb5bb, 0xb5bb, 0xb5bb,
0xb5bb, 0xb5bb, 0xb5bb, 0xb5bb, 0xb5bb, 0xb5bb, 0xb5bb, 0xb5bb, 0x8414, 0x4a6c,
0x4a8c, 0x428c, 0x424d, 0x426f, 0x52f2, 0x73f4, 0x8c98, 0xa51a, 0xb59b, 0xc61c,
0xd69d, 0xdefd, 0xbdda, 0x7b94, 0x39b1, 0x20ce, 0x20eb, 0x294b, 0x31ae, 0x4211,
0x39f2, 0x318e, 0x294a, 0x2948, 0x2167, 0x2145, 0x18e4, 0x18e3, 0x2165, 0x4a49,
0x6b2d, 0x8c11, 0xa494, 0xb4f6, 0xb536, 0xbd37, 0xbd17, 0xb4d6, 0xac95, 0xa454,
0x9c34, 0xa434, 0xa474, 0xa495, 0x9c74, 0x9c13, 0x9392, 0x9392, 0x9bf3, 0x9c73,
0x9472, 0x738e, 0x4a49, 0x2124, 0x1062, 0x1083, 0x2947, 0x39e9, 0x4a4b, 0x524c,
0x526c, 0x5a8d, 0x526c, 0x4a0b, 0x3988, 0x2105, 0x2105, 0x3166, 0x41e8, 0x4a29,

0x832f, 0x8b4f, 0x9bb0, 0xac32, 0xac94, 0xacf4, 0xb515, 0xb515, 0xbd15, 0xbcf5,
0xbcf5, 0xbd16, 0xbcf5, 0xb4b4, 0xac73, 0xa453, 0xa453, 0x9c32, 0x8bd0, 0x62ec,
0x41e8, 0x2146, 0x2126, 0x39c8, 0x4aaa, 0x52ec, 0x52cc, 0x52cb, 0x52cb, 0x52cc,
0x52cc, 0x52cc, 0x52cc, 0x52cc, 0x52cc, 0x52cc, 0x52cc, 0x52cc, 0x4aab, 0x4a8b,
0x426a, 0x422a, 0x420a, 0x3a0a, 0x31e9, 0x3188, 0x2967, 0x320a, 0x632f, 0x6332,
0x4a51, 0x4212, 0x39f1, 0x318e, 0x316f, 0x3130, 0x290e, 0x41ed, 0x7bf2, 0xb5b8,
0xd69c, 0xce5c, 0xbdbb, 0xa53a, 0x8c98, 0x6bd5, 0x52f2, 0x5b11, 0x5b2f, 0x426a,
0x39e9, 0x420a, 0xb5bb, 0xb5bb, 0xb5bb, 0xb5bb, 0xb5bb, 0xb5bb, 0xb5bb, 0xb5bb,
0xb5bb, 0xb5bb, 0xb5bb, 0xb5bb, 0xb5bb, 0xb5bb, 0xb5bb, 0xb5bb, 0xb5bb, 0xb5bb,
0xb5bb, 0xb5bb, 0xb5bb, 0xb5bb, 0xb5bb, 0xb5bb, 0xb5bb, 0xb5bb, 0xb5bb, 0xb5bb,
0xb5bb, 0xb5bb, 0xb5bb, 0xb5bb, 0xb5bb, 0xb5bb, 0xb5bb, 0xb5bb, 0xb5bb, 0xb5bb,
0xb5bb, 0xb5bb, 0xb5bb, 0xb5bb, 0xb5bb, 0xb5bb, 0xb5bb, 0xb5bb, 0xb5bb, 0xb5bb,
0xb5bb, 0xb5bb, 0xb5bb, 0xb5bb, 0xb5bb, 0xb5bb, 0xb5bb, 0xb5bb, 0xb5bb, 0xb5bb,
0xb5bb, 0xb5bb, 0xb5bb, 0xb5bb, 0xb5bb, 0xb5bb, 0xb5bb, 0xb5bb, 0xb5bb, 0xb5bb,
0xb5bb, 0xb5bb, 0xb5bb, 0xb5bb, 0xb5bb, 0xb5bb, 0xb5bb, 0xb5bb, 0xb5bb, 0xb5bb,
0xb5bb, 0xb5bb, 0xb5bb, 0xb5bb, 0xb5bb, 0xb5bb, 0xb5bb, 0xb5bb, 0xb5bb, 0xb5bb,
0xb5bb, 0xb5bb, 0xb5bb, 0xb5bb, 0xb5bb, 0xb5bb, 0xb5bb, 0xb5bb, 0xb5bb, 0xb5bb,
0xb5bb, 0xb5bb, 0xb5bb, 0xb5bb, 0xb5bb, 0xb5bb, 0xb5bb, 0xb5bb, 0xb5bb, 0xb5bb,
0xb5bb, 0xb5bb, 0xb5bb, 0xb5bb, 0xb5bb, 0xb5bb, 0xb5bb, 0xb5bb, 0xb5bb, 0xb5bb,
0xb5bb, 0xb5bb, 0xb5bb, 0xb5bb, 0xb5bb, 0xb5bb, 0xb5bb, 0xb5bb, 0xb5bb, 0xb5bb,
0xb5bb, 0xb5bb, 0xb5bb, 0xb5bb, 0xb5bb, 0xb5bb, 0xb5bb, 0xb5bb, 0xb5bb, 0xb5bb,
0xb5bb, 0xb5bb, 0xb5bb, 0xb5bb, 0xb5bb, 0xb5bb, 0xb5bb, 0xb5bb, 0xb5bb, 0xb5bb,
0xb5bb, 0xb5bb, 0xb5bb, 0xb5bb, 0xb5bb, 0xb5bb, 0xb5bb, 0xb5bb, 0xb5bb, 0xb5bb,
0xb5bb, 0xb5bb, 0xb5bb, 0xb5bb, 0xb5bb, 0xb5bb, 0xb5bb, 0xb5bb, 0xb5bb, 0xb5bb,
0xb5bb, 0xb5bb, 0xb5bb, 0xb5bb, 0xb5bb, 0xb5bb, 0xb5bb, 0xb5bb, 0x8414, 0x4a4b,
0x428c, 0x4aad, 0x4aaf, 0x5ad1, 0x6b54, 0x8457, 0x9cf9, 0xb59b, 0xc61c, 0xce5c,
0xdedd, 0xe71e, 0xc61b, 0x7bd5, 0x39b1, 0x20ce, 0x20eb, 0x294b, 0x31ae, 0x41f1,
0x3a12, 0x31cf, 0x296b, 0x2107, 0x10a4, 0x08a2, 0x1903, 0x39c7, 0x6b0d, 0x9432,
0xa4b4, 0xa474, 0xa434, 0xa454, 0xacb5, 0xb4f6, 0xbd17, 0xc558, 0xbd37, 0xbd37,
0xbd57, 0xbd37, 0xbd17, 0xb4f6, 0xa4b4, 0x9c33, 0x8b92, 0x8351, 0x8350, 0x8bb1,
0x9c33, 0xa494, 0x9452, 0x734d, 0x41e7, 0x18e3, 0x0882, 0x18a4, 0x3168, 0x4a0b,
0x524c, 0x420a, 0x3187, 0x2105, 0x20c4, 0x2945, 0x4a09, 0x6acd, 0x8350, 0x8b71,

0x93b1, 0x9bf2, 0xac73, 0xbcd5, 0xc556, 0xc5b7, 0xcdf8, 0xd5f9, 0xd5f9, 0xd5d9,
0xd5b8, 0xcd98, 0xc557, 0xc4f5, 0xb4b5, 0xac94, 0xac73, 0xa433, 0xa433, 0x9c31,
0x83af, 0x5aab, 0x3187, 0x2125, 0x29a6, 0x4249, 0x52cc, 0x52cb, 0x52ca, 0x52cb,
0x52cc, 0x52cc, 0x52cc, 0x52cc, 0x52cc, 0x52cc, 0x52cc, 0x52cb, 0x4a8b, 0x424b,
0x422a, 0x4209, 0x420a, 0x420a, 0x39e9, 0x3188, 0x2967, 0x320a, 0x632f, 0x6332,
0x4a51, 0x4212, 0x39f1, 0x318e, 0x316f, 0x3130, 0x290d, 0x41ed, 0x7bf1, 0xb598,
0xce5c, 0xc63d, 0xb59b, 0x9cfa, 0x8416, 0x73b4, 0x6b94, 0x5b51, 0x4aac, 0x31e8,
0x31e9, 0x422c, 0xb5bb, 0xb5bb, 0xb5bb, 0xb5bb, 0xb5bb, 0xb5bb, 0xb5bb, 0xb5bb,
0xb5bb, 0xb5bb, 0xb5bb, 0xb5bb, 0xb5bb, 0xb5bb, 0xb5bb, 0xb5bb, 0xb5bb, 0xb5bb,
0xb5bb, 0xb5bb, 0xb5bb, 0xb5bb, 0xb5bb, 0xb5bb, 0xb5bb, 0xb5bb, 0xb5bb, 0xb5bb,
0xb5bb, 0xb5bb, 0xb5bb, 0xb5bb, 0xb5bb, 0xb5bb, 0xb5bb, 0xb5bb, 0xb5bb, 0xb5bb,
0xb5bb, 0xb5bb, 0xb5bb, 0xb5bb, 0xb5bb, 0xb5bb, 0xb5bb, 0xb5bb, 0xb5bb, 0xb5bb,
0xb5bb, 0xb5bb, 0xb5bb, 0xb5bb, 0xb5bb, 0xb5bb, 0xb5bb, 0xb5bb, 0xb5bb, 0xb5bb,
0xb5bb, 0xb5bb, 0xb5bb, 0xb5bb, 0xb5bb, 0xb5bb, 0xb5bb, 0xb5bb, 0xb5bb, 0xb5bb,
0xb5bb, 0xb5bb, 0xb5bb, 0xb5bb, 0xb5bb, 0xb5bb, 0xb5bb, 0xb5bb, 0xb5bb, 0xb5bb,
0xb5bb, 0xb5bb, 0xb5bb, 0xb5bb, 0xb5bb, 0xb5bb, 0xb5bb, 0xb5bb, 0xb5bb, 0xb5bb,
0xb5bb, 0xb5bb, 0xb5bb, 0xb5bb, 0xb5bb, 0xb5bb, 0xb5bb, 0xb5bb, 0xb5bb, 0xb5bb,
0xb5bb, 0xb5bb, 0xb5bb, 0xb5bb, 0xb5bb, 0xb5bb, 0xb5bb, 0xb5bb, 0xb5bb, 0xb5bb,
0xb5bb, 0xb5bb, 0xb5bb, 0xb5bb, 0xb5bb, 0xb5bb, 0xb5bb, 0xb5bb, 0xb5bb, 0xb5bb,
0xb5bb, 0xb5bb, 0xb5bb, 0xb5bb, 0xb5bb, 0xb5bb, 0xb5bb, 0xb5bb, 0xb5bb, 0xb5bb,
0xb5bb, 0xb5bb, 0xb5bb, 0xb5bb, 0xb5bb, 0xb5bb, 0xb5bb, 0xb5bb, 0xb5bb, 0xb5bb,
0xb5bb, 0xb5bb, 0xb5bb, 0xb5bb, 0xb5bb, 0xb5bb, 0xb5bb, 0xb5bb, 0xb5bb, 0xb5bb,
0xb5bb, 0xb5bb, 0xb5bb, 0xb5bb, 0xb5bb, 0xb5bb, 0xb5bb, 0xb5bb, 0xb5bb, 0xb5bb,
0xb5bb, 0xb5bb, 0xb5bb, 0xb5bb, 0xb5bb, 0xb5bb, 0xb5bb, 0xb5bb, 0xb5bb, 0xb5bb,
0xb5bb, 0xb5bb, 0xb5bb, 0xb5bb, 0xb5bb, 0xb5bb, 0xb5bb, 0xb5bb, 0x8434, 0x4a8c,
0x4aac, 0x52ce, 0x5b11, 0x6353, 0x73b6, 0x8c98, 0xa53a, 0xbddb, 0xce5c, 0xce7d,
0xdefe, 0xef5e, 0xc63b, 0x7bd5, 0x39b1, 0x20cd, 0x20eb, 0x292b, 0x318d, 0x4211,
0x4232, 0x31af, 0x18e8, 0x0843, 0x0882, 0x2985, 0x5aeb, 0x8bd0, 0x9c13, 0x93d2,
0x8b91, 0x8350, 0x8330, 0x8b71, 0x93f2, 0xa434, 0xacb5, 0xbd57, 0xcdb9, 0xd5fa,
0xd63a, 0xd61a, 0xce1a, 0xcdd9, 0xc578, 0xbd17, 0xac95, 0x9c34, 0x93d2, 0x8b91,
0x8b71, 0x93d2, 0x9c53, 0x9c73, 0x8410, 0x5aeb, 0x3165, 0x10a3, 0x18c4, 0x2946,
0x2967, 0x1905, 0x18e4, 0x2925, 0x41c8, 0x62ac, 0x8370, 0x9bb3, 0x9bb3, 0x9b94,

0xbd15, 0xbd36, 0xcd98, 0xd5f9, 0xd63a, 0xde5a, 0xe65b, 0xe63b, 0xde3b, 0xd5f9,
0xcdb8, 0xc577, 0xc536, 0xbcf5, 0xb495, 0xac33, 0x9bf1, 0x93b0, 0x9bb2, 0xa413,
0xac73, 0x9c32, 0x736e, 0x4228, 0x2145, 0x2145, 0x3a09, 0x4aaa, 0x52cb, 0x52cb,
0x52cb, 0x52cc, 0x52cc, 0x52cc, 0x52cc, 0x52cc, 0x52cc, 0x52cb, 0x4a8a, 0x424a,
0x420a, 0x420a, 0x420a, 0x420a, 0x39e9, 0x31a8, 0x2967, 0x3a0a, 0x630f, 0x6332,
0x4a51, 0x4212, 0x39f1, 0x318e, 0x316f, 0x3130, 0x290e, 0x41ed, 0x7bf2, 0xb598,
0xc63c, 0xbdfc, 0xad7b, 0x94b8, 0x7bd5, 0x6b74, 0x73d4, 0x73d3, 0x5b2e, 0x3a09,
0x31c9, 0x4a4c, 0xb5bb, 0xb5bb, 0xb5bb, 0xb5bb, 0xb5bb, 0xb5bb, 0xb5bb, 0xb5bb,
0xb5bb, 0xb5bb, 0xb5bb, 0xb5bb, 0xb5bb, 0xb5bb, 0xb5bb, 0xb5bb, 0xb5bb, 0xb5bb,
0xb5bb, 0xb5bb, 0xb5bb, 0xb5bb, 0xb5bb, 0xb5bb, 0xb5bb, 0xb5bb, 0xb5bb, 0xb5bb,
0xb5bb, 0xb5bb, 0xb5bb, 0xb5bb, 0xb5bb, 0xb5bb, 0xb5bb, 0xb5bb, 0xb5bb, 0xb5bb,
0xb5bb, 0xb5bb, 0xb5bb, 0xb5bb, 0xb5bb, 0xb5bb, 0xb5bb, 0xb5bb, 0xb5bb, 0xb5bb,
0xb5bb, 0xb5bb, 0xb5bb, 0xb5bb, 0xb5bb, 0xb5bb, 0xb5bb, 0xb5bb, 0xb5bb, 0xb5bb,
0xb5bb, 0xb5bb, 0xb5bb, 0xb5bb, 0xb5bb, 0xb5bb, 0xb5bb, 0xb5bb, 0xb5bb, 0xb5bb,
0xb5bb, 0xb5bb, 0xb5bb, 0xb5bb, 0xb5bb, 0xb5bb, 0xb5bb, 0xb5bb, 0xb5bb, 0xb5bb,
0xb5bb, 0xb5bb, 0xb5bb, 0xb5bb, 0xb5bb, 0xb5bb, 0xb5bb, 0xb5bb, 0xb5bb, 0xb5bb,
0xb5bb, 0xb5bb, 0xb5bb, 0xb5bb, 0xb5bb, 0xb5bb, 0xb5bb, 0xb5bb, 0xb5bb, 0xb5bb,
0xb5bb, 0xb5bb, 0xb5bb, 0xb5bb, 0xb5bb, 0xb5bb, 0xb5bb, 0xb5bb, 0xb5bb, 0xb5bb,
0xb5bb, 0xb5bb, 0xb5bb, 0xb5bb, 0xb5bb, 0xb5bb, 0xb5bb, 0xb5bb, 0xb5bb, 0xb5bb,
0xb5bb, 0xb5bb, 0xb5bb, 0xb5bb, 0xb5bb, 0xb5bb, 0xb5bb, 0xb5bb, 0xb5bb, 0xb5bb,
0xb5bb, 0xb5bb, 0xb5bb, 0xb5bb, 0xb5bb, 0xb5bb, 0xb5bb, 0xb5bb, 0xb5bb, 0xb5bb,
0xb5bb, 0xb5bb, 0xb5bb, 0xb5bb, 0xb5bb, 0xb5bb, 0xb5bb, 0xb5bb, 0xb5bb, 0xb5bb,
0xb5bb, 0xb5bb, 0xb5bb, 0xb5bb, 0xb5bb, 0xb5bb, 0xb5bb, 0xb5bb, 0xb5bb, 0xb5bb,
0xb5bb, 0xb5bb, 0xb5bb, 0xb5bb, 0xb5bb, 0xb5bb, 0xb5bb, 0xb5bb, 0xb5bb, 0xb5bb,
0xb5bb, 0xb5bb, 0xb5bb, 0xb5bb, 0xb5bb, 0xb5bb, 0xb5bb, 0xb5bb, 0x8c54, 0x52ad,
0x52cd, 0x52ef, 0x5b32, 0x6374, 0x73f6, 0x8cb8, 0xa55a, 0xbddc, 0xce7c, 0xd69d,
0xe71f, 0xef7e, 0xc65b, 0x7bd5, 0x39b1, 0x20cd, 0x20eb, 0x294b, 0x31ce, 0x3a51,
0x39f1, 0x20eb, 0x0844, 0x1082, 0x41e8, 0x736e, 0x9432, 0x93f2, 0x7b10, 0x6a6d,
0x622c, 0x628c, 0x730e, 0x7b4f, 0x7b6f, 0x8370, 0x8390, 0x9412, 0xa4d4, 0xbd77,
0xcdf9, 0xd65b, 0xde9c, 0xde7b, 0xde3b, 0xd5fa, 0xcd99, 0xc578, 0xbd17, 0xa475,
0x8bb2, 0x8350, 0x8350, 0x8bd2, 0x9c53, 0x9c52, 0x7b8f, 0x4a6a, 0x1944, 0x0881,
0x1081, 0x20e4, 0x41c8, 0x62ac, 0x8370, 0x9bd3, 0xa3f4, 0xac15, 0xa3f4, 0xa3d5,

0xcdb7, 0xd5b8, 0xde1a, 0xde7a, 0xde7b, 0xde7b, 0xde3b, 0xde19, 0xc5b7, 0xb515,
0xa472, 0x9431, 0x8bf0, 0x8bd0, 0x8bb0, 0x8b90, 0x8b8f, 0x8b6f, 0x8b4f, 0x8b50,
0x9391, 0xa432, 0xac93, 0x8c10, 0x52aa, 0x2945, 0x2104, 0x31e7, 0x4a8a, 0x528b,
0x52ab, 0x52cb, 0x52cb, 0x52cb, 0x52cc, 0x52cc, 0x52cc, 0x4a8b, 0x426a, 0x424a,
0x420a, 0x420a, 0x420a, 0x420a, 0x3a09, 0x31e8, 0x2987, 0x3a0a, 0x630f, 0x6332,
0x4a51, 0x4212, 0x39f1, 0x318e, 0x316f, 0x3130, 0x290e, 0x41ed, 0x7bf2, 0xb598,
0xc63c, 0xbdfc, 0xad3a, 0x9497, 0x73b4, 0x5b12, 0x5af2, 0x7bf4, 0x8453, 0x5acd,
0x39ea, 0x420b, 0xb5bb, 0xb5bb, 0xb5bb, 0xb5bb, 0xb5bb, 0xb5bb, 0xb5bb, 0xb5bb,
0xb5bb, 0xb5bb, 0xb5bb, 0xb5bb, 0xb5bb, 0xb5bb, 0xb5bb, 0xb5bb, 0xb5bb, 0xb5bb,
0xb5bb, 0xb5bb, 0xb5bb, 0xb5bb, 0xb5bb, 0xb5bb, 0xb5bb, 0xb5bb, 0xb5bb, 0xb5bb,
0xb5bb, 0xb5bb, 0xb5bb, 0xb5bb, 0xb5bb, 0xb5bb, 0xb5bb, 0xb5bb, 0xb5bb, 0xb5bb,
0xb5bb, 0xb5bb, 0xb5bb, 0xb5bb, 0xb5bb, 0xb5bb, 0xb5bb, 0xb5bb, 0xb5bb, 0xb5bb,
0xb5bb, 0xb5bb, 0xb5bb, 0xb5bb, 0xb5bb, 0xb5bb, 0xb5bb, 0xb5bb, 0xb5bb, 0xb5bb,
0xb5bb, 0xb5bb, 0xb5bb, 0xb5bb, 0xb5bb, 0xb5bb, 0xb5bb, 0xb5bb, 0xb5bb, 0xb5bb,
0xb5bb, 0xb5bb, 0xb5bb, 0xb5bb, 0xb5bb, 0xb5bb, 0xb5bb, 0xb5bb, 0xb5bb, 0xb5bb,
0xb5bb, 0xb5bb, 0xb5bb, 0xb5bb, 0xb5bb, 0xb5bb, 0xb5bb, 0xb5bb, 0xb5bb, 0xb5bb,
0xb5bb, 0xb5bb, 0xb5bb, 0xb5bb, 0xb5bb, 0xb5bb, 0xb5bb, 0xb5bb, 0xb5bb, 0xb5bb,
0xb5bb, 0xb5bb, 0xb5bb, 0xb5bb, 0xb5bb, 0xb5bb, 0xb5bb, 0xb5bb, 0xb5bb, 0xb5bb,
0xb5bb, 0xb5bb, 0xb5bb, 0xb5bb, 0xb5bb, 0xb5bb, 0xb5bb, 0xb5bb, 0xb5bb, 0xb5bb,
0xb5bb, 0xb5bb, 0xb5bb, 0xb5bb, 0xb5bb, 0xb5bb, 0xb5bb, 0xb5bb, 0xb5bb, 0xb5bb,
0xb5bb, 0xb5bb, 0xb5bb, 0xb5bb, 0xb5bb, 0xb5bb, 0xb5bb, 0xb5bb, 0xb5bb, 0xb5bb,
0xb5bb, 0xb5bb, 0xb5bb, 0xb5bb, 0xb5bb, 0xb5bb, 0xb5bb, 0xb5bb, 0xb5bb, 0xb5bb,
0xb5bb, 0xb5bb, 0xb5bb, 0xb5bb, 0xb5bb, 0xb5bb, 0xb5bb, 0xb5bb, 0xb5bb, 0xb5bb,
0xb5bb, 0xb5bb, 0xb5bb, 0xb5bb, 0xb5bb, 0xb5bb, 0xb5bb, 0xb5bb, 0xb5bb, 0xb5bb,
0xb5bb, 0xb5bb, 0xb5bb, 0xb5bb, 0xb5bb, 0xb5bb, 0xb5bb, 0xb5bb, 0x8c75, 0x5aed,
0x5acc, 0x5b0f, 0x6373, 0x6b95, 0x73f6, 0x8cb8, 0xa55a, 0xbddc, 0xce7c, 0xd69d,
0xe71f, 0xef7e, 0xc65b, 0x7bd5, 0x39b1, 0x20cd, 0x20eb, 0x296c, 0x31ef, 0x3210,
0x214b, 0x1085, 0x18c3, 0x5228, 0x83b0, 0x93f2, 0x7b2f, 0x5a2c, 0x4a0b, 0x62cd,
0x7b6f, 0x8c11, 0x8c51, 0x8c51, 0x8410, 0x738e, 0x6b2d, 0x6b0d, 0x734e, 0x83d0,
0xa4b4, 0xc598, 0xde5b, 0xde7b, 0xde5b, 0xd63b, 0xd5fb, 0xd5fa, 0xc5b8, 0xbd57,
0xb4d6, 0xa454, 0x93b2, 0x8310, 0x8330, 0x93f2, 0xa4b4, 0x8c11, 0x4a69, 0x18e3,
0x2904, 0x624b, 0x8b71, 0xa414, 0xac35, 0xac15, 0xac35, 0xb476, 0xbcd7, 0xbcf7,

0xddf9, 0xddf9, 0xde3a, 0xde3a, 0xde5a, 0xd639, 0xc597, 0xacb3, 0x83ef, 0x734d,
0x6b2d, 0x732d, 0x7b8e, 0x7bcf, 0x83f0, 0x83f0, 0x83af, 0x7b4e, 0x72ed, 0x6aad,
0x72cd, 0x8b2f, 0x9bd1, 0xa433, 0x9411, 0x62cb, 0x2985, 0x2105, 0x31a7, 0x4a6a,
0x4aab, 0x4a8b, 0x528b, 0x52ab, 0x52cb, 0x52ab, 0x528b, 0x4a6b, 0x422a, 0x420a,
0x420a, 0x420a, 0x420a, 0x422a, 0x3a29, 0x31e8, 0x2987, 0x3a0a, 0x630f, 0x6332,
0x4a51, 0x4212, 0x39f1, 0x318e, 0x316f, 0x3130, 0x290e, 0x41cd, 0x73b1, 0xad57,
0xc61b, 0xb5bb, 0xa4f9, 0x8c76, 0x73d4, 0x52d1, 0x39ef, 0x5b12, 0x8434, 0x7390,
0x528c, 0x420a, 0xb5bb, 0xb5bb, 0xb5bb, 0xb5bb, 0xb5bb, 0xb5bb, 0xb5bb, 0xb5bb,
0xb5bb, 0xb5bb, 0xb5bb, 0xb5bb, 0xb5bb, 0xb5bb, 0xb5bb, 0xb5bb, 0xb5bb, 0xb5bb,
0xb5bb, 0xb5bb, 0xb5bb, 0xb5bb, 0xb5bb, 0xb5bb, 0xb5bb, 0xb5bb, 0xb5bb, 0xb5bb,
0xb5bb, 0xb5bb, 0xb5bb, 0xb5bb, 0xb5bb, 0xb5bb, 0xb5bb, 0xb5bb, 0xb5bb, 0xb5bb,
0xb5bb, 0xb5bb, 0xb5bb, 0xb5bb, 0xb5bb, 0xb5bb, 0xb5bb, 0xb5bb, 0xb5bb, 0xb5bb,
0xb5bb, 0xb5bb, 0xb5bb, 0xb5bb, 0xb5bb, 0xb5bb, 0xb5bb, 0xb5bb, 0xb5bb, 0xb5bb,
0xb5bb, 0xb5bb, 0xb5bb, 0xb5bb, 0xb5bb, 0xb5bb, 0xb5bb, 0xb5bb, 0xb5bb, 0xb5bb,
0xb5bb, 0xb5bb, 0xb5bb, 0xb5bb, 0xb5bb, 0xb5bb, 0xb5bb, 0xb5bb, 0xb5bb, 0xb5bb,
0xb5bb, 0xb5bb, 0xb5bb, 0xb5bb, 0xb5bb, 0xb5bb, 0xb5bb, 0xb5bb, 0xb5bb, 0xb5bb,
0xb5bb, 0xb5bb, 0xb5bb, 0xb5bb, 0xb5bb, 0xb5bb, 0xb5bb, 0xb5bb, 0xb5bb, 0xb5bb,
0xb5bb, 0xb5bb, 0xb5bb, 0xb5bb, 0xb5bb, 0xb5bb, 0xb5bb, 0xb5bb, 0xb5bb, 0xb5bb,
0xb5bb, 0xb5bb, 0xb5bb, 0xb5bb, 0xb5bb, 0xb5bb, 0xb5bb, 0xb5bb, 0xb5bb, 0xb5bb,
0xb5bb, 0xb5bb, 0xb5bb, 0xb5bb, 0xb5bb, 0xb5bb, 0xb5bb, 0xb5bb, 0xb5bb, 0xb5bb,
0xb5bb, 0xb5bb, 0xb5bb, 0xb5bb, 0xb5bb, 0xb5bb, 0xb5bb, 0xb5bb, 0xb5bb, 0xb5bb,
0xb5bb, 0xb5bb, 0xb5bb, 0xb5bb, 0xb5bb, 0xb5bb, 0xb5bb, 0xb5bb, 0xb5bb, 0xb5bb,
0xb5bb, 0xb5bb, 0xb5bb, 0xb5bb, 0xb5bb, 0xb5bb, 0xb5bb, 0xb5bb, 0xb5bb, 0xb5bb,
0xb5bb, 0xb5bb, 0xb5bb, 0xb5bb, 0xb5bb, 0xb5bb, 0xb5bb, 0xb5bb, 0xb5bb, 0xb5bb,
0xb5bb, 0xb5bb, 0xb5bb, 0xb5bb, 0xb5bb, 0xb5bb, 0xb5bb, 0xbddc, 0x8c95, 0x5aed,
0x5acd, 0x5b0f, 0x6373, 0x6394, 0x73f6, 0x8cb8, 0xa55a, 0xbddb, 0xce5c, 0xd6bd,
0xef3f, 0xef7e, 0xc63b, 0x7bd5, 0x39b1, 0x20ce, 0x210c, 0x298c, 0x296c, 0x212a,
0x10c6, 0x2145, 0x5a8a, 0x8390, 0x8350, 0x626c, 0x51ea, 0x5acc, 0x8410, 0xa535,
0xc618, 0xd6ba, 0xd6fa, 0xceb9, 0xc618, 0xad75, 0x94b2, 0x83f0, 0x6b4d, 0x62ec,
0x6b0d, 0x8bd1, 0xb4f5, 0xcdb9, 0xd5da, 0xd5db, 0xd5bb, 0xd5da, 0xcdd9, 0xc598,
0xc558, 0xbd17, 0xac95, 0xa3f3, 0x8b72, 0x8331, 0x8350, 0x7b2e, 0x62ec, 0x5a6b,
0x72cd, 0x9bd2, 0xac14, 0xac35, 0xbc77, 0xbcb7, 0xbcf7, 0xc538, 0xcd59, 0xcd99,

0xddf9, 0xddf9, 0xde1a, 0xd619, 0xcdb8, 0xacf5, 0x83f0, 0x6b2c, 0x62eb, 0x6b4d,
0x83f0, 0x9492, 0xad34, 0xbdd7, 0xc638, 0xc638, 0xbdd7, 0xa534, 0x9452, 0x7b8f,
0x6aac, 0x626b, 0x728c, 0x8b50, 0xa3f2, 0x9c32, 0x6b2d, 0x3186, 0x1904, 0x31c7,
0x424a, 0x4a8b, 0x4a8a, 0x4a8a, 0x4aab, 0x4a8a, 0x4a4a, 0x4a2a, 0x420a, 0x3a0a,
0x420a, 0x420a, 0x420a, 0x424a, 0x3a2a, 0x31c8, 0x2987, 0x3a0a, 0x632f, 0x6332,
0x4a51, 0x4212, 0x39f1, 0x318e, 0x316f, 0x3130, 0x290d, 0x41cd, 0x73b2, 0xa537,
0xb5da, 0xb59a, 0x9cb8, 0x8415, 0x6b93, 0x4ab0, 0x29ad, 0x426f, 0x6b91, 0x7390,
0x5acd, 0x31ea, 0xb5bb, 0xb5bb, 0xb5bb, 0xb5bb, 0xb5bb, 0xb5bb, 0xb5bb, 0xb5bb,
0xb5bb, 0xb5bb, 0xb5bb, 0xb5bb, 0xb5bb, 0xb5bb, 0xb5bb, 0xb5bb, 0xb5bb, 0xb5bb,
0xb5bb, 0xb5bb, 0xb5bb, 0xb5bb, 0xb5bb, 0xb5bb, 0xb5bb, 0xb5bb, 0xb5bb, 0xb5bb,
0xb5bb, 0xb5bb, 0xb5bb, 0xb5bb, 0xb5bb, 0xb5bb, 0xb5bb, 0xb5bb, 0xb5bb, 0xb5bb,
0xb5bb, 0xb5bb, 0xb5bb, 0xb5bb, 0xb5bb, 0xb5bb, 0xb5bb, 0xb5bb, 0xb5bb, 0xb5bb,
0xb5bb, 0xb5bb, 0xb5bb, 0xb5bb, 0xb5bb, 0xb5bb, 0xb5bb, 0xb5bb, 0xb5bb, 0xb5bb,
0xb5bb, 0xb5bb, 0xb5bb, 0xb5bb, 0xb5bb, 0xb5bb, 0xb5bb, 0xb5bb, 0xb5bb, 0xb5bb,
0xb5bb, 0xb5bb, 0xb5bb, 0xb5bb, 0xb5bb, 0xb5bb, 0xb5bb, 0xb5bb, 0xb5bb, 0xb5bb,
0xb5bb, 0xb5bb, 0xb5bb, 0xb5bb, 0xb5bb, 0xb5bb, 0xb5bb, 0xb5bb, 0xb5bb, 0xb5bb,
0xb5bb, 0xb5bb, 0xb5bb, 0xb5bb, 0xb5bb, 0xb5bb, 0xb5bb, 0xb5bb, 0xb5bb, 0xb5bb,
0xb5bb, 0xb5bb, 0xb5bb, 0xb5bb, 0xb5bb, 0xb5bb, 0xb5bb, 0xb5bb, 0xb5bb, 0xb5bb,
0xb5bb, 0xb5bb, 0xb5bb, 0xb5bb, 0xb5bb, 0xb5bb, 0xb5bb, 0xb5bb, 0xb5bb, 0xb5bb,
0xb5bb, 0xb5bb, 0xb5bb, 0xb5bb, 0xb5bb, 0xb5bb, 0xb5bb, 0xb5bb, 0xb5bb, 0xb5bb,
0xb5bb, 0xb5bb, 0xb5bb, 0xb5bb, 0xb5bb, 0xb5bb, 0xb5bb, 0xb5bb, 0xb5bb, 0xb5bb,
0xb5bb, 0xb5bb, 0xb5bb, 0xb5bb, 0xb5bb, 0xb5bb, 0xb5bb, 0xb5bb, 0xb5bb, 0xb5bb,
0xb5bb, 0xb5bb, 0xb5bb, 0xb5bb, 0xb5bb, 0xb5bb, 0xb5bb, 0xb5bb, 0xb5bb, 0xb5bb,
0xb5bb, 0xb5bb, 0xb5bb, 0xb5bb, 0xb5bb, 0xb5bb, 0xb5bb, 0xb5bb, 0xb5bb, 0xb5bb,
0xb5bb, 0xb5bb, 0xb5bb, 0xb5bb, 0xb5bb, 0xb5bb, 0xb5bb, 0x9d19, 0x6bd4, 0x428d,
0x52ac, 0x5aee, 0x6352, 0x6374, 0x73d6, 0x8c98, 0xa53a, 0xbddb, 0xce5c, 0xd6dd,
0xe75e, 0xef7e, 0xc63b, 0x83d5, 0x41d1, 0x290f, 0x294d, 0x212a, 0x18c7, 0x10a5,
0x3187, 0x62cb, 0x8390, 0x7b0f, 0x5a0b, 0x520a, 0x7baf, 0xb5b6, 0xdeda, 0xef5d,
0xf79e, 0xffff, 0xffff, 0xffff, 0xf79e, 0xe71c, 0xce79, 0xb5b6, 0x9cf3, 0x7bef,
0x5aeb, 0x5a8b, 0x734e, 0x9c53, 0xbd17, 0xc579, 0xcd79, 0xcd79, 0xcd79, 0xc578,
0xc578, 0xc558, 0xc538, 0xbcf7, 0xa434, 0x7b10, 0x51eb, 0x51eb, 0x72cf, 0x9392,
0xa415, 0xac56, 0xb456, 0xbc77, 0xc4f8, 0xc558, 0xcd79, 0xd59a, 0xd59a, 0xd5da,

0xddf9, 0xd5d9, 0xd5d9, 0xc597, 0xa493, 0x734e, 0x5acb, 0x5b0b, 0x7bef, 0x9cf3,
0xbdd7, 0xd69a, 0xe73c, 0xffdf, 0xffff, 0xffff, 0xffff, 0xef9d, 0xd6bb, 0xbdb7,
0x9472, 0x732d, 0x5a6b, 0x6a6b, 0x82ee, 0xac13, 0xa473, 0x732d, 0x31a6, 0x1924,
0x31a7, 0x4a6a, 0x4a8a, 0x4a8a, 0x4a8b, 0x4a4a, 0x422a, 0x420a, 0x3a0a, 0x3a0a,
0x420a, 0x420a, 0x420a, 0x424b, 0x3a2a, 0x31e8, 0x2987, 0x3a0a, 0x632f, 0x6332,
0x4a51, 0x4212, 0x39f1, 0x318e, 0x316f, 0x3130, 0x290e, 0x41ed, 0x73b1, 0x9d36,
0xadba, 0xad59, 0x9477, 0x73d5, 0x6353, 0x4ad1, 0x3a4e, 0x424e, 0x52ce, 0x52ac,
0x39ea, 0x18e8, 0xb5bb, 0xb5bb, 0xb5bb, 0xb5bb, 0xb5bb, 0xb5bb, 0xb5bb, 0xb5bb,
0xb5bb, 0xb5bb, 0xb5bb, 0xb5bb, 0xb5bb, 0xb5bb, 0xb5bb, 0xb5bb, 0xb5bb, 0xb5bb,
0xb5bb, 0xb5bb, 0xb5bb, 0xb5bb, 0xb5bb, 0xb5bb, 0xb5bb, 0xb5bb, 0xb5bb, 0xb5bb,
0xb5bb, 0xb5bb, 0xb5bb, 0xb5bb, 0xb5bb, 0xb5bb, 0xb5bb, 0xb5bb, 0xb5bb, 0xb5bb,
0xb5bb, 0xb5bb, 0xb5bb, 0xb5bb, 0xb5bb, 0xb5bb, 0xb5bb, 0xb5bb, 0xb5bb, 0xb5bb,
0xb5bb, 0xb5bb, 0xb5bb, 0xb5bb, 0xb5bb, 0xb5bb, 0xb5bb, 0xb5bb, 0xb5bb, 0xb5bb,
0xb5bb, 0xb5bb, 0xb5bb, 0xb5bb, 0xb5bb, 0xb5bb, 0xb5bb, 0xb5bb, 0xb5bb, 0xb5bb,
0xb5bb, 0xb5bb, 0xb5bb, 0xb5bb, 0xb5bb, 0xb5bb, 0xb5bb, 0xb5bb, 0xb5bb, 0xb5bb,
0xb5bb, 0xb5bb, 0xb5bb, 0xb5bb, 0xb5bb, 0xb5bb, 0xb5bb, 0xb5bb, 0xb5bb, 0xb5bb,
0xb5bb, 0xb5bb, 0xb5bb, 0xb5bb, 0xb5bb, 0xb5bb, 0xb5bb, 0xb5bb, 0xb5bb, 0xb5bb,
0xb5bb, 0xb5bb, 0xb5bb, 0xb5bb, 0xb5bb, 0xb5bb, 0xb5bb, 0xb5bb, 0xb5bb, 0xb5bb,
0xb5bb, 0xb5bb, 0xb5bb, 0xb5bb, 0xb5bb, 0xb5bb, 0xb5bb, 0xb5bb, 0xb5bb, 0xb5bb,
0xb5bb, 0xb5bb, 0xb5bb, 0xb5bb, 0xb5bb, 0xb5bb, 0xb5bb, 0xb5bb, 0xb5bb, 0xb5bb,
0xb5bb, 0xb5bb, 0xb5bb, 0xb5bb, 0xb5bb, 0xb5bb, 0xb5bb, 0xb5bb, 0xb5bb, 0xb5bb,
0xb5bb, 0xb5bb, 0xb5bb, 0xb5bb, 0xb5bb, 0xb5bb, 0xb5bb, 0xb5bb, 0xb5bb, 0xb5bb,
0xb5bb, 0xb5bb, 0xb5bb, 0xb5bb, 0xb5bb, 0xb5bb, 0xb5bb, 0xb5bb, 0xb5bb, 0xb5bb,
0xb5bb, 0xb5bb, 0xb5bb, 0xb5bb, 0xb5bb, 0xb5bb, 0xb5bb, 0xb5bb, 0xb5bb, 0xb5bb,
0xb5bb, 0xb5bb, 0xb5bb, 0xb5bb, 0xb5bb, 0xb5bb, 0xb5bb, 0x5b75, 0x3a71, 0x21ab,
0x424b, 0x5aee, 0x6332, 0x6374, 0x73d6, 0x8c58, 0xa53a, 0xbdfb, 0xce5c, 0xd6bd,
0xe75f, 0xef9e, 0xce5b, 0x83d5, 0x3990, 0x18ad, 0x18aa, 0x0845, 0x0002, 0x2125,
0x62cc, 0x8bb1, 0x72ef, 0x51eb, 0x5a6b, 0x9472, 0xd6da, 0xffff, 0xffff, 0xffff,
0xffff, 0xffff, 0xffff, 0xffff, 0xffff, 0xf7be, 0xef5d, 0xdedb, 0xce59, 0xb596,
0x8430, 0x630c, 0x5a8b, 0x6b0d, 0x9433, 0xbd18, 0xc538, 0xc4f8, 0xc518, 0xc538,
0xc558, 0xc559, 0xc579, 0xbd37, 0x9c53, 0x72ee, 0x5a0c, 0x622d, 0x8b52, 0xac16,
0xb457, 0xb476, 0xbcb7, 0xcd19, 0xcd79, 0xcd99, 0xcdb9, 0xd5ba, 0xd5da, 0xd5fa,

0xd5f9, 0xcdb9, 0xbd36, 0xa493, 0x6b2d, 0x528a, 0x6b4d, 0x94b2, 0xb5b6, 0xce79,
0xd6ba, 0xe71c, 0xef7d, 0xffdf, 0xffff, 0xffff, 0xffff, 0xffff, 0xffff, 0xffdf,
0xef5d, 0xb5b6, 0x738e, 0x5a4a, 0x6a4c, 0x8aef, 0xa3f2, 0xa433, 0x6acc, 0x2104,
0x1903, 0x31e7, 0x424a, 0x426a, 0x424a, 0x422a, 0x420a, 0x3a09, 0x3a09, 0x3a09,
0x420a, 0x422a, 0x424b, 0x426b, 0x3a2a, 0x31e8, 0x2987, 0x3a0a, 0x632f, 0x6332,
0x4a51, 0x4212, 0x39f1, 0x318e, 0x316f, 0x3150, 0x290e, 0x41cd, 0x6b71, 0x94f6,
0xa579, 0x9cf8, 0x8456, 0x73d5, 0x6353, 0x52f1, 0x4a8f, 0x4a6e, 0x420c, 0x2967,
0x10a5, 0x0005, 0xb5bb, 0xb5bb, 0xb5bb, 0xb5bb, 0xb5bb, 0xb5bb, 0xb5bb, 0xb5bb,
0xb5bb, 0xb5bb, 0xb5bb, 0xb5bb, 0xb5bb, 0xb5bb, 0xb5bb, 0xb5bb, 0xb5bb, 0xb5bb,
0xb5bb, 0xb5bb, 0xb5bb, 0xb5bb, 0xb5bb, 0xb5bb, 0xb5bb, 0xb5bb, 0xb5bb, 0xb5bb,
0xb5bb, 0xb5bb, 0xb5bb, 0xb5bb, 0xb5bb, 0xb5bb, 0xb5bb, 0xb5bb, 0xb5bb, 0xb5bb,
0xb5bb, 0xb5bb, 0xb5bb, 0xb5bb, 0xb5bb, 0xb5bb, 0xb5bb, 0xb5bb, 0xb5bb, 0xb5bb,
0xb5bb, 0xb5bb, 0xb5bb, 0xb5bb, 0xb5bb, 0xb5bb, 0xb5bb, 0xb5bb, 0xb5bb, 0xb5bb,
0xb5bb, 0xb5bb, 0xb5bb, 0xb5bb, 0xb5bb, 0xb5bb, 0xb5bb, 0xb5bb, 0xb5bb, 0xb5bb,
0xb5bb, 0xb5bb, 0xb5bb, 0xb5bb, 0xb5bb, 0xb5bb, 0xb5bb, 0xb5bb, 0xb5bb, 0xb5bb,
0xb5bb, 0xb5bb, 0xb5bb, 0xb5bb, 0xb5bb, 0xb5bb, 0xb5bb, 0xb5bb, 0xb5bb, 0xb5bb,
0xb5bb, 0xb5bb, 0xb5bb, 0xb5bb, 0xb5bb, 0xb5bb, 0xb5bb, 0xb5bb, 0xb5bb, 0xb5bb,
0xb5bb, 0xb5bb, 0xb5bb, 0xb5bb, 0xb5bb, 0xb5bb, 0xb5bb, 0xb5bb, 0xb5bb, 0xb5bb,
0xb5bb, 0xb5bb, 0xb5bb, 0xb5bb, 0xb5bb, 0xb5bb, 0xb5bb, 0xb5bb, 0xb5bb, 0xb5bb,
0xb5bb, 0xb5bb, 0xb5bb, 0xb5bb, 0xb5bb, 0xb5bb, 0xb5bb, 0xb5bb, 0xb5bb, 0xb5bb,
0xb5bb, 0xb5bb, 0xb5bb, 0xb5bb, 0xb5bb, 0xb5bb, 0xb5bb, 0xb5bb, 0xb5bb, 0xb5bb,
0xb5bb, 0xb5bb, 0xb5bb, 0xb5bb, 0xb5bb, 0xb5bb, 0xb5bb, 0xb5bb, 0xb5bb, 0xb5bb,
0xb5bb, 0xb5bb, 0xb5bb, 0xb5bb, 0xb5bb, 0xb5bb, 0xb5bb, 0xb5bb, 0xb5bb, 0xb5bb,
0xb5bb, 0xb5bb, 0xb5bb, 0xb5bb, 0xb5bb, 0xb5bb, 0xb5bb, 0xb5bb, 0xb5bb, 0xb5bb,
0xb5bb, 0xb5bb, 0xb5bb, 0xb5bb, 0xb5bb, 0xb5bb, 0xb5bb, 0x4271, 0x216d, 0x10e8,
0x3a0b, 0x52ef, 0x5b12, 0x6354, 0x6b95, 0x8c77, 0xa539, 0xbdfb, 0xce7c, 0xd69d,
0xe71f, 0xef7f, 0xc63a, 0x6b72, 0x210b, 0x0007, 0x0004, 0x0001, 0x0021, 0x41e8,
0x732e, 0x7aef, 0x51ea, 0x5a8b, 0xa534, 0xe73c, 0xffff, 0xffff, 0xffff, 0xffff,
0xffff, 0xffff, 0xf7be, 0xef5d, 0xef7d, 0xf7be, 0xf79e, 0xdefb, 0xce59, 0xc618,
0xad75, 0x8c71, 0x6b4d, 0x528a, 0x6b2e, 0x9c75, 0xbcb7, 0xbc97, 0xbcb7, 0xbcb7,
0xbcf8, 0xcd59, 0xcd99, 0xb4f6, 0x8370, 0x6a6d, 0x7ad0, 0xa3b4, 0xb476, 0xb497,
0xbcb7, 0xc4d8, 0xc518, 0xc538, 0xcd79, 0xcd99, 0xcdb9, 0xd5da, 0xddfb, 0xddfb,

0xd598, 0xcd77, 0xa472, 0x732d, 0x5aaa, 0x6b6d, 0x9cd3, 0xbdd7, 0xc638, 0xd69a,
0xdefb, 0xef7d, 0xf7be, 0xffdf, 0xffdf, 0xffdf, 0xffff, 0xffff, 0xffff, 0xffff,
0xffff, 0xef9d, 0xc638, 0x83f0, 0x5a09, 0x620a, 0x8b2f, 0x9371, 0x72ad, 0x3946,
0x10a2, 0x10c2, 0x2125, 0x31c8, 0x3a29, 0x3a09, 0x39c9, 0x39e9, 0x39e8, 0x39e9,
0x4209, 0x422a, 0x424b, 0x426b, 0x3a2a, 0x31e8, 0x2987, 0x3a0a, 0x632f, 0x6332,
0x4a51, 0x4212, 0x39f1, 0x318e, 0x316f, 0x3150, 0x290e, 0x41cd, 0x6b70, 0x94b5,
0x9d18, 0x9497, 0x7c16, 0x6bb4, 0x5b12, 0x5290, 0x422d, 0x31a9, 0x2926, 0x18c5,
0x1084, 0x0864, 0xb5bb, 0xb5bb, 0xb5bb, 0xb5bb, 0xb5bb, 0xb5bb, 0xb5bb, 0xb5bb,
0xb5bb, 0xb5bb, 0xb5bb, 0xb5bb, 0xb5bb, 0xb5bb, 0xb5bb, 0xb5bb, 0xb5bb, 0xb5bb,
0xb5bb, 0xb5bb, 0xb5bb, 0xb5bb, 0xb5bb, 0xb5bb, 0xb5bb, 0xb5bb, 0xb5bb, 0xb5bb,
0xb5bb, 0xb5bb, 0xb5bb, 0xb5bb, 0xb5bb, 0xb5bb, 0xb5bb, 0xb5bb, 0xb5bb, 0xb5bb,
0xb5bb, 0xb5bb, 0xb5bb, 0xb5bb, 0xb5bb, 0xb5bb, 0xb5bb, 0xb5bb, 0xb5bb, 0xb5bb,
0xb5bb, 0xb5bb, 0xb5bb, 0xb5bb, 0xb5bb, 0xb5bb, 0xb5bb, 0xb5bb, 0xb5bb, 0xb5bb,
0xb5bb, 0xb5bb, 0xb5bb, 0xb5bb, 0xb5bb, 0xb5bb, 0xb5bb, 0xb5bb, 0xb5bb, 0xb5bb,
0xb5bb, 0xb5bb, 0xb5bb, 0xb5bb, 0xb5bb, 0xb5bb, 0xb5bb, 0xb5bb, 0xb5bb, 0xb5bb,
0xb5bb, 0xb5bb, 0xb5bb, 0xb5bb, 0xb5bb, 0xb5bb, 0xb5bb, 0xb5bb, 0xb5bb, 0xb5bb,
0xb5bb, 0xb5bb, 0xb5bb, 0xb5bb, 0xb5bb, 0xb5bb, 0xb5bb, 0xb5bb, 0xb5bb, 0xb5bb,
0xb5bb, 0xb5bb, 0xb5bb, 0xb5bb, 0xb5bb, 0xb5bb, 0xb5bb, 0xb5bb, 0xb5bb, 0xb5bb,
0xb5bb, 0xb5bb, 0xb5bb, 0xb5bb, 0xb5bb, 0xb5bb, 0xb5bb, 0xb5bb, 0xb5bb, 0xb5bb,
0xb5bb, 0xb5bb, 0xb5bb, 0xb5bb, 0xb5bb, 0xb5bb, 0xb5bb, 0xb5bb, 0xb5bb, 0xb5bb,
0xb5bb, 0xb5bb, 0xb5bb, 0xb5bb, 0xb5bb, 0xb5bb, 0xb5bb, 0xb5bb, 0xb5bb, 0xb5bb,
0xb5bb, 0xb5bb, 0xb5bb, 0xb5bb, 0xb5bb, 0xb5bb, 0xb5bb, 0xb5bb, 0xb5bb, 0xb5bb,
0xb5bb, 0xb5bb, 0xb5bb, 0xb5bb, 0xb5bb, 0xb5bb, 0xb5bb, 0xb5bb, 0xb5bb, 0xb5bb,
0xb5bb, 0xb5bb, 0xb5bb, 0xb5bb, 0xb5bb, 0xb5bb, 0xb5bb, 0xb5bb, 0xb5bb, 0xb5bb,
0xb5bb, 0xb5bb, 0xb5bb, 0xb5bb, 0xb5bb, 0xb5bb, 0xb5bb, 0x4a6e, 0x296a, 0x18e7,
0x422c, 0x52ef, 0x52f1, 0x5b12, 0x6b94, 0x8477, 0xa519, 0xb5bb, 0xc61c, 0xd6bd,
0xef3f, 0xdefc, 0x9cd4, 0x420a, 0x10a5, 0x18e5, 0x31a7, 0x3a07, 0x39c7, 0x522a,
0x49ca, 0x4169, 0x524b, 0x94b2, 0xe75c, 0xffff, 0xffff, 0xffdf, 0xffff, 0xffdf,
0xe71c, 0xbdd7, 0x9cf3, 0x94b2, 0xb596, 0xd6ba, 0xef7d, 0xf79e, 0xdedb, 0xc638,
0xbdd7, 0xa534, 0x8430, 0x62ec, 0x5acb, 0x8390, 0xac54, 0xbc97, 0xb477, 0xb457,
0xbcd8, 0xc518, 0xbcf7, 0x9c13, 0x72ce, 0x7aaf, 0xa3d5, 0xbc98, 0xb4b7, 0xb4d8,
0xbcd8, 0xc4f8, 0xc518, 0xc538, 0xcd59, 0xcd79, 0xd5ba, 0xd5da, 0xd5fa, 0xddfb,

0xc557, 0xbcd5, 0x836f, 0x5249, 0x630c, 0x94b2, 0xad75, 0xbdd7, 0xce59, 0xdedb,
0xef5d, 0xf7be, 0xffff, 0xffff, 0xffff, 0xffff, 0xffff, 0xffff, 0xffdf, 0xffdf,
0xffdf, 0xffff, 0xffdf, 0xc618, 0x62ec, 0x49c7, 0x61e9, 0x61ea, 0x624b, 0x62ab,
0x4a49, 0x2965, 0x20e3, 0x1903, 0x2146, 0x29a8, 0x39c9, 0x39c9, 0x39a9, 0x39c9,
0x39ea, 0x422a, 0x424b, 0x424b, 0x3a2a, 0x31e8, 0x2987, 0x3a0a, 0x630f, 0x6332,
0x4a51, 0x4212, 0x39f1, 0x318e, 0x316f, 0x3150, 0x290e, 0x39cd, 0x6b71, 0x8c75,
0x9cd9, 0x94b8, 0x7c15, 0x6351, 0x528f, 0x420c, 0x3189, 0x2105, 0x1904, 0x2966,
0x31a8, 0x39c8, 0xb5bb, 0xb5bb, 0xb5bb, 0xb5bb, 0xb5bb, 0xb5bb, 0xb5bb, 0xb5bb,
0xb5bb, 0xb5bb, 0xb5bb, 0xb5bb, 0xb5bb, 0xb5bb, 0xb5bb, 0xb5bb, 0xb5bb, 0xb5bb,
0xb5bb, 0xb5bb, 0xb5bb, 0xb5bb, 0xb5bb, 0xb5bb, 0xb5bb, 0xb5bb, 0xb5bb, 0xb5bb,
0xb5bb, 0xb5bb, 0xb5bb, 0xb5bb, 0xb5bb, 0xb5bb, 0xb5bb, 0xb5bb, 0xb5bb, 0xb5bb,
0xb5bb, 0xb5bb, 0xb5bb, 0xb5bb, 0xb5bb, 0xb5bb, 0xb5bb, 0xb5bb, 0xb5bb, 0xb5bb,
0xb5bb, 0xb5bb, 0xb5bb, 0xb5bb, 0xb5bb, 0xb5bb, 0xb5bb, 0xb5bb, 0xb5bb, 0xb5bb,
0xb5bb, 0xb5bb, 0xb5bb, 0xb5bb, 0xb5bb, 0xb5bb, 0xb5bb, 0xb5bb, 0xb5bb, 0xb5bb,
0xb5bb, 0xb5bb, 0xb5bb, 0xb5bb, 0xb5bb, 0xb5bb, 0xb5bb, 0xb5bb, 0xb5bb, 0xb5bb,
0xb5bb, 0xb5bb, 0xb5bb, 0xb5bb, 0xb5bb, 0xb5bb, 0xb5bb, 0xb5bb, 0xb5bb, 0xb5bb,
0xb5bb, 0xb5bb, 0xb5bb, 0xb5bb, 0xb5bb, 0xb5bb, 0xb5bb, 0xb5bb, 0xb5bb, 0xb5bb,
0xb5bb, 0xb5bb, 0xb5bb, 0xb5bb, 0xb5bb, 0xb5bb, 0xb5bb, 0xb5bb, 0xb5bb, 0xb5bb,
0xb5bb, 0xb5bb, 0xb5bb, 0xb5bb, 0xb5bb, 0xb5bb, 0xb5bb, 0xb5bb, 0xb5bb, 0xb5bb,
0xb5bb, 0xb5bb, 0xb5bb, 0xb5bb, 0xb5bb, 0xb5bb, 0xb5bb, 0xb5bb, 0xb5bb, 0xb5bb,
0xb5bb, 0xb5bb, 0xb5bb, 0xb5bb, 0xb5bb, 0xb5bb, 0xb5bb, 0xb5bb, 0xb5bb, 0xb5bb,
0xb5bb, 0xb5bb, 0xb5bb, 0xb5bb, 0xb5bb, 0xb5bb, 0xb5bb, 0xb5bb, 0xb5bb, 0xb5bb,
0xb5bb, 0xb5bb, 0xb5bb, 0xb5bb, 0xb5bb, 0xb5bb, 0xb5bb, 0xb5bb, 0xb5bb, 0xb5bb,
0xb5bb, 0xb5bb, 0xb5bb, 0xb5bb, 0xb5bb, 0xb5bb, 0xb5bb, 0xb5bb, 0xb5bb, 0xb5bb,
0xb5bb, 0xb5bb, 0xb5bb, 0xb5bb, 0xb5bb, 0xb5bb, 0xb5bb, 0x8431, 0x5acc, 0x31a9,
0x528c, 0x52ce, 0x4aaf, 0x52b1, 0x6353, 0x8457, 0x9cf9, 0xad7a, 0xc61c, 0xdefe,
0xdedd, 0x9cf5, 0x526a, 0x2965, 0x5289, 0x8c70, 0xb594, 0xbdd6, 0xa534, 0x732e,
0x3127, 0x2906, 0x738e, 0xce99, 0xffff, 0xffff, 0xffdf, 0xffff, 0xf7be, 0xce79,
0x7bef, 0x4228, 0x4208, 0x632c, 0x8c71, 0xa514, 0xc638, 0xef7d, 0xef7d, 0xd6ba,
0xbdd7, 0xa534, 0x94b2, 0x7bce, 0x5aec, 0x62ac, 0x93d2, 0xb4b7, 0xb477, 0xb457,
0xbc97, 0xbcb7, 0x9c14, 0x8350, 0x8310, 0xa394, 0xb477, 0xb4b7, 0xb497, 0xbcd8,
0xc4d8, 0xc4d8, 0xc4f8, 0xc539, 0xcd59, 0xd57a, 0xd5ba, 0xd5da, 0xd5da, 0xd5da,

0xbd36, 0x9c32, 0x6aac, 0x5a8b, 0x7bef, 0xad55, 0xad75, 0xbdd7, 0xdefb, 0xf79e,
0xffdf, 0xffff, 0xffff, 0xffff, 0xffff, 0xffff, 0xffff, 0xffff, 0xffff, 0xffff,
0xffff, 0xffff, 0xffff, 0xef9d, 0xa514, 0x5249, 0x3925, 0x5208, 0x83f0, 0xad55,
0xad75, 0x9492, 0x6b4d, 0x31a6, 0x08a2, 0x1905, 0x31a8, 0x39c9, 0x39c9, 0x39c9,
0x420a, 0x422a, 0x424b, 0x426b, 0x3a2a, 0x31e8, 0x2987, 0x3a0a, 0x632f, 0x6332,
0x4a51, 0x4212, 0x39f1, 0x318e, 0x316f, 0x3150, 0x290e, 0x39cd, 0x6331, 0x8c75,
0xa519, 0xa539, 0x8c55, 0x630e, 0x422b, 0x39ea, 0x31a9, 0x31a8, 0x31c8, 0x3a29,
0x52ac, 0x5aee, 0xb5bb, 0xb5bb, 0xb5bb, 0xb5bb, 0xb5bb, 0xb5bb, 0xb5bb, 0xb5bb,
0xb5bb, 0xb5bb, 0xb5bb, 0xb5bb, 0xb5bb, 0xb5bb, 0xb5bb, 0xb5bb, 0xb5bb, 0xb5bb,
0xb5bb, 0xb5bb, 0xb5bb, 0xb5bb, 0xb5bb, 0xb5bb, 0xb5bb, 0xb5bb, 0xb5bb, 0xb5bb,
0xb5bb, 0xb5bb, 0xb5bb, 0xb5bb, 0xb5bb, 0xb5bb, 0xb5bb, 0xb5bb, 0xb5bb, 0xb5bb,
0xb5bb, 0xb5bb, 0xb5bb, 0xb5bb, 0xb5bb, 0xb5bb, 0xb5bb, 0xb5bb, 0xb5bb, 0xb5bb,
0xb5bb, 0xb5bb, 0xb5bb, 0xb5bb, 0xb5bb, 0xb5bb, 0xb5bb, 0xb5bb, 0xb5bb, 0xb5bb,
0xb5bb, 0xb5bb, 0xb5bb, 0xb5bb, 0xb5bb, 0xb5bb, 0xb5bb, 0xb5bb, 0xb5bb, 0xb5bb,
0xb5bb, 0xb5bb, 0xb5bb, 0xb5bb, 0xb5bb, 0xb5bb, 0xb5bb, 0xb5bb, 0xb5bb, 0xb5bb,
0xb5bb, 0xb5bb, 0xb5bb, 0xb5bb, 0xb5bb, 0xb5bb, 0xb5bb, 0xb5bb, 0xb5bb, 0xb5bb,
0xb5bb, 0xb5bb, 0xb5bb, 0xb5bb, 0xb5bb, 0xb5bb, 0xb5bb, 0xb5bb, 0xb5bb, 0xb5bb,
0xb5bb, 0xb5bb, 0xb5bb, 0xb5bb, 0xb5bb, 0xb5bb, 0xb5bb, 0xb5bb, 0xb5bb, 0xb5bb,
0xb5bb, 0xb5bb, 0xb5bb, 0xb5bb, 0xb5bb, 0xb5bb, 0xb5bb, 0xb5bb, 0xb5bb, 0xb5bb,
0xb5bb, 0xb5bb, 0xb5bb, 0xb5bb, 0xb5bb, 0xb5bb, 0xb5bb, 0xb5bb, 0xb5bb, 0xb5bb,
0xb5bb, 0xb5bb, 0xb5bb, 0xb5bb, 0xb5bb, 0xb5bb, 0xb5bb, 0xb5bb, 0xb5bb, 0xb5bb,
0xb5bb, 0xb5bb, 0xb5bb, 0xb5bb, 0xb5bb, 0xb5bb, 0xb5bb, 0xb5bb, 0xb5bb, 0xb5bb,
0xb5bb, 0xb5bb, 0xb5bb, 0xb5bb, 0xb5bb, 0xb5bb, 0xb5bb, 0xb5bb, 0xb5bb, 0xb5bb,
0xb5bb, 0xb5bb, 0xb5bb, 0xb5bb, 0xb5bb, 0xb5bb, 0xb5bb, 0xb5bb, 0xb5bb, 0xb5bb,
0xb5bb, 0xb5bb, 0xb5bb, 0xb5bb, 0xb5bb, 0xb5bb, 0xb5bb, 0xbdd8, 0x8411, 0x422a,
0x4a6b, 0x4aad, 0x4a8e, 0x4a70, 0x5af3, 0x7c16, 0x94b8, 0xb57a, 0xce5d, 0xd69e,
0xa537, 0x528c, 0x2965, 0x5aea, 0xbdd6, 0xfffe, 0xffff, 0xffff, 0xffdf, 0xb556,
0x630c, 0x5aeb, 0xa514, 0xef5d, 0xffff, 0xffff, 0xffff, 0xffff, 0xd6ba, 0x8410,
0x10a2, 0x0000, 0x4208, 0x94b2, 0xb596, 0x94b2, 0x8c71, 0xbdd7, 0xef7d, 0xf79e,
0xc658, 0xad35, 0x9cd3, 0x8c30, 0x6b2d, 0x5a8c, 0x8350, 0xac75, 0xb4b7, 0xb497,
0xb457, 0xb436, 0x9bd3, 0x8372, 0x9bd4, 0xb476, 0xb497, 0xb497, 0xbcb7, 0xc4d8,
0xc4d8, 0xc4f8, 0xc519, 0xc539, 0xcd79, 0xd59a, 0xd5ba, 0xd5fa, 0xd5da, 0xd5ba,

0xb4b4, 0x8b6f, 0x5a6a, 0x6b6d, 0x8c71, 0xad55, 0xbdd7, 0xce79, 0xef5d, 0xffdf,
0xffff, 0xffff, 0xffff, 0xffff, 0xffff, 0xffff, 0xffff, 0xffff, 0xffff, 0xffff,
0xf79e, 0xef5d, 0xf79e, 0xffff, 0xef5d, 0x7bef, 0x41e7, 0x8c30, 0xdedb, 0xf7be,
0xffdf, 0xf7be, 0xe71c, 0x8c71, 0x3186, 0x10a3, 0x2125, 0x31c8, 0x3a09, 0x3a09,
0x420a, 0x422a, 0x424b, 0x426b, 0x3a2a, 0x31e8, 0x2987, 0x3a0a, 0x632f, 0x6332,
0x4a51, 0x4212, 0x39f1, 0x318e, 0x316f, 0x3150, 0x290e, 0x39cd, 0x6331, 0x8c75,
0xa579, 0xb59b, 0x9497, 0x6330, 0x422c, 0x4a6d, 0x6310, 0x6b50, 0x5b0d, 0x4a6c,
0x528d, 0x6b51, 0xb5bb, 0xb5bb, 0xb5bb, 0xb5bb, 0xb5bb, 0xb5bb, 0xb5bb, 0xb5bb,
0xb5bb, 0xb5bb, 0xb5bb, 0xb5bb, 0xb5bb, 0xb5bb, 0xb5bb, 0xb5bb, 0xb5bb, 0xb5bb,
0xb5bb, 0xb5bb, 0xb5bb, 0xb5bb, 0xb5bb, 0xb5bb, 0xb5bb, 0xb5bb, 0xb5bb, 0xb5bb,
0xb5bb, 0xb5bb, 0xb5bb, 0xb5bb, 0xb5bb, 0xb5bb, 0xb5bb, 0xb5bb, 0xb5bb, 0xb5bb,
0xb5bb, 0xb5bb, 0xb5bb, 0xb5bb, 0xb5bb, 0xb5bb, 0xb5bb, 0xb5bb, 0xb5bb, 0xb5bb,
0xb5bb, 0xb5bb, 0xb5bb, 0xb5bb, 0xb5bb, 0xb5bb, 0xb5bb, 0xb5bb, 0xb5bb, 0xb5bb,
0xb5bb, 0xb5bb, 0xb5bb, 0xb5bb, 0xb5bb, 0xb5bb, 0xb5bb, 0xb5bb, 0xb5bb, 0xb5bb,
0xb5bb, 0xb5bb, 0xb5bb, 0xb5bb, 0xb5bb, 0xb5bb, 0xb5bb, 0xb5bb, 0xb5bb, 0xb5bb,
0xb5bb, 0xb5bb, 0xb5bb, 0xb5bb, 0xb5bb, 0xb5bb, 0xb5bb, 0xb5bb, 0xb5bb, 0xb5bb,
0xb5bb, 0xb5bb, 0xb5bb, 0xb5bb, 0xb5bb, 0xb5bb, 0xb5bb, 0xb5bb, 0xb5bb, 0xb5bb,
0xb5bb, 0xb5bb, 0xb5bb, 0xb5bb, 0xb5bb, 0xb5bb, 0xb5bb, 0xb5bb, 0xb5bb, 0xb5bb,
0xb5bb, 0xb5bb, 0xb5bb, 0xb5bb, 0xb5bb, 0xb5bb, 0xb5bb, 0xb5bb, 0xb5bb, 0xb5bb,
0xb5bb, 0xb5bb, 0xb5bb, 0xb5bb, 0xb5bb, 0xb5bb, 0xb5bb, 0xb5bb, 0xb5bb, 0xb5bb,
0xb5bb, 0xb5bb, 0xb5bb, 0xb5bb, 0xb5bb, 0xb5bb, 0xb5bb, 0xb5bb, 0xb5bb, 0xb5bb,
0xb5bb, 0xb5bb, 0xb5bb, 0xb5bb, 0xb5bb, 0xb5bb, 0xb5bb, 0xb5bb, 0xb5bb, 0xb5bb,
0xb5bb, 0xb5bb, 0xb5bb, 0xb5bb, 0xb5bb, 0xb5bb, 0xb5bb, 0xb5bb, 0xb5bb, 0xb5bb,
0xb5bb, 0xb5bb, 0xb5bb, 0xb5bb, 0xb5bb, 0xb5bb, 0xb5bb, 0xb5bb, 0xb5bb, 0xb5bb,
0xb5bb, 0xb5bb, 0xb5bb, 0xb5bb, 0xb5bb, 0xb5bb, 0xb5bb, 0xb5db, 0x8434, 0x422b,
0x420a, 0x426b, 0x4a8e, 0x4a90, 0x5ad1, 0x6bb3, 0x8456, 0xad7a, 0xce5e, 0xad59,
0x632f, 0x31a7, 0x5aeb, 0xbdf7, 0xffde, 0xffff, 0xef7d, 0xe71c, 0xe73c, 0xd6da,
0xbdf6, 0xb596, 0xd69a, 0xf7be, 0xffff, 0xffff, 0xffff, 0xf7be, 0xb596, 0x4a49,
0x0000, 0x1082, 0x8430, 0xef7d, 0xf7be, 0xad75, 0x632c, 0x7bef, 0xd6ba, 0xffff,
0xdefb, 0xbdb7, 0xa4f4, 0x8c51, 0x738e, 0x630d, 0x732f, 0x9c13, 0xbc97, 0xbc97,
0xb456, 0xb456, 0xac16, 0xa416, 0xac57, 0xb4b7, 0xbcb7, 0xbcb7, 0xbcd8, 0xc4f8,
0xc4d8, 0xc4f8, 0xc519, 0xc539, 0xcd79, 0xcd99, 0xcdb9, 0xcdb9, 0xcd99, 0xc578,

0xac53, 0x7b0d, 0x5a8b, 0x7c30, 0x94d3, 0xa534, 0xc638, 0xe71c, 0xffdf, 0xffff,
0xffff, 0xffff, 0xffff, 0xffff, 0xffff, 0xffff, 0xffff, 0xffff, 0xef7d, 0xce59,
0xad75, 0xa514, 0xad75, 0xdedb, 0xffff, 0xbdf7, 0x8451, 0xce9a, 0xffff, 0xffff,
0xffff, 0xffff, 0xffff, 0xe73c, 0x9471, 0x3166, 0x1083, 0x2967, 0x31e9, 0x39e9,
0x420a, 0x422a, 0x424a, 0x424b, 0x3a0a, 0x31e8, 0x2987, 0x320a, 0x5b0f, 0x6332,
0x4a51, 0x4212, 0x39f1, 0x318e, 0x316f, 0x3150, 0x290e, 0x39cd, 0x6b51, 0x8c95,
0xa539, 0xa53a, 0x94b8, 0x7bf5, 0x5b11, 0x52d1, 0x6b74, 0x7c14, 0x73b1, 0x528c,
0x4a6c, 0x6330, 0xb5bb, 0xb5bb, 0xb5bb, 0xb5bb, 0xb5bb, 0xb5bb, 0xb5bb, 0xb5bb,
0xb5bb, 0xb5bb, 0xb5bb, 0xb5bb, 0xb5bb, 0xb5bb, 0xb5bb, 0xb5bb, 0xb5bb, 0xb5bb,
0xb5bb, 0xb5bb, 0xb5bb, 0xb5bb, 0xb5bb, 0xb5bb, 0xb5bb, 0xb5bb, 0xb5bb, 0xb5bb,
0xb5bb, 0xb5bb, 0xb5bb, 0xb5bb, 0xb5bb, 0xb5bb, 0xb5bb, 0xb5bb, 0xb5bb, 0xb5bb,
0xb5bb, 0xb5bb, 0xb5bb, 0xb5bb, 0xb5bb, 0xb5bb, 0xb5bb, 0xb5bb, 0xb5bb, 0xb5bb,
0xb5bb, 0xb5bb, 0xb5bb, 0xb5bb, 0xb5bb, 0xb5bb, 0xb5bb, 0xb5bb, 0xb5bb, 0xb5bb,
0xb5bb, 0xb5bb, 0xb5bb, 0xb5bb, 0xb5bb, 0xb5bb, 0xb5bb, 0xb5bb, 0xb5bb, 0xb5bb,
0xb5bb, 0xb5bb, 0xb5bb, 0xb5bb, 0xb5bb, 0xb5bb, 0xb5bb, 0xb5bb, 0xb5bb, 0xb5bb,
0xb5bb, 0xb5bb, 0xb5bb, 0xb5bb, 0xb5bb, 0xb5bb, 0xb5bb, 0xb5bb, 0xb5bb, 0xb5bb,
0xb5bb, 0xb5bb, 0xb5bb, 0xb5bb, 0xb5bb, 0xb5bb, 0xb5bb, 0xb5bb, 0xb5bb, 0xb5bb,
0xb5bb, 0xb5bb, 0xb5bb, 0xb5bb, 0xb5bb, 0xb5bb, 0xb5bb, 0xb5bb, 0xb5bb, 0xb5bb,
0xb5bb, 0xb5bb, 0xb5bb, 0xb5bb, 0xb5bb, 0xb5bb, 0xb5bb, 0xb5bb, 0xb5bb, 0xb5bb,
0xb5bb, 0xb5bb, 0xb5bb, 0xb5bb, 0xb5bb, 0xb5bb, 0xb5bb, 0xb5bb, 0xb5bb, 0xb5bb,
0xb5bb, 0xb5bb, 0xb5bb, 0xb5bb, 0xb5bb, 0xb5bb, 0xb5bb, 0xb5bb, 0xb5bb, 0xb5bb,
0xb5bb, 0xb5bb, 0xb5bb, 0xb5bb, 0xb5bb, 0xb5bb, 0xb5bb, 0xb5bb, 0xb5bb, 0xb5bb,
0xb5bb, 0xb5bb, 0xb5bb, 0xb5bb, 0xb5bb, 0xb5bb, 0xb5bb, 0xb5bb, 0xb5bb, 0xb5bb,
0xb5bb, 0xb5bb, 0xb5bb, 0xb5bb, 0xb5bb, 0xb5bb, 0xb5bb, 0xb5bb, 0xb5bb, 0xb5bb,
0xb5bb, 0xb5bb, 0xb5bb, 0xb5bb, 0xb5bb, 0xb5bb, 0xb5bb, 0xb59b, 0x8c75, 0x52ad,
0x420a, 0x3a0a, 0x4a6c, 0x52af, 0x52f1, 0x6373, 0x7c15, 0xad3a, 0xbdfc, 0x8435,
0x422a, 0x4228, 0x94b2, 0xf7be, 0xffff, 0xe71c, 0xad75, 0x9492, 0x9cf3, 0xb5b6,
0xc638, 0xd69a, 0xef5d, 0xffdf, 0xffff, 0xffff, 0xffff, 0xef5d, 0x9cd3, 0x3186,
0x0000, 0x2104, 0x7bef, 0xc618, 0xb596, 0x6b4d, 0x39c7, 0x632c, 0xce79, 0xffff,
0xef5d, 0xc618, 0xad55, 0x8c91, 0x73ce, 0x634d, 0x6b0e, 0x8b92, 0xb497, 0xbc97,
0xb456, 0xbc76, 0xbc97, 0xbc77, 0xbc97, 0xbcb7, 0xbcb8, 0xbcd8, 0xc4f8, 0xc4d8,
0xc4d8, 0xc4d8, 0xc518, 0xc559, 0xcd79, 0xcd79, 0xcd99, 0xcd99, 0xc558, 0xbd17,

0x9c12, 0x730d, 0x5acb, 0x8471, 0x9d13, 0xad55, 0xd679, 0xf79e, 0xffff, 0xffff,
0xffff, 0xffff, 0xffff, 0xffff, 0xffdf, 0xffff, 0xffff, 0xdedb, 0x9cd3, 0x5aeb,
0x52aa, 0x7bcf, 0x8c51, 0xa534, 0xd6ba, 0xc638, 0xbdd7, 0xef5d, 0xffdf, 0xffdf,
0xffdf, 0xffdf, 0xf79d, 0xffff, 0xdedb, 0x630b, 0x10a3, 0x2106, 0x3188, 0x39e9,
0x3a09, 0x4229, 0x422a, 0x422b, 0x39ea, 0x31c8, 0x2987, 0x320a, 0x5b0f, 0x5b32,
0x4a51, 0x4212, 0x39f1, 0x318e, 0x316f, 0x3150, 0x290e, 0x41cd, 0x7390, 0x9cd6,
0xad5a, 0x9cfa, 0x94b9, 0x8458, 0x6375, 0x52f3, 0x5b12, 0x6bb3, 0x7391, 0x4a8b,
0x4a4b, 0x62ee, 0xb5bb, 0xb5bb, 0xb5bb, 0xb5bb, 0xb5bb, 0xb5bb, 0xb5bb, 0xb5bb,
0xb5bb, 0xb5bb, 0xb5bb, 0xb5bb, 0xb5bb, 0xb5bb, 0xb5bb, 0xb5bb, 0xb5bb, 0xb5bb,
0xb5bb, 0xb5bb, 0xb5bb, 0xb5bb, 0xb5bb, 0xb5bb, 0xb5bb, 0xb5bb, 0xb5bb, 0xb5bb,
0xb5bb, 0xb5bb, 0xb5bb, 0xb5bb, 0xb5bb, 0xb5bb, 0xb5bb, 0xb5bb, 0xb5bb, 0xb5bb,
0xb5bb, 0xb5bb, 0xb5bb, 0xb5bb, 0xb5bb, 0xb5bb, 0xb5bb, 0xb5bb, 0xb5bb, 0xb5bb,
0xb5bb, 0xb5bb, 0xb5bb, 0xb5bb, 0xb5bb, 0xb5bb, 0xb5bb, 0xb5bb, 0xb5bb, 0xb5bb,
0xb5bb, 0xb5bb, 0xb5bb, 0xb5bb, 0xb5bb, 0xb5bb, 0xb5bb, 0xb5bb, 0xb5bb, 0xb5bb,
0xb5bb, 0xb5bb, 0xb5bb, 0xb5bb, 0xb5bb, 0xb5bb, 0xb5bb, 0xb5bb, 0xb5bb, 0xb5bb,
0xb5bb, 0xb5bb, 0xb5bb, 0xb5bb, 0xb5bb, 0xb5bb, 0xb5bb, 0xb5bb, 0xb5bb, 0xb5bb,
0xb5bb, 0xb5bb, 0xb5bb, 0xb5bb, 0xb5bb, 0xb5bb, 0xb5bb, 0xb5bb, 0xb5bb, 0xb5bb,
0xb5bb, 0xb5bb, 0xb5bb, 0xb5bb, 0xb5bb, 0xb5bb, 0xb5bb, 0xb5bb, 0xb5bb, 0xb5bb,
0xb5bb, 0xb5bb, 0xb5bb, 0xb5bb, 0xb5bb, 0xb5bb, 0xb5bb, 0xb5bb, 0xb5bb, 0xb5bb,
0xb5bb, 0xb5bb, 0xb5bb, 0xb5bb, 0xb5bb, 0xb5bb, 0xb5bb, 0xb5bb, 0xb5bb, 0xb5bb,
0xb5bb, 0xb5bb, 0xb5bb, 0xb5bb, 0xb5bb, 0xb5bb, 0xb5bb, 0xb5bb, 0xb5bb, 0xb5bb,
0xb5bb, 0xb5bb, 0xb5bb, 0xb5bb, 0xb5bb, 0xb5bb, 0xb5bb, 0xb5bb, 0xb5bb, 0xb5bb,
0xb5bb, 0xb5bb, 0xb5bb, 0xb5bb, 0xb5bb, 0xb5bb, 0xb5bb, 0xb5bb, 0xb5bb, 0xb5bb,
0xb5bb, 0xb5bb, 0xb5bb, 0xb5bb, 0xb5bb, 0xb5bb, 0xb5bb, 0xb5bb, 0xb5bb, 0xb5bb,
0xb5bb, 0xb5bb, 0xb5bb, 0xb5bb, 0xb5bb, 0xb5bb, 0xb5bb, 0xb5bb, 0x94b7, 0x632f,
0x4a4b, 0x39c8, 0x39e9, 0x4a8d, 0x52f0, 0x6353, 0x7bf5, 0x9cf9, 0xad5a, 0x73b2,
0x4229, 0x5aec, 0xb5b6, 0xffff, 0xf79e, 0xb5b6, 0x7bcf, 0x632c, 0x738e, 0x7bcf,
0x94b2, 0xc638, 0xf79e, 0xffff, 0xffff, 0xffdf, 0xffff, 0xf79e, 0xad55, 0x4228,
0x10a2, 0x2945, 0x528a, 0x52aa, 0x2965, 0x0841, 0x2945, 0x8430, 0xe71c, 0xffff,
0xef7d, 0xce59, 0xad95, 0x8cb1, 0x7bef, 0x6b4d, 0x6aee, 0x8b72, 0xb477, 0xbcb7,
0xb476, 0xbc97, 0xbcb7, 0xbcb7, 0xbc97, 0xbcb7, 0xbcd8, 0xbcf8, 0xc4d8, 0xc4d8,
0xc4d8, 0xc4d8, 0xc4f8, 0xc518, 0xcd59, 0xcd59, 0xcd59, 0xc558, 0xbd17, 0xbcb7,

0x93d1, 0x6b0d, 0x5b0b, 0x8c71, 0xa514, 0xb596, 0xd6ba, 0xf79e, 0xffff, 0xffff,
0xffff, 0xffff, 0xffff, 0xffff, 0xffdf, 0xffff, 0xf7be, 0x94b2, 0x2104, 0x0000,
0x31a6, 0xa534, 0xbdd7, 0x9cf3, 0x8c51, 0x8c71, 0xb596, 0xdefb, 0xffdf, 0xffff,
0xffdf, 0xdefb, 0xbdf7, 0xd69a, 0xd6ba, 0x8410, 0x31a7, 0x2105, 0x2967, 0x39e9,
0x3a09, 0x3a09, 0x420a, 0x422a, 0x39e9, 0x3188, 0x2967, 0x320a, 0x5b2f, 0x6332,
0x4a51, 0x4212, 0x39f1, 0x318e, 0x316f, 0x3130, 0x290e, 0x41ed, 0x73b1, 0x9d37,
0xb5bb, 0xad7b, 0x9cb9, 0x8417, 0x6354, 0x52f2, 0x5b12, 0x6b92, 0x6370, 0x4a4b,
0x420a, 0x5ace, 0xb5bb, 0xb5bb, 0xb5bb, 0xb5bb, 0xb5bb, 0xb5bb, 0xb5bb, 0xb5bb,
0xb5bb, 0xb5bb, 0xb5bb, 0xb5bb, 0xb5bb, 0xb5bb, 0xb5bb, 0xb5bb, 0xb5bb, 0xb5bb,
0xb5bb, 0xb5bb, 0xb5bb, 0xb5bb, 0xb5bb, 0xb5bb, 0xb5bb, 0xb5bb, 0xb5bb, 0xb5bb,
0xb5bb, 0xb5bb, 0xb5bb, 0xb5bb, 0xb5bb, 0xb5bb, 0xb5bb, 0xb5bb, 0xb5bb, 0xb5bb,
0xb5bb, 0xb5bb, 0xb5bb, 0xb5bb, 0xb5bb, 0xb5bb, 0xb5bb, 0xb5bb, 0xb5bb, 0xb5bb,
0xb5bb, 0xb5bb, 0xb5bb, 0xb5bb, 0xb5bb, 0xb5bb, 0xb5bb, 0xb5bb, 0xb5bb, 0xb5bb,
0xb5bb, 0xb5bb, 0xb5bb, 0xb5bb, 0xb5bb, 0xb5bb, 0xb5bb, 0xb5bb, 0xb5bb, 0xb5bb,
0xb5bb, 0xb5bb, 0xb5bb, 0xb5bb, 0xb5bb, 0xb5bb, 0xb5bb, 0xb5bb, 0xb5bb, 0xb5bb,
0xb5bb, 0xb5bb, 0xb5bb, 0xb5bb, 0xb5bb, 0xb5bb, 0xb5bb, 0xb5bb, 0xb5bb, 0xb5bb,
0xb5bb, 0xb5bb, 0xb5bb, 0xb5bb, 0xb5bb, 0xb5bb, 0xb5bb, 0xb5bb, 0xb5bb, 0xb5bb,
0xb5bb, 0xb5bb, 0xb5bb, 0xb5bb, 0xb5bb, 0xb5bb, 0xb5bb, 0xb5bb, 0xb5bb, 0xb5bb,
0xb5bb, 0xb5bb, 0xb5bb, 0xb5bb, 0xb5bb, 0xb5bb, 0xb5bb, 0xb5bb, 0xb5bb, 0xb5bb,
0xb5bb, 0xb5bb, 0xb5bb, 0xb5bb, 0xb5bb, 0xb5bb, 0xb5bb, 0xb5bb, 0xb5bb, 0xb5bb,
0xb5bb, 0xb5bb, 0xb5bb, 0xb5bb, 0xb5bb, 0xb5bb, 0xb5bb, 0xb5bb, 0xb5bb, 0xb5bb,
0xb5bb, 0xb5bb, 0xb5bb, 0xb5bb, 0xb5bb, 0xb5bb, 0xb5bb, 0xb5bb, 0xb5bb, 0xb5bb,
0xb5bb, 0xb5bb, 0xb5bb, 0xb5bb, 0xb5bb, 0xb5bb, 0xb5bb, 0xb5bb, 0xb5bb, 0xb5bb,
0xb5bb, 0xb5bb, 0xb5bb, 0xb5bb, 0xb5bb, 0xb5bb, 0xb5bb, 0xb5bb, 0xb5bb, 0xb5bb,
0xb5bb, 0xb5bb, 0xb5bb, 0xb5bb, 0xb5bb, 0xb5bb, 0xb5bb, 0xb5bb, 0x9497, 0x630f,
0x4a6b, 0x31e8, 0x31e8, 0x4a4b, 0x5acf, 0x6b52, 0x7bf5, 0x94b8, 0x9cd8, 0x6b70,
0x528a, 0x6b6d, 0xc618, 0xffff, 0xdedb, 0x8c71, 0x5aeb, 0x5aab, 0x5aeb, 0x528a,
0x738e, 0xbdf7, 0xf79e, 0xffff, 0xffff, 0xffdf, 0xffff, 0xffff, 0xd69a, 0x8410,
0x4a49, 0x39c7, 0x39c7, 0x18e3, 0x0000, 0x0841, 0x5acb, 0xc618, 0xf7be, 0xffff,
0xef7d, 0xce79, 0xad75, 0x94b2, 0x83f0, 0x734e, 0x6aed, 0x8b71, 0xbc76, 0xbcd8,
0xb497, 0xbc97, 0xbc97, 0xbcb7, 0xbcd8, 0xbcf8, 0xbcf8, 0xc4d8, 0xc4f8, 0xc4f8,
0xc4d8, 0xc4f8, 0xc4d8, 0xc4f8, 0xc538, 0xc538, 0xc538, 0xc4f8, 0xb4b6, 0xac55,

0x93b0, 0x732d, 0x634c, 0x8c71, 0xa4f4, 0xb596, 0xd6ba, 0xf79e, 0xffff, 0xffff,
0xffff, 0xffff, 0xffff, 0xffff, 0xffff, 0xffff, 0xdedb, 0x630c, 0x0000, 0x0000,
0x6b4d, 0xf7be, 0xffff, 0xbdf7, 0x4a69, 0x4a69, 0xad55, 0xe71c, 0xffff, 0xffff,
0xce79, 0x9492, 0x73ae, 0x8c71, 0xad54, 0x8430, 0x4a49, 0x2105, 0x2106, 0x31a8,
0x39c9, 0x39e9, 0x3a0a, 0x422a, 0x39e9, 0x3188, 0x2967, 0x320a, 0x5b2f, 0x6332,
0x4a51, 0x4212, 0x39f1, 0x318e, 0x316f, 0x3130, 0x290e, 0x41ed, 0x73b1, 0xa557,
0xbdfb, 0xb5db, 0xa51a, 0x8c78, 0x73b5, 0x6353, 0x6374, 0x7c14, 0x73d1, 0x4a4b,
0x39ea, 0x4aad, 0xb5bb, 0xb5bb, 0xb5bb, 0xb5bb, 0xb5bb, 0xb5bb, 0xb5bb, 0xb5bb,
0xb5bb, 0xb5bb, 0xb5bb, 0xb5bb, 0xb5bb, 0xb5bb, 0xb5bb, 0xb5bb, 0xb5bb, 0xb5bb,
0xb5bb, 0xb5bb, 0xb5bb, 0xb5bb, 0xb5bb, 0xb5bb, 0xb5bb, 0xb5bb, 0xb5bb, 0xb5bb,
0xb5bb, 0xb5bb, 0xb5bb, 0xb5bb, 0xb5bb, 0xb5bb, 0xb5bb, 0xb5bb, 0xb5bb, 0xb5bb,
0xb5bb, 0xb5bb, 0xb5bb, 0xb5bb, 0xb5bb, 0xb5bb, 0xb5bb, 0xb5bb, 0xb5bb, 0xb5bb,
0xb5bb, 0xb5bb, 0xb5bb, 0xb5bb, 0xb5bb, 0xb5bb, 0xb5bb, 0xb5bb, 0xb5bb, 0xb5bb,
0xb5bb, 0xb5bb, 0xb5bb, 0xb5bb, 0xb5bb, 0xb5bb, 0xb5bb, 0xb5bb, 0xb5bb, 0xb5bb,
0xb5bb, 0xb5bb, 0xb5bb, 0xb5bb, 0xb5bb, 0xb5bb, 0xb5bb, 0xb5bb, 0xb5bb, 0xb5bb,
0xb5bb, 0xb5bb, 0xb5bb, 0xb5bb, 0xb5bb, 0xb5bb, 0xb5bb, 0xb5bb, 0xb5bb, 0xb5bb,
0xb5bb, 0xb5bb, 0xb5bb, 0xb5bb, 0xb5bb, 0xb5bb, 0xb5bb, 0xb5bb, 0xb5bb, 0xb5bb,
0xb5bb, 0xb5bb, 0xb5bb, 0xb5bb, 0xb5bb, 0xb5bb, 0xb5bb, 0xb5bb, 0xb5bb, 0xb5bb,
0xb5bb, 0xb5bb, 0xb5bb, 0xb5bb, 0xb5bb, 0xb5bb, 0xb5bb, 0xb5bb, 0xb5bb, 0xb5bb,
0xb5bb, 0xb5bb, 0xb5bb, 0xb5bb, 0xb5bb, 0xb5bb, 0xb5bb, 0xb5bb, 0xb5bb, 0xb5bb,
0xb5bb, 0xb5bb, 0xb5bb, 0xb5bb, 0xb5bb, 0xb5bb, 0xb5bb, 0xb5bb, 0xb5bb, 0xb5bb,
0xb5bb, 0xb5bb, 0xb5bb, 0xb5bb, 0xb5bb, 0xb5bb, 0xb5bb, 0xb5bb, 0xb5bb, 0xb5bb,
0xb5bb, 0xb5bb, 0xb5bb, 0xb5bb, 0xb5bb, 0xb5bb, 0xb5bb, 0xb5bb, 0xb5bb, 0xb5bb,
0xb5bb, 0xb5bb, 0xb5bb, 0xb5bb, 0xb5bb, 0xb5bb, 0xb5bb, 0xb5bb, 0xb5bb, 0xb5bb,
0xb5bb, 0xb5bb, 0xb5bb, 0xb5bb, 0xb5bb, 0xb5bb, 0xb5bb, 0xb5bb, 0x8434, 0x422b,
0x39c9, 0x424a, 0x52cd, 0x52ad, 0x5aae, 0x6b51, 0x8435, 0x9cd8, 0x9497, 0x6b50,
0x528b, 0x73ae, 0xc638, 0xffff, 0xe71c, 0x9492, 0x4a49, 0x2124, 0x2104, 0x3186,
0x6b6d, 0xc618, 0xf79e, 0xffff, 0xffff, 0xffdf, 0xffff, 0xffff, 0xffdf, 0xd6ba,
0x8c51, 0x4228, 0x2104, 0x10a2, 0x3186, 0x632c, 0xb5b6, 0xf7be, 0xffff, 0xffdf,
0xef5d, 0xce79, 0xad75, 0x8cb1, 0x7bef, 0x6b6d, 0x6aed, 0x8b71, 0xb476, 0xc4d8,
0xbc97, 0xbc97, 0xbc97, 0xbcb7, 0xbcd8, 0xbcf8, 0xbcf8, 0xc4d8, 0xc4f8, 0xc4f8,
0xc4d8, 0xc4d8, 0xc4f8, 0xc518, 0xc538, 0xc518, 0xc4f7, 0xb496, 0xa414, 0x9392,

0x9390, 0x72ed, 0x630c, 0x8c71, 0xa514, 0xb596, 0xd6ba, 0xf79e, 0xffff, 0xffff,
0xffff, 0xffff, 0xffdf, 0xffff, 0xffff, 0xffdf, 0xc638, 0x4228, 0x0000, 0x10a2,
0x7bcf, 0xc638, 0xc638, 0x8410, 0x18c3, 0x3186, 0xa514, 0xe71c, 0xffff, 0xffff,
0x8c71, 0x4a49, 0x73af, 0x7bef, 0x632c, 0x738d, 0x52ab, 0x2125, 0x2105, 0x31a8,
0x31c8, 0x31c9, 0x39e9, 0x420a, 0x41e9, 0x3188, 0x2167, 0x320a, 0x5b0f, 0x5b32,
0x4a51, 0x4212, 0x39f1, 0x318e, 0x316f, 0x3130, 0x290d, 0x41ed, 0x7bd1, 0xad57,
0xc61b, 0xbdfc, 0xad5b, 0x9cd9, 0x8436, 0x6394, 0x5b33, 0x7c15, 0x8c74, 0x630e,
0x424b, 0x4a6c, 0xb5bb, 0xb5bb, 0xb5bb, 0xb5bb, 0xb5bb, 0xb5bb, 0xb5bb, 0xb5bb,
0xb5bb, 0xb5bb, 0xb5bb, 0xb5bb, 0xb5bb, 0xb5bb, 0xb5bb, 0xb5bb, 0xb5bb, 0xb5bb,
0xb5bb, 0xb5bb, 0xb5bb, 0xb5bb, 0xb5bb, 0xb5bb, 0xb5bb, 0xb5bb, 0xb5bb, 0xb5bb,
0xb5bb, 0xb5bb, 0xb5bb, 0xb5bb, 0xb5bb, 0xb5bb, 0xb5bb, 0xb5bb, 0xb5bb, 0xb5bb,
0xb5bb, 0xb5bb, 0xb5bb, 0xb5bb, 0xb5bb, 0xb5bb, 0xb5bb, 0xb5bb, 0xb5bb, 0xb5bb,
0xb5bb, 0xb5bb, 0xb5bb, 0xb5bb, 0xb5bb, 0xb5bb, 0xb5bb, 0xb5bb, 0xb5bb, 0xb5bb,
0xb5bb, 0xb5bb, 0xb5bb, 0xb5bb, 0xb5bb, 0xb5bb, 0xb5bb, 0xb5bb, 0xb5bb, 0xb5bb,
0xb5bb, 0xb5bb, 0xb5bb, 0xb5bb, 0xb5bb, 0xb5bb, 0xb5bb, 0xb5bb, 0xb5bb, 0xb5bb,
0xb5bb, 0xb5bb, 0xb5bb, 0xb5bb, 0xb5bb, 0xb5bb, 0xb5bb, 0xb5bb, 0xb5bb, 0xb5bb,
0xb5bb, 0xb5bb, 0xb5bb, 0xb5bb, 0xb5bb, 0xb5bb, 0xb5bb, 0xb5bb, 0xb5bb, 0xb5bb,
0xb5bb, 0xb5bb, 0xb5bb, 0xb5bb, 0xb5bb, 0xb5bb, 0xb5bb, 0xb5bb, 0xb5bb, 0xb5bb,
0xb5bb, 0xb5bb, 0xb5bb, 0xb5bb, 0xb5bb, 0xb5bb, 0xb5bb, 0xb5bb, 0xb5bb, 0xb5bb,
0xb5bb, 0xb5bb, 0xb5bb, 0xb5bb, 0xb5bb, 0xb5bb, 0xb5bb, 0xb5bb, 0xb5bb, 0xb5bb,
0xb5bb, 0xb5bb, 0xb5bb, 0xb5bb, 0xb5bb, 0xb5bb, 0xb5bb, 0xb5bb, 0xb5bb, 0xb5bb,
0xb5bb, 0xb5bb, 0xb5bb, 0xb5bb, 0xb5bb, 0xb5bb, 0xb5bb, 0xb5bb, 0xb5bb, 0xb5bb,
0xb5bb, 0xb5bb, 0xb5bb, 0xb5bb, 0xb5bb, 0xb5bb, 0xb5bb, 0xb5bb, 0xb5bb, 0xb5bb,
0xb5bb, 0xb5bb, 0xb5bb, 0xb5bb, 0xb5bb, 0xb5bb, 0xb5bb, 0xb5bb, 0xb5bb, 0xb5bb,
0xb5bb, 0xb5bb, 0xb5bb, 0xb5bb, 0xb5bb, 0xb5bb, 0xb5bb, 0xb5bc, 0x7bf3, 0x31a8,
0x31a9, 0x52cd, 0x6bb1, 0x6370, 0x5b0f, 0x6b51, 0x8415, 0x9cb8, 0x94b8, 0x6b51,
0x4a6b, 0x6b6d, 0xbdf7, 0xffff, 0xf7be, 0xbdd7, 0x6b4d, 0x2965, 0x2945, 0x528a,
0x8c71, 0xce59, 0xef7d, 0xffdf, 0xffff, 0xffff, 0xffff, 0xffdf, 0xffff, 0xffff,
0xdedb, 0xad75, 0x9492, 0x9cd3, 0xb5b6, 0xd6ba, 0xf79e, 0xffff, 0xffff, 0xf7be,
0xe71c, 0xce39, 0xad75, 0x8c91, 0x73ae, 0x630c, 0x6aed, 0x8b91, 0xb476, 0xbcb8,
0xb497, 0xbc97, 0xbc97, 0xbc97, 0xbcd8, 0xbcf8, 0xbcd8, 0xbcd8, 0xc4d8, 0xbcd8,
0xbcd8, 0xc4f8, 0xc518, 0xc538, 0xc4f8, 0xb4b6, 0xa434, 0x8b91, 0x72ee, 0x62ac,

0x93b0, 0x6acc, 0x5aab, 0x8c51, 0xa514, 0xad75, 0xd69a, 0xf79e, 0xffff, 0xffff,
0xffff, 0xffff, 0xffff, 0xffff, 0xffff, 0xffdf, 0xd6ba, 0x4a69, 0x0020, 0x39e7,
0x5aeb, 0x4208, 0x39e7, 0x18e3, 0x1082, 0x4a49, 0xad55, 0xe71c, 0xffff, 0xffff,
0x738e, 0x2945, 0x738e, 0x6b4d, 0x39e7, 0x52aa, 0x526a, 0x2125, 0x2106, 0x31a8,
0x29c8, 0x31c8, 0x39c9, 0x420a, 0x39e9, 0x3188, 0x2947, 0x31ea, 0x5b2f, 0x6332,
0x4a51, 0x4212, 0x39f1, 0x31ae, 0x316f, 0x3130, 0x28ee, 0x41ed, 0x8412, 0xb5b8,
0xce5c, 0xc63d, 0xb5bc, 0xa55a, 0x94b8, 0x6b95, 0x4ab2, 0x6bb4, 0x9496, 0x73b1,
0x52ad, 0x4a4c, 0xb5bb, 0xb5bb, 0xb5bb, 0xb5bb, 0xb5bb, 0xb5bb, 0xb5bb, 0xb5bb,
0xb5bb, 0xb5bb, 0xb5bb, 0xb5bb, 0xb5bb, 0xb5bb, 0xb5bb, 0xb5bb, 0xb5bb, 0xb5bb,
0xb5bb, 0xb5bb, 0xb5bb, 0xb5bb, 0xb5bb, 0xb5bb, 0xb5bb, 0xb5bb, 0xb5bb, 0xb5bb,
0xb5bb, 0xb5bb, 0xb5bb, 0xb5bb, 0xb5bb, 0xb5bb, 0xb5bb, 0xb5bb, 0xb5bb, 0xb5bb,
0xb5bb, 0xb5bb, 0xb5bb, 0xb5bb, 0xb5bb, 0xb5bb, 0xb5bb, 0xb5bb, 0xb5bb, 0xb5bb,
0xb5bb, 0xb5bb, 0xb5bb, 0xb5bb, 0xb5bb, 0xb5bb, 0xb5bb, 0xb5bb, 0xb5bb, 0xb5bb,
0xb5bb, 0xb5bb, 0xb5bb, 0xb5bb, 0xb5bb, 0xb5bb, 0xb5bb, 0xb5bb, 0xb5bb, 0xb5bb,
0xb5bb, 0xb5bb, 0xb5bb, 0xb5bb, 0xb5bb, 0xb5bb, 0xb5bb, 0xb5bb, 0xb5bb, 0xb5bb,
0xb5bb, 0xb5bb, 0xb5bb, 0xb5bb, 0xb5bb, 0xb5bb, 0xb5bb, 0xb5bb, 0xb5bb, 0xb5bb,
0xb5bb, 0xb5bb, 0xb5bb, 0xb5bb, 0xb5bb, 0xb5bb, 0xb5bb, 0xb5bb, 0xb5bb, 0xb5bb,
0xb5bb, 0xb5bb, 0xb5bb, 0xb5bb, 0xb5bb, 0xb5bb, 0xb5bb, 0xb5bb, 0xb5bb, 0xb5bb,
0xb5bb, 0xb5bb, 0xb5bb, 0xb5bb, 0xb5bb, 0xb5bb, 0xb5bb, 0xb5bb, 0xb5bb, 0xb5bb,
0xb5bb, 0xb5bb, 0xb5bb, 0xb5bb, 0xb5bb, 0xb5bb, 0xb5bb, 0xb5bb, 0xb5bb, 0xb5bb,
0xb5bb, 0xb5bb, 0xb5bb, 0xb5bb, 0xb5bb, 0xb5bb, 0xb5bb, 0xb5bb, 0xb5bb, 0xb5bb,
0xb5bb, 0xb5bb, 0xb5bb, 0xb5bb, 0xb5bb, 0xb5bb, 0xb5bb, 0xb5bb, 0xb5bb, 0xb5bb,
0xb5bb, 0xb5bb, 0xb5bb, 0xb5bb, 0xb5bb, 0xb5bb, 0xb5bb, 0xb5bb, 0xb5bb, 0xb5bb,
0xb5bb, 0xb5bb, 0xb5bb, 0xb5bb, 0xb5bb, 0xb5bb, 0xb5bb, 0xb5bb, 0xb5bb, 0xb5bb,
0xb5bb, 0xb5bb, 0xb5bb, 0xb5bb, 0xb5bb, 0xb5bb, 0xb5bb, 0xb59a, 0x7bd2, 0x39c9,
0x3a0b, 0x4a8e, 0x5b10, 0x5b31, 0x6331, 0x6b52, 0x7bf5, 0x94b9, 0x9cfa, 0x6b72,
0x4209, 0x52ab, 0xa514, 0xf79e, 0xffff, 0xe73c, 0xb596, 0x8c51, 0x8c71, 0xad75,
0xc618, 0xce79, 0xdefb, 0xf79e, 0xffff, 0xffff, 0xffff, 0xffff, 0xffdf, 0xffff,
0xffff, 0xffff, 0xffff, 0xffff, 0xffff, 0xffff, 0xffff, 0xffff, 0xffdf, 0xef7d,
0xd6ba, 0xbdd7, 0xa534, 0x8c71, 0x736e, 0x62ac, 0x72ee, 0x9bd3, 0xbc97, 0xbcb8,
0xb497, 0xbc97, 0xbc97, 0xbcb7, 0xbcb8, 0xbcd8, 0xbcf8, 0xbcd8, 0xbcf8, 0xbcf8,
0xbcd8, 0xbcd8, 0xb4b7, 0xb475, 0xa413, 0x8b92, 0x7b10, 0x6a6d, 0x624c, 0x624c,

0x9bd1, 0x72cc, 0x5a6a, 0x8410, 0x9cd3, 0xad55, 0xc638, 0xe71c, 0xf7be, 0xffff,
0xffff, 0xffff, 0xffff, 0xffff, 0xffdf, 0xffff, 0xffdf, 0x8410, 0x3186, 0x5acb,
0x0000, 0x0000, 0x0000, 0x0000, 0x0000, 0x0000, 0x0000, 0x0000, 0x0000, 0x0000,
0x0000, 0x0000, 0x0000, 0x0000, 0x0000, 0x0000, 0x0000, 0x0000, 0x0000, 0x0000,
0x0000, 0x0000, 0x0000, 0x0000, 0x0000, 0x0000, 0x0000, 0x0000, 0x0000, 0x0000,
0x0000, 0x0000, 0x0000, 0x31ef, 0x3190, 0x3131, 0x28ee, 0x420d, 0x8432, 0xbe19,
0xdedd, 0xd69e, 0xbe1c, 0xadbb, 0x9cfa, 0x7bd6, 0x52d2, 0x6374, 0x7c35, 0x6b71,
0x52ad, 0x4a4c, 0xb5bb, 0xb5bb, 0xb5bb, 0xb5bb, 0xb5bb, 0xb5bb, 0xb5bb, 0xb5bb,
0xb5bb, 0xb5bb, 0xb5bb, 0xb5bb, 0xb5bb, 0xb5bb, 0xb5bb, 0xb5bb, 0xb5bb, 0xb5bb,
0xb5bb, 0xb5bb, 0xb5bb, 0xb5bb, 0xb5bb, 0xb5bb, 0xb5bb, 0xb5bb, 0xb5bb, 0xb5bb,
0xb5bb, 0xb5bb, 0xb5bb, 0xb5bb, 0xb5bb, 0xb5bb, 0xb5bb, 0xb5bb, 0xb5bb, 0xb5bb,
0xb5bb, 0xb5bb, 0xb5bb, 0xb5bb, 0xb5bb, 0xb5bb, 0xb5bb, 0xb5bb, 0xb5bb, 0xb5bb,
0xb5bb, 0xb5bb, 0xb5bb, 0xb5bb, 0xb5bb, 0xb5bb, 0xb5bb, 0xb5bb, 0xb5bb, 0xb5bb,
0xb5bb, 0xb5bb, 0xb5bb, 0xb5bb, 0xb5bb, 0xb5bb, 0xb5bb, 0xb5bb, 0xb5bb, 0xb5bb,
0xb5bb, 0xb5bb, 0xb5bb, 0xb5bb, 0xb5bb, 0xb5bb, 0xb5bb, 0xb5bb, 0xb5bb, 0xb5bb,
0xb5bb, 0xb5bb, 0xb5bb, 0xb5bb, 0xb5bb, 0xb5bb, 0xb5bb, 0xb5bb, 0xb5bb, 0xb5bb,
0xb5bb, 0xb5bb, 0xb5bb, 0xb5bb, 0xb5bb, 0xb5bb, 0xb5bb, 0xb5bb, 0xb5bb, 0xb5bb,
0xb5bb, 0xb5bb, 0xb5bb, 0xb5bb, 0xb5bb, 0xb5bb, 0xb5bb, 0xb5bb, 0xb5bb, 0xb5bb,
0xb5bb, 0xb5bb, 0xb5bb, 0xb5bb, 0xb5bb, 0xb5bb, 0xb5bb, 0xb5bb, 0xb5bb, 0xb5bb,
0xb5bb, 0xb5bb, 0xb5bb, 0xb5bb, 0xb5bb, 0xb5bb, 0xb5bb, 0xb5bb, 0xb5bb, 0xb5bb,
0xb5bb, 0xb5bb, 0xb5bb, 0xb5bb, 0xb5bb, 0xb5bb, 0xb5bb, 0xb5bb, 0xb5bb, 0xb5bb,
0xb5bb, 0xb5bb, 0xb5bb, 0xb5bb, 0xb5bb, 0xb5bb, 0xb5bb, 0xb5bb, 0xb5bb, 0xb5bb,
0xb5bb, 0xb5bb, 0xb5bb, 0xb5bb, 0xb5bb, 0xb5bb, 0xb5bb, 0xb5bb, 0xb5bb, 0xb5bb,
0xb5bb, 0xb5bb, 0xb5bb, 0xb5bb, 0xb5bb, 0xb5bb, 0xb5bb, 0xb5bb, 0xb5bb, 0xb5bb,
0xb5bb, 0xb5bb, 0xb5bb, 0xb5bb, 0xb5bb, 0xb5bb, 0xb5bb, 0xa536, 0x73b0, 0x422b,
0x424d, 0x320d, 0x31cd, 0x422f, 0x52b1, 0x6b53, 0x73f5, 0x94d9, 0xad5b, 0x7bd4,
0x420a, 0x4208, 0x7bef, 0xce79, 0xffdf, 0xffff, 0xffdf, 0xf79e, 0xf7be, 0xffff,
0xdefb, 0xb5b6, 0xbdd7, 0xdefb, 0xffdf, 0xffff, 0xffff, 0xffff, 0xffff, 0xffff,
0xffff, 0xffff, 0xffff, 0xffff, 0xffff, 0xffff, 0xffff, 0xffff, 0xf7be, 0xe73c,
0xce59, 0xad75, 0x9cd3, 0x8430, 0x632c, 0x5a4b, 0x7aef, 0xac15, 0xbc97, 0xbc97,
0xb457, 0xb457, 0xb477, 0xbcb7, 0xbc97, 0xbcb7, 0xbcd7, 0xbcf8, 0xbcf8, 0xbcd8,
0xbcd8, 0xb4b7, 0xa414, 0x8b71, 0x72ee, 0x6a6d, 0x6a4e, 0x726e, 0x82b0, 0x8ad1,

0xa3d2, 0x7acd, 0x5a4a, 0x6bad, 0x8c91, 0xa534, 0xbdd7, 0xce79, 0xef5d, 0xffdf,
0xffff, 0xffff, 0xffdf, 0xffff, 0xffdf, 0xffff, 0xffff, 0xd6ba, 0x94b2, 0x52aa,
0x0000, 0xb5bb, 0xb5bb, 0xb5bb, 0xb5bb, 0xb5bb, 0xb5bb, 0xb5bb, 0xb5bb, 0xb5bb,
0xb5bb, 0xb5bb, 0xb5bb, 0xb5bb, 0xb5bb, 0xb5bb, 0xb5bb, 0xb5bb, 0xb5bb, 0xb5bb,
0xb5bb, 0xb5bb, 0xb5bb, 0xb5bb, 0xb5bb, 0xb5bb, 0xb5bb, 0xb5bb, 0xb5bb, 0xb5bb,
0xb5bb, 0xb5bb, 0x0000, 0x31af, 0x3190, 0x3151, 0x210d, 0x3a0d, 0x8432, 0xc5f9,
0xdefd, 0xd6de, 0xc65d, 0xb5bb, 0x9cfa, 0x7bf6, 0x5b13, 0x6394, 0x73f4, 0x5aee,
0x4a2b, 0x422c, 0xb5bb, 0xb5bb, 0xb5bb, 0xb5bb, 0xb5bb, 0xb5bb, 0xb5bb, 0xb5bb,
0xb5bb, 0xb5bb, 0xb5bb, 0xb5bb, 0xb5bb, 0xb5bb, 0xb5bb, 0xb5bb, 0xb5bb, 0xb5bb,
0xb5bb, 0xb5bb, 0xb5bb, 0xb5bb, 0xb5bb, 0xb5bb, 0xb5bb, 0xb5bb, 0xb5bb, 0xb5bb,
0xb5bb, 0xb5bb, 0xb5bb, 0xb5bb, 0xb5bb, 0xb5bb, 0xb5bb, 0xb5bb, 0xb5bb, 0xb5bb,
0xb5bb, 0xb5bb, 0xb5bb, 0xb5bb, 0xb5bb, 0xb5bb, 0xb5bb, 0xb5bb, 0xb5bb, 0xb5bb,
0xb5bb, 0xb5bb, 0xb5bb, 0xb5bb, 0xb5bb, 0xb5bb, 0xb5bb, 0xb5bb, 0xb5bb, 0xb5bb,
0xb5bb, 0xb5bb, 0xb5bb, 0xb5bb, 0xb5bb, 0xb5bb, 0xb5bb, 0xb5bb, 0xb5bb, 0xb5bb,
0xb5bb, 0xb5bb, 0xb5bb, 0xb5bb, 0xb5bb, 0xb5bb, 0xb5bb, 0xb5bb, 0xb5bb, 0xb5bb,
0xb5bb, 0xb5bb, 0xb5bb, 0xb5bb, 0xb5bb, 0xb5bb, 0xb5bb, 0xb5bb, 0xb5bb, 0xb5bb,
0xb5bb, 0xb5bb, 0xb5bb, 0xb5bb, 0xb5bb, 0xb5bb, 0xb5bb, 0xb5bb, 0xb5bb, 0xb5bb,
0xb5bb, 0xb5bb, 0xb5bb, 0xb5bb, 0xb5bb, 0xb5bb, 0xb5bb, 0xb5bb, 0xb5bb, 0xb5bb,
0xb5bb, 0xb5bb, 0xb5bb, 0xb5bb, 0xb5bb, 0xb5bb, 0xb5bb, 0xb5bb, 0xb5bb, 0xb5bb,
0xb5bb, 0xb5bb, 0xb5bb, 0xb5bb, 0xb5bb, 0xb5bb, 0xb5bb, 0xb5bb, 0xb5bb, 0xb5bb,
0xb5bb, 0xb5bb, 0xb5bb, 0xb5bb, 0xb5bb, 0xb5bb, 0xb5bb, 0xb5bb, 0xb5bb, 0xb5bb,
0xb5bb, 0xb5bb, 0xb5bb, 0xb5bb, 0xb5bb, 0xb5bb, 0xb5bb, 0xb5bb, 0xb5bb, 0xb5bb,
0xb5bb, 0xb5bb, 0xb5bb, 0xb5bb, 0xb5bb, 0xb5bb, 0xb5bb, 0xb5bb, 0xb5bb, 0xb5bb,
0xb5bb, 0xb5bb, 0xb5bb, 0xb5bb, 0xb5bb, 0xb5bb, 0xb5bb, 0xb5bb, 0xb5bb, 0xb5bb,
0xb5bb, 0xb5bb, 0xb5bb, 0xb5bb, 0xb5bb, 0xb5bb, 0xb5bb, 0x9cf6, 0x6b90, 0x3a0a,
0x424d, 0x422e, 0x3a0e, 0x3a0f, 0x4a91, 0x6353, 0x7bf5, 0x9cd9, 0xad7b, 0x9497,
0x52ad, 0x2986, 0x4a69, 0x9cf3, 0xdefb, 0xffff, 0xffff, 0xffff, 0xffff, 0xffff,
0xbdf7, 0x73af, 0x738f, 0xbd97, 0xffdf, 0xffff, 0xffdf, 0xffff, 0xffff, 0xffff,
0xffff, 0xffff, 0xffff, 0xffdf, 0xffff, 0xffff, 0xffff, 0xffdf, 0xef5d, 0xd69a,
0xbdd7, 0xa534, 0x9492, 0x73ce, 0x5aab, 0x5a2b, 0x8b31, 0xb456, 0xb477, 0xb477,
0xb456, 0xb436, 0xb436, 0xb476, 0xbc97, 0xbcb7, 0xbcb7, 0xbcb7, 0xbcb7, 0xbcb7,
0xbcb8, 0xac36, 0x8b32, 0x7a8f, 0x7ad0, 0x8b11, 0x9b54, 0xa355, 0x9b54, 0x9b13,

0xa3f2, 0x8b2f, 0x5a2a, 0x52aa, 0x7c0f, 0xad55, 0xb576, 0xbdd7, 0xdedb, 0xef7d,
0xffdf, 0xffff, 0xffff, 0xffff, 0xffff, 0xffff, 0xffff, 0xffff, 0xe73c, 0xad55,
0x0000, 0xb5bb, 0xb5bb, 0xb5bb, 0xb5bb, 0xb5bb, 0xb5bb, 0xb5bb, 0xb5bb, 0xb5bb,
0xb5bb, 0xb5bb, 0xb5bb, 0xb5bb, 0xb5bb, 0xb5bb, 0xb5bb, 0xb5bb, 0xb5bb, 0xb5bb,
0xb5bb, 0xb5bb, 0xb5bb, 0xb5bb, 0xb5bb, 0xb5bb, 0xb5bb, 0xb5bb, 0xb5bb, 0xb5bb,
0xb5bb, 0xb5bb, 0x0000, 0x296c, 0x292d, 0x290d, 0x20eb, 0x39ab, 0x6b6f, 0x9cf4,
0xb5b7, 0xb598, 0xa517, 0x94b6, 0x8434, 0x6b72, 0x52f0, 0x6330, 0x632f, 0x4a2a,
0x31a8, 0x39c9, 0xb5bb, 0xb5bb, 0xb5bb, 0xb5bb, 0xb5bb, 0xb5bb, 0xb5bb, 0xb5bb,
0xb5bb, 0xb5bb, 0xb5bb, 0xb5bb, 0xb5bb, 0xb5bb, 0xb5bb, 0xb5bb, 0xb5bb, 0xb5bb,
0xb5bb, 0xb5bb, 0xb5bb, 0xb5bb, 0xb5bb, 0xb5bb, 0xb5bb, 0xb5bb, 0xb5bb, 0xb5bb,
0xb5bb, 0xb5bb, 0xb5bb, 0xb5bb, 0xb5bb, 0xb5bb, 0xb5bb, 0xb5bb, 0xb5bb, 0xb5bb,
0xb5bb, 0xb5bb, 0xb5bb, 0xb5bb, 0xb5bb, 0xb5bb, 0xb5bb, 0xb5bb, 0xb5bb, 0xb5bb,
0xb5bb, 0xb5bb, 0xb5bb, 0xb5bb, 0xb5bb, 0xb5bb, 0xb5bb, 0xb5bb, 0xb5bb, 0xb5bb,
0xb5bb, 0xb5bb, 0xb5bb, 0xb5bb, 0xb5bb, 0xb5bb, 0xb5bb, 0xb5bb, 0xb5bb, 0xb5bb,
0xb5bb, 0xb5bb, 0xb5bb, 0xb5bb, 0xb5bb, 0xb5bb, 0xb5bb, 0xb5bb, 0xb5bb, 0xb5bb,
0xb5bb, 0xb5bb, 0xb5bb, 0xb5bb, 0xb5bb, 0xb5bb, 0xb5bb, 0xb5bb, 0xb5bb, 0xb5bb,
0xb5bb, 0xb5bb, 0xb5bb, 0xb5bb, 0xb5bb, 0xb5bb, 0xb5bb, 0xb5bb, 0xb5bb, 0xb5bb,
0xb5bb, 0xb5bb, 0xb5bb, 0xb5bb, 0xb5bb, 0xb5bb, 0xb5bb, 0xb5bb, 0xb5bb, 0xb5bb,
0xb5bb, 0xb5bb, 0xb5bb, 0xb5bb, 0xb5bb, 0xb5bb, 0xb5bb, 0xb5bb, 0xb5bb, 0xb5bb,
0xb5bb, 0xb5bb, 0xb5bb, 0xb5bb, 0xb5bb, 0xb5bb, 0xb5bb, 0xb5bb, 0xb5bb, 0xb5bb,
0xb5bb, 0xb5bb, 0xb5bb, 0xb5bb, 0xb5bb, 0xb5bb, 0xb5bb, 0xb5bb, 0xb5bb, 0xb5bb,
0xb5bb, 0xb5bb, 0xb5bb, 0xb5bb, 0xb5bb, 0xb5bb, 0xb5bb, 0xb5bb, 0xb5bb, 0xb5bb,
0xb5bb, 0xb5bb, 0xb5bb, 0xb5bb, 0xb5bb, 0xb5bb, 0xb5bb, 0xb5bb, 0xb5bb, 0xb5bb,
0xb5bb, 0xb5bb, 0xb5bb, 0xb5bb, 0xb5bb, 0xb5bb, 0xb5bb, 0xb5bb, 0xb5bb, 0xb5bb,
0xb5bb, 0xb5bb, 0xb5bb, 0xb5bb, 0xb5bb, 0xb5bb, 0xb5bb, 0x9cf7, 0x6350, 0x31c9,
0x4a2c, 0x4a6e, 0x426f, 0x3a50, 0x4a91, 0x6354, 0x7bf5, 0x94b8, 0xad5b, 0xa55a,
0x7c13, 0x3a09, 0x2145, 0x528a, 0x9cd3, 0xd6ba, 0xef7d, 0xf7be, 0xef5d, 0xc618,
0x634d, 0x18e4, 0x2905, 0x83d0, 0xe71c, 0xffff, 0xffff, 0xffff, 0xffdf, 0xffff,
0xffff, 0xffff, 0xffff, 0xffff, 0xffff, 0xffff, 0xf7be, 0xef5d, 0xd6ba, 0xc638,
0xb5b6, 0xa534, 0x8430, 0x5acb, 0x522a, 0x728d, 0x9b93, 0xb457, 0xb477, 0xb456,
0xb436, 0xb416, 0xb416, 0xb436, 0xb476, 0xbc97, 0xbc97, 0xbc77, 0xbc97, 0xbc96,
0xb477, 0xac16, 0x9b94, 0x9353, 0x9b54, 0xab95, 0xb3b6, 0xb3b6, 0xa375, 0x9b14,

0xac13, 0x9b91, 0x6a6c, 0x41c8, 0x630c, 0x9cf3, 0xad75, 0xb5b6, 0xce59, 0xdefb,
0xf79e, 0xffff, 0xffff, 0xffff, 0xffff, 0xffff, 0xffff, 0xffff, 0xffff, 0xffff,
0x0000, 0xb5bb, 0xb5bb, 0xb5bb, 0xb5bb, 0xb5bb, 0xb5bb, 0xb5bb, 0xb5bb, 0xb5bb,
0xb5bb, 0xb5bb, 0xb5bb, 0xb5bb, 0xb5bb, 0xb5bb, 0xb5bb, 0xb5bb, 0xb5bb, 0xb5bb,
0xb5bb, 0xb5bb, 0xb5bb, 0xb5bb, 0xb5bb, 0xb5bb, 0xb5bb, 0xb5bb, 0xb5bb, 0xb5bb,
0xb5bb, 0xb5bb, 0x0000, 0x3146, 0x3127, 0x3107, 0x30e6, 0x3946, 0x5228, 0x6aea,
0x734b, 0x7b0c, 0x72ec, 0x6aeb, 0x62aa, 0x5a49, 0x5209, 0x5209, 0x5208, 0x41a6,
0x3144, 0x3123, 0xb5bb, 0xb5bb, 0xb5bb, 0xb5bb, 0xb5bb, 0xb5bb, 0xb5bb, 0xb5bb,
0xb5bb, 0xb5bb, 0xb5bb, 0xb5bb, 0xb5bb, 0xb5bb, 0xb5bb, 0xb5bb, 0xb5bb, 0xb5bb,
0xb5bb, 0xb5bb, 0xb5bb, 0xb5bb, 0xb5bb, 0xb5bb, 0xb5bb, 0xb5bb, 0xb5bb, 0xb5bb,
0xb5bb, 0xb5bb, 0xb5bb, 0xb5bb, 0xb5bb, 0xb5bb, 0xb5bb, 0xb5bb, 0xb5bb, 0xb5bb,
0xb5bb, 0xb5bb, 0xb5bb, 0xb5bb, 0xb5bb, 0xb5bb, 0xb5bb, 0xb5bb, 0xb5bb, 0xb5bb,
0xb5bb, 0xb5bb, 0xb5bb, 0xb5bb, 0xb5bb, 0xb5bb, 0xb5bb, 0xb5bb, 0xb5bb, 0xb5bb,
0xb5bb, 0xb5bb, 0xb5bb, 0xb5bb, 0xb5bb, 0xb5bb, 0xb5bb, 0xb5bb, 0xb5bb, 0xb5bb,
0xb5bb, 0xb5bb, 0xb5bb, 0xb5bb, 0xb5bb, 0xb5bb, 0xb5bb, 0xb5bb, 0xb5bb, 0xb5bb,
0xb5bb, 0xb5bb, 0xb5bb, 0xb5bb, 0xb5bb, 0xb5bb, 0xb5bb, 0xb5bb, 0xb5bb, 0xb5bb,
0xb5bb, 0xb5bb, 0xb5bb, 0xb5bb, 0xb5bb, 0xb5bb, 0xb5bb, 0xb5bb, 0xb5bb, 0xb5bb,
0xb5bb, 0xb5bb, 0xb5bb, 0xb5bb, 0xb5bb, 0xb5bb, 0xb5bb, 0xb5bb, 0xb5bb, 0xb5bb,
0xb5bb, 0xb5bb, 0xb5bb, 0xb5bb, 0xb5bb, 0xb5bb, 0xb5bb, 0xb5bb, 0xb5bb, 0xb5bb,
0xb5bb, 0xb5bb, 0xb5bb, 0xb5bb, 0xb5bb, 0xb5bb, 0xb5bb, 0xb5bb, 0xb5bb, 0xb5bb,
0xb5bb, 0xb5bb, 0xb5bb, 0xb5bb, 0xb5bb, 0xb5bb, 0xb5bb, 0xb5bb, 0xb5bb, 0xb5bb,
0xb5bb, 0xb5bb, 0xb5bb, 0xb5bb, 0xb5bb, 0xb5bb, 0xb5bb, 0xb5bb, 0xb5bb, 0xb5bb,
0xb5bb, 0xb5bb, 0xb5bb, 0xb5bb, 0xb5bb, 0xb5bb, 0xb5bb, 0xb5bb, 0xb5bb, 0xb5bb,
0xb5bb, 0xb5bb, 0xb5bb, 0xb5bb, 0xb5bb, 0xb5bb, 0xb5bb, 0xb5bb, 0xb5bb, 0xb5bb,
0xb5bb, 0xb5bb, 0xb5bb, 0xb5bb, 0xb5bb, 0xb5bb, 0xb5bb, 0xa537, 0x6b70, 0x31a9,
0x422b, 0x4a6d, 0x3a4e, 0x3a2f, 0x4a91, 0x6354, 0x73f6, 0x8c98, 0x9cfa, 0xb5bc,
0xa559, 0x7390, 0x3166, 0x10a3, 0x4208, 0x8c51, 0xb5b6, 0xc618, 0xa534, 0x6b4d,
0x2944, 0x0000, 0x0800, 0x4207, 0xa513, 0xe73c, 0xffff, 0xffff, 0xffff, 0xffff,
0xffff, 0xffff, 0xffff, 0xffff, 0xffff, 0xffdf, 0xef5d, 0xdedb, 0xce59, 0xc618,
0xad75, 0x9492, 0x6b4d, 0x49c9, 0x520b, 0x8b31, 0xabf5, 0xb436, 0xb476, 0xb436,
0xb416, 0xb416, 0xb416, 0xb436, 0xb456, 0xb456, 0xb457, 0xb457, 0xb457, 0xb456,
0xb436, 0xb416, 0xb436, 0xb417, 0xabb6, 0xa355, 0xa354, 0xa354, 0x9b34, 0x9b14,

0xb3d3, 0xabd2, 0x7ace, 0x51c9, 0x4a09, 0x738e, 0x9d14, 0xb5b6, 0xbdf7, 0xce79,
0xe71c, 0xef7d, 0xf79e, 0xf7be, 0xffdf, 0xffff, 0xffff, 0xffff, 0xffff, 0xffff,
0x0000, 0xb5bb, 0xb5bb, 0xb5bb, 0xb5bb, 0xb5bb, 0xb5bb, 0xb5bb, 0xb5bb, 0xb5bb,
0xb5bb, 0xb5bb, 0xb5bb, 0xb5bb, 0xb5bb, 0xb5bb, 0xb5bb, 0xb5bb, 0xb5bb, 0xb5bb,
0xb5bb, 0xb5bb, 0xb5bb, 0xb5bb, 0xb5bb, 0xb5bb, 0xb5bb, 0xb5bb, 0xb5bb, 0xb5bb,
0xb5bb, 0xb5bb, 0x0000, 0x51a2, 0x5182, 0x4962, 0x4962, 0x4962, 0x4942, 0x4941,
0x4941, 0x4941, 0x5161, 0x5982, 0x5982, 0x5982, 0x5182, 0x5162, 0x5182, 0x51c3,
0x4962, 0x38c0, 0xb5bb, 0xb5bb, 0xb5bb, 0xb5bb, 0xb5bb, 0xb5bb, 0xb5bb, 0xb5bb,
0xb5bb, 0xb5bb, 0xb5bb, 0xb5bb, 0xb5bb, 0xb5bb, 0xb5bb, 0xb5bb, 0xb5bb, 0xb5bb,
0xb5bb, 0xb5bb, 0xb5bb, 0xb5bb, 0xb5bb, 0xb5bb, 0xb5bb, 0xb5bb, 0xb5bb, 0xb5bb,
0xb5bb, 0xb5bb, 0xb5bb, 0xb5bb, 0xb5bb, 0xb5bb, 0xb5bb, 0xb5bb, 0xb5bb, 0xb5bb,
0xb5bb, 0xb5bb, 0xb5bb, 0xb5bb, 0xb5bb, 0xb5bb, 0xb5bb, 0xb5bb, 0xb5bb, 0xb5bb,
0xb5bb, 0xb5bb, 0xb5bb, 0xb5bb, 0xb5bb, 0xb5bb, 0xb5bb, 0xb5bb, 0xb5bb, 0xb5bb,
0xb5bb, 0xb5bb, 0xb5bb, 0xb5bb, 0xb5bb, 0xb5bb, 0xb5bb, 0xb5bb, 0xb5bb, 0xb5bb,
0xb5bb, 0xb5bb, 0xb5bb, 0xb5bb, 0xb5bb, 0xb5bb, 0xb5bb, 0xb5bb, 0xb5bb, 0xb5bb,
0xb5bb, 0xb5bb, 0xb5bb, 0xb5bb, 0xb5bb, 0xb5bb, 0xb5bb, 0xb5bb, 0xb5bb, 0xb5bb,
0xb5bb, 0xb5bb, 0xb5bb, 0xb5bb, 0xb5bb, 0xb5bb, 0xb5bb, 0xb5bb, 0xb5bb, 0xb5bb,
0xb5bb, 0xb5bb, 0xb5bb, 0xb5bb, 0xb5bb, 0xb5bb, 0xb5bb, 0xb5bb, 0xb5bb, 0xb5bb,
0xb5bb, 0xb5bb, 0xb5bb, 0xb5bb, 0xb5bb, 0xb5bb, 0xb5bb, 0xb5bb, 0xb5bb, 0xb5bb,
0xb5bb, 0xb5bb, 0xb5bb, 0xb5bb, 0xb5bb, 0xb5bb, 0xb5bb, 0xb5bb, 0xb5bb, 0xb5bb,
0xb5bb, 0xb5bb, 0xb5bb, 0xb5bb, 0xb5bb, 0xb5bb, 0xb5bb, 0xb5bb, 0xb5bb, 0xb5bb,
0xb5bb, 0xb5bb, 0xb5bb, 0xb5bb, 0xb5bb, 0xb5bb, 0xb5bb, 0xb5bb, 0xb5bb, 0xb5bb,
0xb5bb, 0xb5bb, 0xb5bb, 0xb5bb, 0xb5bb, 0xb5bb, 0xb5bb, 0xb5bb, 0xb5bb, 0xb5bb,
0xb5bb, 0xb5bb, 0xb5bb, 0xb5bb, 0xb5bb, 0xb5bb, 0xb5bb, 0xb5bb, 0xb5bb, 0xb5bb,
0xb5bb, 0xb5bb, 0xb5bb, 0xb5bb, 0xb5bb, 0xb5bb, 0xb5bb, 0x0000, 0x7391, 0x39ea,
0x422b, 0x426c, 0x424d, 0x422e, 0x4290, 0x5b32, 0x73d5, 0x8c57, 0x9cd9, 0xad7b,
0xb5bb, 0x9cd5, 0x528b, 0x10a3, 0x1904, 0x52aa, 0x7bad, 0x734b, 0x4a46, 0x4182,
0x4982, 0x41c2, 0x3140, 0x2921, 0x5268, 0x9cb3, 0xdedc, 0xf7bf, 0xffff, 0xffff,
0xffff, 0xffff, 0xffff, 0xffdf, 0xf7be, 0xef5d, 0xdefb, 0xce79, 0xc618, 0xb596,
0x9492, 0x632c, 0x4a09, 0x49ca, 0x6a8f, 0x9b94, 0xac16, 0xac36, 0xb436, 0xb416,
0xb436, 0xac36, 0xac16, 0xac36, 0xac16, 0xac36, 0xac36, 0xac36, 0xac36, 0xabf6,
0xabd6, 0xabf5, 0xabd5, 0xa395, 0xa375, 0xa354, 0x9b54, 0x9b34, 0x9b14, 0x9b13,

0xb3f2, 0xabb2, 0x9b30, 0x728d, 0x49a8, 0x41c8, 0x734e, 0xa4f4, 0xbdd7, 0xce59,
0xd69a, 0xdefb, 0xef5d, 0xffbe, 0xffff, 0xffff, 0xffff, 0xffff, 0xffff, 0xf7be,
0x0000, 0xb5bb, 0xb5bb, 0xb5bb, 0xb5bb, 0xb5bb, 0xb5bb, 0xb5bb, 0xb5bb, 0xb5bb,
0xb5bb, 0xb5bb, 0xb5bb, 0xb5bb, 0xb5bb, 0xb5bb, 0xb5bb, 0xb5bb, 0xb5bb, 0xb5bb,
0xb5bb, 0xb5bb, 0xb5bb, 0xb5bb, 0xb5bb, 0xb5bb, 0xb5bb, 0xb5bb, 0xb5bb, 0xb5bb,
0xb5bb, 0xb5bb, 0x0000, 0x7a63, 0x7a63, 0x7a63, 0x7a43, 0x7223, 0x7203, 0x69e3,
0x69e2, 0x61a1, 0x61a2, 0x69c3, 0x69e3, 0x7203, 0x7a03, 0x7202, 0x7222, 0x7244,
0x69e2, 0x5940, 0xb5bb, 0xb5bb, 0xb5bb, 0xb5bb, 0xb5bb, 0xb5bb, 0xb5bb, 0xb5bb,
0xb5bb, 0xb5bb, 0xb5bb, 0xb5bb, 0xb5bb, 0xb5bb, 0xb5bb, 0xb5bb, 0xb5bb, 0xb5bb,
0xb5bb, 0xb5bb, 0xb5bb, 0xb5bb, 0xb5bb, 0xb5bb, 0xb5bb, 0xb5bb, 0xb5bb, 0xb5bb,
0xb5bb, 0xb5bb, 0xb5bb, 0xb5bb, 0xb5bb, 0xb5bb, 0xb5bb, 0xb5bb, 0xb5bb, 0xb5bb,
0xb5bb, 0xb5bb, 0xb5bb, 0xb5bb, 0xb5bb, 0xb5bb, 0xb5bb, 0xb5bb, 0xb5bb, 0xb5bb,
0xb5bb, 0xb5bb, 0xb5bb, 0xb5bb, 0xb5bb, 0xb5bb, 0xb5bb, 0xb5bb, 0xb5bb, 0xb5bb,
0xb5bb, 0xb5bb, 0xb5bb, 0xb5bb, 0xb5bb, 0xb5bb, 0xb5bb, 0xb5bb, 0xb5bb, 0xb5bb,
0xb5bb, 0xb5bb, 0xb5bb, 0xb5bb, 0xb5bb, 0xb5bb, 0xb5bb, 0xb5bb, 0xb5bb, 0xb5bb,
0xb5bb, 0xb5bb, 0xb5bb, 0xb5bb, 0xb5bb, 0xb5bb, 0xb5bb, 0xb5bb, 0xb5bb, 0xb5bb,
0xb5bb, 0xb5bb, 0xb5bb, 0xb5bb, 0xb5bb, 0xb5bb, 0xb5bb, 0xb5bb, 0xb5bb, 0xb5bb,
0xb5bb, 0xb5bb, 0xb5bb, 0xb5bb, 0xb5bb, 0xb5bb, 0xb5bb, 0xb5bb, 0xb5bb, 0xb5bb,
0xb5bb, 0xb5bb, 0xb5bb, 0xb5bb, 0xb5bb, 0xb5bb, 0xb5bb, 0xb5bb, 0xb5bb, 0xb5bb,
0xb5bb, 0xb5bb, 0xb5bb, 0xb5bb, 0xb5bb, 0xb5bb, 0xb5bb, 0xb5bb, 0xb5bb, 0xb5bb,
0xb5bb, 0xb5bb, 0xb5bb, 0xb5bb, 0xb5bb, 0xb5bb, 0xb5bb, 0xb5bb, 0xb5bb, 0xb5bb,
0xb5bb, 0xb5bb, 0xb5bb, 0xb5bb, 0xb5bb, 0xb5bb, 0xb5bb, 0xb5bb, 0xb5bb, 0xb5bb,
0xb5bb, 0xb5bb, 0xb5bb, 0xb5bb, 0xb5bb, 0xb5bb, 0xb5bb, 0xb5bb, 0xb5bb, 0xb5bb,
0xb5bb, 0xb5bb, 0xb5bb, 0xb5bb, 0xb5bb, 0xb5bb, 0xb5bb, 0xb5bb, 0xb5bb, 0xb5bb,
0xb5bb, 0xb5bb, 0xb5bb, 0xb5bb, 0xb5bb, 0xb5bb, 0xb5bb, 0xb59a, 0x8413, 0x424b,
0x3a29, 0x3a2a, 0x424c, 0x424e, 0x426f, 0x52b1, 0x6b74, 0x8416, 0x9498, 0xad5b,
0xb59b, 0x8c74, 0x52ac, 0x39e8, 0x632c, 0x9491, 0x9c6e, 0x8388, 0x72c3, 0x7ae3,
0x8b65, 0x93a6, 0x8365, 0x6283, 0x49c3, 0x4a06, 0x73ae, 0xb5b7, 0xe71c, 0xff9e,
0xf7be, 0xf7df, 0xffff, 0xf7de, 0xef9e, 0xdefc, 0xce7a, 0xbdf7, 0xa514, 0x7bcf,
0x526a, 0x3988, 0x4189, 0x6a6e, 0x9352, 0xa3b5, 0xabf6, 0xabf6, 0xabf6, 0xabf5,
0xb3f5, 0xabf5, 0xabf5, 0xabf5, 0xabf5, 0xabf5, 0xabf5, 0xabf5, 0xabf5, 0xa3b5,
0xa3b5, 0xa3b5, 0xa374, 0xa354, 0xa354, 0x9b34, 0x9b34, 0x9b13, 0x9b13, 0x9af3,

0xabb2, 0xa371, 0x9b10, 0x8ace, 0x59ea, 0x3927, 0x3967, 0x5aab, 0x8430, 0xa534,
0xbdf7, 0xd69a, 0xe71c, 0xf79e, 0xffdf, 0xffff, 0xffff, 0xf79e, 0xe6fb, 0xc617,
0x0000, 0xb5bb, 0xb5bb, 0xb5bb, 0xb5bb, 0xb5bb, 0xb5bb, 0xb5bb, 0xb5bb, 0xb5bb,
0xb5bb, 0xb5bb, 0xb5bb, 0xb5bb, 0xb5bb, 0xb5bb, 0xb5bb, 0xb5bb, 0xb5bb, 0xb5bb,
0xb5bb, 0xb5bb, 0xb5bb, 0xb5bb, 0xb5bb, 0xb5bb, 0xb5bb, 0xb5bb, 0xb5bb, 0xb5bb,
0xb5bb, 0xb5bb, 0x0000, 0x92e6, 0x9306, 0x9306, 0x92e6, 0x92c6, 0x92e6, 0x92e6,
0x92e6, 0x8ac5, 0x8aa5, 0x8aa6, 0x92e6, 0x9306, 0x9ae6, 0x92e5, 0x92e5, 0x92e6,
0x8aa5, 0x8242, 0xb5bb, 0xb5bb, 0xb5bb, 0xb5bb, 0xb5bb, 0xb5bb, 0xb5bb, 0xb5bb,
0xb5bb, 0xb5bb, 0xb5bb, 0xb5bb, 0xb5bb, 0xb5bb, 0xb5bb, 0xb5bb, 0xb5bb, 0xb5bb,
0xb5bb, 0xb5bb, 0xb5bb, 0xb5bb, 0xb5bb, 0xb5bb, 0xb5bb, 0xb5bb, 0xb5bb, 0xb5bb,
0xb5bb, 0xb5bb, 0xb5bb, 0xb5bb, 0xb5bb, 0xb5bb, 0xb5bb, 0xb5bb, 0xb5bb, 0xb5bb,
0xb5bb, 0xb5bb, 0xb5bb, 0xb5bb, 0xb5bb, 0xb5bb, 0xb5bb, 0xb5bb, 0xb5bb, 0xb5bb,
0xb5bb, 0xb5bb, 0xb5bb, 0xb5bb, 0xb5bb, 0xb5bb, 0xb5bb, 0xb5bb, 0xb5bb, 0xb5bb,
0xb5bb, 0xb5bb, 0xb5bb, 0xb5bb, 0xb5bb, 0xb5bb, 0xb5bb, 0xb5bb, 0xb5bb, 0xb5bb,
0xb5bb, 0xb5bb, 0xb5bb, 0xb5bb, 0xb5bb, 0xb5bb, 0xb5bb, 0xb5bb, 0xb5bb, 0xb5bb,
0xb5bb, 0xb5bb, 0xb5bb, 0xb5bb, 0xb5bb, 0xb5bb, 0xb5bb, 0xb5bb, 0xb5bb, 0xb5bb,
0xb5bb, 0xb5bb, 0xb5bb, 0xb5bb, 0xb5bb, 0xb5bb, 0xb5bb, 0xb5bb, 0xb5bb, 0xb5bb,
0xb5bb, 0xb5bb, 0xb5bb, 0xb5bb, 0xb5bb, 0xb5bb, 0xb5bb, 0xb5bb, 0xb5bb, 0xb5bb,
0xb5bb, 0xb5bb, 0xb5bb, 0xb5bb, 0xb5bb, 0xb5bb, 0xb5bb, 0xb5bb, 0xb5bb, 0xb5bb,
0xb5bb, 0xb5bb, 0xb5bb, 0xb5bb, 0xb5bb, 0xb5bb, 0xb5bb, 0xb5bb, 0xb5bb, 0xb5bb,
0xb5bb, 0xb5bb, 0xb5bb, 0xb5bb, 0xb5bb, 0xb5bb, 0xb5bb, 0xb5bb, 0xb5bb, 0xb5bb,
0xb5bb, 0xb5bb, 0xb5bb, 0xb5bb, 0xb5bb, 0xb5bb, 0xb5bb, 0xb5bb, 0xb5bb, 0xb5bb,
0xb5bb, 0xb5bb, 0xb5bb, 0xb5bb, 0xb5bb, 0xb5bb, 0xb5bb, 0xb5bb, 0xb5bb, 0xb5bb,
0xb5bb, 0xb5bb, 0xb5bb, 0xb5bb, 0xb5bb, 0xb5bb, 0xb5bb, 0xb5bb, 0xb5bb, 0xb5bb,
0xb5bb, 0xb5bb, 0xb5bb, 0xb5bb, 0xb5bb, 0xb5bb, 0xb5bb, 0xb5bc, 0x8c76, 0x52ad,
0x3a09, 0x31a8, 0x39ca, 0x3a0c, 0x424e, 0x5291, 0x6353, 0x73f5, 0x8c57, 0xad5b,
0xad7a, 0x73d1, 0x4a6a, 0x5aec, 0xa4f3, 0xce56, 0xcdd0, 0xc4ea, 0xc4a7, 0xcce7,
0xcd08, 0xd509, 0xcd2a, 0xbca9, 0x93a7, 0x6a85, 0x5266, 0x6b4b, 0x8c50, 0xad34,
0xbdd7, 0xce39, 0xd69a, 0xce9a, 0xc638, 0xad76, 0x94b3, 0x7bef, 0x52ca, 0x3987,
0x28c5, 0x3908, 0x620c, 0x82f1, 0x9b53, 0xa373, 0xa394, 0xabb4, 0xabb5, 0xa3b5,
0xa3d5, 0xabd5, 0xabb5, 0xabb5, 0xabb5, 0xabd5, 0xabb5, 0xabb5, 0xabb5, 0xa395,
0xa375, 0xa395, 0xa374, 0xa354, 0xa354, 0x9b34, 0x9b14, 0x9b13, 0x9af3, 0x9ad3,

0x9b10, 0x8acf, 0x82ae, 0x7a8d, 0x6a4b, 0x49c8, 0x28e5, 0x18c3, 0x31a6, 0x632c,
0x8c71, 0xa534, 0xb5b6, 0xc638, 0xd679, 0xd69a, 0xce79, 0xbdb7, 0xa4d2, 0x7bcd,
0x0000, 0xb5bb, 0xb5bb, 0xb5bb, 0xb5bb, 0xb5bb, 0xb5bb, 0xb5bb, 0xb5bb, 0xb5bb,
0xb5bb, 0xb5bb, 0xb5bb, 0xb5bb, 0xb5bb, 0xb5bb, 0xb5bb, 0xb5bb, 0xb5bb, 0xb5bb,
0xb5bb, 0xb5bb, 0xb5bb, 0xb5bb, 0xb5bb, 0xb5bb, 0xb5bb, 0xb5bb, 0xb5bb, 0xb5bb,
0xb5bb, 0xb5bb, 0x0000, 0x9b06, 0x9b06, 0x9b06, 0x9b06, 0x9b06, 0x9b26, 0x9b06,
0x9b26, 0x9b26, 0x9b06, 0x9b27, 0xa347, 0xa367, 0xa367, 0xa367, 0xa367, 0xa368,
0xa347, 0x9b26, 0xb5bb, 0xb5bb, 0xb5bb, 0xb5bb, 0xb5bb, 0xb5bb, 0xb5bb, 0xb5bb,
0xb5bb, 0xb5bb, 0xb5bb, 0xb5bb, 0xb5bb, 0xb5bb, 0xb5bb, 0xb5bb, 0xb5bb, 0xb5bb,
0xb5bb, 0xb5bb, 0xb5bb, 0xb5bb, 0xb5bb, 0xb5bb, 0xb5bb, 0xb5bb, 0xb5bb, 0xb5bb,
0xb5bb, 0xb5bb, 0xb5bb, 0xb5bb, 0xb5bb, 0xb5bb, 0xb5bb, 0xb5bb, 0xb5bb, 0xb5bb,
0xb5bb, 0xb5bb, 0xb5bb, 0xb5bb, 0xb5bb, 0xb5bb, 0xb5bb, 0xb5bb, 0xb5bb, 0xb5bb,
0xb5bb, 0xb5bb, 0xb5bb, 0xb5bb, 0xb5bb, 0xb5bb, 0xb5bb, 0xb5bb, 0xb5bb, 0xb5bb,
0xb5bb, 0xb5bb, 0xb5bb, 0xb5bb, 0xb5bb, 0xb5bb, 0xb5bb, 0xb5bb, 0xb5bb, 0xb5bb,
0xb5bb, 0xb5bb, 0xb5bb, 0xb5bb, 0xb5bb, 0xb5bb, 0xb5bb, 0xb5bb, 0xb5bb, 0xb5bb,
0xb5bb, 0xb5bb, 0xb5bb, 0xb5bb, 0xb5bb, 0xb5bb, 0xb5bb, 0xb5bb, 0xb5bb, 0xb5bb,
0xb5bb, 0xb5bb, 0xb5bb, 0xb5bb, 0xb5bb, 0xb5bb, 0xb5bb, 0xb5bb, 0xb5bb, 0xb5bb,
0xb5bb, 0xb5bb, 0xb5bb, 0xb5bb, 0xb5bb, 0xb5bb, 0xb5bb, 0xb5bb, 0xb5bb, 0xb5bb,
0xb5bb, 0xb5bb, 0xb5bb, 0xb5bb, 0xb5bb, 0xb5bb, 0xb5bb, 0xb5bb, 0xb5bb, 0xb5bb,
0xb5bb, 0xb5bb, 0xb5bb, 0xb5bb, 0xb5bb, 0xb5bb, 0xb5bb, 0xb5bb, 0xb5bb, 0xb5bb,
0xb5bb, 0xb5bb, 0xb5bb, 0xb5bb, 0xb5bb, 0xb5bb, 0xb5bb, 0xb5bb, 0xb5bb, 0xb5bb,
0xb5bb, 0xb5bb, 0xb5bb, 0xb5bb, 0xb5bb, 0xb5bb, 0xb5bb, 0xb5bb, 0xb5bb, 0xb5bb,
0xb5bb, 0xb5bb, 0xb5bb, 0xb5bb, 0xb5bb, 0xb5bb, 0xb5bb, 0xb5bb, 0xb5bb, 0xb5bb,
0xb5bb, 0xb5bb, 0xb5bb, 0xb5bb, 0xb5bb, 0xb5bb, 0xb5bb, 0xb5bb, 0xb5bb, 0xb5bb,
0xb5bb, 0xb5bb, 0xb5bb, 0xb5bb, 0xb5bb, 0xb5bb, 0xb5bb, 0xb5bb, 0x9497, 0x6330,
0x528c, 0x31a8, 0x2126, 0x2168, 0x39eb, 0x528e, 0x6331, 0x73b4, 0x8436, 0xa53b,
0xa53a, 0x6bb1, 0x4a8b, 0x630c, 0xa4b0, 0xd5d1, 0xddac, 0xdd89, 0xe569, 0xe568,
0xed88, 0xf5ea, 0xf5eb, 0xf60d, 0xe60e, 0xcd4d, 0x9c4a, 0x7327, 0x62c7, 0x6b0a,
0x7b8d, 0x8c10, 0x9451, 0x8c50, 0x7bee, 0x6b0b, 0x5268, 0x39e6, 0x2964, 0x2104,
0x3106, 0x51ca, 0x6a6d, 0x72af, 0x7ab0, 0x82b0, 0x8ad1, 0x9312, 0x9353, 0x9b73,
0x9b94, 0xa394, 0xa394, 0xa395, 0xa395, 0xa395, 0xa395, 0xa395, 0xa395, 0xa375,
0xa355, 0xa354, 0xa354, 0xa354, 0x9b14, 0x9b13, 0x9b13, 0x92d3, 0x92d3, 0x92d3,

0x7a6d, 0x724c, 0x6a4b, 0x626a, 0x5a6a, 0x5229, 0x49c8, 0x3146, 0x2905, 0x39a6,
0x4a27, 0x5247, 0x62c9, 0x736c, 0x83ce, 0x7bad, 0x6b6c, 0x630b, 0x6b0a, 0x83aa,
0x0000, 0xb5bb, 0xb5bb, 0xb5bb, 0xb5bb, 0xb5bb, 0xb5bb, 0xb5bb, 0xb5bb, 0xb5bb,
0xb5bb, 0xb5bb, 0xb5bb, 0xb5bb, 0xb5bb, 0xb5bb, 0xb5bb, 0xb5bb, 0xb5bb, 0xb5bb,
0xb5bb, 0xb5bb, 0xb5bb, 0xb5bb, 0xb5bb, 0xb5bb, 0xb5bb, 0xb5bb, 0xb5bb, 0xb5bb,
0xb5bb, 0xb5bb, 0x0000, 0x9b06, 0x9b06, 0x9b06, 0x9b06, 0x9b26, 0x9b47, 0x9b47,
0xa347, 0xa347, 0xa347, 0xa347, 0xa347, 0xa367, 0xab87, 0xaba9, 0xabca, 0xaba9,
0xab88, 0xa388, 0xb5bb, 0xb5bb, 0xb5bb, 0xb5bb, 0xb5bb, 0xb5bb, 0xb5bb, 0xb5bb,
0xb5bb, 0xb5bb, 0xb5bb, 0xb5bb, 0xb5bb, 0xb5bb, 0xb5bb, 0xb5bb, 0xb5bb, 0xb5bb,
0xb5bb, 0xb5bb, 0xb5bb, 0xb5bb, 0xb5bb, 0xb5bb, 0xb5bb, 0xb5bb, 0xb5bb, 0xb5bb,
0xb5bb, 0xb5bb, 0xb5bb, 0xb5bb, 0xb5bb, 0xb5bb, 0xb5bb, 0xb5bb, 0xb5bb, 0xb5bb,
0xb5bb, 0xb5bb, 0xb5bb, 0xb5bb, 0xb5bb, 0xb5bb, 0xb5bb, 0xb5bb, 0xb5bb, 0xb5bb,
0xb5bb, 0xb5bb, 0xb5bb, 0xb5bb, 0xb5bb, 0xb5bb, 0xb5bb, 0xb5bb, 0xb5bb, 0xb5bb,
0xb5bb, 0xb5bb, 0xb5bb, 0xb5bb, 0xb5bb, 0xb5bb, 0xb5bb, 0xb5bb, 0xb5bb, 0xb5bb,
0xb5bb, 0xb5bb, 0xb5bb, 0xb5bb, 0xb5bb, 0xb5bb, 0xb5bb, 0xb5bb, 0xb5bb, 0xb5bb,
0xb5bb, 0xb5bb, 0xb5bb, 0xb5bb, 0xb5bb, 0xb5bb, 0xb5bb, 0xb5bb, 0xb5bb, 0xb5bb,
0xb5bb, 0xb5bb, 0xb5bb, 0xb5bb, 0xb5bb, 0xb5bb, 0xb5bb, 0xb5bb, 0xb5bb, 0xb5bb,
0xb5bb, 0xb5bb, 0xb5bb, 0xb5bb, 0xb5bb, 0xb5bb, 0xb5bb, 0xb5bb, 0xb5bb, 0xb5bb,
0xb5bb, 0xb5bb, 0xb5bb, 0xb5bb, 0xb5bb, 0xb5bb, 0xb5bb, 0xb5bb, 0xb5bb, 0xb5bb,
0xb5bb, 0xb5bb, 0xb5bb, 0xb5bb, 0xb5bb, 0xb5bb, 0xb5bb, 0xb5bb, 0xb5bb, 0xb5bb,
0xb5bb, 0xb5bb, 0xb5bb, 0xb5bb, 0xb5bb, 0xb5bb, 0xb5bb, 0xb5bb, 0xb5bb, 0xb5bb,
0xb5bb, 0xb5bb, 0xb5bb, 0xb5bb, 0xb5bb, 0xb5bb, 0xb5bb, 0xb5bb, 0xb5bb, 0xb5bb,
0xb5bb, 0xb5bb, 0xb5bb, 0xb5bb, 0xb5bb, 0xb5bb, 0xb5bb, 0xb5bb, 0xb5bb, 0xb5bb,
0xb5bb, 0xb5bb, 0xb5bb, 0xb5bb, 0xb5bb, 0xb5bb, 0xb5bb, 0xb5bb, 0xb5bb, 0xb5bb,
0xb5bb, 0xb5bb, 0xb5bb, 0xb5bb, 0xb5bb, 0xb5bb, 0xb5bb, 0xb59b, 0x9cd7, 0x73b1,
0x632e, 0x424a, 0x2166, 0x1906, 0x2967, 0x422b, 0x5af0, 0x7394, 0x8436, 0xa51a,
0xa51a, 0x73b3, 0x52ac, 0x632a, 0x9c4b, 0xcd4b, 0xdd68, 0xe587, 0xe5a7, 0xedc8,
0xf609, 0xfe6b, 0xfe8c, 0xfeae, 0xfef0, 0xf6b1, 0xee51, 0xd5d0, 0xbd0f, 0xa44d,
0x83cc, 0x736c, 0x6b0a, 0x5aa8, 0x5246, 0x49e5, 0x51e5, 0x5a87, 0x630a, 0x5aeb,
0x4a2a, 0x5229, 0x5a6a, 0x624c, 0x622c, 0x622c, 0x6a2d, 0x726e, 0x7ab0, 0x82f1,
0x9312, 0x9332, 0x9353, 0x9b73, 0xa374, 0xa354, 0xa374, 0xa354, 0xa374, 0xa354,
0xa354, 0x9b14, 0x9b14, 0x9b34, 0x9b33, 0x9af3, 0x92d3, 0x92d2, 0x92d2, 0x92d2,

0x620a, 0x6a6b, 0x7b2e, 0x7b8f, 0x7b2f, 0x728d, 0x5a0a, 0x51e9, 0x522a, 0x62c9,
0x6ac7, 0x5224, 0x5a44, 0x6ae7, 0x732a, 0x734b, 0x83ad, 0x940e, 0xaccf, 0xcdb1,
0x0000, 0xb5bb, 0xb5bb, 0xb5bb, 0xb5bb, 0xb5bb, 0xb5bb, 0xb5bb, 0xb5bb, 0xb5bb,
0xb5bb, 0xb5bb, 0xb5bb, 0xb5bb, 0xb5bb, 0xb5bb, 0xb5bb, 0xb5bb, 0xb5bb, 0xb5bb,
0xb5bb, 0xb5bb, 0xb5bb, 0xb5bb, 0xb5bb, 0xb5bb, 0xb5bb, 0xb5bb, 0xb5bb, 0xb5bb,
0xb5bb, 0xb5bb, 0x0000, 0x9b06, 0x9b05, 0xa306, 0xa326, 0x9b47, 0xa347, 0xa347,
0xa347, 0xa347, 0xa367, 0xab67, 0xa347, 0xa368, 0xaba8, 0xabc9, 0xaba9, 0xaba9,
0xa388, 0x9b67, 0xb5bb, 0xb5bb, 0xb5bb, 0xb5bb, 0xb5bb, 0xb5bb, 0xb5bb, 0xb5bb,
0xb5bb, 0xb5bb, 0xb5bb, 0xb5bb, 0xb5bb, 0xb5bb, 0xb5bb, 0xb5bb, 0xb5bb, 0xb5bb,
0xb5bb, 0xb5bb, 0xb5bb, 0xb5bb, 0xb5bb, 0xb5bb, 0xb5bb, 0xb5bb, 0xb5bb, 0xb5bb,
0xb5bb, 0xb5bb, 0xb5bb, 0xb5bb, 0xb5bb, 0xb5bb, 0xb5bb, 0xb5bb, 0xb5bb, 0xb5bb,
0xb5bb, 0xb5bb, 0xb5bb, 0xb5bb, 0xb5bb, 0xb5bb, 0xb5bb, 0xb5bb, 0xb5bb, 0xb5bb,
0xb5bb, 0xb5bb, 0xb5bb, 0xb5bb, 0xb5bb, 0xb5bb, 0xb5bb, 0xb5bb, 0xb5bb, 0xb5bb,
0xb5bb, 0xb5bb, 0xb5bb, 0xb5bb, 0xb5bb, 0xb5bb, 0xb5bb, 0xb5bb, 0xb5bb, 0xb5bb,
0xb5bb, 0xb5bb, 0xb5bb, 0xb5bb, 0xb5bb, 0xb5bb, 0xb5bb, 0xb5bb, 0xb5bb, 0xb5bb,
0xb5bb, 0xb5bb, 0xb5bb, 0xb5bb, 0xb5bb, 0xb5bb, 0xb5bb, 0xb5bb, 0xb5bb, 0xb5bb,
0xb5bb, 0xb5bb, 0xb5bb, 0xb5bb, 0xb5bb, 0xb5bb, 0xb5bb, 0xb5bb, 0xb5bb, 0xb5bb,
0xb5bb, 0xb5bb, 0xb5bb, 0xb5bb, 0xb5bb, 0xb5bb, 0xb5bb, 0xb5bb, 0xb5bb, 0xb5bb,
0xb5bb, 0xb5bb, 0xb5bb, 0xb5bb, 0xb5bb, 0xb5bb, 0xb5bb, 0xb5bb, 0xb5bb, 0xb5bb,
0xb5bb, 0xb5bb, 0xb5bb, 0xb5bb, 0xb5bb, 0xb5bb, 0xb5bb, 0xb5bb, 0xb5bb, 0xb5bb,
0xb5bb, 0xb5bb, 0xb5bb, 0xb5bb, 0xb5bb, 0xb5bb, 0xb5bb, 0xb5bb, 0xb5bb, 0xb5bb,
0xb5bb, 0xb5bb, 0xb5bb, 0xb5bb, 0xb5bb, 0xb5bb, 0xb5bb, 0xb5bb, 0xb5bb, 0xb5bb,
0xb5bb, 0xb5bb, 0xb5bb, 0xb5bb, 0xb5bb, 0xb5bb, 0xb5bb, 0xb5bb, 0xb5bb, 0xb5bb,
0xb5bb, 0xb5bb, 0xb5bb, 0xb5bb, 0xb5bb, 0xb5bb, 0xb5bb, 0xb5bb, 0xb5bb, 0xb5bb,
0xb5bb, 0xb5bb, 0xb5bb, 0xb5bb, 0xb5bb, 0xb5bb, 0xb5bb, 0xbdfc, 0xa518, 0x73b1,
0x630e, 0x52cc, 0x52cc, 0x5acd, 0x4a4c, 0x41ea, 0x4a8d, 0x6b92, 0x8436, 0x9cfa,
0x9cd9, 0x7393, 0x52ac, 0x62e9, 0x9c09, 0xcce8, 0xdd25, 0xe565, 0xeda7, 0xede8,
0xf62a, 0xfe8c, 0xfece, 0xfed0, 0xfef1, 0xff12, 0xff34, 0xff35, 0xf6d5, 0xe654,
0xc5b3, 0xad12, 0xa4b0, 0x944d, 0x8bea, 0x8368, 0x8347, 0x8ba9, 0x946e, 0x840f,
0x62cd, 0x59eb, 0x6a2c, 0x72ee, 0x7b70, 0x734f, 0x6b0d, 0x5a6b, 0x5a0b, 0x61ed,
0x724f, 0x8290, 0x8ad1, 0x9312, 0x9b33, 0x9b34, 0x9b34, 0x9b34, 0x9b34, 0x9b34,
0x9b34, 0x9b13, 0x9af3, 0x9af3, 0x92f3, 0x92d3, 0x92d2, 0x92d2, 0x92d2, 0x8ab2,

0x6aac, 0x7aee, 0x9371, 0x9392, 0x9b32, 0x9291, 0x79ed, 0x61cb, 0x62ac, 0x8c2e,
0x9c6c, 0x8b68, 0x8347, 0x9c2b, 0xa48d, 0xb4f0, 0xcdb4, 0xe656, 0xf6d7, 0xff37,
0x0000, 0xb5bb, 0xb5bb, 0xb5bb, 0xb5bb, 0xb5bb, 0xb5bb, 0xb5bb, 0xb5bb, 0xb5bb,
0xb5bb, 0xb5bb, 0xb5bb, 0xb5bb, 0xb5bb, 0xb5bb, 0xb5bb, 0xb5bb, 0xb5bb, 0xb5bb,
0xb5bb, 0xb5bb, 0xb5bb, 0xb5bb, 0xb5bb, 0xb5bb, 0xb5bb, 0xb5bb, 0xb5bb, 0xb5bb,
0xb5bb, 0xb5bb, 0x0000, 0x9b26, 0x9b06, 0xa326, 0xa346, 0xa347, 0xa347, 0xa347,
0xa347, 0xa347, 0xab87, 0xab88, 0xa348, 0xa368, 0xabc9, 0xaba8, 0xab68, 0xab89,
0xa368, 0x9b46, 0xb5bb, 0xb5bb, 0xb5bb, 0xb5bb, 0xb5bb, 0xb5bb, 0xb5bb, 0xb5bb,
0xb5bb, 0xb5bb, 0xb5bb, 0xb5bb, 0xb5bb, 0xb5bb, 0xb5bb, 0xb5bb, 0xb5bb, 0xb5bb,
0xb5bb, 0xb5bb, 0xb5bb, 0xb5bb, 0xb5bb, 0xb5bb, 0xb5bb, 0xb5bb, 0xb5bb, 0xb5bb,
0xb5bb, 0xb5bb, 0xb5bb, 0xb5bb, 0xb5bb, 0xb5bb, 0xb5bb, 0xb5bb, 0xb5bb, 0xb5bb,
0xb5bb, 0xb5bb, 0xb5bb, 0xb5bb, 0xb5bb, 0xb5bb, 0xb5bb, 0xb5bb, 0xb5bb, 0xb5bb,
0xb5bb, 0xb5bb, 0xb5bb, 0xb5bb, 0xb5bb, 0xb5bb, 0xb5bb, 0xb5bb, 0xb5bb, 0xb5bb,
0xb5bb, 0xb5bb, 0xb5bb, 0xb5bb, 0xb5bb, 0xb5bb, 0xb5bb, 0xb5bb, 0xb5bb, 0xb5bb,
0xb5bb, 0xb5bb, 0xb5bb, 0xb5bb, 0xb5bb, 0xb5bb, 0xb5bb, 0xb5bb, 0xb5bb, 0xb5bb,
0xb5bb, 0xb5bb, 0xb5bb, 0xb5bb, 0xb5bb, 0xb5bb, 0xb5bb, 0xb5bb, 0xb5bb, 0xb5bb,
0xb5bb, 0xb5bb, 0xb5bb, 0xb5bb, 0xb5bb, 0xb5bb, 0xb5bb, 0xb5bb, 0xb5bb, 0xb5bb,
0xb5bb, 0xb5bb, 0xb5bb, 0xb5bb, 0xb5bb, 0xb5bb, 0xb5bb, 0xb5bb, 0xb5bb, 0xb5bb,
0xb5bb, 0xb5bb, 0xb5bb, 0xb5bb, 0xb5bb, 0xb5bb, 0xb5bb, 0xb5bb, 0xb5bb, 0xb5bb,
0xb5bb, 0xb5bb, 0xb5bb, 0xb5bb, 0xb5bb, 0xb5bb, 0xb5bb, 0xb5bb, 0xb5bb, 0xb5bb,
0xb5bb, 0xb5bb, 0xb5bb, 0xb5bb, 0xb5bb, 0xb5bb, 0xb5bb, 0xb5bb, 0xb5bb, 0xb5bb,
0xb5bb, 0xb5bb, 0xb5bb, 0xb5bb, 0xb5bb, 0xb5bb, 0xb5bb, 0xb5bb, 0xb5bb, 0xb5bb,
0xb5bb, 0xb5bb, 0xb5bb, 0xb5bb, 0xb5bb, 0xb5bb, 0xb5bb, 0xb5bb, 0xb5bb, 0xb5bb,
0xb5bb, 0xb5bb, 0xb5bb, 0xb5bb, 0xb5bb, 0xb5bb, 0xb5bb, 0xb5bb, 0xb5bb, 0xb5bb,
0xb5bb, 0xb5bb, 0xb5bb, 0xb5bb, 0xb5bb, 0xb5bb, 0xb5bb, 0xa519, 0x8435, 0x5aef,
0x4a4c, 0x4a4b, 0x630d, 0x7c11, 0x73d1, 0x52ce, 0x4aad, 0x6370, 0x7c34, 0x9cf9,
0x9cda, 0x7393, 0x528c, 0x62c8, 0x93c7, 0xccc7, 0xdd04, 0xed45, 0xf5a7, 0xf5e8,
0xfe4a, 0xfead, 0xfeef, 0xfef1, 0xfed2, 0xfef3, 0xff34, 0xff35, 0xff36, 0xff37,
0xf6f7, 0xe6b7, 0xde76, 0xd633, 0xc5af, 0xb4ec, 0xa449, 0x9c4a, 0x946d, 0x83ce,
0x624d, 0x69ad, 0x8a30, 0x9b12, 0x9bb3, 0x9391, 0x836f, 0x730d, 0x628c, 0x5a4c,
0x5a0c, 0x61ed, 0x722e, 0x8290, 0x8af2, 0x9313, 0x9b13, 0x9b14, 0x9b14, 0x9af4,
0x9af3, 0x9b13, 0x9af3, 0x9ad3, 0x92d3, 0x92d2, 0x92d2, 0x92d2, 0x8ab2, 0x8a92,

0x8b50, 0x92f0, 0x9250, 0x9a50, 0xaa71, 0xba93, 0xb293, 0x8a0f, 0x59eb, 0x6b6c,
0x946c, 0x93e9, 0x9c0a, 0xbced, 0xcd70, 0xd5f2, 0xde74, 0xeeb5, 0xfef6, 0xff35,
0x0000, 0xb5bb, 0xb5bb, 0xb5bb, 0xb5bb, 0xb5bb, 0xb5bb, 0xb5bb, 0xb5bb, 0xb5bb,
0xb5bb, 0xb5bb, 0xb5bb, 0xb5bb, 0xb5bb, 0xb5bb, 0xb5bb, 0xb5bb, 0xb5bb, 0xb5bb,
0xb5bb, 0xb5bb, 0xb5bb, 0xb5bb, 0xb5bb, 0xb5bb, 0xb5bb, 0xb5bb, 0xb5bb, 0xb5bb,
0xb5bb, 0xb5bb, 0x0000, 0xa347, 0xa347, 0xa367, 0xa367, 0xa347, 0xa347, 0xa347,
0xa367, 0xab88, 0xaba8, 0xab88, 0xa368, 0xa348, 0xa348, 0xa347, 0xa368, 0xab89,
0xa388, 0x9b47, 0xb5bb, 0xb5bb, 0xb5bb, 0xb5bb, 0xb5bb, 0xb5bb, 0xb5bb, 0xb5bb,
0xb5bb, 0xb5bb, 0xb5bb, 0xb5bb, 0xb5bb, 0xb5bb, 0xb5bb, 0xb5bb, 0xb5bb, 0xb5bb,
0xb5bb, 0xb5bb, 0xb5bb, 0xb5bb, 0xb5bb, 0xb5bb, 0xb5bb, 0xb5bb, 0xb5bb, 0xb5bb,
0xb5bb, 0xb5bb, 0xb5bb, 0xb5bb, 0xb5bb, 0xb5bb, 0xb5bb, 0xb5bb, 0xb5bb, 0xb5bb,
0xb5bb, 0xb5bb, 0xb5bb, 0xb5bb, 0xb5bb, 0xb5bb, 0xb5bb, 0xb5bb, 0xb5bb, 0xb5bb,
0xb5bb, 0xb5bb, 0xb5bb, 0xb5bb, 0xb5bb, 0xb5bb, 0xb5bb, 0xb5bb, 0xb5bb, 0xb5bb,
0xb5bb, 0xb5bb, 0xb5bb, 0xb5bb, 0xb5bb, 0xb5bb, 0xb5bb, 0xb5bb, 0xb5bb, 0xb5bb,
0xb5bb, 0xb5bb, 0xb5bb, 0xb5bb, 0xb5bb, 0xb5bb, 0xb5bb, 0xb5bb, 0xb5bb, 0xb5bb,
0xb5bb, 0xb5bb, 0xb5bb, 0xb5bb, 0xb5bb, 0xb5bb, 0xb5bb, 0xb5bb, 0xb5bb, 0xb5bb,
0xb5bb, 0xb5bb, 0xb5bb, 0xb5bb, 0xb5bb, 0xb5bb, 0xb5bb, 0xb5bb, 0xb5bb, 0xb5bb,
0xb5bb, 0xb5bb, 0xb5bb, 0xb5bb, 0xb5bb, 0xb5bb, 0xb5bb, 0xb5bb, 0xb5bb, 0xb5bb,
0xb5bb, 0xb5bb, 0xb5bb, 0xb5bb, 0xb5bb, 0xb5bb, 0xb5bb, 0xb5bb, 0xb5bb, 0xb5bb,
0xb5bb, 0xb5bb, 0xb5bb, 0xb5bb, 0xb5bb, 0xb5bb, 0xb5bb, 0xb5bb, 0xb5bb, 0xb5bb,
0xb5bb, 0xb5bb, 0xb5bb, 0xb5bb, 0xb5bb, 0xb5bb, 0xb5bb, 0xb5bb, 0xb5bb, 0xb5bb,
0xb5bb, 0xb5bb, 0xb5bb, 0xb5bb, 0xb5bb, 0xb5bb, 0xb5bb, 0xb5bb, 0xb5bb, 0xb5bb,
0xb5bb, 0xb5bb, 0xb5bb, 0xb5bb, 0xb5bb, 0xb5bb, 0xb5bb, 0xb5bb, 0xb5bb, 0xb5bb,
0xb5bb, 0xb5bb, 0xb5bb, 0xb5bb, 0xb5bb, 0xb5bb, 0xb5bb, 0xb5bb, 0xb5bb, 0xb5bb,
0xb5bb, 0xb5bb, 0xb5bb, 0xb5bb, 0xb5bb, 0xb5bb, 0xb5bb, 0x6b52, 0x5ad0, 0x420c,
0x39ea, 0x2968, 0x31a9, 0x5b0e, 0x73f2, 0x73f2, 0x6370, 0x6371, 0x7bf4, 0xa4f9,
0xa51a, 0x6bb3, 0x4a6b, 0x5a87, 0x93a6, 0xc4a5, 0xe524, 0xed65, 0xfda7, 0xfe08,
0xfe4a, 0xfead, 0xfef0, 0xfef2, 0xfef3, 0xff14, 0xff34, 0xff35, 0xff35, 0xff36,
0xeef6, 0xe695, 0xd633, 0xcdd1, 0xbd4e, 0xac8b, 0x9c29, 0x942a, 0x83ec, 0x730d,
0x69ed, 0x8a11, 0xb2b5, 0xb2b4, 0xa252, 0x9251, 0x92b1, 0x9351, 0x8390, 0x7b6f,
0x62ad, 0x520b, 0x59ab, 0x720e, 0x7a90, 0x82d1, 0x92d2, 0x9af2, 0x9b13, 0x9af3,
0x9ad3, 0x92d3, 0x92d3, 0x92d3, 0x92d2, 0x92d2, 0x92d2, 0x8a92, 0x8a92, 0x8a91,

0x820e, 0x8a30, 0xa292, 0xbaf4, 0xd356, 0xe3d8, 0xe3f9, 0xbb35, 0x824e, 0x6a8c,
0x7b6c, 0x940b, 0xa44a, 0xac8b, 0xc52d, 0xd5d0, 0xde32, 0xee93, 0xfed4, 0xfef4,
0x0000, 0xb5bb, 0xb5bb, 0xb5bb, 0xb5bb, 0xb5bb, 0xb5bb, 0xb5bb, 0xb5bb, 0xb5bb,
0xb5bb, 0xb5bb, 0xb5bb, 0xb5bb, 0xb5bb, 0xb5bb, 0xb5bb, 0xb5bb, 0xb5bb, 0xb5bb,
0xb5bb, 0xb5bb, 0xb5bb, 0xb5bb, 0xb5bb, 0xb5bb, 0xb5bb, 0xb5bb, 0xb5bb, 0xb5bb,
0xb5bb, 0xb5bb, 0x0000, 0xab88, 0xab89, 0xaba9, 0xabc8, 0xab87, 0xa367, 0xa367,
0xa368, 0xa368, 0xa368, 0xa388, 0xa389, 0x9328, 0x7a65, 0x8285, 0x9b48, 0xa3a9,
0xa3a9, 0x9b69, 0xb5bb, 0xb5bb, 0xb5bb, 0xb5bb, 0xb5bb, 0xb5bb, 0xb5bb, 0xb5bb,
0xb5bb, 0xb5bb, 0xb5bb, 0xb5bb, 0xb5bb, 0xb5bb, 0xb5bb, 0xb5bb, 0xb5bb, 0xb5bb,
0xb5bb, 0xb5bb, 0xb5bb, 0xb5bb, 0xb5bb, 0xb5bb, 0xb5bb, 0xb5bb, 0xb5bb, 0xb5bb,
0xb5bb, 0xb5bb, 0xb5bb, 0xb5bb, 0xb5bb, 0xb5bb, 0xb5bb, 0xb5bb, 0xb5bb, 0xb5bb,
0xb5bb, 0xb5bb, 0xb5bb, 0xb5bb, 0xb5bb, 0xb5bb, 0xb5bb, 0xb5bb, 0xb5bb, 0xb5bb,
0xb5bb, 0xb5bb, 0xb5bb, 0xb5bb, 0xb5bb, 0xb5bb, 0xb5bb, 0xb5bb, 0xb5bb, 0xb5bb,
0xb5bb, 0xb5bb, 0xb5bb, 0xb5bb, 0xb5bb, 0xb5bb, 0xb5bb, 0xb5bb, 0xb5bb, 0xb5bb,
0xb5bb, 0xb5bb, 0xb5bb, 0xb5bb, 0xb5bb, 0xb5bb, 0xb5bb, 0xb5bb, 0xb5bb, 0xb5bb,
0xb5bb, 0xb5bb, 0xb5bb, 0xb5bb, 0xb5bb, 0xb5bb, 0xb5bb, 0xb5bb, 0xb5bb, 0xb5bb,
0xb5bb, 0xb5bb, 0xb5bb, 0xb5bb, 0xb5bb, 0xb5bb, 0xb5bb, 0xb5bb, 0xb5bb, 0xb5bb,
0xb5bb, 0xb5bb, 0xb5bb, 0xb5bb, 0xb5bb, 0xb5bb, 0xb5bb, 0xb5bb, 0xb5bb, 0xb5bb,
0xb5bb, 0xb5bb, 0xb5bb, 0xb5bb, 0xb5bb, 0xb5bb, 0xb5bb, 0xb5bb, 0xb5bb, 0xb5bb,
0xb5bb, 0xb5bb, 0xb5bb, 0xb5bb, 0xb5bb, 0xb5bb, 0xb5bb, 0xb5bb, 0xb5bb, 0xb5bb,
0xb5bb, 0xb5bb, 0xb5bb, 0xb5bb, 0xb5bb, 0xb5bb, 0xb5bb, 0xb5bb, 0xb5bb, 0xb5bb,
0xb5bb, 0xb5bb, 0xb5bb, 0xb5bb, 0xb5bb, 0xb5bb, 0xb5bb, 0xb5bb, 0xb5bb, 0xb5bb,
0xb5bb, 0xb5bb, 0xb5bb, 0xb5bb, 0xb5bb, 0xb5bb, 0xb5bb, 0xb5bb, 0xb5bb, 0xb5bb,
0xb5bb, 0xb5bb, 0xb5bb, 0xb5bb, 0xb5bb, 0xb5bb, 0xb5bb, 0xb5bb, 0xb5bb, 0xb5bb,
0xb5bb, 0xb5bb, 0xb5bb, 0xb5bb, 0xb5bb, 0xb5bb, 0xb5bb, 0x6b51, 0x52af, 0x39ec,
0x39cb, 0x2969, 0x2969, 0x422c, 0x5aef, 0x7391, 0x7392, 0x7392, 0x7bf5, 0x9cda,
0x9cda, 0x6372, 0x3a29, 0x4a25, 0x8b44, 0xcc85, 0xe504, 0xed65, 0xfda7, 0xfde8,
0xfe4a, 0xfead, 0xfecf, 0xfef1, 0xfef2, 0xfef3, 0xfef3, 0xfef4, 0xfef4, 0xff14,
0xeeb3, 0xe652, 0xd5d1, 0xc56f, 0xb4ec, 0xa44a, 0x942a, 0x840b, 0x6b0b, 0x6a4d,
0x9251, 0xcb37, 0xebdb, 0xdb7a, 0xc2f7, 0xaa94, 0x9a32, 0x8a30, 0x824f, 0x8af0,
0x8390, 0x734e, 0x5a6b, 0x51aa, 0x61ed, 0x7a70, 0x8291, 0x8ad2, 0x92f2, 0x92d3,
0x92d3, 0x92d2, 0x92d2, 0x92d2, 0x92d2, 0x92b1, 0x8a91, 0x8a91, 0x8a91, 0x8291,

0x920f, 0xa272, 0xc335, 0xdbb8, 0xec3a, 0xfcbb, 0xfcfc, 0xec7a, 0xcb96, 0x826f,
0x5a4b, 0x736b, 0x8c0a, 0xa449, 0xacab, 0xbd2d, 0xd5cf, 0xe631, 0xee72, 0xfeb1,
0x0000, 0xb5bb, 0xb5bb, 0xb5bb, 0xb5bb, 0xb5bb, 0xb5bb, 0xb5bb, 0xb5bb, 0xb5bb,
0xb5bb, 0xb5bb, 0xb5bb, 0xb5bb, 0xb5bb, 0xb5bb, 0xb5bb, 0xb5bb, 0xb5bb, 0xb5bb,
0xb5bb, 0xb5bb, 0xb5bb, 0xb5bb, 0xb5bb, 0xb5bb, 0xb5bb, 0xb5bb, 0xb5bb, 0xb5bb,
0xb5bb, 0xb5bb, 0x0000, 0x7a65, 0x7a86, 0x82c6, 0x82c6, 0x7ac6, 0x7ae7, 0x72a7,
0x7aa7, 0x8308, 0x82e8, 0x72a6, 0x7ac8, 0x72c8, 0x6267, 0x72c8, 0x8309, 0x72c7,
0x72a7, 0x7aea, 0xb5bb, 0xb5bb, 0xb5bb, 0xb5bb, 0xb5bb, 0xb5bb, 0xb5bb, 0xb5bb,
0xb5bb, 0xb5bb, 0xb5bb, 0xb5bb, 0xb5bb, 0xb5bb, 0xb5bb, 0xb5bb, 0xb5bb, 0xb5bb,
0xb5bb, 0xb5bb, 0xb5bb, 0xb5bb, 0xb5bb, 0xb5bb, 0xb5bb, 0xb5bb, 0xb5bb, 0xb5bb,
0xb5bb, 0xb5bb, 0xb5bb, 0xb5bb, 0xb5bb, 0xb5bb, 0xb5bb, 0xb5bb, 0xb5bb, 0xb5bb,
0xb5bb, 0xb5bb, 0xb5bb, 0xb5bb, 0xb5bb, 0xb5bb, 0xb5bb, 0xb5bb, 0xb5bb, 0xb5bb,
0xb5bb, 0xb5bb, 0xb5bb, 0xb5bb, 0xb5bb, 0xb5bb, 0xb5bb, 0xb5bb, 0xb5bb, 0xb5bb,
0xb5bb, 0xb5bb, 0xb5bb, 0xb5bb, 0xb5bb, 0xb5bb, 0xb5bb, 0xb5bb, 0xb5bb, 0xb5bb,
0xb5bb, 0xb5bb, 0xb5bb, 0xb5bb, 0xb5bb, 0xb5bb, 0xb5bb, 0xb5bb, 0xb5bb, 0xb5bb,
0xb5bb, 0xb5bb, 0xb5bb, 0xb5bb, 0xb5bb, 0xb5bb, 0xb5bb, 0xb5bb, 0xb5bb, 0xb5bb,
0xb5bb, 0xb5bb, 0xb5bb, 0xb5bb, 0xb5bb, 0xb5bb, 0xb5bb, 0xb5bb, 0xb5bb, 0xb5bb,
0xb5bb, 0xb5bb, 0xb5bb, 0xb5bb, 0xb5bb, 0xb5bb, 0xb5bb, 0xb5bb, 0xb5bb, 0xb5bb,
0xb5bb, 0xb5bb, 0xb5bb, 0xb5bb, 0xb5bb, 0xb5bb, 0xb5bb, 0xb5bb, 0xb5bb, 0xb5bb,
0xb5bb, 0xb5bb, 0xb5bb, 0xb5bb, 0xb5bb, 0xb5bb, 0xb5bb, 0xb5bb, 0xb5bb, 0xb5bb,
0xb5bb, 0xb5bb, 0xb5bb, 0xb5bb, 0xb5bb, 0xb5bb, 0xb5bb, 0xb5bb, 0xb5bb, 0xb5bb,
0xb5bb, 0xb5bb, 0xb5bb, 0xb5bb, 0xb5bb, 0xb5bb, 0xb5bb, 0xb5bb, 0xb5bb, 0xb5bb,
0xb5bb, 0xb5bb, 0xb5bb, 0xb5bb, 0xb5bb, 0xb5bb, 0xb5bb, 0xb5bb, 0xb5bb, 0xb5bb,
0xb5bb, 0xb5bb, 0xb5bb, 0xb5bb, 0xb5bb, 0xb5bb, 0xb5bb, 0xb5bb, 0xb5bb, 0xb5bb,
0xb5bb, 0xb5bb, 0xb5bb, 0xb5bb, 0xb5bb, 0xb5bb, 0xb5bb, 0x83f4, 0x6331, 0x4a4e,
0x420c, 0x39ca, 0x31aa, 0x420b, 0x52af, 0x6331, 0x6b71, 0x73b3, 0x8416, 0x94b9,
0x8436, 0x426d, 0x2145, 0x41c3, 0x8344, 0xc485, 0xe524, 0xed65, 0xf5a7, 0xfe08,
0xfe49, 0xfe8c, 0xfeae, 0xfed0, 0xfef1, 0xfef1, 0xfef1, 0xfed1, 0xfed1, 0xf6b1,
0xee71, 0xddf0, 0xcd6f, 0xbcec, 0xac8a, 0x940a, 0x7bca, 0x6b2b, 0x6a4d, 0x9272,
0xd3b9, 0xf47d, 0xfc9e, 0xf47d, 0xdbfa, 0xcb57, 0xb2b5, 0x9a32, 0x89f0, 0x820e,
0x828f, 0x832f, 0x732d, 0x5a8b, 0x51aa, 0x61ac, 0x7a50, 0x82b1, 0x8ab2, 0x8ad2,
0x92d2, 0x92d2, 0x92b2, 0x8ab2, 0x92b2, 0x8ab1, 0x8291, 0x8271, 0x8271, 0x8271,

0xab13, 0xbb35, 0xdbb8, 0xe439, 0xf49b, 0xfd1d, 0xfd3d, 0xfd3e, 0xfcdc, 0xbb75,
0x7a6e, 0x628b, 0x6b2a, 0x8bea, 0x9c4a, 0xb4ab, 0xcd6d, 0xd5ae, 0xe60f, 0xf66f,
0x0000, 0xb5bb, 0xb5bb, 0xb5bb, 0xb5bb, 0xb5bb, 0xb5bb, 0xb5bb, 0xb5bb, 0xb5bb,
0xb5bb, 0xb5bb, 0xb5bb, 0xb5bb, 0xb5bb, 0xb5bb, 0xb5bb, 0xb5bb, 0xb5bb, 0xb5bb,
0xb5bb, 0xb5bb, 0xb5bb, 0xb5bb, 0xb5bb, 0xb5bb, 0xb5bb, 0xb5bb, 0xb5bb, 0xb5bb,
0xb5bb, 0xb5bb, 0x0000, 0x59c3, 0x61e3, 0x6a04, 0x61e3, 0x6245, 0x6a88, 0x5a26,
0x5a05, 0x72a8, 0x7267, 0x5a04, 0x6245, 0x72a7, 0x72c8, 0x7b2a, 0x7ae8, 0x51e5,
0x49c4, 0x6267, 0xb5bb, 0xb5bb, 0xb5bb, 0xb5bb, 0xb5bb, 0xb5bb, 0xb5bb, 0xb5bb,
0xb5bb, 0xb5bb, 0xb5bb, 0xb5bb, 0xb5bb, 0xb5bb, 0xb5bb, 0xb5bb, 0xb5bb, 0xb5bb,
0xb5bb, 0xb5bb, 0xb5bb, 0xb5bb, 0xb5bb, 0xb5bb, 0xb5bb, 0xb5bb, 0xb5bb, 0xb5bb,
0xb5bb, 0xb5bb, 0xb5bb, 0xb5bb, 0xb5bb, 0xb5bb, 0xb5bb, 0xb5bb, 0xb5bb, 0xb5bb,
0xb5bb, 0xb5bb, 0xb5bb, 0xb5bb, 0xb5bb, 0xb5bb, 0xb5bb, 0xb5bb, 0xb5bb, 0xb5bb,
0xb5bb, 0xb5bb, 0xb5bb, 0xb5bb, 0xb5bb, 0xb5bb, 0xb5bb, 0xb5bb, 0xb5bb, 0xb5bb,
0xb5bb, 0xb5bb, 0xb5bb, 0xb5bb, 0xb5bb, 0xb5bb, 0xb5bb, 0xb5bb, 0xb5bb, 0xb5bb,
0xb5bb, 0xb5bb, 0xb5bb, 0xb5bb, 0xb5bb, 0xb5bb, 0xb5bb, 0xb5bb, 0xb5bb, 0xb5bb,
0xb5bb, 0xb5bb, 0xb5bb, 0xb5bb, 0xb5bb, 0xb5bb, 0xb5bb, 0xb5bb, 0xb5bb, 0xb5bb,
0xb5bb, 0xb5bb, 0xb5bb, 0xb5bb, 0xb5bb, 0xb5bb, 0xb5bb, 0xb5bb, 0xb5bb, 0xb5bb,
0xb5bb, 0xb5bb, 0xb5bb, 0xb5bb, 0xb5bb, 0xb5bb, 0xb5bb, 0xb5bb, 0xb5bb, 0xb5bb,
0xb5bb, 0xb5bb, 0xb5bb, 0xb5bb, 0xb5bb, 0xb5bb, 0xb5bb, 0xb5bb, 0xb5bb, 0xb5bb,
0xb5bb, 0xb5bb, 0xb5bb, 0xb5bb, 0xb5bb, 0xb5bb, 0xb5bb, 0xb5bb, 0xb5bb, 0xb5bb,
0xb5bb, 0xb5bb, 0xb5bb, 0xb5bb, 0xb5bb, 0xb5bb, 0xb5bb, 0xb5bb, 0xb5bb, 0xb5bb,
0xb5bb, 0xb5bb, 0xb5bb, 0xb5bb, 0xb5bb, 0xb5bb, 0xb5bb, 0xb5bb, 0xb5bb, 0xb5bb,
0xb5bb, 0xb5bb, 0xb5bb, 0xb5bb, 0xb5bb, 0xb5bb, 0xb5bb, 0xb5bb, 0xb5bb, 0xb5bb,
0xb5bb, 0xb5bb, 0xb5bb, 0xb5bb, 0xb5bb, 0xb5bb, 0xb5bb, 0xb5bb, 0xb5bb, 0xb5bb,
0xb5bb, 0xb5bb, 0xb5bb, 0xb5bb, 0xb5bb, 0xb5bb, 0xb5bb, 0x8c96, 0x73b3, 0x528f,
0x4a6e, 0x420b, 0x39ca, 0x424c, 0x52cf, 0x52f1, 0x52f0, 0x6b72, 0x8457, 0x8456,
0x5b0f, 0x2947, 0x18c3, 0x41c4, 0x8345, 0xbc64, 0xe4e3, 0xed44, 0xf5a6, 0xfe07,
0xfe28, 0xfe4a, 0xfe6d, 0xfeaf, 0xfeef, 0xfeef, 0xfef0, 0xfeaf, 0xf670, 0xee4f,
0xe5ef, 0xd58e, 0xbd2c, 0xacab, 0x9c29, 0x7b89, 0x62ca, 0x6a4d, 0x9ab2, 0xd3d9,
0xfd1f, 0xfd3f, 0xfcff, 0xfcdd, 0xf47b, 0xe41a, 0xcb98, 0xbb36, 0x9a92, 0x81cf,
0x716d, 0x71cd, 0x7aae, 0x6b2d, 0x5a4b, 0x518a, 0x69ad, 0x7a30, 0x8291, 0x8ad2,
0x8ad2, 0x92d2, 0x8a92, 0x8a92, 0x8a91, 0x8291, 0x8291, 0x8251, 0x8231, 0x8230,

0xb313, 0xc375, 0xdc18, 0xec9b, 0xf4fc, 0xfd3e, 0xfd5e, 0xfd5e, 0xfd3d, 0xfcdc,
0xd3f7, 0x8a8e, 0x5a2a, 0x62ea, 0x838b, 0xa42b, 0xb48b, 0xcd0b, 0xdd8c, 0xe5cd,
0x0000, 0xb5bb, 0xb5bb, 0xb5bb, 0xb5bb, 0xb5bb, 0xb5bb, 0xb5bb, 0xb5bb, 0xb5bb,
0xb5bb, 0xb5bb, 0xb5bb, 0xb5bb, 0xb5bb, 0xb5bb, 0xb5bb, 0xb5bb, 0xb5bb, 0xb5bb,
0xb5bb, 0xb5bb, 0xb5bb, 0xb5bb, 0xb5bb, 0xb5bb, 0xb5bb, 0xb5bb, 0xb5bb, 0xb5bb,
0xb5bb, 0xb5bb, 0x0000, 0x8285, 0x8285, 0x8ac6, 0x8ac5, 0x8ae5, 0x9326, 0x8285,
0x7245, 0x8285, 0x8285, 0x8a85, 0x8aa5, 0x92c5, 0x92c5, 0x92e5, 0x8ac5, 0x7264,
0x6a24, 0x7244, 0xb5bb, 0xb5bb, 0xb5bb, 0xb5bb, 0xb5bb, 0xb5bb, 0xb5bb, 0xb5bb,
0xb5bb, 0xb5bb, 0xb5bb, 0xb5bb, 0xb5bb, 0xb5bb, 0xb5bb, 0xb5bb, 0xb5bb, 0xb5bb,
0xb5bb, 0xb5bb, 0xb5bb, 0xb5bb, 0xb5bb, 0xb5bb, 0xb5bb, 0xb5bb, 0xb5bb, 0xb5bb,
0xb5bb, 0xb5bb, 0xb5bb, 0xb5bb, 0xb5bb, 0xb5bb, 0xb5bb, 0xb5bb, 0xb5bb, 0xb5bb,
0xb5bb, 0xb5bb, 0xb5bb, 0xb5bb, 0xb5bb, 0xb5bb, 0xb5bb, 0xb5bb, 0xb5bb, 0xb5bb,
0xb5bb, 0xb5bb, 0xb5bb, 0xb5bb, 0xb5bb, 0xb5bb, 0xb5bb, 0xb5bb, 0xb5bb, 0xb5bb,
0xb5bb, 0xb5bb, 0xb5bb, 0xb5bb, 0xb5bb, 0xb5bb, 0xb5bb, 0xb5bb, 0xb5bb, 0xb5bb,
0xb5bb, 0xb5bb, 0xb5bb, 0xb5bb, 0xb5bb, 0xb5bb, 0xb5bb, 0xb5bb, 0xb5bb, 0xb5bb,
0xb5bb, 0xb5bb, 0xb5bb, 0xb5bb, 0xb5bb, 0xb5bb, 0xb5bb, 0xb5bb, 0xb5bb, 0xb5bb,
0xb5bb, 0xb5bb, 0xb5bb, 0xb5bb, 0xb5bb, 0xb5bb, 0xb5bb, 0xb5bb, 0xb5bb, 0xb5bb,
0xb5bb, 0xb5bb, 0xb5bb, 0xb5bb, 0xb5bb, 0xb5bb, 0xb5bb, 0xb5bb, 0xb5bb, 0xb5bb,
0xb5bb, 0xb5bb, 0xb5bb, 0xb5bb, 0xb5bb, 0xb5bb, 0xb5bb, 0xb5bb, 0xb5bb, 0xb5bb,
0xb5bb, 0xb5bb, 0xb5bb, 0xb5bb, 0xb5bb, 0xb5bb, 0xb5bb, 0xb5bb, 0xb5bb, 0xb5bb,
0xb5bb, 0xb5bb, 0xb5bb, 0xb5bb, 0xb5bb, 0xb5bb, 0xb5bb, 0xb5bb, 0xb5bb, 0xb5bb,
0xb5bb, 0xb5bb, 0xb5bb, 0xb5bb, 0xb5bb, 0xb5bb, 0xb5bb, 0xb5bb, 0xb5bb, 0xb5bb,
0xb5bb, 0xb5bb, 0xb5bb, 0xb5bb, 0xb5bb, 0xb5bb, 0xb5bb, 0xb5bb, 0xb5bb, 0xb5bb,
0xb5bb, 0xb5bb, 0xb5bb, 0xb5bb, 0xb5bb, 0xb5bb, 0xb5bb, 0xb5bb, 0xb5bb, 0xb5bb,
0xb5bb, 0xb5bb, 0xb5bb, 0xb5bb, 0xb5bb, 0xb5bb, 0xb5bb, 0x9d37, 0x7bf4, 0x5ad0,
0x52ce, 0x424b, 0x39c9, 0x422b, 0x4a6d, 0x4a8f, 0x4a90, 0x5b33, 0x7c36, 0x6371,
0x39ca, 0x2926, 0x3967, 0x5a49, 0x7ae6, 0xa3a3, 0xd483, 0xe503, 0xf565, 0xfdc6,
0xfde7, 0xfe29, 0xfe4b, 0xfe8c, 0xfead, 0xfead, 0xfeae, 0xf64e, 0xedee, 0xddad,
0xcd6d, 0xbd0c, 0xac8a, 0x940a, 0x738a, 0x628a, 0x6a2c, 0x9ad3, 0xdc1b, 0xfd3f,
0xfd7f, 0xfd5f, 0xfd3f, 0xfcff, 0xfcbd, 0xec7b, 0xdbf8, 0xc376, 0xaaf4, 0x9a72,
0x81ef, 0x714c, 0x698c, 0x6a4d, 0x62ed, 0x5a6b, 0x596b, 0x696d, 0x7a30, 0x8291,
0x8291, 0x8a91, 0x8a91, 0x8a91, 0x8291, 0x8270, 0x8250, 0x7a30, 0x79ef, 0x71ce,

0xab53, 0xc3b5, 0xe458, 0xec9a, 0xf4dc, 0xfd3e, 0xfd5e, 0xfd5e, 0xfd5e, 0xfd7e,
0xfd1d, 0xd437, 0x9af0, 0x6a0b, 0x5208, 0x6ae9, 0x940b, 0xacab, 0xc4eb, 0xd52a,
0x0000, 0xb5bb, 0xb5bb, 0xb5bb, 0xb5bb, 0xb5bb, 0xb5bb, 0xb5bb, 0xb5bb, 0xb5bb,
0xb5bb, 0xb5bb, 0xb5bb, 0xb5bb, 0xb5bb, 0xb5bb, 0xb5bb, 0xb5bb, 0xb5bb, 0xb5bb,
0xb5bb, 0xb5bb, 0xb5bb, 0xb5bb, 0xb5bb, 0xb5bb, 0xb5bb, 0xb5bb, 0xb5bb, 0xb5bb,
0xb5bb, 0xb5bb, 0x0000, 0x92c5, 0x92c5, 0x92e5, 0x92c5, 0x92e5, 0x92e5, 0x92c5,
0x8aa5, 0x8aa4, 0x92a4, 0x92a5, 0x92c5, 0x92c4, 0x92c4, 0x92a4, 0x8a84, 0x8aa5,
0x8a84, 0x7a02, 0xb5bb, 0xb5bb, 0xb5bb, 0xb5bb, 0xb5bb, 0xb5bb, 0xb5bb, 0xb5bb,
0xb5bb, 0xb5bb, 0xb5bb, 0xb5bb, 0xb5bb, 0xb5bb, 0xb5bb, 0xb5bb, 0xb5bb, 0xb5bb,
0xb5bb, 0xb5bb, 0xb5bb, 0xb5bb, 0xb5bb, 0xb5bb, 0xb5bb, 0xb5bb, 0xb5bb, 0xb5bb,
0xb5bb, 0xb5bb, 0xb5bb, 0xb5bb, 0xb5bb, 0xb5bb, 0xb5bb, 0xb5bb, 0xb5bb, 0xb5bb,
0xb5bb, 0xb5bb, 0xb5bb, 0xb5bb, 0xb5bb, 0xb5bb, 0xb5bb, 0xb5bb, 0xb5bb, 0xb5bb,
0xb5bb, 0xb5bb, 0xb5bb, 0xb5bb, 0xb5bb, 0xb5bb, 0xb5bb, 0xb5bb, 0xb5bb, 0xb5bb,
0xb5bb, 0xb5bb, 0xb5bb, 0xb5bb, 0xb5bb, 0xb5bb, 0xb5bb, 0xb5bb, 0xb5bb, 0xb5bb,
0xb5bb, 0xb5bb, 0xb5bb, 0xb5bb, 0xb5bb, 0xb5bb, 0xb5bb, 0xb5bb, 0xb5bb, 0xb5bb,
0xb5bb, 0xb5bb, 0xb5bb, 0xb5bb, 0xb5bb, 0xb5bb, 0xb5bb, 0xb5bb, 0xb5bb, 0xb5bb,
0xb5bb, 0xb5bb, 0xb5bb, 0xb5bb, 0xb5bb, 0xb5bb, 0xb5bb, 0xb5bb, 0xb5bb, 0xb5bb,
0xb5bb, 0xb5bb, 0xb5bb, 0xb5bb, 0xb5bb, 0xb5bb, 0xb5bb, 0xb5bb, 0xb5bb, 0xb5bb,
0xb5bb, 0xb5bb, 0xb5bb, 0xb5bb, 0xb5bb, 0xb5bb, 0xb5bb, 0xb5bb, 0xb5bb, 0xb5bb,
0xb5bb, 0xb5bb, 0xb5bb, 0xb5bb, 0xb5bb, 0xb5bb, 0xb5bb, 0xb5bb, 0xb5bb, 0xb5bb,
0xb5bb, 0xb5bb, 0xb5bb, 0xb5bb, 0xb5bb, 0xb5bb, 0xb5bb, 0xb5bb, 0xb5bb, 0xb5bb,
0xb5bb, 0xb5bb, 0xb5bb, 0xb5bb, 0xb5bb, 0xb5bb, 0xb5bb, 0xb5bb, 0xb5bb, 0xb5bb,
0xb5bb, 0xb5bb, 0xb5bb, 0xb5bb, 0xb5bb, 0xb5bb, 0xb5bb, 0xb5bb, 0xb5bb, 0xb5bb,
0xb5bb, 0xb5bb, 0xb5bb, 0xb5bb, 0xb5bb, 0xb5bb, 0xb5bb, 0xb5bb, 0xb5bb, 0xb5bb,
0xb5bb, 0xb5bb, 0xb5bb, 0xb5bb, 0xb5bb, 0xb5bb, 0xb5bb, 0xad9a, 0x8456, 0x5b11,
0x6310, 0x4a6c, 0x41e9, 0x424b, 0x4a8e, 0x4ab0, 0x52f1, 0x6352, 0x6b92, 0x4a6c,
0x2967, 0x41e8, 0x5aab, 0x62eb, 0x6aa6, 0x8b02, 0xbc42, 0xdce3, 0xed44, 0xf5a5,
0xfdc6, 0xfde7, 0xfe09, 0xfe2a, 0xfe4a, 0xf62b, 0xf60c, 0xe5ec, 0xdd8b, 0xcd0a,
0xbccb, 0xa48b, 0x83ca, 0x62a9, 0x51ea, 0x722e, 0xab34, 0xe49b, 0xfd3f, 0xfd7f,
0xfd7f, 0xfd5f, 0xfd5f, 0xfd3f, 0xfcfe, 0xec9c, 0xdc19, 0xcbb7, 0xb355, 0xa2f3,
0x8a50, 0x71ad, 0x614b, 0x61ab, 0x72ad, 0x6aed, 0x5a0b, 0x598c, 0x69ce, 0x7a30,
0x8291, 0x8291, 0x8270, 0x8250, 0x8270, 0x8270, 0x7a2f, 0x69ce, 0x596c, 0x4949,

0xab53, 0xbbb5, 0xd438, 0xe49a, 0xf4db, 0xfd3d, 0xfd5e, 0xfd7e, 0xfd9e, 0xfd7e,
0xfd9f, 0xfd7d, 0xe499, 0xab53, 0x724d, 0x5a2b, 0x62ca, 0x7b8a, 0x9c2b, 0xb4ca,
0x0000, 0xb5bb, 0xb5bb, 0xb5bb, 0xb5bb, 0xb5bb, 0xb5bb, 0xb5bb, 0xb5bb, 0xb5bb,
0xb5bb, 0xb5bb, 0xb5bb, 0xb5bb, 0xb5bb, 0xb5bb, 0xb5bb, 0xb5bb, 0xb5bb, 0xb5bb,
0xb5bb, 0xb5bb, 0xb5bb, 0xb5bb, 0xb5bb, 0xb5bb, 0xb5bb, 0xb5bb, 0xb5bb, 0xb5bb,
0xb5bb, 0xb5bb, 0x0000, 0x92e5, 0x8ac5, 0x8aa5, 0x92c5, 0x92c5, 0x92a5, 0x92c5,
0x9ae5, 0x92c5, 0x92e5, 0x9b05, 0x9ae5, 0x92e5, 0x92e5, 0x8aa4, 0x8aa4, 0x92e6,
0x92a5, 0x8a22, 0xb5bb, 0xb5bb, 0xb5bb, 0xb5bb, 0xb5bb, 0xb5bb, 0xb5bb, 0xb5bb,
0xb5bb, 0xb5bb, 0xb5bb, 0xb5bb, 0xb5bb, 0xb5bb, 0xb5bb, 0xb5bb, 0xb5bb, 0xb5bb,
0xb5bb, 0xb5bb, 0xb5bb, 0xb5bb, 0xb5bb, 0xb5bb, 0xb5bb, 0xb5bb, 0xb5bb, 0xb5bb,
0xb5bb, 0xb5bb, 0xb5bb, 0xb5bb, 0xb5bb, 0xb5bb, 0xb5bb, 0xb5bb, 0xb5bb, 0xb5bb,
0xb5bb, 0xb5bb, 0xb5bb, 0xb5bb, 0xb5bb, 0xb5bb, 0xb5bb, 0xb5bb, 0xb5bb, 0xb5bb,
0xb5bb, 0xb5bb, 0xb5bb, 0xb5bb, 0xb5bb, 0xb5bb, 0xb5bb, 0xb5bb, 0xb5bb, 0xb5bb,
0xb5bb, 0xb5bb, 0xb5bb, 0xb5bb, 0xb5bb, 0xb5bb, 0xb5bb, 0xb5bb, 0xb5bb, 0xb5bb,
0xb5bb, 0xb5bb, 0xb5bb, 0xb5bb, 0xb5bb, 0xb5bb, 0xb5bb, 0xb5bb, 0xb5bb, 0xb5bb,
0xb5bb, 0xb5bb, 0xb5bb, 0xb5bb, 0xb5bb, 0xb5bb, 0xb5bb, 0xb5bb, 0xb5bb, 0xb5bb,
0xb5bb, 0xb5bb, 0xb5bb, 0xb5bb, 0xb5bb, 0xb5bb, 0xb5bb, 0xb5bb, 0xb5bb, 0xb5bb,
0xb5bb, 0xb5bb, 0xb5bb, 0xb5bb, 0xb5bb, 0xb5bb, 0xb5bb, 0xb5bb, 0xb5bb, 0xb5bb,
0xb5bb, 0xb5bb, 0xb5bb, 0xb5bb, 0xb5bb, 0xb5bb, 0xb5bb, 0xb5bb, 0xb5bb, 0xb5bb,
0xb5bb, 0xb5bb, 0xb5bb, 0xb5bb, 0xb5bb, 0xb5bb, 0xb5bb, 0xb5bb, 0xb5bb, 0xb5bb,
0xb5bb, 0xb5bb, 0xb5bb, 0xb5bb, 0xb5bb, 0xb5bb, 0xb5bb, 0xb5bb, 0xb5bb, 0xb5bb,
0xb5bb, 0xb5bb, 0xb5bb, 0xb5bb, 0xb5bb, 0xb5bb, 0xb5bb, 0xb5bb, 0xb5bb, 0xb5bb,
0xb5bb, 0xb5bb, 0xb5bb, 0xb5bb, 0xb5bb, 0xb5bb, 0xb5bb, 0xb5bb, 0xb5bb, 0xb5bb,
0xb5bb, 0xb5bb, 0xb5bb, 0xb5bb, 0xb5bb, 0xb5bb, 0xb5bb, 0xb5bb, 0xb5bb, 0xb5bb,
0xb5bb, 0xb5bb, 0xb5bb, 0xb5bb, 0xb5bb, 0xb5bb, 0xb5bb, 0xb5bc, 0x8cb7, 0x6372,
0x6351, 0x4a8c, 0x3a0a, 0x426b, 0x4aae, 0x52d0, 0x6353, 0x6b72, 0x5acf, 0x39c8,
0x39c7, 0x6b0d, 0x7bd0, 0x6b4d, 0x6287, 0x72a3, 0xa3e3, 0xcca3, 0xdd03, 0xed64,
0xf585, 0xfda6, 0xfde7, 0xfde8, 0xf5e9, 0xeda9, 0xe569, 0xd56a, 0xc52a, 0xb48a,
0x940a, 0x6b4a, 0x5a8a, 0x620c, 0x8270, 0xbb97, 0xecdc, 0xfd9f, 0xfd9f, 0xfd7f,
0xfd7f, 0xfd7f, 0xfd7f, 0xfd3f, 0xfcfe, 0xec9c, 0xdc3a, 0xcbd8, 0xbb96, 0xab14,
0x9291, 0x824f, 0x69cc, 0x616b, 0x61eb, 0x6aad, 0x6aed, 0x5a0c, 0x594c, 0x79cf,
0x8270, 0x8271, 0x8270, 0x8250, 0x8230, 0x71ef, 0x61ad, 0x598a, 0x6a0a, 0x728b,

0xa312, 0xb374, 0xcc17, 0xe49a, 0xf4fb, 0xfd3c, 0xfd5d, 0xfd7e, 0xfdbe, 0xfdbe,
0xfdbe, 0xfdbe, 0xfdbe, 0xf57c, 0xd478, 0x9b32, 0x726e, 0x626b, 0x72eb, 0x7b8a,
0x0000, 0xb5bb, 0xb5bb, 0xb5bb, 0xb5bb, 0xb5bb, 0xb5bb, 0xb5bb, 0xb5bb, 0xb5bb,
0xb5bb, 0xb5bb, 0xb5bb, 0xb5bb, 0xb5bb, 0xb5bb, 0xb5bb, 0xb5bb, 0xb5bb, 0xb5bb,
0xb5bb, 0xb5bb, 0xb5bb, 0xb5bb, 0xb5bb, 0xb5bb, 0xb5bb, 0xb5bb, 0xb5bb, 0xb5bb,
0xb5bb, 0xb5bb, 0x0000, 0x7aa5, 0x7a85, 0x7a85, 0x82a5, 0x8aa5, 0x8a85, 0x8aa5,
0x92c5, 0x92c5, 0x92c5, 0x9b06, 0x9b06, 0x9b06, 0x9326, 0x92e5, 0x92e5, 0x9326,
0x92e5, 0x9263, 0xb5bb, 0xb5bb, 0xb5bb, 0xb5bb, 0xb5bb, 0xb5bb, 0xb5bb, 0xb5bb,
0xb5bb, 0xb5bb, 0xb5bb, 0xb5bb, 0xb5bb, 0xb5bb, 0xb5bb, 0xb5bb, 0xb5bb, 0xb5bb,
0xb5bb, 0xb5bb, 0xb5bb, 0xb5bb, 0xb5bb, 0xb5bb, 0xb5bb, 0xb5bb, 0xb5bb, 0xb5bb,
0xb5bb, 0xb5bb, 0xb5bb, 0xb5bb, 0xb5bb, 0xb5bb, 0xb5bb, 0xb5bb, 0xb5bb, 0xb5bb,
0xb5bb, 0xb5bb, 0xb5bb, 0xb5bb, 0xb5bb, 0xb5bb, 0xb5bb, 0xb5bb, 0xb5bb, 0xb5bb,
0xb5bb, 0xb5bb, 0xb5bb, 0xb5bb, 0xb5bb, 0xb5bb, 0xb5bb, 0xb5bb, 0xb5bb, 0xb5bb,
0xb5bb, 0xb5bb, 0xb5bb, 0xb5bb, 0xb5bb, 0xb5bb, 0xb5bb, 0xb5bb, 0xb5bb, 0xb5bb,
0xb5bb, 0xb5bb, 0xb5bb, 0xb5bb, 0xb5bb, 0xb5bb, 0xb5bb, 0xb5bb, 0xb5bb, 0xb5bb,
0xb5bb, 0xb5bb, 0xb5bb, 0xb5bb, 0xb5bb, 0xb5bb, 0xb5bb, 0xb5bb, 0xb5bb, 0xb5bb,
0xb5bb, 0xb5bb, 0xb5bb, 0xb5bb, 0xb5bb, 0xb5bb, 0xb5bb, 0xb5bb, 0xb5bb, 0xb5bb,
0xb5bb, 0xb5bb, 0xb5bb, 0xb5bb, 0xb5bb, 0xb5bb, 0xb5bb, 0xb5bb, 0xb5bb, 0xb5bb,
0xb5bb, 0xb5bb, 0xb5bb, 0xb5bb, 0xb5bb, 0xb5bb, 0xb5bb, 0xb5bb, 0xb5bb, 0xb5bb,
0xb5bb, 0xb5bb, 0xb5bb, 0xb5bb, 0xb5bb, 0xb5bb, 0xb5bb, 0xb5bb, 0xb5bb, 0xb5bb,
0xb5bb, 0xb5bb, 0xb5bb, 0xb5bb, 0xb5bb, 0xb5bb, 0xb5bb, 0xb5bb, 0xb5bb, 0xb5bb,
0xb5bb, 0xb5bb, 0xb5bb, 0xb5bb, 0xb5bb, 0xb5bb, 0xb5bb, 0xb5bb, 0xb5bb, 0xb5bb,
0xb5bb, 0xb5bb, 0xb5bb, 0xb5bb, 0xb5bb, 0xb5bb, 0xb5bb, 0xb5bb, 0xb5bb, 0xb5bb,
0xb5bb, 0xb5bb, 0xb5bb, 0xb5bb, 0xb5bb, 0xb5bb, 0xb5bb, 0xb5bb, 0xb5bb, 0xb5bb,
0xb5bb, 0xb5bb, 0xb5bb, 0xb5bb, 0xb5bb, 0xb5bb, 0xb5bb, 0xb5bb, 0x9cf8, 0x73d3,
0x5b2f, 0x426b, 0x3a2a, 0x426c, 0x4aae, 0x52d0, 0x6b94, 0x6b73, 0x4a6c, 0x39c7,
0x5269, 0x8c10, 0x9cb4, 0x7bb0, 0x62c9, 0x6284, 0x8b42, 0xb402, 0xcca3, 0xdce3,
0xe524, 0xed44, 0xed66, 0xe587, 0xdd48, 0xcce8, 0xbca8, 0xa468, 0x9409, 0x7b6b,
0x6aeb, 0x626c, 0x7a6f, 0xab54, 0xdc9a, 0xfd7e, 0xfdbf, 0xfdbf, 0xfd9f, 0xfdbf,
0xfdbf, 0xfd9f, 0xfd7f, 0xfd5f, 0xfcfd, 0xecbc, 0xdc5a, 0xcc18, 0xbbb6, 0xb335,
0xa2d3, 0x8a90, 0x7a0e, 0x618c, 0x514a, 0x5a0b, 0x730e, 0x628c, 0x598b, 0x698d,
0x81f0, 0x8250, 0x8270, 0x7a30, 0x71cf, 0x61ad, 0x6a0c, 0x832d, 0xac70, 0xcd94,

0x8ab0, 0xa332, 0xcc36, 0xd498, 0xe4fa, 0xf53c, 0xfd5d, 0xfd7d, 0xfdbd, 0xfdde,
0xfdfe, 0xfdfe, 0xfdde, 0xfdbe, 0xfd9e, 0xf53c, 0xcc58, 0x9b12, 0x722d, 0x51ca,
0x0000, 0xb5bb, 0xb5bb, 0xb5bb, 0xb5bb, 0xb5bb, 0xb5bb, 0xb5bb, 0xb5bb, 0xb5bb,
0xb5bb, 0xb5bb, 0xb5bb, 0xb5bb, 0xb5bb, 0xb5bb, 0xb5bb, 0xb5bb, 0xb5bb, 0xb5bb,
0xb5bb, 0xb5bb, 0xb5bb, 0xb5bb, 0xb5bb, 0xb5bb, 0xb5bb, 0xb5bb, 0xb5bb, 0xb5bb,
0xb5bb, 0xb5bb, 0x0000, 0x61e4, 0x6204, 0x6224, 0x6a24, 0x7224, 0x7264, 0x7264,
0x7a64, 0x7a64, 0x7a64, 0x8264, 0x8265, 0x8ac6, 0x8b27, 0x8ae6, 0x8ae6, 0x9327,
0x92e6, 0x8a63, 0xb5bb, 0xb5bb, 0xb5bb, 0xb5bb, 0xb5bb, 0xb5bb, 0xb5bb, 0xb5bb,
0xb5bb, 0xb5bb, 0xb5bb, 0xb5bb, 0xb5bb, 0xb5bb, 0xb5bb, 0xb5bb, 0xb5bb, 0xb5bb,
0xb5bb, 0xb5bb, 0xb5bb, 0xb5bb, 0xb5bb, 0xb5bb, 0xb5bb, 0xb5bb, 0xb5bb, 0xb5bb,
0xb5bb, 0xb5bb, 0xb5bb, 0xb5bb, 0xb5bb, 0xb5bb, 0xb5bb, 0xb5bb, 0xb5bb, 0xb5bb,
0xb5bb, 0xb5bb, 0xb5bb, 0xb5bb, 0xb5bb, 0xb5bb, 0xb5bb, 0xb5bb, 0xb5bb, 0xb5bb,
0xb5bb, 0xb5bb, 0xb5bb, 0xb5bb, 0xb5bb, 0xb5bb, 0xb5bb, 0xb5bb, 0xb5bb, 0xb5bb,
0xb5bb, 0xb5bb, 0xb5bb, 0xb5bb, 0xb5bb, 0xb5bb, 0xb5bb, 0xb5bb, 0xb5bb, 0xb5bb,
0xb5bb, 0xb5bb, 0xb5bb, 0xb5bb, 0xb5bb, 0xb5bb, 0xb5bb, 0xb5bb, 0xb5bb, 0xb5bb,
0xb5bb, 0xb5bb, 0xb5bb, 0xb5bb, 0xb5bb, 0xb5bb, 0xb5bb, 0xb5bb, 0xb5bb, 0xb5bb,
0xb5bb, 0xb5bb, 0xb5bb, 0xb5bb, 0xb5bb, 0xb5bb, 0xb5bb, 0xb5bb, 0xb5bb, 0xb5bb,
0xb5bb, 0xb5bb, 0xb5bb, 0xb5bb, 0xb5bb, 0xb5bb, 0xb5bb, 0xb5bb, 0xb5bb, 0xb5bb,
0xb5bb, 0xb5bb, 0xb5bb, 0xb5bb, 0xb5bb, 0xb5bb, 0xb5bb, 0xb5bb, 0xb5bb, 0xb5bb,
0xb5bb, 0xb5bb, 0xb5bb, 0xb5bb, 0xb5bb, 0xb5bb, 0xb5bb, 0xb5bb, 0xb5bb, 0xb5bb,
0xb5bb, 0xb5bb, 0xb5bb, 0xb5bb, 0xb5bb, 0xb5bb, 0xb5bb, 0xb5bb, 0xb5bb, 0xb5bb,
0xb5bb, 0xb5bb, 0xb5bb, 0xb5bb, 0xb5bb, 0xb5bb, 0xb5bb, 0xb5bb, 0xb5bb, 0xb5bb,
0xb5bb, 0xb5bb, 0xb5bb, 0xb5bb, 0xb5bb, 0xb5bb, 0xb5bb, 0xb5bb, 0xb5bb, 0xb5bb,
0xb5bb, 0xb5bb, 0xb5bb, 0xb5bb, 0xb5bb, 0xb5bb, 0xb5bb, 0xb5bb, 0xb5bb, 0xb5bb,
0xb5bb, 0xb5bb, 0xb5bb, 0xb5bb, 0xb5bb, 0xb5bb, 0xb5bb, 0xb59b, 0xa519, 0x7bd3,
0x528c, 0x422a, 0x4a8c, 0x52cf, 0x52d0, 0x5b11, 0x73f4, 0x73d2, 0x4a8b, 0x4208,
0x6b0c, 0x9cb3, 0xb556, 0x9c94, 0x734e, 0x5a67, 0x6a82, 0x8b21, 0xb3e2, 0xbc23,
0xbc63, 0xbc84, 0xbc84, 0xbc85, 0xac67, 0x9408, 0x8369, 0x62c9, 0x5229, 0x520b,
0x726f, 0xa354, 0xdc79, 0xf53d, 0xfdbf, 0xfdff, 0xfdff, 0xfdff, 0xfdbf, 0xfdbf,
0xfdbf, 0xfdbf, 0xfdbe, 0xfd7e, 0xf53d, 0xecdb, 0xdc9a, 0xcc39, 0xbbb7, 0xb354,
0xab13, 0x9291, 0x7a0f, 0x698d, 0x592a, 0x598a, 0x6a8d, 0x6aad, 0x620c, 0x696c,
0x718e, 0x7a10, 0x7a10, 0x69ae, 0x61ac, 0x726b, 0xa42f, 0xde38, 0xff7d, 0xffde,

0x59ca, 0x8acf, 0xc3f5, 0xcc57, 0xd498, 0xe51a, 0xf55c, 0xfd7d, 0xfdbd, 0xfddd,
0xfdfe, 0xfdfe, 0xfdde, 0xfddf, 0xfdfe, 0xfdff, 0xfd9d, 0xe4fa, 0xc416, 0x9b32,
0x0000, 0xb5bb, 0xb5bb, 0xb5bb, 0xb5bb, 0xb5bb, 0xb5bb, 0xb5bb, 0xb5bb, 0xb5bb,
0xb5bb, 0xb5bb, 0xb5bb, 0xb5bb, 0xb5bb, 0xb5bb, 0xb5bb, 0xb5bb, 0xb5bb, 0xb5bb,
0xb5bb, 0xb5bb, 0xb5bb, 0xb5bb, 0xb5bb, 0xb5bb, 0xb5bb, 0xb5bb, 0xb5bb, 0xb5bb,
0xb5bb, 0xb5bb, 0x0000, 0x4943, 0x4963, 0x4963, 0x5163, 0x5183, 0x51c3, 0x59c3,
0x59c3, 0x59c2, 0x59c2, 0x61e4, 0x6a46, 0x7287, 0x7aa7, 0x7285, 0x7aa6, 0x82c7,
0x7266, 0x61c2, 0xb5bb, 0xb5bb, 0xb5bb, 0xb5bb, 0xb5bb, 0xb5bb, 0xb5bb, 0xb5bb,
0xb5bb, 0xb5bb, 0xb5bb, 0xb5bb, 0xb5bb, 0xb5bb, 0xb5bb, 0xb5bb, 0xb5bb, 0xb5bb,
0xb5bb, 0xb5bb, 0xb5bb, 0xb5bb, 0xb5bb, 0xb5bb, 0xb5bb, 0xb5bb, 0xb5bb, 0xb5bb,
0xb5bb, 0xb5bb, 0xb5bb, 0xb5bb, 0xb5bb, 0xb5bb, 0xb5bb, 0xb5bb, 0xb5bb, 0xb5bb,
0xb5bb, 0xb5bb, 0xb5bb, 0xb5bb, 0xb5bb, 0xb5bb, 0xb5bb, 0xb5bb, 0xb5bb, 0xb5bb,
0xb5bb, 0xb5bb, 0xb5bb, 0xb5bb, 0xb5bb, 0xb5bb, 0xb5bb, 0xb5bb, 0xb5bb, 0xb5bb,
0xb5bb, 0xb5bb, 0xb5bb, 0xb5bb, 0xb5bb, 0xb5bb, 0xb5bb, 0xb5bb, 0xb5bb, 0xb5bb,
0xb5bb, 0xb5bb, 0xb5bb, 0xb5bb, 0xb5bb, 0xb5bb, 0xb5bb, 0xb5bb, 0xb5bb, 0xb5bb,
0xb5bb, 0xb5bb, 0xb5bb, 0xb5bb, 0xb5bb, 0xb5bb, 0xb5bb, 0xb5bb, 0xb5bb, 0xb5bb,
0xb5bb, 0xb5bb, 0xb5bb, 0xb5bb, 0xb5bb, 0xb5bb, 0xb5bb, 0xb5bb, 0xb5bb, 0xb5bb,
0xb5bb, 0xb5bb, 0xb5bb, 0xb5bb, 0xb5bb, 0xb5bb, 0xb5bb, 0xb5bb, 0xb5bb, 0xb5bb,
0xb5bb, 0xb5bb, 0xb5bb, 0xb5bb, 0xb5bb, 0xb5bb, 0xb5bb, 0xb5bb, 0xb5bb, 0xb5bb,
0xb5bb, 0xb5bb, 0xb5bb, 0xb5bb, 0xb5bb, 0xb5bb, 0xb5bb, 0xb5bb, 0xb5bb, 0xb5bb,
0xb5bb, 0xb5bb, 0xb5bb, 0xb5bb, 0xb5bb, 0xb5bb, 0xb5bb, 0xb5bb, 0xb5bb, 0xb5bb,
0xb5bb, 0xb5bb, 0xb5bb, 0xb5bb, 0xb5bb, 0xb5bb, 0xb5bb, 0xb5bb, 0xb5bb, 0xb5bb,
0xb5bb, 0xb5bb, 0xb5bb, 0xb5bb, 0xb5bb, 0xb5bb, 0xb5bb, 0xb5bb, 0xb5bb, 0xb5bb,
0xb5bb, 0xb5bb, 0xb5bb, 0xb5bb, 0xb5bb, 0xb5bb, 0xb5bb, 0xb5bb, 0xb5bb, 0xb5bb,
0xb5bb, 0xb5bb, 0xb5bb, 0xb5bb, 0xb5bb, 0xb5bb, 0xb5bb, 0xbdfd, 0x9cf7, 0x6b4e,
0x4a6b, 0x4a6c, 0x52ce, 0x52d0, 0x52d1, 0x6b53, 0x8435, 0x73b2, 0x4a4a, 0x4228,
0x738e, 0xad14, 0xbdb7, 0xad36, 0x9453, 0x6b2d, 0x5225, 0x5a01, 0x7281, 0x8302,
0x8343, 0x8324, 0x7b05, 0x72c5, 0x5a67, 0x5208, 0x49e9, 0x59eb, 0x7a8f, 0xa374,
0xcc59, 0xed1c, 0xfdbf, 0xfdff, 0xfdff, 0xfddf, 0xfddf, 0xfdff, 0xfddf, 0xfdbf,
0xfd9f, 0xfd9e, 0xfdbe, 0xfd7e, 0xf53c, 0xecfb, 0xdc9a, 0xcc39, 0xbbb7, 0xb354,
0xa313, 0x92b1, 0x822f, 0x71ad, 0x592a, 0x596a, 0x620b, 0x6aad, 0x626d, 0x616c,
0x694d, 0x71f0, 0x69cf, 0x598b, 0x6a09, 0xa3ee, 0xee58, 0xffde, 0xffff, 0xffff,

0x4165, 0x6a4b, 0xa353, 0xbbf5, 0xcc57, 0xdcd9, 0xed5b, 0xf57c, 0xfdbd, 0xfddd,
0xfdfd, 0xfdde, 0xfdfe, 0xfdfe, 0xfdfe, 0xfdfe, 0xfe1f, 0xfe1e, 0xfddd, 0xf55b,
0x0000, 0xb5bb, 0xb5bb, 0xb5bb, 0xb5bb, 0xb5bb, 0xb5bb, 0xb5bb, 0xb5bb, 0xb5bb,
0xb5bb, 0xb5bb, 0xb5bb, 0xb5bb, 0xb5bb, 0xb5bb, 0xb5bb, 0xb5bb, 0xb5bb, 0xb5bb,
0xb5bb, 0xb5bb, 0xb5bb, 0xb5bb, 0xb5bb, 0xb5bb, 0xb5bb, 0xb5bb, 0xb5bb, 0xb5bb,
0xb5bb, 0xb5bb, 0x0000, 0x4963, 0x4963, 0x4942, 0x4922, 0x4142, 0x4163, 0x4963,
0x4962, 0x4961, 0x4982, 0x51c4, 0x6205, 0x6226, 0x6205, 0x59e4, 0x6204, 0x6a46,
0x6205, 0x5982, 0xb5bb, 0xb5bb, 0xb5bb, 0xb5bb, 0xb5bb, 0xb5bb, 0xb5bb, 0xb5bb,
0xb5bb, 0xb5bb, 0xb5bb, 0xb5bb, 0xb5bb, 0xb5bb, 0xb5bb, 0xb5bb, 0xb5bb, 0xb5bb,
0xb5bb, 0xb5bb, 0xb5bb, 0xb5bb, 0xb5bb, 0xb5bb, 0xb5bb, 0xb5bb, 0xb5bb, 0xb5bb,
0xb5bb, 0xb5bb, 0xb5bb, 0xb5bb, 0xb5bb, 0xb5bb, 0xb5bb, 0xb5bb, 0xb5bb, 0xb5bb,
0xb5bb, 0xb5bb, 0xb5bb, 0xb5bb, 0xb5bb, 0xb5bb, 0xb5bb, 0xb5bb, 0xb5bb, 0xb5bb,
0xb5bb, 0xb5bb, 0xb5bb, 0xb5bb, 0xb5bb, 0xb5bb, 0xb5bb, 0xb5bb, 0xb5bb, 0xb5bb,
0xb5bb, 0xb5bb, 0xb5bb, 0xb5bb, 0xb5bb, 0xb5bb, 0xb5bb, 0xb5bb, 0xb5bb, 0xb5bb,
0xb5bb, 0xb5bb, 0xb5bb, 0xb5bb, 0xb5bb, 0xb5bb, 0xb5bb, 0xb5bb, 0xb5bb, 0xb5bb,
0xb5bb, 0xb5bb, 0xb5bb, 0xb5bb, 0xb5bb, 0xb5bb, 0xb5bb, 0xb5bb, 0xb5bb, 0xb5bb,
0xb5bb, 0xb5bb, 0xb5bb, 0xb5bb, 0xb5bb, 0xb5bb, 0xb5bb, 0xb5bb, 0xb5bb, 0xb5bb,
0xb5bb, 0xb5bb, 0xb5bb, 0xb5bb, 0xb5bb, 0xb5bb, 0xb5bb, 0xb5bb, 0xb5bb, 0xb5bb,
0xb5bb, 0xb5bb, 0xb5bb, 0xb5bb, 0xb5bb, 0xb5bb, 0xb5bb, 0xb5bb, 0xb5bb, 0xb5bb,
0xb5bb, 0xb5bb, 0xb5bb, 0xb5bb, 0xb5bb, 0xb5bb, 0xb5bb, 0xb5bb, 0xb5bb, 0xb5bb,
0xb5bb, 0xb5bb, 0xb5bb, 0xb5bb, 0xb5bb, 0xb5bb, 0xb5bb, 0xb5bb, 0xb5bb, 0xb5bb,
0xb5bb, 0xb5bb, 0xb5bb, 0xb5bb, 0xb5bb, 0xb5bb, 0xb5bb, 0xb5bb, 0xb5bb, 0xb5bb,
0xb5bb, 0xb5bb, 0xb5bb, 0xb5bb, 0xb5bb, 0xb5bb, 0xb5bb, 0xb5bb, 0xb5bb, 0xb5bb,
0xb5bb, 0xb5bb, 0xb5bb, 0xb5bb, 0xb5bb, 0xb5bb, 0xb5bb, 0xb5bb, 0xb5bb, 0xb5bb,
0xb5bb, 0xb5bb, 0xb5bb, 0xb5bb, 0xb5bb, 0xb5bb, 0xb5bb, 0x9cf7, 0x7390, 0x422a,
0x428c, 0x4acf, 0x52d0, 0x52d1, 0x6333, 0x7bf5, 0x8c96, 0x73b1, 0x4a2a, 0x528a,
0x8451, 0xb596, 0xc5d8, 0xb576, 0xad35, 0x9452, 0x5a8b, 0x3965, 0x4143, 0x51c5,
0x5a27, 0x5a08, 0x6209, 0x620a, 0x61ec, 0x722e, 0x8ab1, 0xab75, 0xcc79, 0xf57d,
0xfdff, 0xfdff, 0xfdff, 0xfdff, 0xfdff, 0xfdff, 0xfdff, 0xfddf, 0xfdff, 0xfdff,
0xfdde, 0xfdbe, 0xfd9e, 0xf57d, 0xed3c, 0xe4db, 0xdc9a, 0xcc38, 0xbbb6, 0xb354,
0xa313, 0x92b1, 0x824f, 0x71cd, 0x614b, 0x594a, 0x59ca, 0x6a6c, 0x6a6d, 0x616c,
0x614d, 0x69ae, 0x596b, 0x5988, 0x8aea, 0xd533, 0xff5d, 0xffff, 0xf7df, 0xffdf,

0x4a24, 0x5208, 0x728f, 0xabb3, 0xc456, 0xccb7, 0xdd39, 0xed9a, 0xf5bb, 0xfddc,
0xfdfd, 0xfdfd, 0xfe1d, 0xfe3d, 0xfe3e, 0xfe3e, 0xfe3e, 0xfdfe, 0xfdfe, 0xfdfe,
0x0000, 0xb5bb, 0xb5bb, 0xb5bb, 0xb5bb, 0xb5bb, 0xb5bb, 0xb5bb, 0xb5bb, 0xb5bb,
0xb5bb, 0xb5bb, 0xb5bb, 0xb5bb, 0xb5bb, 0xb5bb, 0xb5bb, 0xb5bb, 0xb5bb, 0xb5bb,
0xb5bb, 0xb5bb, 0xb5bb, 0xb5bb, 0xb5bb, 0xb5bb, 0xb5bb, 0xb5bb, 0xb5bb, 0xb5bb,
0xb5bb, 0xb5bb, 0x0000, 0x59c3, 0x59c3, 0x51c3, 0x51a3, 0x5183, 0x5183, 0x5183,
0x5182, 0x5182, 0x51a2, 0x59c4, 0x59c4, 0x59c3, 0x59c4, 0x59c3, 0x61e3, 0x6a44,
0x6a24, 0x61c3, 0xb5bb, 0xb5bb, 0xb5bb, 0xb5bb, 0xb5bb, 0xb5bb, 0xb5bb, 0xb5bb,
0xb5bb, 0xb5bb, 0xb5bb, 0xb5bb, 0xb5bb, 0xb5bb, 0xb5bb, 0xb5bb, 0xb5bb, 0xb5bb,
0xb5bb, 0xb5bb, 0xb5bb, 0xb5bb, 0xb5bb, 0xb5bb, 0xb5bb, 0xb5bb, 0xb5bb, 0xb5bb,
0xb5bb, 0xb5bb, 0xb5bb, 0xb5bb, 0xb5bb, 0xb5bb, 0xb5bb, 0xb5bb, 0xb5bb, 0xb5bb,
0xb5bb, 0xb5bb, 0xb5bb, 0xb5bb, 0xb5bb, 0xb5bb, 0xb5bb, 0xb5bb, 0xb5bb, 0xb5bb,
0xb5bb, 0xb5bb, 0xb5bb, 0xb5bb, 0xb5bb, 0xb5bb, 0xb5bb, 0xb5bb, 0xb5bb, 0xb5bb,
0xb5bb, 0xb5bb, 0xb5bb, 0xb5bb, 0xb5bb, 0xb5bb, 0xb5bb, 0xb5bb, 0xb5bb, 0xb5bb,
0xb5bb, 0xb5bb, 0xb5bb, 0xb5bb, 0xb5bb, 0xb5bb, 0xb5bb, 0xb5bb, 0xb5bb, 0xb5bb,
0xb5bb, 0xb5bb, 0xb5bb, 0xb5bb, 0xb5bb, 0xb5bb, 0xb5bb, 0xb5bb, 0xb5bb, 0xb5bb,
0xb5bb, 0xb5bb, 0xb5bb, 0xb5bb, 0xb5bb, 0xb5bb, 0xb5bb, 0xb5bb, 0xb5bb, 0xb5bb,
0xb5bb, 0xb5bb, 0xb5bb, 0xb5bb, 0xb5bb, 0xb5bb, 0xb5bb, 0xb5bb, 0xb5bb, 0xb5bb,
0xb5bb, 0xb5bb, 0xb5bb, 0xb5bb, 0xb5bb, 0xb5bb, 0xb5bb, 0xb5bb, 0xb5bb, 0xb5bb,
0xb5bb, 0xb5bb, 0xb5bb, 0xb5bb, 0xb5bb, 0xb5bb, 0xb5bb, 0xb5bb, 0xb5bb, 0xb5bb,
0xb5bb, 0xb5bb, 0xb5bb, 0xb5bb, 0xb5bb, 0xb5bb, 0xb5bb, 0xb5bb, 0xb5bb, 0xb5bb,
0xb5bb, 0xb5bb, 0xb5bb, 0xb5bb, 0xb5bb, 0xb5bb, 0xb5bb, 0xb5bb, 0xb5bb, 0xb5bb,
0xb5bb, 0xb5bb, 0xb5bb, 0xb5bb, 0xb5bb, 0xb5bb, 0xb5bb, 0xb5bb, 0xb5bb, 0xb5bb,
0xb5bb, 0xb5bb, 0xb5bb, 0xb5bb, 0xb5bb, 0xb5bb, 0xb5bb, 0xb5bb, 0xb5bb, 0xb5bb,
0xb5bb, 0xb5bb, 0xb5bb, 0xb5bb, 0xb5bb, 0xb5bb, 0xb5bb, 0x5aed, 0x420a, 0x2989,
0x426d, 0x52d1, 0x52d2, 0x6334, 0x7c16, 0x94f9, 0x9517, 0x73b1, 0x526a, 0x6b0c,
0xa514, 0xce19, 0xcdf9, 0xb576, 0xbd97, 0xad15, 0x7b4e, 0x49a9, 0x4929, 0x61ad,
0x7a2f, 0x8270, 0x92d2, 0xa334, 0xc3b7, 0xdc7a, 0xf53d, 0xfdbe, 0xfdff, 0xfdff,
0xfdff, 0xfdff, 0xfdff, 0xfe1f, 0xfe3f, 0xfe3f, 0xfe1e, 0xfdfe, 0xfdde, 0xfdfe,
0xf5fd, 0xf5dd, 0xf5bd, 0xed7c, 0xed3b, 0xe4fa, 0xd499, 0xcc37, 0xbbb5, 0xb354,
0xa313, 0x9271, 0x820f, 0x71cd, 0x616b, 0x5149, 0x51aa, 0x626b, 0x6a6c, 0x594c,
0x590c, 0x618c, 0x5128, 0x69a7, 0xbbce, 0xedd6, 0xf71c, 0xffbe, 0xffbe, 0xffbe,

0x6b46, 0x5226, 0x51aa, 0x8b31, 0xac15, 0xbc96, 0xcd18, 0xdd59, 0xedba, 0xeddb,
0xf5fc, 0xf61c, 0xfe3d, 0xfe3d, 0xfe3e, 0xfe3d, 0xfe3e, 0xfe3e, 0xfe1f, 0xfdff,
0x0000, 0xb5bb, 0xb5bb, 0xb5bb, 0xb5bb, 0xb5bb, 0xb5bb, 0xb5bb, 0xb5bb, 0xb5bb,
0xb5bb, 0xb5bb, 0xb5bb, 0xb5bb, 0xb5bb, 0xb5bb, 0xb5bb, 0xb5bb, 0xb5bb, 0xb5bb,
0xb5bb, 0xb5bb, 0xb5bb, 0xb5bb, 0xb5bb, 0xb5bb, 0xb5bb, 0xb5bb, 0xb5bb, 0xb5bb,
0xb5bb, 0xb5bb, 0x0000, 0x6a03, 0x6204, 0x6204, 0x6224, 0x6224, 0x6203, 0x61c3,
0x59a3, 0x51a3, 0x59c3, 0x59e3, 0x59e3, 0x59e3, 0x61e3, 0x6a45, 0x72a7, 0x7ac6,
0x7264, 0x61e2, 0xb5bb, 0xb5bb, 0xb5bb, 0xb5bb, 0xb5bb, 0xb5bb, 0xb5bb, 0xb5bb,
0xb5bb, 0xb5bb, 0xb5bb, 0xb5bb, 0xb5bb, 0xb5bb, 0xb5bb, 0xb5bb, 0xb5bb, 0xb5bb,
0xb5bb, 0xb5bb, 0xb5bb, 0xb5bb, 0xb5bb, 0xb5bb, 0xb5bb, 0xb5bb, 0xb5bb, 0xb5bb,
0xb5bb, 0xb5bb, 0xb5bb, 0xb5bb, 0xb5bb, 0xb5bb, 0xb5bb, 0xb5bb, 0xb5bb, 0xb5bb,
0xb5bb, 0xb5bb, 0xb5bb, 0xb5bb, 0xb5bb, 0xb5bb, 0xb5bb, 0xb5bb, 0xb5bb, 0xb5bb,
0xb5bb, 0xb5bb, 0xb5bb, 0xb5bb, 0xb5bb, 0xb5bb, 0xb5bb, 0xb5bb, 0xb5bb, 0xb5bb,
0xb5bb, 0xb5bb, 0xb5bb, 0xb5bb, 0xb5bb, 0xb5bb, 0xb5bb, 0xb5bb, 0xb5bb, 0xb5bb,
0xb5bb, 0xb5bb, 0xb5bb, 0xb5bb, 0xb5bb, 0xb5bb, 0xb5bb, 0xb5bb, 0xb5bb, 0xb5bb,
0xb5bb, 0xb5bb, 0xb5bb, 0xb5bb, 0xb5bb, 0xb5bb, 0xb5bb, 0xb5bb, 0xb5bb, 0xb5bb,
0xb5bb, 0xb5bb, 0xb5bb, 0xb5bb, 0xb5bb, 0xb5bb, 0xb5bb, 0xb5bb, 0xb5bb, 0xb5bb,
0xb5bb, 0xb5bb, 0xb5bb, 0xb5bb, 0xb5bb, 0xb5bb, 0xb5bb, 0xb5bb, 0xb5bb, 0xb5bb,
0xb5bb, 0xb5bb, 0xb5bb, 0xb5bb, 0xb5bb, 0xb5bb, 0xb5bb, 0xb5bb, 0xb5bb, 0xb5bb,
0xb5bb, 0xb5bb, 0xb5bb, 0xb5bb, 0xb5bb, 0xb5bb, 0xb5bb, 0xb5bb, 0xb5bb, 0xb5bb,
0xb5bb, 0xb5bb, 0xb5bb, 0xb5bb, 0xb5bb, 0xb5bb, 0xb5bb, 0xb5bb, 0xb5bb, 0xb5bb,
0xb5bb, 0xb5bb, 0xb5bb, 0xb5bb, 0xb5bb, 0xb5bb, 0xb5bb, 0xb5bb, 0xb5bb, 0xb5bb,
0xb5bb, 0xb5bb, 0xb5bb, 0xb5bb, 0xb5bb, 0xb5bb, 0xb5bb, 0xb5bb, 0xb5bb, 0xb5bb,
0xb5bb, 0xb5bb, 0xb5bb, 0xb5bb, 0xb5bb, 0xb5bb, 0xb5bb, 0xb5bb, 0xb5bb, 0xb5bb,
0xb5bb, 0xb5bb, 0xb5bb, 0xb5bb, 0xb5bb, 0xb5bb, 0xb5bb, 0x4a2a, 0x422a, 0x3a2c,
0x4ab0, 0x52f2, 0x6354, 0x73d5, 0x94f9, 0xaddc, 0xa538, 0x6b70, 0x4a4a, 0x6b4d,
0xb575, 0xd67a, 0xd65a, 0xc5b8, 0xbdb7, 0xad35, 0x83af, 0x728d, 0x8250, 0xbb16,
0xdbfa, 0xe45b, 0xec9b, 0xf51d, 0xfd7f, 0xfd9f, 0xfdbf, 0xfdff, 0xfdff, 0xfdff,
0xfe1f, 0xfe3f, 0xfe1f, 0xfe1e, 0xfe3f, 0xfe3f, 0xfe3e, 0xfe3e, 0xfdfd, 0xf5dd,
0xf5bd, 0xedbc, 0xedbc, 0xed5c, 0xe51b, 0xe4f9, 0xd478, 0xcc17, 0xbbb5, 0xab34,
0x9ad2, 0x8a70, 0x7a2e, 0x71cd, 0x616b, 0x514a, 0x518a, 0x626c, 0x626d, 0x512c,
0x48ab, 0x5109, 0x6166, 0x9268, 0xd470, 0xf5f7, 0xf6ba, 0xff3c, 0xff5d, 0xff9e,

0x8c48, 0x5aa6, 0x4167, 0x72ae, 0x9b93, 0xac34, 0xc4b6, 0xd518, 0xdd9a, 0xddba,
0xe5db, 0xee1c, 0xf61c, 0xf61c, 0xf5fc, 0xf5fd, 0xfe1d, 0xfe1d, 0xfdfd, 0xfddd,
0x0000, 0xb5bb, 0xb5bb, 0xb5bb, 0xb5bb, 0xb5bb, 0xb5bb, 0xb5bb, 0xb5bb, 0xb5bb,
0xb5bb, 0xb5bb, 0xb5bb, 0xb5bb, 0xb5bb, 0xb5bb, 0xb5bb, 0xb5bb, 0xb5bb, 0xb5bb,
0xb5bb, 0xb5bb, 0xb5bb, 0xb5bb, 0xb5bb, 0xb5bb, 0xb5bb, 0xb5bb, 0xb5bb, 0xb5bb,
0xb5bb, 0xb5bb, 0x0000, 0x7244, 0x7224, 0x7223, 0x7223, 0x7244, 0x7224, 0x7204,
0x6a04, 0x6a25, 0x6a45, 0x7266, 0x7286, 0x7265, 0x7a65, 0x8aa5, 0x9307, 0x8306,
0x7244, 0x5981, 0xb5bb, 0xb5bb, 0xb5bb, 0xb5bb, 0xb5bb, 0xb5bb, 0xb5bb, 0xb5bb,
0xb5bb, 0xb5bb, 0xb5bb, 0xb5bb, 0xb5bb, 0xb5bb, 0xb5bb, 0xb5bb, 0xb5bb, 0xb5bb,
0xb5bb, 0xb5bb, 0xb5bb, 0xb5bb, 0xb5bb, 0xb5bb, 0xb5bb, 0xb5bb, 0xb5bb, 0xb5bb,
0xb5bb, 0xb5bb, 0xb5bb, 0xb5bb, 0xb5bb, 0xb5bb, 0xb5bb, 0xb5bb, 0xb5bb, 0xb5bb,
0xb5bb, 0xb5bb, 0xb5bb, 0xb5bb, 0xb5bb, 0xb5bb, 0xb5bb, 0xb5bb, 0xb5bb, 0xb5bb,
0xb5bb, 0xb5bb, 0xb5bb, 0xb5bb, 0xb5bb, 0xb5bb, 0xb5bb, 0xb5bb, 0xb5bb, 0xb5bb,
0xb5bb, 0xb5bb, 0xb5bb, 0xb5bb, 0xb5bb, 0xb5bb, 0xb5bb, 0xb5bb, 0xb5bb, 0xb5bb,
0xb5bb, 0xb5bb, 0xb5bb, 0xb5bb, 0xb5bb, 0xb5bb, 0xb5bb, 0xb5bb, 0xb5bb, 0xb5bb,
0xb5bb, 0xb5bb, 0xb5bb, 0xb5bb, 0xb5bb, 0xb5bb, 0xb5bb, 0xb5bb, 0xb5bb, 0xb5bb,
0xb5bb, 0xb5bb, 0xb5bb, 0xb5bb, 0xb5bb, 0xb5bb, 0xb5bb, 0xb5bb, 0xb5bb, 0xb5bb,
0xb5bb, 0xb5bb, 0xb5bb, 0xb5bb, 0xb5bb, 0xb5bb, 0xb5bb, 0xb5bb, 0xb5bb, 0xb5bb,
0xb5bb, 0xb5bb, 0xb5bb, 0xb5bb, 0xb5bb, 0xb5bb, 0xb5bb, 0xb5bb, 0xb5bb, 0xb5bb,
0xb5bb, 0xb5bb, 0xb5bb, 0xb5bb, 0xb5bb, 0xb5bb, 0xb5bb, 0xb5bb, 0xb5bb, 0xb5bb,
0xb5bb, 0xb5bb, 0xb5bb, 0xb5bb, 0xb5bb, 0xb5bb, 0xb5bb, 0xb5bb, 0xb5bb, 0xb5bb,
0xb5bb, 0xb5bb, 0xb5bb, 0xb5bb, 0xb5bb, 0xb5bb, 0xb5bb, 0xb5bb, 0xb5bb, 0xb5bb,
0xb5bb, 0xb5bb, 0xb5bb, 0xb5bb, 0xb5bb, 0xb5bb, 0xb5bb, 0xb5bb, 0xb5bb, 0xb5bb,
0xb5bb, 0xb5bb, 0xb5bb, 0xb5bb, 0xb5bb, 0xb5bb, 0xb5bb, 0xb5bb, 0xb5bb, 0xb5bb,
0xb5bb, 0xb5bb, 0xb5bb, 0xb5bb, 0xb5bb, 0xb5bb, 0xb5bb, 0x52ed, 0x4aad, 0x426e,
0x4ad1, 0x5b54, 0x73d6, 0x8478, 0xad9c, 0xc63e, 0xa538, 0x634e, 0x4a6a, 0x7bce,
0xce18, 0xef1d, 0xe6fc, 0xd67a, 0xce5a, 0xbdb7, 0x9451, 0x830e, 0x9ad2, 0xd3d9,
0xfcde, 0xfd3e, 0xfd5e, 0xfd7e, 0xfdbf, 0xfdbf, 0xfdbf, 0xfdbf, 0xfdde, 0xfdff,
0xfdff, 0xfe1f, 0xfe3e, 0xfe3e, 0xfe3e, 0xf61d, 0xf5fd, 0xf61d, 0xedfc, 0xeddc,
0xedbc, 0xe59b, 0xe57a, 0xdd1a, 0xdcda, 0xd4b9, 0xcc57, 0xbbf6, 0xb395, 0xa313,
0x92d1, 0x826f, 0x7a0e, 0x69ac, 0x596a, 0x518a, 0x59eb, 0x626c, 0x622c, 0x58eb,
0x4869, 0x5107, 0x71a6, 0xab0a, 0xdcb1, 0xf596, 0xf618, 0xfeba, 0xf6fb, 0xff1c,

0xa52b, 0x6b68, 0x3986, 0x5a2b, 0x8310, 0xa3f3, 0xbc75, 0xc4d7, 0xd539, 0xd579,
0xdd9a, 0xe5db, 0xe5db, 0xeddb, 0xe5db, 0xeddc, 0xf5dc, 0xf5dc, 0xf5dc, 0xf59b,
0x0000, 0xb5bb, 0xb5bb, 0xb5bb, 0xb5bb, 0xb5bb, 0xb5bb, 0xb5bb, 0xb5bb, 0xb5bb,
0xb5bb, 0xb5bb, 0xb5bb, 0xb5bb, 0xb5bb, 0xb5bb, 0xb5bb, 0xb5bb, 0xb5bb, 0xb5bb,
0xb5bb, 0xb5bb, 0xb5bb, 0xb5bb, 0xb5bb, 0xb5bb, 0xb5bb, 0xb5bb, 0xb5bb, 0xb5bb,
0xb5bb, 0xb5bb, 0x0000, 0x8ac5, 0x8285, 0x8284, 0x8264, 0x8264, 0x8265, 0x7a65,
0x7a65, 0x8286, 0x82c6, 0x8ae7, 0x8ae7, 0x8ae7, 0x92e6, 0x9b06, 0x9b26, 0x9306,
0x7a64, 0x69a1, 0xb5bb, 0xb5bb, 0xb5bb, 0xb5bb, 0xb5bb, 0xb5bb, 0xb5bb, 0xb5bb,
0xb5bb, 0xb5bb, 0xb5bb, 0xb5bb, 0xb5bb, 0xb5bb, 0xb5bb, 0xb5bb, 0xb5bb, 0xb5bb,
0xb5bb, 0xb5bb, 0xb5bb, 0xb5bb, 0xb5bb, 0xb5bb, 0xb5bb, 0xb5bb, 0xb5bb, 0xb5bb,
0xb5bb, 0xb5bb, 0xb5bb, 0xb5bb, 0xb5bb, 0xb5bb, 0xb5bb, 0xb5bb, 0xb5bb, 0xb5bb,
0xb5bb, 0xb5bb, 0xb5bb, 0xb5bb, 0xb5bb, 0xb5bb, 0xb5bb, 0xb5bb, 0xb5bb, 0xb5bb,
0xb5bb, 0xb5bb, 0xb5bb, 0xb5bb, 0xb5bb, 0xb5bb, 0xb5bb, 0xb5bb, 0xb5bb, 0xb5bb,
0xb5bb, 0xb5bb, 0xb5bb, 0xb5bb, 0xb5bb, 0xb5bb, 0xb5bb, 0xb5bb, 0xb5bb, 0xb5bb,
0xb5bb, 0xb5bb, 0xb5bb, 0xb5bb, 0xb5bb, 0xb5bb, 0xb5bb, 0xb5bb, 0xb5bb, 0xb5bb,
0xb5bb, 0xb5bb, 0xb5bb, 0xb5bb, 0xb5bb, 0xb5bb, 0xb5bb, 0xb5bb, 0xb5bb, 0xb5bb,
0xb5bb, 0xb5bb, 0xb5bb, 0xb5bb, 0xb5bb, 0xb5bb, 0xb5bb, 0xb5bb, 0xb5bb, 0xb5bb,
0xb5bb, 0xb5bb, 0xb5bb, 0xb5bb, 0xb5bb, 0xb5bb, 0xb5bb, 0xb5bb, 0xb5bb, 0xb5bb,
0xb5bb, 0xb5bb, 0xb5bb, 0xb5bb, 0xb5bb, 0xb5bb, 0xb5bb, 0xb5bb, 0xb5bb, 0xb5bb,
0xb5bb, 0xb5bb, 0xb5bb, 0xb5bb, 0xb5bb, 0xb5bb, 0xb5bb, 0xb5bb, 0xb5bb, 0xb5bb,
0xb5bb, 0xb5bb, 0xb5bb, 0xb5bb, 0xb5bb, 0xb5bb, 0xb5bb, 0xb5bb, 0xb5bb, 0xb5bb,
0xb5bb, 0xb5bb, 0xb5bb, 0xb5bb, 0xb5bb, 0xb5bb, 0xb5bb, 0xb5bb, 0xb5bb, 0xb5bb,
0xb5bb, 0xb5bb, 0xb5bb, 0xb5bb, 0xb5bb, 0xb5bb, 0xb5bb, 0xb5bb, 0xb5bb, 0xb5bb,
0xb5bb, 0xb5bb, 0xb5bb, 0xb5bb, 0xb5bb, 0xb5bb, 0xb5bb, 0xb5bb, 0xb5bb, 0xb5bb,
0xb5bb, 0xb5bb, 0xb5bb, 0xb5bb, 0xb5bb, 0xb5bb, 0xb5bb, 0x6350, 0x52af, 0x3a4f,
0x5312, 0x6bd5, 0x8478, 0x94f9, 0xbdfd, 0xd69e, 0xa558, 0x634e, 0x4a69, 0x7bef,
0xc618, 0xd69a, 0xc618, 0xad75, 0xad14, 0x9451, 0x62eb, 0x49e8, 0x6a0d, 0xb376,
0xecbc, 0xfd3d, 0xf51d, 0xed1c, 0xed3c, 0xf57d, 0xfd9d, 0xfd9e, 0xfdbe, 0xfdde,
0xf5de, 0xedde, 0xf61d, 0xf61d, 0xf61d, 0xeddc, 0xeddc, 0xeddc, 0xe5db, 0xe5bb,
0xe5bb, 0xdd9a, 0xd55a, 0xd4f9, 0xd4b8, 0xcc98, 0xbc56, 0xb3f5, 0xab54, 0x9af2,
0x8ab1, 0x826f, 0x79ee, 0x698c, 0x594a, 0x59ca, 0x624c, 0x626c, 0x59cb, 0x50ab,
0x4868, 0x50e5, 0x81e6, 0xbb0b, 0xe430, 0xf4f3, 0xf574, 0xf617, 0xf659, 0xf679,

0xb5ae, 0x840b, 0x49e7, 0x49a9, 0x728d, 0x9bd2, 0xac54, 0xb495, 0xc4d7, 0xcd38,
0xdd78, 0xddb9, 0xddba, 0xddba, 0xddba, 0xddba, 0xe5ba, 0xe5ba, 0xe5ba, 0xe57a,
0x0000, 0xb5bb, 0xb5bb, 0xb5bb, 0xb5bb, 0xb5bb, 0xb5bb, 0xb5bb, 0xb5bb, 0xb5bb,
0xb5bb, 0xb5bb, 0xb5bb, 0xb5bb, 0xb5bb, 0xb5bb, 0xb5bb, 0xb5bb, 0xb5bb, 0xb5bb,
0xb5bb, 0xb5bb, 0xb5bb, 0xb5bb, 0xb5bb, 0xb5bb, 0xb5bb, 0xb5bb, 0xb5bb, 0xb5bb,
0xb5bb, 0xb5bb, 0x0000, 0x9b26, 0x9306, 0x9306, 0x9b26, 0x9b06, 0x92c6, 0x8ac6,
0x8ac6, 0x8ac6, 0x8ae6, 0x9306, 0x9b06, 0x9b26, 0x9b47, 0x9b67, 0x9b47, 0x9b26,
0x92c4, 0x8a42, 0xb5bb, 0xb5bb, 0xb5bb, 0xb5bb, 0xb5bb, 0xb5bb, 0xb5bb, 0xb5bb,
0xb5bb, 0xb5bb, 0xb5bb, 0xb5bb, 0xb5bb, 0xb5bb, 0xb5bb, 0xb5bb, 0xb5bb, 0xb5bb,
0xb5bb, 0xb5bb, 0xb5bb, 0xb5bb, 0xb5bb, 0xb5bb, 0xb5bb, 0xb5bb, 0xb5bb, 0xb5bb,
0xb5bb, 0xb5bb, 0xb5bb, 0xb5bb, 0xb5bb, 0xb5bb, 0xb5bb, 0xb5bb, 0xb5bb, 0xb5bb,
0xb5bb, 0xb5bb, 0xb5bb, 0xb5bb, 0xb5bb, 0xb5bb, 0xb5bb, 0xb5bb, 0xb5bb, 0xb5bb,
0xb5bb, 0xb5bb, 0xb5bb, 0xb5bb, 0xb5bb, 0xb5bb, 0xb5bb, 0xb5bb, 0xb5bb, 0xb5bb,
0xb5bb, 0xb5bb, 0xb5bb, 0xb5bb, 0xb5bb, 0xb5bb, 0xb5bb, 0xb5bb, 0xb5bb, 0xb5bb,
0xb5bb, 0xb5bb, 0xb5bb, 0xb5bb, 0xb5bb, 0xb5bb, 0xb5bb, 0xb5bb, 0xb5bb, 0xb5bb,
0xb5bb, 0xb5bb, 0xb5bb, 0xb5bb, 0xb5bb, 0xb5bb, 0xb5bb, 0xb5bb, 0xb5bb, 0xb5bb,
0xb5bb, 0xb5bb, 0xb5bb, 0xb5bb, 0xb5bb, 0xb5bb, 0xb5bb, 0xb5bb, 0xb5bb, 0xb5bb,
0xb5bb, 0xb5bb, 0xb5bb, 0xb5bb, 0xb5bb, 0xb5bb, 0xb5bb, 0xb5bb, 0xb5bb, 0xb5bb,
0xb5bb, 0xb5bb, 0xb5bb, 0xb5bb, 0xb5bb, 0xb5bb, 0xb5bb, 0xb5bb, 0xb5bb, 0xb5bb,
0xb5bb, 0xb5bb, 0xb5bb, 0xb5bb, 0xb5bb, 0xb5bb, 0xb5bb, 0xb5bb, 0xb5bb, 0xb5bb,
0xb5bb, 0xb5bb, 0xb5bb, 0xb5bb, 0xb5bb, 0xb5bb, 0xb5bb, 0xb5bb, 0xb5bb, 0xb5bb,
0xb5bb, 0xb5bb, 0xb5bb, 0xb5bb, 0xb5bb, 0xb5bb, 0xb5bb, 0xb5bb, 0xb5bb, 0xb5bb,
0xb5bb, 0xb5bb, 0xb5bb, 0xb5bb, 0xb5bb, 0xb5bb, 0xb5bb, 0xb5bb, 0xb5bb, 0xb5bb,
0xb5bb, 0xb5bb, 0xb5bb, 0xb5bb, 0xb5bb, 0xb5bb, 0xb5bb, 0xb5bb, 0xb5bb, 0xb5bb,
0xb5bb, 0xb5bb, 0xb5bb, 0xb5bb, 0xb5bb, 0xb5bb, 0xb5bb, 0x5ad0, 0x4a6f, 0x4270,
0x6374, 0x8437, 0x94b8, 0xa519, 0xc61d, 0xd6be, 0xb599, 0x738f, 0x4a4a, 0x5aec,
0x8c51, 0x8c51, 0x738e, 0x5a8b, 0x41c8, 0x2925, 0x0841, 0x0020, 0x2905, 0x8ab0,
0xd439, 0xecfc, 0xecfc, 0xe4db, 0xe51b, 0xed5b, 0xed7b, 0xed7c, 0xed7c, 0xedbc,
0xedbc, 0xe5bc, 0xe5fc, 0xe5dc, 0xe5bb, 0xddbb, 0xddbb, 0xddba, 0xdd7a, 0xdd7a,
0xd579, 0xd559, 0xcd19, 0xccb8, 0xcc98, 0xc477, 0xbc16, 0xb3b5, 0xa333, 0x9ad1,
0x8a90, 0x7a2e, 0x71cd, 0x698c, 0x614b, 0x61cb, 0x6a8d, 0x624c, 0x494b, 0x48ab,
0x4067, 0x50c4, 0x89e6, 0xcaea, 0xe38d, 0xf3ee, 0xf46f, 0xf533, 0xf5b5, 0xf5f6,

0xbdd0, 0x8c6c, 0x4a27, 0x3947, 0x5a0b, 0x8b50, 0x9bd2, 0xa433, 0xb4b5, 0xc517,
0xcd38, 0xd538, 0xd558, 0xd579, 0xd578, 0xdd79, 0xdd7a, 0xdd59, 0xdd58, 0xdd58,
0x0000, 0xb5bb, 0xb5bb, 0xb5bb, 0xb5bb, 0xb5bb, 0xb5bb, 0xb5bb, 0xb5bb, 0xb5bb,
0xb5bb, 0xb5bb, 0xb5bb, 0xb5bb, 0xb5bb, 0xb5bb, 0xb5bb, 0xb5bb, 0xb5bb, 0xb5bb,
0xb5bb, 0xb5bb, 0xb5bb, 0xb5bb, 0xb5bb, 0xb5bb, 0xb5bb, 0xb5bb, 0xb5bb, 0xb5bb,
0xb5bb, 0xb5bb, 0x0000, 0x9b26, 0x9b06, 0x9b26, 0xa346, 0xa346, 0xa346, 0xa346,
0xa326, 0x9b06, 0x9305, 0x9b06, 0x9b26, 0x9b47, 0x9b67, 0x9b27, 0x9b27, 0xa346,
0xa324, 0x9ac2, 0xb5bb, 0xb5bb, 0xb5bb, 0xb5bb, 0xb5bb, 0xb5bb, 0xb5bb, 0xb5bb,
0xb5bb, 0xb5bb, 0xb5bb, 0xb5bb, 0xb5bb, 0xb5bb, 0xb5bb, 0xb5bb, 0xb5bb, 0xb5bb,
0xb5bb, 0xb5bb, 0xb5bb, 0xb5bb, 0xb5bb, 0xb5bb, 0xb5bb, 0xb5bb, 0xb5bb, 0xb5bb,
0xb5bb, 0xb5bb, 0xb5bb, 0xb5bb, 0xb5bb, 0xb5bb, 0xb5bb, 0xb5bb, 0xb5bb, 0xb5bb,
0xb5bb, 0xb5bb, 0xb5bb, 0xb5bb, 0xb5bb, 0xb5bb, 0xb5bb, 0xb5bb, 0xb5bb, 0xb5bb,
0xb5bb, 0xb5bb, 0xb5bb, 0xb5bb, 0xb5bb, 0xb5bb, 0xb5bb, 0xb5bb, 0xb5bb, 0xb5bb,
0xb5bb, 0xb5bb, 0xb5bb, 0xb5bb, 0xb5bb, 0xb5bb, 0xb5bb, 0xb5bb, 0xb5bb, 0xb5bb,
0xb5bb, 0xb5bb, 0xb5bb, 0xb5bb, 0xb5bb, 0xb5bb, 0xb5bb, 0xb5bb, 0xb5bb, 0xb5bb,
0xb5bb, 0xb5bb, 0xb5bb, 0xb5bb, 0xb5bb, 0xb5bb, 0xb5bb, 0xb5bb, 0xb5bb, 0xb5bb,
0xb5bb, 0xb5bb, 0xb5bb, 0xb5bb, 0xb5bb, 0xb5bb, 0xb5bb, 0xb5bb, 0xb5bb, 0xb5bb,
0xb5bb, 0xb5bb, 0xb5bb, 0xb5bb, 0xb5bb, 0xb5bb, 0xb5bb, 0xb5bb, 0xb5bb, 0xb5bb,
0xb5bb, 0xb5bb, 0xb5bb, 0xb5bb, 0xb5bb, 0xb5bb, 0xb5bb, 0xb5bb, 0xb5bb, 0xb5bb,
0xb5bb, 0xb5bb, 0xb5bb, 0xb5bb, 0xb5bb, 0xb5bb, 0xb5bb, 0xb5bb, 0xb5bb, 0xb5bb,
0xb5bb, 0xb5bb, 0xb5bb, 0xb5bb, 0xb5bb, 0xb5bb, 0xb5bb, 0xb5bb, 0xb5bb, 0xb5bb,
0xb5bb, 0xb5bb, 0xb5bb, 0xb5bb, 0xb5bb, 0xb5bb, 0xb5bb, 0xb5bb, 0xb5bb, 0xb5bb,
0xb5bb, 0xb5bb, 0xb5bb, 0xb5bb, 0xb5bb, 0xb5bb, 0xb5bb, 0xb5bb, 0xb5bb, 0xb5bb,
0xb5bb, 0xb5bb, 0xb5bb, 0xb5bb, 0xb5bb, 0xb5bb, 0xb5bb, 0xb5bb, 0xb5bb, 0xb5bb,
0xb5bb, 0xb5bb, 0xb5bb, 0xb5bb, 0xb5bb, 0xb5bb, 0xb5bb, 0x4a8f, 0x424e, 0x4a90,
0x6bb5, 0x8c78, 0x9cf9, 0xad5a, 0xc61c, 0xd6be, 0xc63b, 0x9473, 0x528b, 0x31a7,
0x39c7, 0x3a07, 0x31a7, 0x20a5, 0x0823, 0x0003, 0x0002, 0x0000, 0x0821, 0x4969,
0x9af2, 0xdc39, 0xe4ba, 0xdcb9, 0xdcba, 0xdcda, 0xe51b, 0xe53b, 0xe53b, 0xe55b,
0xe55b, 0xdd7b, 0xdd9b, 0xdd7a, 0xdd7a, 0xdd7a, 0xd57a, 0xd579, 0xd559, 0xd518,
0xcd18, 0xc4d8, 0xc4b8, 0xc477, 0xbc36, 0xbbf6, 0xb3d5, 0xab74, 0x9af2, 0x8ab1,
0x828f, 0x7a2d, 0x71cd, 0x698c, 0x616b, 0x6a2c, 0x6aed, 0x59ec, 0x488a, 0x48aa,
0x40a6, 0x50c2, 0x91e6, 0xcaca, 0xe2e9, 0xeb09, 0xf36b, 0xf3ed, 0xf490, 0xf4f2,

0xc611, 0x94ad, 0x5247, 0x3927, 0x59ca, 0x830f, 0x9391, 0x9bf2, 0xb454, 0xb4b5,
0xbcf7, 0xc517, 0xc517, 0xc537, 0xcd37, 0xcd37, 0xcd38, 0xccf8, 0xccd8, 0xccf7,
0x0000, 0xb5bb, 0xb5bb, 0xb5bb, 0xb5bb, 0xb5bb, 0xb5bb, 0xb5bb, 0xb5bb, 0xb5bb,
0xb5bb, 0xb5bb, 0xb5bb, 0xb5bb, 0xb5bb, 0xb5bb, 0xb5bb, 0xb5bb, 0xb5bb, 0xb5bb,
0xb5bb, 0xb5bb, 0xb5bb, 0xb5bb, 0xb5bb, 0xb5bb, 0xb5bb, 0xb5bb, 0xb5bb, 0xb5bb,
0xb5bb, 0xb5bb, 0x0000, 0x92e6, 0x92e6, 0x9ae6, 0x9b06, 0x9b26, 0xa346, 0xa346,
0xab46, 0x9b26, 0x9b06, 0x9b06, 0x9b26, 0x9b47, 0x9b46, 0x9b06, 0x92e6, 0x9b26,
0x9b25, 0x9ac3, 0xb5bb, 0xb5bb, 0xb5bb, 0xb5bb, 0xb5bb, 0xb5bb, 0xb5bb, 0xb5bb,
0xb5bb, 0xb5bb, 0xb5bb, 0xb5bb, 0xb5bb, 0xb5bb, 0xb5bb, 0xb5bb, 0xb5bb, 0xb5bb,
0xb5bb, 0xb5bb, 0xb5bb, 0xb5bb, 0xb5bb, 0xb5bb, 0xb5bb, 0xb5bb, 0xb5bb, 0xb5bb,
0xb5bb, 0xb5bb, 0xb5bb, 0xb5bb, 0xb5bb, 0xb5bb, 0xb5bb, 0xb5bb, 0xb5bb, 0xb5bb,
0xb5bb, 0xb5bb, 0xb5bb, 0xb5bb, 0xb5bb, 0xb5bb, 0xb5bb, 0xb5bb, 0xb5bb, 0xb5bb,
0xb5bb, 0xb5bb, 0xb5bb, 0xb5bb, 0xb5bb, 0xb5bb, 0xb5bb, 0xb5bb, 0xb5bb, 0xb5bb,
0xb5bb, 0xb5bb, 0xb5bb, 0xb5bb, 0xb5bb, 0xb5bb, 0xb5bb, 0xb5bb, 0xb5bb, 0xb5bb,
0xb5bb, 0xb5bb, 0xb5bb, 0xb5bb, 0xb5bb, 0xb5bb, 0xb5bb, 0xb5bb, 0xb5bb, 0xb5bb,
0xb5bb, 0xb5bb, 0xb5bb, 0xb5bb, 0xb5bb, 0xb5bb, 0xb5bb, 0xb5bb, 0xb5bb, 0xb5bb,
0xb5bb, 0xb5bb, 0xb5bb, 0xb5bb, 0xb5bb, 0xb5bb, 0xb5bb, 0xb5bb, 0xb5bb, 0xb5bb,
0xb5bb, 0xb5bb, 0xb5bb, 0xb5bb, 0xb5bb, 0xb5bb, 0xb5bb, 0xb5bb, 0xb5bb, 0xb5bb,
0xb5bb, 0xb5bb, 0xb5bb, 0xb5bb, 0xb5bb, 0xb5bb, 0xb5bb, 0xb5bb, 0xb5bb, 0xb5bb,
0xb5bb, 0xb5bb, 0xb5bb, 0xb5bb, 0xb5bb, 0xb5bb, 0xb5bb, 0xb5bb, 0xb5bb, 0xb5bb,
0xb5bb, 0xb5bb, 0xb5bb, 0xb5bb, 0xb5bb, 0xb5bb, 0xb5bb, 0xb5bb, 0xb5bb, 0xb5bb,
0xb5bb, 0xb5bb, 0xb5bb, 0xb5bb, 0xb5bb, 0xb5bb, 0xb5bb, 0xb5bb, 0xb5bb, 0xb5bb,
0xb5bb, 0xb5bb, 0xb5bb, 0xb5bb, 0xb5bb, 0xb5bb, 0xb5bb, 0xb5bb, 0xb5bb, 0xb5bb,
0xb5bb, 0xb5bb, 0xb5bb, 0xb5bb, 0xb5bb, 0xb5bb, 0xb5bb, 0xb5bb, 0xb5bb, 0xb5bb,
0xb5bb, 0xb5bb, 0xb5bb, 0xb5bb, 0xb5bb, 0xb5bb, 0xb5bb, 0x4a6f, 0x422e, 0x4a6f,
0x6b93, 0x8c77, 0x9cf9, 0xad7b, 0xbdfc, 0xce7d, 0xce7c, 0xbdf9, 0x9cf4, 0x7c11,
0x73d0, 0x73ae, 0x62ec, 0x3189, 0x1067, 0x0827, 0x1087, 0x0864, 0x0000, 0x0822,
0x4949, 0xa2f2, 0xd418, 0xd479, 0xcc58, 0xcc78, 0xd4b9, 0xd4d9, 0xd4f9, 0xd4f9,
0xd519, 0xd539, 0xcd19, 0xcd39, 0xcd58, 0xcd58, 0xcd38, 0xcd38, 0xc518, 0xc4f7,
0xc4d7, 0xbc96, 0xbc76, 0xb455, 0xb415, 0xabb4, 0xab93, 0x9b53, 0x92d2, 0x8290,
0x7a6e, 0x720d, 0x69ac, 0x69ac, 0x724d, 0x72cd, 0x626c, 0x510b, 0x482b, 0x48aa,
0x40c5, 0x50a1, 0x91a5, 0xca88, 0xe286, 0xe265, 0xe2a7, 0xe309, 0xe36b, 0xebed,

0xc631, 0x9cad, 0x5247, 0x4146, 0x51ca, 0x7aee, 0x8b70, 0x9bb1, 0xac13, 0xb454,
0xb495, 0xb4b5, 0xb4b5, 0xbcd6, 0xbcd6, 0xc4d6, 0xc4d7, 0xc497, 0xc497, 0xc496,
0x0000, 0xb5bb, 0xb5bb, 0xb5bb, 0xb5bb, 0xb5bb, 0xb5bb, 0xb5bb, 0xb5bb, 0xb5bb,
0xb5bb, 0xb5bb, 0xb5bb, 0xb5bb, 0xb5bb, 0xb5bb, 0xb5bb, 0xb5bb, 0xb5bb, 0xb5bb,
0xb5bb, 0xb5bb, 0xb5bb, 0xb5bb, 0xb5bb, 0xb5bb, 0xb5bb, 0xb5bb, 0xb5bb, 0xb5bb,
0xb5bb, 0xb5bb, 0x0000, 0x92c6, 0x92c6, 0x92c6, 0x92a6, 0x92c6, 0x9b06, 0x9306,
0x9306, 0x9b06, 0x9b06, 0x9b06, 0x9b06, 0x9b05, 0x9b05, 0x92c5, 0x92c6, 0x92e6,
0x92c5, 0x8a63, 0xb5bb, 0xb5bb, 0xb5bb, 0xb5bb, 0xb5bb, 0xb5bb, 0xb5bb, 0xb5bb,
0xb5bb, 0xb5bb, 0xb5bb, 0xb5bb, 0xb5bb, 0xb5bb, 0xb5bb, 0xb5bb, 0xb5bb, 0xb5bb,
0xb5bb, 0xb5bb, 0xb5bb, 0xb5bb, 0xb5bb, 0xb5bb, 0xb5bb, 0xb5bb, 0xb5bb, 0xb5bb,
0xb5bb, 0xb5bb, 0xb5bb, 0xb5bb, 0xb5bb, 0xb5bb, 0xb5bb, 0xb5bb, 0xb5bb, 0xb5bb,
0xb5bb, 0xb5bb, 0xb5bb, 0xb5bb, 0xb5bb, 0xb5bb, 0xb5bb, 0xb5bb, 0xb5bb, 0xb5bb,
0xb5bb, 0xb5bb, 0xb5bb, 0xb5bb, 0xb5bb, 0xb5bb, 0xb5bb, 0xb5bb, 0xb5bb, 0xb5bb,
0xb5bb, 0xb5bb, 0xb5bb, 0xb5bb, 0xb5bb, 0xb5bb, 0xb5bb, 0xb5bb, 0xb5bb, 0xb5bb,
0xb5bb, 0xb5bb, 0xb5bb, 0xb5bb, 0xb5bb, 0xb5bb, 0xb5bb, 0xb5bb, 0xb5bb, 0xb5bb,
0xb5bb, 0xb5bb, 0xb5bb, 0xb5bb, 0xb5bb, 0xb5bb, 0xb5bb, 0xb5bb, 0xb5bb, 0xb5bb,
0xb5bb, 0xb5bb, 0xb5bb, 0xb5bb, 0xb5bb, 0xb5bb, 0xb5bb, 0xb5bb, 0xb5bb, 0xb5bb,
0xb5bb, 0xb5bb, 0xb5bb, 0xb5bb, 0xb5bb, 0xb5bb, 0xb5bb, 0xb5bb, 0xb5bb, 0xb5bb,
0xb5bb, 0xb5bb, 0xb5bb, 0xb5bb, 0xb5bb, 0xb5bb, 0xb5bb, 0xb5bb, 0xb5bb, 0xb5bb,
0xb5bb, 0xb5bb, 0xb5bb, 0xb5bb, 0xb5bb, 0xb5bb, 0xb5bb, 0xb5bb, 0xb5bb, 0xb5bb,
0xb5bb, 0xb5bb, 0xb5bb, 0xb5bb, 0xb5bb, 0xb5bb, 0xb5bb, 0xb5bb, 0xb5bb, 0xb5bb,
0xb5bb, 0xb5bb, 0xb5bb, 0xb5bb, 0xb5bb, 0xb5bb, 0xb5bb, 0xb5bb, 0xb5bb, 0xb5bb,
0xb5bb, 0xb5bb, 0xb5bb, 0xb5bb, 0xb5bb, 0xb5bb, 0xb5bb, 0xb5bb, 0xb5bb, 0xb5bb,
0xb5bb, 0xb5bb, 0xb5bb, 0xb5bb, 0xb5bb, 0xb5bb, 0xb5bb, 0xb5bb, 0xb5bb, 0xb5bb,
0xb5bb, 0xb5bb, 0xb5bb, 0xb5bb, 0xb5bb, 0xb5bb, 0xb5bb, 0x52af, 0x422e, 0x4a2e,
0x6b52, 0x8c35, 0x9cf8, 0xb59a, 0xbddc, 0xc61c, 0xce7c, 0xdedc, 0xe71c, 0xdefd,
0xd6fc, 0xce7a, 0xa535, 0x6330, 0x294b, 0x1048, 0x0846, 0x0043, 0x0041, 0x0841,
0x2905, 0x622b, 0x9b33, 0xc3b7, 0xc417, 0xc437, 0xc457, 0xc477, 0xccb8, 0xccd8,
0xccd8, 0xc4d8, 0xc4d8, 0xc4f8, 0xc538, 0xc517, 0xc4f7, 0xc4d7, 0xbcd7, 0xbcd7,
0xbc96, 0xb475, 0xb455, 0xac15, 0xabd5, 0xab94, 0xa353, 0x9332, 0x8ad1, 0x8290,
0x7a2e, 0x69cd, 0x69cd, 0x6a4d, 0x7b2e, 0x72cd, 0x512a, 0x484a, 0x506d, 0x50ab,
0x4085, 0x5061, 0x8963, 0xc205, 0xd9e3, 0xd9e3, 0xda24, 0xd286, 0xd2e8, 0xe32a,

0xbdf1, 0x946c, 0x4a06, 0x3947, 0x51aa, 0x72ae, 0x8b30, 0x9391, 0x9bd2, 0xa3f2,
0xa3d2, 0x9bb1, 0x9bd2, 0xa433, 0xb454, 0xb475, 0xb475, 0xb435, 0xb434, 0xb434,
0x0000, 0xb5bb, 0xb5bb, 0xb5bb, 0xb5bb, 0xb5bb, 0xb5bb, 0xb5bb, 0xb5bb, 0xb5bb,
0xb5bb, 0xb5bb, 0xb5bb, 0xb5bb, 0xb5bb, 0xb5bb, 0xb5bb, 0xb5bb, 0xb5bb, 0xb5bb,
0xb5bb, 0xb5bb, 0xb5bb, 0xb5bb, 0xb5bb, 0xb5bb, 0xb5bb, 0xb5bb, 0xb5bb, 0xb5bb,
0xb5bb, 0xb5bb, 0x0000, 0x8ae5, 0x8aa5, 0x8a85, 0x8285, 0x8285, 0x8285, 0x8285,
0x8285, 0x8a85, 0x8aa5, 0x8ac6, 0x8aa5, 0x8a85, 0x8a85, 0x8a84, 0x8a85, 0x8a86,
0x8264, 0x7202, 0xb5bb, 0xb5bb, 0xb5bb, 0xb5bb, 0xb5bb, 0xb5bb, 0xb5bb, 0xb5bb,
0xb5bb, 0xb5bb, 0xb5bb, 0xb5bb, 0xb5bb, 0xb5bb, 0xb5bb, 0xb5bb, 0xb5bb, 0xb5bb,
0xb5bb, 0xb5bb, 0xb5bb, 0xb5bb, 0xb5bb, 0xb5bb, 0xb5bb, 0xb5bb, 0xb5bb, 0xb5bb,
0xb5bb, 0xb5bb, 0xb5bb, 0xb5bb, 0xb5bb, 0xb5bb, 0xb5bb, 0xb5bb, 0xb5bb, 0xb5bb,
0xb5bb, 0xb5bb, 0xb5bb, 0xb5bb, 0xb5bb, 0xb5bb, 0xb5bb, 0xb5bb, 0xb5bb, 0xb5bb,
0xb5bb, 0xb5bb, 0xb5bb, 0xb5bb, 0xb5bb, 0xb5bb, 0xb5bb, 0xb5bb, 0xb5bb, 0xb5bb,
0xb5bb, 0xb5bb, 0xb5bb, 0xb5bb, 0xb5bb, 0xb5bb, 0xb5bb, 0xb5bb, 0xb5bb, 0xb5bb,
0xb5bb, 0xb5bb, 0xb5bb, 0xb5bb, 0xb5bb, 0xb5bb, 0xb5bb, 0xb5bb, 0xb5bb, 0xb5bb,
0xb5bb, 0xb5bb, 0xb5bb, 0xb5bb, 0xb5bb, 0xb5bb, 0xb5bb, 0xb5bb, 0xb5bb, 0xb5bb,
0xb5bb, 0xb5bb, 0xb5bb, 0xb5bb, 0xb5bb, 0xb5bb, 0xb5bb, 0xb5bb, 0xb5bb, 0xb5bb,
0xb5bb, 0xb5bb, 0xb5bb, 0xb5bb, 0xb5bb, 0xb5bb, 0xb5bb, 0xb5bb, 0xb5bb, 0xb5bb,
0xb5bb, 0xb5bb, 0xb5bb, 0xb5bb, 0xb5bb, 0xb5bb, 0xb5bb, 0xb5bb, 0xb5bb, 0xb5bb,
0xb5bb, 0xb5bb, 0xb5bb, 0xb5bb, 0xb5bb, 0xb5bb, 0xb5bb, 0xb5bb, 0xb5bb, 0xb5bb,
0xb5bb, 0xb5bb, 0xb5bb, 0xb5bb, 0xb5bb, 0xb5bb, 0xb5bb, 0xb5bb, 0xb5bb, 0xb5bb,
0xb5bb, 0xb5bb, 0xb5bb, 0xb5bb, 0xb5bb, 0xb5bb, 0xb5bb, 0xb5bb, 0xb5bb, 0xb5bb,
0xb5bb, 0xb5bb, 0xb5bb, 0xb5bb, 0xb5bb, 0xb5bb, 0xb5bb, 0xb5bb, 0xb5bb, 0xb5bb,
0xb5bb, 0xb5bb, 0xb5bb, 0xb5bb, 0xb5bb, 0xb5bb, 0xb5bb, 0xb5bb, 0xb5bb, 0xb5bb,
0xb5bb, 0xb5bb, 0xb5bb, 0xb5bb, 0xb5bb, 0xb5bb, 0xb5bb, 0x5b0f, 0x4a8e, 0x4a4e,
0x6331, 0x8414, 0x9cd7, 0xad79, 0xbddb, 0xc63c, 0xd69c, 0xdedc, 0xdedb, 0xd69b,
0xce9b, 0xc679, 0xa556, 0x6330, 0x290a, 0x0806, 0x0003, 0x1082, 0x2945, 0x4a69,
0x52ca, 0x528a, 0x624b, 0x8ab0, 0xb395, 0xbbd7, 0xb3d6, 0xb416, 0xbc56, 0xbc76,
0xbc76, 0xbc76, 0xbcb6, 0xbcb6, 0xb4b6, 0xb476, 0xac75, 0xb475, 0xb475, 0xb455,
0xac35, 0xabf5, 0xabd4, 0xabb4, 0xab94, 0xa353, 0x9b32, 0x9312, 0x8ab0, 0x824f,
0x7a0e, 0x71ed, 0x724d, 0x7ace, 0x72ed, 0x59cb, 0x486a, 0x506b, 0x610d, 0x50eb,
0x3885, 0x4862, 0x8123, 0xc1a4, 0xd162, 0xd142, 0xd1a3, 0xd225, 0xdaa7, 0xe309,

0xb5b1, 0x7bcb, 0x3985, 0x4168, 0x59ca, 0x726c, 0x7aee, 0x8b70, 0x93b1, 0x832f,
0x6acd, 0x6acc, 0x834f, 0x9392, 0x9b92, 0x9bb2, 0xabf3, 0xabf3, 0xa3b2, 0xa392,
0x0000, 0xb5bb, 0xb5bb, 0xb5bb, 0xb5bb, 0xb5bb, 0xb5bb, 0xb5bb, 0xb5bb, 0xb5bb,
0xb5bb, 0xb5bb, 0xb5bb, 0xb5bb, 0xb5bb, 0xb5bb, 0xb5bb, 0xb5bb, 0xb5bb, 0xb5bb,
0xb5bb, 0xb5bb, 0xb5bb, 0xb5bb, 0xb5bb, 0xb5bb, 0xb5bb, 0xb5bb, 0xb5bb, 0xb5bb,
0xb5bb, 0xb5bb, 0x0000, 0x7223, 0x7243, 0x7244, 0x7244, 0x7244, 0x7203, 0x6a03,
0x6a03, 0x6a03, 0x6a23, 0x6a24, 0x6a03, 0x7203, 0x7a44, 0x7a44, 0x7a44, 0x7a85,
0x7223, 0x59a0, 0xb5bb, 0xb5bb, 0xb5bb, 0xb5bb, 0xb5bb, 0xb5bb, 0xb5bb, 0xb5bb,
0xb5bb, 0xb5bb, 0xb5bb, 0xb5bb, 0xb5bb, 0xb5bb, 0xb5bb, 0xb5bb, 0xb5bb, 0xb5bb,
0xb5bb, 0xb5bb, 0xb5bb, 0xb5bb, 0xb5bb, 0xb5bb, 0xb5bb, 0xb5bb, 0xb5bb, 0xb5bb,
0xb5bb, 0xb5bb, 0xb5bb, 0xb5bb, 0xb5bb, 0xb5bb, 0xb5bb, 0xb5bb, 0xb5bb, 0xb5bb,
0xb5bb, 0xb5bb, 0xb5bb, 0xb5bb, 0xb5bb, 0xb5bb, 0xb5bb, 0xb5bb, 0xb5bb, 0xb5bb,
0xb5bb, 0xb5bb, 0xb5bb, 0xb5bb, 0xb5bb, 0xb5bb, 0xb5bb, 0xb5bb, 0xb5bb, 0xb5bb,
0xb5bb, 0xb5bb, 0xb5bb, 0xb5bb, 0xb5bb, 0xb5bb, 0xb5bb, 0xb5bb, 0xb5bb, 0xb5bb,
0xb5bb, 0xb5bb, 0xb5bb, 0xb5bb, 0xb5bb, 0xb5bb, 0xb5bb, 0xb5bb, 0xb5bb, 0xb5bb,
0xb5bb, 0xb5bb, 0xb5bb, 0xb5bb, 0xb5bb, 0xb5bb, 0xb5bb, 0xb5bb, 0xb5bb, 0xb5bb,
0xb5bb, 0xb5bb, 0xb5bb, 0xb5bb, 0xb5bb, 0xb5bb, 0xb5bb, 0xb5bb, 0xb5bb, 0xb5bb,
0xb5bb, 0xb5bb, 0xb5bb, 0xb5bb, 0xb5bb, 0xb5bb, 0xb5bb, 0xb5bb, 0xb5bb, 0xb5bb,
0xb5bb, 0xb5bb, 0xb5bb, 0xb5bb, 0xb5bb, 0xb5bb, 0xb5bb, 0xb5bb, 0xb5bb, 0xb5bb,
0xb5bb, 0xb5bb, 0xb5bb, 0xb5bb, 0xb5bb, 0xb5bb, 0xb5bb, 0xb5bb, 0xb5bb, 0xb5bb,
0xb5bb, 0xb5bb, 0xb5bb, 0xb5bb, 0xb5bb, 0xb5bb, 0xb5bb, 0xb5bb, 0xb5bb, 0xb5bb,
0xb5bb, 0xb5bb, 0xb5bb, 0xb5bb, 0xb5bb, 0xb5bb, 0xb5bb, 0xb5bb, 0xb5bb, 0xb5bb,
0xb5bb, 0xb5bb, 0xb5bb, 0xb5bb, 0xb5bb, 0xb5bb, 0xb5bb, 0xb5bb, 0xb5bb, 0xb5bb,
0xb5bb, 0xb5bb, 0xb5bb, 0xb5bb, 0xb5bb, 0xb5bb, 0xb5bb, 0xb5bb, 0xb5bb, 0xb5bb,
0xb5bb, 0xb5bb, 0xb5bb, 0xb5bb, 0xb5bb, 0xb5bb, 0xb5bb, 0x52cd, 0x4a8d, 0x528f,
0x6b51, 0x7bf4, 0x9496, 0xad59, 0xbdda, 0xc63b, 0xd69c, 0xd6bc, 0xce9b, 0xd67c,
0xdedd, 0xdedc, 0xa536, 0x4a4c, 0x0823, 0x0002, 0x31a7, 0x6b4d, 0x8c71, 0x9cb2,
0x8430, 0x632c, 0x41e8, 0x4988, 0x722d, 0xa312, 0xab95, 0xabb5, 0xa3b4, 0xabd5,
0xabf5, 0xb414, 0xac14, 0xa414, 0x9bd3, 0x8b91, 0x7b30, 0x7b0f, 0x8b51, 0x9bd3,
0xac14, 0xabf4, 0xa393, 0xab73, 0xa353, 0x9b32, 0x9311, 0x8ad0, 0x7a6f, 0x71ee,
0x7a0d, 0x82ce, 0x834f, 0x72ee, 0x518a, 0x4869, 0x586c, 0x60cd, 0x590c, 0x4909,
0x38e5, 0x48e3, 0x78e2, 0xa902, 0xc922, 0xd921, 0xd942, 0xd1a3, 0xda46, 0xe2e8,

0xad71, 0x6b2a, 0x28c4, 0x4128, 0x59ca, 0x6a4c, 0x7acd, 0x8b30, 0x9371, 0x72ce,
0x5a6b, 0x628b, 0x72cd, 0x82ef, 0x8b10, 0x9351, 0x9b92, 0xa392, 0xa372, 0x9b52,
0x0000, 0xb5bb, 0xb5bb, 0xb5bb, 0xb5bb, 0xb5bb, 0xb5bb, 0xb5bb, 0xb5bb, 0xb5bb,
0xb5bb, 0xb5bb, 0xb5bb, 0xb5bb, 0xb5bb, 0xb5bb, 0xb5bb, 0xb5bb, 0xb5bb, 0xb5bb,
0xb5bb, 0xb5bb, 0xb5bb, 0xb5bb, 0xb5bb, 0xb5bb, 0xb5bb, 0xb5bb, 0xb5bb, 0xb5bb,
0xb5bb, 0xb5bb, 0x0000, 0x4942, 0x4961, 0x4982, 0x4982, 0x4962, 0x4962, 0x4162,
0x4162, 0x4162, 0x4162, 0x4162, 0x4962, 0x5162, 0x51a3, 0x4983, 0x51a3, 0x51e3,
0x4962, 0x38a0, 0xb5bb, 0xb5bb, 0xb5bb, 0xb5bb, 0xb5bb, 0xb5bb, 0xb5bb, 0xb5bb,
0xb5bb, 0xb5bb, 0xb5bb, 0xb5bb, 0xb5bb, 0xb5bb, 0xb5bb, 0xb5bb, 0xb5bb, 0xb5bb,
0xb5bb, 0xb5bb, 0xb5bb, 0xb5bb, 0xb5bb, 0xb5bb, 0xb5bb, 0xb5bb, 0xb5bb, 0xb5bb,
0xb5bb, 0xb5bb, 0xb5bb, 0xb5bb, 0xb5bb, 0xb5bb, 0xb5bb, 0xb5bb, 0xb5bb, 0xb5bb,
0xb5bb, 0xb5bb, 0xb5bb, 0xb5bb, 0xb5bb, 0xb5bb, 0xb5bb, 0xb5bb, 0xb5bb, 0xb5bb,
0xb5bb, 0xb5bb, 0xb5bb, 0xb5bb, 0xb5bb, 0xb5bb, 0xb5bb, 0xb5bb, 0xb5bb, 0xb5bb,
0xb5bb, 0xb5bb, 0xb5bb, 0xb5bb, 0xb5bb, 0xb5bb, 0xb5bb, 0xb5bb, 0xb5bb, 0xb5bb,
0xb5bb, 0xb5bb, 0xb5bb, 0xb5bb, 0xb5bb, 0xb5bb, 0xb5bb, 0xb5bb, 0xb5bb, 0xb5bb,
0xb5bb, 0xb5bb, 0xb5bb, 0xb5bb, 0xb5bb, 0xb5bb, 0xb5bb, 0xb5bb, 0xb5bb, 0xb5bb,
0xb5bb, 0xb5bb, 0xb5bb, 0xb5bb, 0xb5bb, 0xb5bb, 0xb5bb, 0xb5bb, 0xb5bb, 0xb5bb,
0xb5bb, 0xb5bb, 0xb5bb, 0xb5bb, 0xb5bb, 0xb5bb, 0xb5bb, 0xb5bb, 0xb5bb, 0xb5bb,
0xb5bb, 0xb5bb, 0xb5bb, 0xb5bb, 0xb5bb, 0xb5bb, 0xb5bb, 0xb5bb, 0xb5bb, 0xb5bb,
0xb5bb, 0xb5bb, 0xb5bb, 0xb5bb, 0xb5bb, 0xb5bb, 0xb5bb, 0xb5bb, 0xb5bb, 0xb5bb,
0xb5bb, 0xb5bb, 0xb5bb, 0xb5bb, 0xb5bb, 0xb5bb, 0xb5bb, 0xb5bb, 0xb5bb, 0xb5bb,
0xb5bb, 0xb5bb, 0xb5bb, 0xb5bb, 0xb5bb, 0xb5bb, 0xb5bb, 0xb5bb, 0xb5bb, 0xb5bb,
0xb5bb, 0xb5bb, 0xb5bb, 0xb5bb, 0xb5bb, 0xb5bb, 0xb5bb, 0xb5bb, 0xb5bb, 0xb5bb,
0xb5bb, 0xb5bb, 0xb5bb, 0xb5bb, 0xb5bb, 0xb5bb, 0xb5bb, 0xb5bb, 0xb5bb, 0xb5bb,
0xb5bb, 0xb5bb, 0xb5bb, 0xb5bb, 0xb5bb, 0xb5bb, 0xb5bb, 0x4a8c, 0x4a6c, 0x5acf,
0x73b1, 0x7bf3, 0x8c55, 0xa4f8, 0xb59a, 0xc61b, 0xce5c, 0xd6bd, 0xdefe, 0xe73e,
0xdedc, 0xa515, 0x5acc, 0x2125, 0x2966, 0x630c, 0x9cd2, 0xbdd7, 0xbdd7, 0xad34,
0x9451, 0x738e, 0x526a, 0x3987, 0x3946, 0x5189, 0x7a6e, 0x9b52, 0xa394, 0xa394,
0xa393, 0xa393, 0x9b92, 0x9372, 0x8b51, 0x7b2f, 0x6aac, 0x624c, 0x6aae, 0x8b71,
0xabf4, 0xabd3, 0xa373, 0x9b53, 0x9b12, 0x92d1, 0x8a90, 0x826f, 0x828f, 0x82af,
0x8b2f, 0x7b6f, 0x6acd, 0x598b, 0x486a, 0x584b, 0x68ed, 0x58ec, 0x514b, 0x5a4b,
0x5a8a, 0x59c6, 0x68c2, 0x9881, 0xc122, 0xd962, 0xd942, 0xd183, 0xd205, 0xe2a7,

0x8c6e, 0x5269, 0x28a4, 0x4968, 0x622b, 0x6a6c, 0x7aad, 0x82ef, 0x8b10, 0x82ef,
0x7aee, 0x7aee, 0x7acd, 0x7aee, 0x8b50, 0x9371, 0x9351, 0x8b30, 0x8aef, 0x7a8e,
0x0000, 0xb5bb, 0xb5bb, 0xb5bb, 0xb5bb, 0xb5bb, 0xb5bb, 0xb5bb, 0xb5bb, 0xb5bb,
0xb5bb, 0xb5bb, 0xb5bb, 0xb5bb, 0xb5bb, 0xb5bb, 0xb5bb, 0xb5bb, 0xb5bb, 0xb5bb,
0xb5bb, 0xb5bb, 0xb5bb, 0xb5bb, 0xb5bb, 0xb5bb, 0xb5bb, 0xb5bb, 0xb5bb, 0xb5bb,
0xb5bb, 0xb5bb, 0x0000, 0x20a2, 0x20a2, 0x20a2, 0x20a2, 0x20c2, 0x2902, 0x3101,
0x3101, 0x3101, 0x3102, 0x3102, 0x3101, 0x30e1, 0x28e1, 0x28e1, 0x28e1, 0x2902,
0x2081, 0x1000, 0xb5bb, 0xb5bb, 0xb5bb, 0xb5bb, 0xb5bb, 0xb5bb, 0xb5bb, 0xb5bb,
0xb5bb, 0xb5bb, 0xb5bb, 0xb5bb, 0xb5bb, 0xb5bb, 0xb5bb, 0xb5bb, 0xb5bb, 0xb5bb,
0xb5bb, 0xb5bb, 0xb5bb, 0xb5bb, 0xb5bb, 0xb5bb, 0xb5bb, 0xb5bb, 0xb5bb, 0xb5bb,
0xb5bb, 0xb5bb, 0xb5bb, 0xb5bb, 0xb5bb, 0xb5bb, 0xb5bb, 0xb5bb, 0xb5bb, 0xb5bb,
0xb5bb, 0xb5bb, 0xb5bb, 0xb5bb, 0xb5bb, 0xb5bb, 0xb5bb, 0xb5bb, 0xb5bb, 0xb5bb,
0xb5bb, 0xb5bb, 0xb5bb, 0xb5bb, 0xb5bb, 0xb5bb, 0xb5bb, 0xb5bb, 0xb5bb, 0xb5bb,
0xb5bb, 0xb5bb, 0xb5bb, 0xb5bb, 0xb5bb, 0xb5bb, 0xb5bb, 0xb5bb, 0xb5bb, 0xb5bb,
0xb5bb, 0xb5bb, 0xb5bb, 0xb5bb, 0xb5bb, 0xb5bb, 0xb5bb, 0xb5bb, 0xb5bb, 0xb5bb,
0xb5bb, 0xb5bb, 0xb5bb, 0xb5bb, 0xb5bb, 0xb5bb, 0xb5bb, 0xb5bb, 0xb5bb, 0xb5bb,
0xb5bb, 0xb5bb, 0xb5bb, 0xb5bb, 0xb5bb, 0xb5bb, 0xb5bb, 0xb5bb, 0xb5bb, 0xb5bb,
0xb5bb, 0xb5bb, 0xb5bb, 0xb5bb, 0xb5bb, 0xb5bb, 0xb5bb, 0xb5bb, 0xb5bb, 0xb5bb,
0xb5bb, 0xb5bb, 0xb5bb, 0xb5bb, 0xb5bb, 0xb5bb, 0xb5bb, 0xb5bb, 0xb5bb, 0xb5bb,
0xb5bb, 0xb5bb, 0xb5bb, 0xb5bb, 0xb5bb, 0xb5bb, 0xb5bb, 0xb5bb, 0xb5bb, 0xb5bb,
0xb5bb, 0xb5bb, 0xb5bb, 0xb5bb, 0xb5bb, 0xb5bb, 0xb5bb, 0xb5bb, 0xb5bb, 0xb5bb,
0xb5bb, 0xb5bb, 0xb5bb, 0xb5bb, 0xb5bb, 0xb5bb, 0xb5bb, 0xb5bb, 0xb5bb, 0xb5bb,
0xb5bb, 0xb5bb, 0xb5bb, 0xb5bb, 0xb5bb, 0xb5bb, 0xb5bb, 0xb5bb, 0xb5bb, 0xb5bb,
0xb5bb, 0xb5bb, 0xb5bb, 0xb5bb, 0xb5bb, 0xb5bb, 0xb5bb, 0xb5bb, 0xb5bb, 0xb5bb,
0xb5bb, 0xb5bb, 0xb5bb, 0xb5bb, 0xb5bb, 0xb5bb, 0xb5bb, 0x634f, 0x5aee, 0x5aef,
0x73d2, 0x7c13, 0x8435, 0x9cd7, 0xad79, 0xbdfb, 0xce7d, 0xe71f, 0xe73e, 0xce7b,
0x9492, 0x4229, 0x2105, 0x4a49, 0x9cd3, 0xdedb, 0xe6fb, 0xce38, 0xad75, 0x94d3,
0x8c71, 0x8bf1, 0x7b6f, 0x5aab, 0x3186, 0x18c3, 0x28e5, 0x620b, 0x8af0, 0x9351,
0x9b72, 0x9b52, 0x9372, 0x9372, 0x8b51, 0x832f, 0x72cd, 0x6aae, 0x7acf, 0x8b51,
0xa373, 0x9b72, 0x9b52, 0x9312, 0x9311, 0x8af0, 0x8ab0, 0x82d0, 0x8b30, 0x8b70,
0x836f, 0x628c, 0x490a, 0x482a, 0x608d, 0x690e, 0x610c, 0x514a, 0x5a6c, 0x83d0,
0x83d0, 0x626a, 0x58a2, 0x7840, 0xb101, 0xd182, 0xd983, 0xd9c4, 0xd226, 0xda87,

0x52a8, 0x41c6, 0x3946, 0x5a4a, 0x6acc, 0x72ad, 0x7aae, 0x7ace, 0x830f, 0x8b30,
0x9351, 0x9330, 0x9350, 0x9391, 0x9371, 0x8b50, 0x7b0e, 0x6aac, 0x51c9, 0x38a5,
0x0000, 0x0000, 0x0000, 0x0000, 0x0000, 0x0000, 0x0000, 0x0000, 0x0000, 0x0000,
0x0000, 0x0000, 0x0000, 0x0000, 0x0000, 0x0000, 0x0000, 0x0000, 0x0000, 0x0000,
0x0000, 0x0000, 0x0000, 0x0000, 0x0000, 0x0000, 0x0000, 0x0000, 0x0000, 0x0000,
0x0000, 0x0000, 0x0000, 0x18c6, 0x18a6, 0x10a7, 0x10a6, 0x20c4, 0x3102, 0x4101,
0x4101, 0x4101, 0x4102, 0x3902, 0x3901, 0x30e0, 0x30c1, 0x28c1, 0x28c1, 0x20a1,
0x1840, 0x0800, 0xb5bb, 0xb5bb, 0xb5bb, 0xb5bb, 0xb5bb, 0xb5bb, 0xb5bb, 0xb5bb,
0xb5bb, 0xb5bb, 0xb5bb, 0xb5bb, 0xb5bb, 0xb5bb, 0xb5bb, 0xb5bb, 0xb5bb, 0xb5bb,
0xb5bb, 0xb5bb, 0xb5bb, 0xb5bb, 0xb5bb, 0xb5bb, 0xb5bb, 0xb5bb, 0xb5bb, 0xb5bb,
0xb5bb, 0xb5bb, 0xb5bb, 0xb5bb, 0xb5bb, 0xb5bb, 0xb5bb, 0xb5bb, 0xb5bb, 0xb5bb,
0xb5bb, 0xb5bb, 0xb5bb, 0xb5bb, 0xb5bb, 0xb5bb, 0xb5bb, 0xb5bb, 0xb5bb, 0xb5bb,
0xb5bb, 0xb5bb, 0xb5bb, 0xb5bb, 0xb5bb, 0xb5bb, 0xb5bb, 0xb5bb, 0xb5bb, 0xb5bb,
0xb5bb, 0xb5bb, 0xb5bb, 0xb5bb, 0xb5bb, 0xb5bb, 0xb5bb, 0xb5bb, 0xb5bb, 0xb5bb,
0xb5bb, 0xb5bb, 0xb5bb, 0xb5bb, 0xb5bb, 0xb5bb, 0xb5bb, 0xb5bb, 0xb5bb, 0xb5bb,
0xb5bb, 0xb5bb, 0xb5bb, 0xb5bb, 0xb5bb, 0xb5bb, 0xb5bb, 0xb5bb, 0xb5bb, 0xb5bb,
0xb5bb, 0xb5bb, 0xb5bb, 0xb5bb, 0xb5bb, 0xb5bb, 0xb5bb, 0xb5bb, 0xb5bb, 0xb5bb,
0xb5bb, 0xb5bb, 0xb5bb, 0xb5bb, 0xb5bb, 0xb5bb, 0xb5bb, 0xb5bb, 0xb5bb, 0xb5bb,
0xb5bb, 0xb5bb, 0xb5bb, 0xb5bb, 0xb5bb, 0xb5bb, 0xb5bb, 0xb5bb, 0xb5bb, 0xb5bb,
0xb5bb, 0xb5bb, 0xb5bb, 0xb5bb, 0xb5bb, 0xb5bb, 0xb5bb, 0xb5bb, 0xb5bb, 0xb5bb,
0xb5bb, 0xb5bb, 0xb5bb, 0xb5bb, 0xb5bb, 0xb5bb, 0xb5bb, 0xb5bb, 0xb5bb, 0xb5bb,
0xb5bb, 0xb5bb, 0xb5bb, 0xb5bb, 0xb5bb, 0xb5bb, 0xb5bb, 0xb5bb, 0xb5bb, 0xb5bb,
0xb5bb, 0xb5bb, 0xb5bb, 0xb5bb, 0xb5bb, 0xb5bb, 0xb5bb, 0xb5bb, 0xb5bb, 0xb5bb,
0xb5bb, 0xb5bb, 0xb5bb, 0xb5bb, 0xb5bb, 0xb5bb, 0xb5bb, 0xb5bb, 0xb5bb, 0xb5bb,
0xb5bb, 0xb5bb, 0xb5bb, 0xb5bb, 0xb5bb, 0xb5bb, 0xb5bb, 0x94d5, 0x73b1, 0x5aef,
0x73b2, 0x8454, 0x8cb5, 0x9cf7, 0xad59, 0xc61b, 0xdede, 0xdefe, 0xbdd8, 0x6b4d,
0x2945, 0x3186, 0x7bcf, 0xce38, 0xef5c, 0xe71c, 0xd67a, 0xcdf8, 0xc5d7, 0xb5b6,
0xad55, 0xa4d4, 0x9452, 0x7baf, 0x62cc, 0x39a7, 0x20a4, 0x2064, 0x4128, 0x624c,
0x7b0e, 0x8b50, 0x9371, 0x9371, 0x8b31, 0x82d0, 0x82b0, 0x82f1, 0x8b31, 0x9331,
0x8b10, 0x8af0, 0x8b10, 0x9331, 0x9352, 0x9392, 0x9bd2, 0x93d1, 0x7b6f, 0x626c,
0x496a, 0x48aa, 0x58ac, 0x60ed, 0x690e, 0x590c, 0x514a, 0x626c, 0x83b0, 0x93d2,
0x8370, 0x628c, 0x4904, 0x6040, 0x90a0, 0xc142, 0xd9e4, 0xe245, 0xe286, 0xe2c7,

0x2082, 0x28a3, 0x30e6, 0x49c8, 0x5a4a, 0x62cc, 0x732e, 0x7b4f, 0x838f, 0x8bb0,
0x93b1, 0x8390, 0x834f, 0x7b0f, 0x6aad, 0x622b, 0x5169, 0x40a6, 0x3044, 0x2864,
0x4187, 0x734d, 0xa4d3, 0xbd96, 0xc5b6, 0xc5d7, 0xce38, 0xce59, 0xce58, 0xd659,
0xde9a, 0xef1d, 0xe6fc, 0xc5d7, 0x83ef, 0x41e7, 0x4a29, 0x8bcf, 0x838f, 0x4a09,
0x20e4, 0x10a2, 0x1904, 0x2145, 0x2146, 0x2125, 0x18e5, 0x2126, 0x39ea, 0x3a0c,
0x298c, 0x296c, 0x294c, 0x210a, 0x210a, 0x212b, 0x210a, 0x20e6, 0x30e2, 0x3900,
0x4101, 0x3901, 0x4102, 0x4102, 0x3901, 0x30e1, 0x30c1, 0x28a0, 0x2080, 0x2061,
0x1040, 0x0000, 0xb5bb, 0xb5bb, 0xb5bb, 0xb5bb, 0xb5bb, 0xb5bb, 0xb5bb, 0xb5bb,
0xb5bb, 0xb5bb, 0xb5bb, 0xb5bb, 0xb5bb, 0xb5bb, 0xb5bb, 0xb5bb, 0xb5bb, 0xb5bb,
0xb5bb, 0xb5bb, 0xb5bb, 0xb5bb, 0xb5bb, 0xb5bb, 0xb5bb, 0xb5bb, 0xb5bb, 0xb5bb,
0xb5bb, 0xb5bb, 0xb5bb, 0xb5bb, 0xb5bb, 0xb5bb, 0xb5bb, 0xb5bb, 0xb5bb, 0xb5bb,
0xb5bb, 0xb5bb, 0xb5bb, 0xb5bb, 0xb5bb, 0xb5bb, 0xb5bb, 0xb5bb, 0xb5bb, 0xb5bb,
0xb5bb, 0xb5bb, 0xb5bb, 0xb5bb, 0xb5bb, 0xb5bb, 0xb5bb, 0xb5bb, 0xb5bb, 0xb5bb,
0xb5bb, 0xb5bb, 0xb5bb, 0xb5bb, 0xb5bb, 0xb5bb, 0xb5bb, 0xb5bb, 0xb5bb, 0xb5bb,
0xb5bb, 0xb5bb, 0xb5bb, 0xb5bb, 0xb5bb, 0xb5bb, 0xb5bb, 0xb5bb, 0xb5bb, 0xb5bb,
0xb5bb, 0xb5bb, 0xb5bb, 0xb5bb, 0xb5bb, 0xb5bb, 0xb5bb, 0xb5bb, 0xb5bb, 0xb5bb,
0xb5bb, 0xb5bb, 0xb5bb, 0xb5bb, 0xb5bb, 0xb5bb, 0xb5bb, 0xb5bb, 0xb5bb, 0xb5bb,
0xb5bb, 0xb5bb, 0xb5bb, 0xb5bb, 0xb5bb, 0xb5bb, 0xb5bb, 0xb5bb, 0xb5bb, 0xb5bb,
0xb5bb, 0xb5bb, 0xb5bb, 0xb5bb, 0xb5bb, 0xb5bb, 0xb5bb, 0xb5bb, 0xb5bb, 0xb5bb,
0xb5bb, 0xb5bb, 0xb5bb, 0xb5bb, 0xb5bb, 0xb5bb, 0xb5bb, 0xb5bb, 0xb5bb, 0xb5bb,
0xb5bb, 0xb5bb, 0xb5bb, 0xb5bb, 0xb5bb, 0xb5bb, 0xb5bb, 0xb5bb, 0xb5bb, 0xb5bb,
0xb5bb, 0xb5bb, 0xb5bb, 0xb5bb, 0xb5bb, 0xb5bb, 0xb5bb, 0xb5bb, 0xb5bb, 0xb5bb,
0xb5bb, 0xb5bb, 0xb5bb, 0xb5bb, 0xb5bb, 0xb5bb, 0xb5bb, 0xb5bb, 0xb5bb, 0xb5bb,
0xb5bb, 0xb5bb, 0xb5bb, 0xb5bb, 0xb5bb, 0xb5bb, 0xb5bb, 0xb5bb, 0xb5bb, 0xb5bb,
0xb5bb, 0xb5bb, 0xb5bb, 0xb5bb, 0xb5bb, 0xb5bb, 0xb5bb, 0x9cf6, 0x8413, 0x6b51,
0x7bd3, 0x8c74, 0x94d6, 0xa517, 0xbdda, 0xd69d, 0xd69c, 0x9cf5, 0x4a69, 0x2124,
0x4a49, 0x94b3, 0xde9b, 0xf75d, 0xef1c, 0xd69a, 0xce3a, 0xce19, 0xce18, 0xc5f8,
0xbdb7, 0xb576, 0xa4f4, 0x9472, 0x83b0, 0x62cc, 0x39e7, 0x20c4, 0x2044, 0x3087,
0x4909, 0x61cb, 0x6a6d, 0x7b2e, 0x8390, 0x8b91, 0x93b1, 0x9bf2, 0x9bf2, 0x9bf2,
0x93d1, 0x93d1, 0x93d1, 0x93b0, 0x8b90, 0x7b2f, 0x6aae, 0x622c, 0x598b, 0x50eb,
0x58ab, 0x60cd, 0x690e, 0x712e, 0x590c, 0x514a, 0x5a2b, 0x7b2e, 0x8b91, 0x8310,
0x72ce, 0x628d, 0x51a9, 0x50a4, 0x7060, 0xa101, 0xca05, 0xdaa6, 0xe2e8, 0xeb2a,

0x2802, 0x3024, 0x3886, 0x40c6, 0x4947, 0x51c9, 0x624b, 0x6a8c, 0x6a8c, 0x726c,
0x726c, 0x6a4c, 0x61eb, 0x596a, 0x5108, 0x4086, 0x3824, 0x3003, 0x38a5, 0x5229,
0x7bcf, 0xa4f3, 0xb555, 0xb576, 0xc5f7, 0xce18, 0xd638, 0xd659, 0xd679, 0xd679,
0xce39, 0xd65a, 0xdebb, 0xef3d, 0xde9a, 0x8c30, 0x526a, 0x41c7, 0x2925, 0x18c3,
0x18c4, 0x2125, 0x2965, 0x31a7, 0x31a7, 0x2966, 0x2126, 0x3188, 0x4a8c, 0x4aae,
0x39ee, 0x31af, 0x318e, 0x296c, 0x296c, 0x294e, 0x292c, 0x28e7, 0x28c2, 0x30c0,
0x30e1, 0x3901, 0x3902, 0x4102, 0x4122, 0x3921, 0x30e1, 0x30a1, 0x2881, 0x28a1,
0x1860, 0x0800, 0xb5bb, 0xb5bb, 0xb5bb, 0xb5bb, 0xb5bb, 0xb5bb, 0xb5bb, 0xb5bb,
0xb5bb, 0xb5bb, 0xb5bb, 0xb5bb, 0xb5bb, 0xb5bb, 0xb5bb, 0xb5bb, 0xb5bb, 0xb5bb,
0xb5bb, 0xb5bb, 0xb5bb, 0xb5bb, 0xb5bb, 0xb5bb, 0xb5bb, 0xb5bb, 0xb5bb, 0xb5bb,
0xb5bb, 0xb5bb, 0xb5bb, 0xb5bb, 0xb5bb, 0xb5bb, 0xb5bb, 0xb5bb, 0xb5bb, 0xb5bb,
0xb5bb, 0xb5bb, 0xb5bb, 0xb5bb, 0xb5bb, 0xb5bb, 0xb5bb, 0xb5bb, 0xb5bb, 0xb5bb,
0xb5bb, 0xb5bb, 0xb5bb, 0xb5bb, 0xb5bb, 0xb5bb, 0xb5bb, 0xb5bb, 0xb5bb, 0xb5bb,
0xb5bb, 0xb5bb, 0xb5bb, 0xb5bb, 0xb5bb, 0xb5bb, 0xb5bb, 0xb5bb, 0xb5bb, 0xb5bb,
0xb5bb, 0xb5bb, 0xb5bb, 0xb5bb, 0xb5bb, 0xb5bb, 0xb5bb, 0xb5bb, 0xb5bb, 0xb5bb,
0xb5bb, 0xb5bb, 0xb5bb, 0xb5bb, 0xb5bb, 0xb5bb, 0xb5bb, 0xb5bb, 0xb5bb, 0xb5bb,
0xb5bb, 0xb5bb, 0xb5bb, 0xb5bb, 0xb5bb, 0xb5bb, 0xb5bb, 0xb5bb, 0xb5bb, 0xb5bb,
0xb5bb, 0xb5bb, 0xb5bb, 0xb5bb, 0xb5bb, 0xb5bb, 0xb5bb, 0xb5bb, 0xb5bb, 0xb5bb,
0xb5bb, 0xb5bb, 0xb5bb, 0xb5bb, 0xb5bb, 0xb5bb, 0xb5bb, 0xb5bb, 0xb5bb, 0xb5bb,
0xb5bb, 0xb5bb, 0xb5bb, 0xb5bb, 0xb5bb, 0xb5bb, 0xb5bb, 0xb5bb, 0xb5bb, 0xb5bb,
0xb5bb, 0xb5bb, 0xb5bb, 0xb5bb, 0xb5bb, 0xb5bb, 0xb5bb, 0xb5bb, 0xb5bb, 0xb5bb,
0xb5bb, 0xb5bb, 0xb5bb, 0xb5bb, 0xb5bb, 0xb5bb, 0xb5bb, 0xb5bb, 0xb5bb, 0xb5bb,
0xb5bb, 0xb5bb, 0xb5bb, 0xb5bb, 0xb5bb, 0xb5bb, 0xb5bb, 0xb5bb, 0xb5bb, 0xb5bb,
0xb5bb, 0xb5bb, 0xb5bb, 0xb5bb, 0xb5bb, 0xb5bb, 0xb5bb, 0xb5bb, 0xb5bb, 0xb5bb,
0xb5bb, 0xb5bb, 0xb5bb, 0xb5bb, 0xb5bb, 0xb5bb, 0xb5bb, 0xa518, 0x8435, 0x7393,
0x8435, 0x8c96, 0x9d17, 0xb5b9, 0xce5c, 0xc61a, 0x8432, 0x39e8, 0x2104, 0x5aab,
0xb576, 0xef1d, 0xf73d, 0xdebb, 0xd65a, 0xd65a, 0xd67a, 0xd65a, 0xce39, 0xcdf8,
0xc5d8, 0xb5b6, 0xad55, 0xa4d4, 0x8c31, 0x7baf, 0x630c, 0x4a09, 0x30e6, 0x2025,
0x2805, 0x3827, 0x48ea, 0x59ab, 0x6a4c, 0x72ce, 0x7b0e, 0x7b2f, 0x7b2f, 0x832f,
0x832f, 0x7b2f, 0x7b0f, 0x72ae, 0x6a4c, 0x61cc, 0x512b, 0x48ab, 0x504b, 0x608c,
0x710e, 0x714f, 0x712e, 0x60ec, 0x510a, 0x51ea, 0x7acd, 0x830f, 0x7a8f, 0x6a6d,
0x6a6d, 0x6a8d, 0x626c, 0x5189, 0x58a3, 0x78c1, 0xa9a4, 0xca87, 0xe32a, 0xeb6b,

0x4086, 0x48a6, 0x50c7, 0x58c8, 0x58c8, 0x58c8, 0x58a8, 0x58a8, 0x58a8, 0x5888,
0x5868, 0x5867, 0x5047, 0x5026, 0x4805, 0x4004, 0x3885, 0x4187, 0x5acb, 0x8c30,
0xa4d3, 0xad34, 0xb555, 0xb576, 0xc5d7, 0xce17, 0xce38, 0xce39, 0xce39, 0xd679,
0xd679, 0xd679, 0xd659, 0xd679, 0xdeba, 0xdebb, 0xa4f5, 0x49e9, 0x0841, 0x0841,
0x18c3, 0x2946, 0x3187, 0x39c9, 0x39c8, 0x31a7, 0x2946, 0x31c9, 0x52cd, 0x5af0,
0x4210, 0x39d1, 0x39cf, 0x318d, 0x316e, 0x314f, 0x290d, 0x20e8, 0x28c2, 0x28c0,
0x30c1, 0x40e1, 0x4122, 0x4942, 0x5182, 0x5182, 0x4942, 0x4122, 0x4122, 0x4122,
0x30a1, 0x1800, 0xb5bb, 0xb5bb, 0xb5bb, 0xb5bb, 0xb5bb, 0xb5bb, 0xb5bb, 0xb5bb,
0xb5bb, 0xb5bb, 0xb5bb, 0xb5bb, 0xb5bb, 0xb5bb, 0xb5bb, 0xb5bb, 0xb5bb, 0xb5bb,
0xb5bb, 0xb5bb, 0xb5bb, 0xb5bb, 0xb5bb, 0xb5bb, 0xb5bb, 0xb5bb, 0xb5bb, 0xb5bb,
0xb5bb, 0xb5bb, 0xb5bb, 0xb5bb, 0xb5bb, 0xb5bb, 0xb5bb, 0xb5bb, 0xb5bb, 0xb5bb,
0xb5bb, 0xb5bb, 0xb5bb, 0xb5bb, 0xb5bb, 0xb5bb, 0xb5bb, 0xb5bb, 0xb5bb, 0xb5bb,
0xb5bb, 0xb5bb, 0xb5bb, 0xb5bb, 0xb5bb, 0xb5bb, 0xb5bb, 0xb5bb, 0xb5bb, 0xb5bb,
0xb5bb, 0xb5bb, 0xb5bb, 0xb5bb, 0xb5bb, 0xb5bb, 0xb5bb, 0xb5bb, 0xb5bb, 0xb5bb,
0xb5bb, 0xb5bb, 0xb5bb, 0xb5bb, 0xb5bb, 0xb5bb, 0xb5bb, 0xb5bb, 0xb5bb, 0xb5bb,
0xb5bb, 0xb5bb, 0xb5bb, 0xb5bb, 0xb5bb, 0xb5bb, 0xb5bb, 0xb5bb, 0xb5bb, 0xb5bb,
0xb5bb, 0xb5bb, 0xb5bb, 0xb5bb, 0xb5bb, 0xb5bb, 0xb5bb, 0xb5bb, 0xb5bb, 0xb5bb,
0xb5bb, 0xb5bb, 0xb5bb, 0xb5bb, 0xb5bb, 0xb5bb, 0xb5bb, 0xb5bb, 0xb5bb, 0xb5bb,
0xb5bb, 0xb5bb, 0xb5bb, 0xb5bb, 0xb5bb, 0xb5bb, 0xb5bb, 0xb5bb, 0xb5bb, 0xb5bb,
0xb5bb, 0xb5bb, 0xb5bb, 0xb5bb, 0xb5bb, 0xb5bb, 0xb5bb, 0xb5bb, 0xb5bb, 0xb5bb,
0xb5bb, 0xb5bb, 0xb5bb, 0xb5bb, 0xb5bb, 0xb5bb, 0xb5bb, 0xb5bb, 0xb5bb, 0xb5bb,
0xb5bb, 0xb5bb, 0xb5bb, 0xb5bb, 0xb5bb, 0xb5bb, 0xb5bb, 0xb5bb, 0xb5bb, 0xb5bb,
0xb5bb, 0xb5bb, 0xb5bb, 0xb5bb, 0xb5bb, 0xb5bb, 0xb5bb, 0xb5bb, 0xb5bb, 0xb5bb,
0xb5bb, 0xb5bb, 0xb5bb, 0xb5bb, 0xb5bb, 0xb5bb, 0xb5bb, 0xb5bb, 0xb5bb, 0xb5bb,
0xb5bb, 0xb5bb, 0xb5bb, 0xb5bb, 0xb5bb, 0xb5bb, 0xb5bb, 0xb5bb, 0x9cd8, 0x8435,
0x94d7, 0xa538, 0xb59a, 0xc63b, 0xb5b9, 0x7bd1, 0x3186, 0x2924, 0x734e, 0xc5b8,
0xe6fc, 0xe6db, 0xd679, 0xd67a, 0xd67a, 0xd67a, 0xd67a, 0xd65a, 0xce39, 0xcdf8,
0xcdd8, 0xbdb7, 0xbd56, 0xb515, 0xa4b3, 0x9431, 0x838f, 0x62ec, 0x4a29, 0x3166,
0x28a5, 0x3026, 0x3808, 0x4009, 0x4029, 0x4869, 0x48ca, 0x512b, 0x512b, 0x592b,
0x592b, 0x590b, 0x58eb, 0x50ab, 0x50ab, 0x60cc, 0x68ee, 0x690e, 0x710e, 0x712e,
0x714e, 0x692e, 0x60ed, 0x590b, 0x51aa, 0x626c, 0x82cf, 0x7a6e, 0x61ed, 0x6a2d,
0x6a6d, 0x728d, 0x72ad, 0x626c, 0x5188, 0x50e4, 0x7123, 0xaa06, 0xcae9, 0xd34b,

0x4086, 0x50a7, 0x60e9, 0x6109, 0x6909, 0x6909, 0x690a, 0x68ea, 0x68c9, 0x6889,
0x6068, 0x5066, 0x4045, 0x3044, 0x2864, 0x3905, 0x4a08, 0x6b0c, 0x8bf0, 0x9c92,
0xa4d3, 0xacf4, 0xb536, 0xb576, 0xbdb6, 0xc5d7, 0xc5f7, 0xc5f7, 0xc5f8, 0xc619,
0xce38, 0xd658, 0xce38, 0xce18, 0xce19, 0xd65a, 0xd659, 0xad34, 0x5a8b, 0x18a3,
0x1082, 0x2145, 0x31c8, 0x3a09, 0x41e9, 0x39c8, 0x2987, 0x31e9, 0x5ace, 0x5af1,
0x4251, 0x3a11, 0x39f0, 0x318e, 0x318f, 0x3971, 0x292e, 0x20e8, 0x28c2, 0x30e0,
0x3901, 0x4922, 0x5142, 0x5962, 0x61a2, 0x61a3, 0x69a3, 0x69c3, 0x69e3, 0x61c3,
0x5142, 0x38a0, 0xb5bb, 0xb5bb, 0xb5bb, 0xb5bb, 0xb5bb, 0xb5bb, 0xb5bb, 0xb5bb,
0xb5bb, 0xb5bb, 0xb5bb, 0xb5bb, 0xb5bb, 0xb5bb, 0xb5bb, 0xb5bb, 0xb5bb, 0xb5bb,
0xb5bb, 0xb5bb, 0xb5bb, 0xb5bb, 0xb5bb, 0xb5bb, 0xb5bb, 0xb5bb, 0xb5bb, 0xb5bb,
0xb5bb, 0xb5bb, 0xb5bb, 0xb5bb, 0xb5bb, 0xb5bb, 0xb5bb, 0xb5bb, 0xb5bb, 0xb5bb,
0xb5bb, 0xb5bb, 0xb5bb, 0xb5bb, 0xb5bb, 0xb5bb, 0xb5bb, 0xb5bb, 0xb5bb, 0xb5bb,
0xb5bb, 0xb5bb, 0xb5bb, 0xb5bb, 0xb5bb, 0xb5bb, 0xb5bb, 0xb5bb, 0xb5bb, 0xb5bb,
0xb5bb, 0xb5bb, 0xb5bb, 0xb5bb, 0xb5bb, 0xb5bb, 0xb5bb, 0xb5bb, 0xb5bb, 0xb5bb,
0xb5bb, 0xb5bb, 0xb5bb, 0xb5bb, 0xb5bb, 0xb5bb, 0xb5bb, 0xb5bb, 0xb5bb, 0xb5bb,
0xb5bb, 0xb5bb, 0xb5bb, 0xb5bb, 0xb5bb, 0xb5bb, 0xb5bb, 0xb5bb, 0xb5bb, 0xb5bb,
0xb5bb, 0xb5bb, 0xb5bb, 0xb5bb, 0xb5bb, 0xb5bb, 0xb5bb, 0xb5bb, 0xb5bb, 0xb5bb,
0xb5bb, 0xb5bb, 0xb5bb, 0xb5bb, 0xb5bb, 0xb5bb, 0xb5bb, 0xb5bb, 0xb5bb, 0xb5bb,
0xb5bb, 0xb5bb, 0xb5bb, 0xb5bb, 0xb5bb, 0xb5bb, 0xb5bb, 0xb5bb, 0xb5bb, 0xb5bb,
0xb5bb, 0xb5bb, 0xb5bb, 0xb5bb, 0xb5bb, 0xb5bb, 0xb5bb, 0xb5bb, 0xb5bb, 0xb5bb,
0xb5bb, 0xb5bb, 0xb5bb, 0xb5bb, 0xb5bb, 0xb5bb, 0xb5bb, 0xb5bb, 0xb5bb, 0xb5bb,
0xb5bb, 0xb5bb, 0xb5bb, 0xb5bb, 0xb5bb, 0xb5bb, 0xb5bb, 0xb5bb, 0xb5bb, 0xb5bb,
0xb5bb, 0xb5bb, 0xb5bb, 0xb5bb, 0xb5bb, 0xb5bb, 0xb5bb, 0xb5bb, 0xb5bb, 0xb5bb,
0xb5bb, 0xb5bb, 0xb5bb, 0xb5bb, 0xb5bb, 0xb5bb, 0xb5bb, 0xb5bb, 0xb5bb, 0xb5bb,
0xb5bb, 0xb5bb, 0xb5bb, 0xb5bb, 0xb5bb, 0xb5bb, 0xb5bb, 0xb5bb, 0xb59b, 0xa559,
0xa558, 0xb5da, 0xc61b, 0xad78, 0x634e, 0x2146, 0x3166, 0x7b6e, 0xc597, 0xde7b,
0xd65a, 0xce39, 0xce39, 0xce39, 0xce39, 0xce39, 0xcdf8, 0xcdf8, 0xc5f8, 0xbdb7,
0xbdb7, 0xbdb7, 0xb556, 0xb4f6, 0xa4b4, 0x9452, 0x8bf0, 0x736e, 0x62cc, 0x4a29,
0x39a7, 0x2905, 0x2064, 0x2806, 0x3828, 0x402a, 0x506b, 0x588c, 0x588d, 0x608d,
0x60cd, 0x68ed, 0x60ed, 0x60ed, 0x60ed, 0x690e, 0x690e, 0x692e, 0x690e, 0x692e,
0x692e, 0x690d, 0x590b, 0x5169, 0x624b, 0x7ace, 0x7a8e, 0x6a0c, 0x69cc, 0x620d,
0x6a2d, 0x726d, 0x728d, 0x6aae, 0x628d, 0x51c9, 0x5146, 0x6924, 0x9207, 0xc30a,

0x3023, 0x3824, 0x4846, 0x5066, 0x5066, 0x5886, 0x5887, 0x5067, 0x4866, 0x3844,
0x3023, 0x2843, 0x2083, 0x28e3, 0x3165, 0x4a07, 0x62eb, 0x838e, 0x93f0, 0x9c51,
0xa492, 0xacb3, 0xb4f4, 0xb535, 0xb575, 0xbd95, 0xbdb6, 0xc5b6, 0xbdb6, 0xc5b6,
0xc5d7, 0xc5d7, 0xc5f7, 0xc5b7, 0xbdb6, 0xbd96, 0xce38, 0xd658, 0xb535, 0x6aec,
0x2903, 0x10c3, 0x29a7, 0x3a08, 0x4208, 0x39e8, 0x2967, 0x31c9, 0x5b0f, 0x6332,
0x4251, 0x3a12, 0x31f1, 0x296e, 0x3170, 0x3972, 0x292e, 0x18a6, 0x1860, 0x28a0,
0x4100, 0x5960, 0x71a1, 0x81e1, 0x8222, 0x8a22, 0x8a02, 0x8a21, 0x8a42, 0x8243,
0x71c1, 0x5900, 0xb5bb, 0xb5bb, 0xb5bb, 0xb5bb, 0xb5bb, 0xb5bb, 0xb5bb, 0xb5bb,
0xb5bb, 0xb5bb, 0xb5bb, 0xb5bb, 0xb5bb, 0xb5bb, 0xb5bb, 0xb5bb, 0xb5bb, 0xb5bb,
0xb5bb, 0xb5bb, 0xb5bb, 0xb5bb, 0xb5bb, 0xb5bb, 0xb5bb, 0xb5bb, 0xb5bb, 0xb5bb,
0xb5bb, 0xb5bb, 0xb5bb, 0xb5bb, 0xb5bb, 0xb5bb, 0xb5bb, 0xb5bb, 0xb5bb, 0xb5bb,
0xb5bb, 0xb5bb, 0xb5bb, 0xb5bb, 0xb5bb, 0xb5bb, 0xb5bb, 0xb5bb, 0xb5bb, 0xb5bb,
0xb5bb, 0xb5bb, 0xb5bb, 0xb5bb, 0xb5bb, 0xb5bb, 0xb5bb, 0xb5bb, 0xb5bb, 0xb5bb,
0xb5bb, 0xb5bb, 0xb5bb, 0xb5bb, 0xb5bb, 0xb5bb, 0xb5bb, 0xb5bb, 0xb5bb, 0xb5bb,
0xb5bb, 0xb5bb, 0xb5bb, 0xb5bb, 0xb5bb, 0xb5bb, 0xb5bb, 0xb5bb, 0xb5bb, 0xb5bb,
0xb5bb, 0xb5bb, 0xb5bb, 0xb5bb, 0xb5bb, 0xb5bb, 0xb5bb, 0xb5bb, 0xb5bb, 0xb5bb,
0xb5bb, 0xb5bb, 0xb5bb, 0xb5bb, 0xb5bb, 0xb5bb, 0xb5bb, 0xb5bb, 0xb5bb, 0xb5bb,
0xb5bb, 0xb5bb, 0xb5bb, 0xb5bb, 0xb5bb, 0xb5bb, 0xb5bb, 0xb5bb, 0xb5bb, 0xb5bb,
0xb5bb, 0xb5bb, 0xb5bb, 0xb5bb, 0xb5bb, 0xb5bb, 0xb5bb, 0xb5bb, 0xb5bb, 0xb5bb,
0xb5bb, 0xb5bb, 0xb5bb, 0xb5bb, 0xb5bb, 0xb5bb, 0xb5bb, 0xb5bb, 0xb5bb, 0xb5bb,
0xb5bb, 0xb5bb, 0xb5bb, 0xb5bb, 0xb5bb, 0xb5bb, 0xb5bb, 0xb5bb, 0xb5bb, 0xb5bb,
0xb5bb, 0xb5bb, 0xb5bb, 0xb5bb, 0xb5bb, 0xb5bb, 0xb5bb, 0xb5bb, 0xb5bb, 0xb5bb,
0xb5bb, 0xb5bb, 0xb5bb, 0xb5bb, 0xb5bb, 0xb5bb, 0xb5bb, 0xb5bb, 0xb5bb, 0xb5bb,
0xb5bb, 0xb5bb, 0xb5bb, 0xb5bb, 0xb5bb, 0xb5bb, 0xb5bb, 0xb5bb, 0xb5bb, 0xb5bb,
0xb5bb, 0xb5bb, 0xb5bb, 0xb5bb, 0xb5bb, 0xb5bb, 0xb5bb, 0xb5bc, 0xbddc, 0xc65d,
0xd6bd, 0xdefe, 0xbdd9, 0x6b4e, 0x2966, 0x39c6, 0x83ef, 0xcdf8, 0xde5a, 0xd639,
0xc5f8, 0xcdf8, 0xce19, 0xce19, 0xce18, 0xce18, 0xcdf8, 0xcdf8, 0xc5f7, 0xbdb7,
0xbd97, 0xbd96, 0xbd56, 0xb536, 0xacf5, 0x9cb3, 0x9451, 0x83cf, 0x6b2d, 0x5a8b,
0x4208, 0x3186, 0x2103, 0x18a3, 0x1864, 0x2805, 0x3006, 0x3827, 0x4029, 0x502a,
0x584b, 0x608c, 0x60ad, 0x60ad, 0x60ac, 0x60ac, 0x608c, 0x60ac, 0x60cc, 0x60ac,
0x588b, 0x508a, 0x5108, 0x59ea, 0x728d, 0x7a8f, 0x6a0d, 0x61cc, 0x69cc, 0x69cc,
0x71ed, 0x722d, 0x724d, 0x7a6e, 0x7a8e, 0x6a6d, 0x59ea, 0x4947, 0x5946, 0x79c7,

0x2884, 0x2885, 0x3085, 0x3885, 0x3885, 0x3885, 0x3885, 0x3085, 0x2084, 0x1883,
0x18a3, 0x18c4, 0x2105, 0x2966, 0x39c8, 0x4a29, 0x526a, 0x5aaa, 0x62cb, 0x6b0d,
0x732e, 0x736f, 0x7b6f, 0x7b8f, 0x7baf, 0x7bcf, 0x83f0, 0x83f0, 0x83f0, 0x83f0,
0x83d0, 0x83d1, 0x83d1, 0x83d0, 0x83f0, 0x83cf, 0x83d0, 0x83f0, 0x9452, 0x7b8f,
0x39a7, 0x2105, 0x31a8, 0x3a09, 0x422a, 0x39e9, 0x3188, 0x39ca, 0x52ef, 0x5b11,
0x4250, 0x3a31, 0x3a10, 0x31ae, 0x39ae, 0x39b0, 0x316d, 0x2908, 0x28c3, 0x3102,
0x4963, 0x61e3, 0x7224, 0x8265, 0x8a85, 0x8a85, 0x8a65, 0x8244, 0x8245, 0x7a66,
0x6a04, 0x5962, 0xb5bb, 0xb5bb, 0xb5bb, 0xb5bb, 0xb5bb, 0xb5bb, 0xb5bb, 0xb5bb,
0xb5bb, 0xb5bb, 0xb5bb, 0xb5bb, 0xb5bb, 0xb5bb, 0xb5bb, 0xb5bb, 0xb5bb, 0xb5bb,
0xb5bb, 0xb5bb, 0xb5bb, 0xb5bb, 0xb5bb, 0xb5bb, 0xb5bb, 0xb5bb, 0xb5bb, 0xb5bb,
0xb5bb, 0xb5bb, 0xb5bb, 0xb5bb, 0xb5bb, 0xb5bb, 0xb5bb, 0xb5bb, 0xb5bb, 0xb5bb,
0xb5bb, 0xb5bb, 0xb5bb, 0xb5bb, 0xb5bb, 0xb5bb, 0xb5bb, 0xb5bb, 0xb5bb, 0xb5bb,
0xb5bb, 0xb5bb, 0xb5bb, 0xb5bb, 0xb5bb, 0xb5bb, 0xb5bb, 0xb5bb, 0xb5bb, 0xb5bb,
0xb5bb, 0xb5bb, 0xb5bb, 0xb5bb, 0xb5bb, 0xb5bb, 0xb5bb, 0xb5bb, 0xb5bb, 0xb5bb,
0xb5bb, 0xb5bb, 0xb5bb, 0xb5bb, 0xb5bb, 0xb5bb, 0xb5bb, 0xb5bb, 0xb5bb, 0xb5bb,
0xb5bb, 0xb5bb, 0xb5bb, 0xb5bb, 0xb5bb, 0xb5bb, 0xb5bb, 0xb5bb, 0xb5bb, 0xb5bb,
0xb5bb, 0xb5bb, 0xb5bb, 0xb5bb, 0xb5bb, 0xb5bb, 0xb5bb, 0xb5bb, 0xb5bb, 0xb5bb,
0xb5bb, 0xb5bb, 0xb5bb, 0xb5bb, 0xb5bb, 0xb5bb, 0xb5bb, 0xb5bb, 0xb5bb, 0xb5bb,
0xb5bb, 0xb5bb, 0xb5bb, 0xb5bb, 0xb5bb, 0xb5bb, 0xb5bb, 0xb5bb, 0xb5bb, 0xb5bb,
0xb5bb, 0xb5bb, 0xb5bb, 0xb5bb, 0xb5bb, 0xb5bb, 0xb5bb, 0xb5bb, 0xb5bb, 0xb5bb,
0xb5bb, 0xb5bb, 0xb5bb, 0xb5bb, 0xb5bb, 0xb5bb, 0xb5bb, 0xb5bb, 0xb5bb, 0xb5bb,
0xb5bb, 0xb5bb, 0xb5bb, 0xb5bb, 0xb5bb, 0xb5bb, 0xb5bb, 0xb5bb, 0xb5bb, 0xb5bb,
0xb5bb, 0xb5bb, 0xb5bb, 0xb5bb, 0xb5bb, 0xb5bb, 0xb5bb, 0xb5bb, 0xb5bb, 0xb5bb,
0xb5bb, 0xb5bb, 0xb5bb, 0xb5bb, 0xb5bb, 0xb5bb, 0xb5bb, 0xb5bb, 0xb5bb, 0xb5bb,
0xb5bb, 0xb5bb, 0xb5bb, 0xb5bb, 0xb5bb, 0xb5bb, 0xb5bb, 0xad9a, 0xa518, 0xad39,
0xc61c, 0xc61b, 0x8c73, 0x420a, 0x3187, 0x630c, 0x9c92, 0xad14, 0x9c93, 0x9473,
0x9494, 0x9493, 0x9493, 0x9c93, 0x9493, 0x9493, 0x9c93, 0x9c93, 0x9c92, 0x9473,
0x9452, 0x9432, 0x8c32, 0x8c32, 0x8411, 0x83d0, 0x7b8f, 0x6b2e, 0x5acc, 0x526b,
0x4a09, 0x41c8, 0x3987, 0x2945, 0x2104, 0x18c4, 0x18a4, 0x20a4, 0x28a6, 0x3087,
0x3888, 0x40a9, 0x48ca, 0x48ca, 0x50ca, 0x50ca, 0x50aa, 0x50cb, 0x50eb, 0x48ea,
0x40c9, 0x38e8, 0x4169, 0x620b, 0x624d, 0x620d, 0x59ec, 0x59cb, 0x59ec, 0x61cb,
0x61ec, 0x620c, 0x622c, 0x622c, 0x622c, 0x6a4c, 0x624c, 0x49eb, 0x4189, 0x4167,

0x3189, 0x2988, 0x2988, 0x3188, 0x3188, 0x3188, 0x2988, 0x2188, 0x2988, 0x2968,
0x3189, 0x31c9, 0x31a9, 0x3189, 0x31a9, 0x39c9, 0x39c9, 0x39c9, 0x39c9, 0x39ca,
0x39ca, 0x39ca, 0x39ca, 0x39ca, 0x39ca, 0x39ca, 0x41ca, 0x420a, 0x3a0a, 0x39ca,
0x39ca, 0x39ca, 0x39ca, 0x39ca, 0x39ca, 0x39ca, 0x39ca, 0x39ca, 0x39ea, 0x420a,
0x39ca, 0x39ca, 0x420b, 0x4a4c, 0x4a4c, 0x420b, 0x39ea, 0x422b, 0x4a6d, 0x528f,
0x4a4f, 0x424f, 0x424e, 0x420d, 0x420d, 0x420e, 0x41ed, 0x41cb, 0x41c9, 0x41e9,
0x4a09, 0x5249, 0x6269, 0x6a8a, 0x6a8a, 0x6a8a, 0x6a8a, 0x626a, 0x624a, 0x626a,
0x5a09, 0x4987, 0xb5bb, 0xb5bb, 0xb5bb, 0xb5bb, 0xb5bb, 0xb5bb, 0xb5bb, 0xb5bb,
0xb5bb, 0xb5bb, 0xb5bb, 0xb5bb, 0xb5bb, 0xb5bb, 0xb5bb, 0xb5bb, 0xb5bb, 0xb5bb,
0xb5bb, 0xb5bb, 0xb5bb, 0xb5bb, 0xb5bb, 0xb5bb, 0xb5bb, 0xb5bb, 0xb5bb, 0xb5bb,
0xb5bb, 0xb5bb, 0xb5bb, 0xb5bb, 0xb5bb, 0xb5bb, 0xb5bb, 0xb5bb, 0xb5bb, 0xb5bb,
0xb5bb, 0xb5bb, 0xb5bb, 0xb5bb, 0xb5bb, 0xb5bb, 0xb5bb, 0xb5bb, 0xb5bb, 0xb5bb,
0xb5bb, 0xb5bb, 0xb5bb, 0xb5bb, 0xb5bb, 0xb5bb, 0xb5bb, 0xb5bb, 0xb5bb, 0xb5bb,
0xb5bb, 0xb5bb, 0xb5bb, 0xb5bb, 0xb5bb, 0xb5bb, 0xb5bb, 0xb5bb, 0xb5bb, 0xb5bb,
0xb5bb, 0xb5bb, 0xb5bb, 0xb5bb, 0xb5bb, 0xb5bb, 0xb5bb, 0xb5bb, 0xb5bb, 0xb5bb,
0xb5bb, 0xb5bb, 0xb5bb, 0xb5bb, 0xb5bb, 0xb5bb, 0xb5bb, 0xb5bb, 0xb5bb, 0xb5bb,
0xb5bb, 0xb5bb, 0xb5bb, 0xb5bb, 0xb5bb, 0xb5bb, 0xb5bb, 0xb5bb, 0xb5bb, 0xb5bb,
0xb5bb, 0xb5bb, 0xb5bb, 0xb5bb, 0xb5bb, 0xb5bb, 0xb5bb, 0xb5bb, 0xb5bb, 0xb5bb,
0xb5bb, 0xb5bb, 0xb5bb, 0xb5bb, 0xb5bb, 0xb5bb, 0xb5bb, 0xb5bb, 0xb5bb, 0xb5bb,
0xb5bb, 0xb5bb, 0xb5bb, 0xb5bb, 0xb5bb, 0xb5bb, 0xb5bb, 0xb5bb, 0xb5bb, 0xb5bb,
0xb5bb, 0xb5bb, 0xb5bb, 0xb5bb, 0xb5bb, 0xb5bb, 0xb5bb, 0xb5bb, 0xb5bb, 0xb5bb,
0xb5bb, 0xb5bb, 0xb5bb, 0xb5bb, 0xb5bb, 0xb5bb, 0xb5bb, 0xb5bb, 0xb5bb, 0xb5bb,
0xb5bb, 0xb5bb, 0xb5bb, 0xb5bb, 0xb5bb, 0xb5bb, 0xb5bb, 0xb5bb, 0xb5bb, 0xb5bb,
0xb5bb, 0xb5bb, 0xb5bb, 0xb5bb, 0xb5bb, 0xb5bb, 0xb5bb, 0xb5bb, 0xb5bb, 0xb5bb,
0xb5bb, 0xb5bb, 0xb5bb, 0xb5bb, 0xb5bb, 0xb5bb, 0xb5bb, 0x9d36, 0x8433, 0x7392,
0x8414, 0x7bf3, 0x632f, 0x4a6c, 0x4a4c, 0x528d, 0x5ace, 0x62ce, 0x5acd, 0x5acd,
0x5ace, 0x5ace, 0x5ace, 0x5ace, 0x5ace, 0x5ace, 0x5acd, 0x5acd, 0x5acd, 0x5acd,
0x5acd, 0x5acd, 0x5aad, 0x5a8d, 0x528d, 0x528d, 0x528d, 0x4a6c, 0x4a2b, 0x4a0b,
0x420a, 0x3a0a, 0x39ca, 0x39ca, 0x39ca, 0x39c9, 0x31c9, 0x31c9, 0x31a9, 0x3189,
0x3189, 0x3189, 0x398a, 0x418b, 0x418b, 0x418b, 0x418b, 0x418b, 0x418b, 0x398a,
0x3989, 0x31a9, 0x41eb, 0x520c, 0x4a0b, 0x4a0b, 0x4a0b, 0x4a0b, 0x4a0b, 0x4a0b,
0x4a0b, 0x4a0b, 0x4a0b, 0x4a0c, 0x4a0c, 0x4a0c, 0x4a0c, 0x4a0c, 0x420c, 0x420b,


};

const struct bitmap bm_bubbles_background = { 
    .width = BMPWIDTH_bubbles_background, 
    .height = BMPHEIGHT_bubbles_background, 
    .format = FORMAT_NATIVE, 
    .data = (unsigned char*)bubbles_background,
};
