#include "lcd.h"
#include "pluginbitmaps/jewels.h"
const unsigned short jewels[] = {
0xf81f, 0xf81f, 0xf81f, 0xf81f, 0xf81f, 0xf81f, 0xf81f, 0xf81f, 0xf81f, 0xf81f,
0xf81f, 0xf81f, 0xf81f, 0xf81f, 0xf81f, 0xf81f, 0xf81f, 0xf81f, 0xf81f, 0xf81f,
0xf81f, 0xf81f, 0xf81f, 0xf81f, 0xf81f, 0xf81f, 0xf81f, 0xf81f, 0xf81f, 0xf81f,

0xf81f, 0xf81f, 0xf81f, 0xf81f, 0xf81f, 0xf81f, 0xf81f, 0xf81f, 0xf81f, 0xf81f,
0xf81f, 0xf81f, 0xf81f, 0xf81f, 0xf81f, 0xf81f, 0xf81f, 0xf81f, 0xf81f, 0xf81f,
0xf81f, 0xf81f, 0xf81f, 0xf81f, 0xf81f, 0xf81f, 0xf81f, 0xf81f, 0xf81f, 0xf81f,

0xf81f, 0xf81f, 0xf81f, 0xf81f, 0xf81f, 0xf81f, 0xf81f, 0xf81f, 0xf81f, 0xf81f,
0xf81f, 0xf81f, 0xf81f, 0xf81f, 0xf81f, 0xf81f, 0xf81f, 0xf81f, 0xf81f, 0xf81f,
0xf81f, 0xf81f, 0xf81f, 0xf81f, 0xf81f, 0xf81f, 0xf81f, 0xf81f, 0xf81f, 0xf81f,

0xf81f, 0xf81f, 0xf81f, 0xf81f, 0xf81f, 0xf81f, 0xf81f, 0xf81f, 0xf81f, 0xf81f,
0xf81f, 0xf81f, 0xf81f, 0xf81f, 0xf81f, 0xf81f, 0xf81f, 0xf81f, 0xf81f, 0xf81f,
0xf81f, 0xf81f, 0xf81f, 0xf81f, 0xf81f, 0xf81f, 0xf81f, 0xf81f, 0xf81f, 0xf81f,

0xf81f, 0xf81f, 0xf81f, 0xf81f, 0xf81f, 0xf81f, 0xf81f, 0xf81f, 0xf81f, 0xf81f,
0xf81f, 0xf81f, 0xf81f, 0xf81f, 0xf81f, 0xf81f, 0xf81f, 0xf81f, 0xf81f, 0xf81f,
0xf81f, 0xf81f, 0xf81f, 0xf81f, 0xf81f, 0xf81f, 0xf81f, 0xf81f, 0xf81f, 0xf81f,

0xf81f, 0xf81f, 0xf81f, 0xf81f, 0xf81f, 0xf81f, 0xf81f, 0xf81f, 0xf81f, 0xf81f,
0xf81f, 0xf81f, 0xf81f, 0xf81f, 0xf81f, 0xf81f, 0xf81f, 0xf81f, 0xf81f, 0xf81f,
0xf81f, 0xf81f, 0xf81f, 0xf81f, 0xf81f, 0xf81f, 0xf81f, 0xf81f, 0xf81f, 0xf81f,

0xf81f, 0xf81f, 0xf81f, 0xf81f, 0xf81f, 0xf81f, 0xf81f, 0xf81f, 0xf81f, 0xf81f,
0xf81f, 0xf81f, 0xf81f, 0xf81f, 0xf81f, 0xf81f, 0xf81f, 0xf81f, 0xf81f, 0xf81f,
0xf81f, 0xf81f, 0xf81f, 0xf81f, 0xf81f, 0xf81f, 0xf81f, 0xf81f, 0xf81f, 0xf81f,

0xf81f, 0xf81f, 0xf81f, 0xf81f, 0xf81f, 0xf81f, 0xf81f, 0xf81f, 0xf81f, 0xf81f,
0xf81f, 0xf81f, 0xf81f, 0xf81f, 0xf81f, 0xf81f, 0xf81f, 0xf81f, 0xf81f, 0xf81f,
0xf81f, 0xf81f, 0xf81f, 0xf81f, 0xf81f, 0xf81f, 0xf81f, 0xf81f, 0xf81f, 0xf81f,

0xf81f, 0xf81f, 0xf81f, 0xf81f, 0xf81f, 0xf81f, 0xf81f, 0xf81f, 0xf81f, 0xf81f,
0xf81f, 0xf81f, 0xf81f, 0xf81f, 0xf81f, 0xf81f, 0xf81f, 0xf81f, 0xf81f, 0xf81f,
0xf81f, 0xf81f, 0xf81f, 0xf81f, 0xf81f, 0xf81f, 0xf81f, 0xf81f, 0xf81f, 0xf81f,

0xf81f, 0xf81f, 0xf81f, 0xf81f, 0xf81f, 0xf81f, 0xf81f, 0xf81f, 0xf81f, 0xf81f,
0xf81f, 0xf81f, 0xf81f, 0xf81f, 0xf81f, 0xf81f, 0xf81f, 0xf81f, 0xf81f, 0xf81f,
0xf81f, 0xf81f, 0xf81f, 0xf81f, 0xf81f, 0xf81f, 0xf81f, 0xf81f, 0xf81f, 0xf81f,

0xf81f, 0xf81f, 0xf81f, 0xf81f, 0xf81f, 0xf81f, 0xf81f, 0xf81f, 0xf81f, 0xf81f,
0xf81f, 0xf81f, 0xf81f, 0xf81f, 0xf81f, 0xf81f, 0xf81f, 0xf81f, 0xf81f, 0xf81f,
0xf81f, 0xf81f, 0xf81f, 0xf81f, 0xf81f, 0xf81f, 0xf81f, 0xf81f, 0xf81f, 0xf81f,

0xf81f, 0xf81f, 0xf81f, 0xf81f, 0xf81f, 0xf81f, 0xf81f, 0xf81f, 0xf81f, 0xf81f,
0xf81f, 0xf81f, 0xf81f, 0xf81f, 0xf81f, 0xf81f, 0xf81f, 0xf81f, 0xf81f, 0xf81f,
0xf81f, 0xf81f, 0xf81f, 0xf81f, 0xf81f, 0xf81f, 0xf81f, 0xf81f, 0xf81f, 0xf81f,

0xf81f, 0xf81f, 0xf81f, 0xf81f, 0xf81f, 0xf81f, 0xf81f, 0xf81f, 0xf81f, 0xf81f,
0xf81f, 0xf81f, 0xf81f, 0xf81f, 0xf81f, 0xf81f, 0xf81f, 0xf81f, 0xf81f, 0xf81f,
0xf81f, 0xf81f, 0xf81f, 0xf81f, 0xf81f, 0xf81f, 0xf81f, 0xf81f, 0xf81f, 0xf81f,

0xf81f, 0xf81f, 0xf81f, 0xf81f, 0xf81f, 0xf81f, 0xf81f, 0xf81f, 0xf81f, 0xf81f,
0xf81f, 0xf81f, 0xf81f, 0xf81f, 0xf81f, 0xf81f, 0xf81f, 0xf81f, 0xf81f, 0xf81f,
0xf81f, 0xf81f, 0xf81f, 0xf81f, 0xf81f, 0xf81f, 0xf81f, 0xf81f, 0xf81f, 0xf81f,

0xf81f, 0xf81f, 0xf81f, 0xf81f, 0xf81f, 0xf81f, 0xf81f, 0xf81f, 0xf81f, 0xf81f,
0xf81f, 0xf81f, 0xf81f, 0xf81f, 0xf81f, 0xf81f, 0xf81f, 0xf81f, 0xf81f, 0xf81f,
0xf81f, 0xf81f, 0xf81f, 0xf81f, 0xf81f, 0xf81f, 0xf81f, 0xf81f, 0xf81f, 0xf81f,

0xf81f, 0xf81f, 0xf81f, 0xf81f, 0xf81f, 0xf81f, 0xf81f, 0xf81f, 0xf81f, 0xf81f,
0xf81f, 0xf81f, 0xf81f, 0xf81f, 0xf81f, 0xf81f, 0xf81f, 0xf81f, 0xf81f, 0xf81f,
0xf81f, 0xf81f, 0xf81f, 0xf81f, 0xf81f, 0xf81f, 0xf81f, 0xf81f, 0xf81f, 0xf81f,

0xf81f, 0xf81f, 0xf81f, 0xf81f, 0xf81f, 0xf81f, 0xf81f, 0xf81f, 0xf81f, 0xf81f,
0xf81f, 0xf81f, 0xf81f, 0xf81f, 0xf81f, 0xf81f, 0xf81f, 0xf81f, 0xf81f, 0xf81f,
0xf81f, 0xf81f, 0xf81f, 0xf81f, 0xf81f, 0xf81f, 0xf81f, 0xf81f, 0xf81f, 0xf81f,

0xf81f, 0xf81f, 0xf81f, 0xf81f, 0xf81f, 0xf81f, 0xf81f, 0xf81f, 0xf81f, 0xf81f,
0xf81f, 0xf81f, 0xf81f, 0xf81f, 0xf81f, 0xf81f, 0xf81f, 0xf81f, 0xf81f, 0xf81f,
0xf81f, 0xf81f, 0xf81f, 0xf81f, 0xf81f, 0xf81f, 0xf81f, 0xf81f, 0xf81f, 0xf81f,

0xf81f, 0xf81f, 0xf81f, 0xf81f, 0xf81f, 0xf81f, 0xf81f, 0xf81f, 0xf81f, 0xf81f,
0xf81f, 0xf81f, 0xf81f, 0xf81f, 0xf81f, 0xf81f, 0xf81f, 0xf81f, 0xf81f, 0xf81f,
0xf81f, 0xf81f, 0xf81f, 0xf81f, 0xf81f, 0xf81f, 0xf81f, 0xf81f, 0xf81f, 0xf81f,

0xf81f, 0xf81f, 0xf81f, 0xf81f, 0xf81f, 0xf81f, 0xf81f, 0xf81f, 0xf81f, 0xf81f,
0xf81f, 0xf81f, 0xf81f, 0xf81f, 0xf81f, 0xf81f, 0xf81f, 0xf81f, 0xf81f, 0xf81f,
0xf81f, 0xf81f, 0xf81f, 0xf81f, 0xf81f, 0xf81f, 0xf81f, 0xf81f, 0xf81f, 0xf81f,

0xf81f, 0xf81f, 0xf81f, 0xf81f, 0xf81f, 0xf81f, 0xf81f, 0xf81f, 0xf81f, 0xf81f,
0xf81f, 0xf81f, 0xf81f, 0xf81f, 0xf81f, 0xf81f, 0xf81f, 0xf81f, 0xf81f, 0xf81f,
0xf81f, 0xf81f, 0xf81f, 0xf81f, 0xf81f, 0xf81f, 0xf81f, 0xf81f, 0xf81f, 0xf81f,

0xf81f, 0xf81f, 0xf81f, 0xf81f, 0xf81f, 0xf81f, 0xf81f, 0xf81f, 0xf81f, 0xf81f,
0xf81f, 0xf81f, 0xf81f, 0xf81f, 0xf81f, 0xf81f, 0xf81f, 0xf81f, 0xf81f, 0xf81f,
0xf81f, 0xf81f, 0xf81f, 0xf81f, 0xf81f, 0xf81f, 0xf81f, 0xf81f, 0xf81f, 0xf81f,

0xf81f, 0xf81f, 0xf81f, 0xf81f, 0xf81f, 0xf81f, 0xf81f, 0xf81f, 0xf81f, 0xf81f,
0xf81f, 0xf81f, 0xf81f, 0xf81f, 0xf81f, 0xf81f, 0xf81f, 0xf81f, 0xf81f, 0xf81f,
0xf81f, 0xf81f, 0xf81f, 0xf81f, 0xf81f, 0xf81f, 0xf81f, 0xf81f, 0xf81f, 0xf81f,

0xf81f, 0xf81f, 0xf81f, 0xf81f, 0xf81f, 0xf81f, 0xf81f, 0xf81f, 0xf81f, 0xf81f,
0xf81f, 0xf81f, 0xf81f, 0xf81f, 0xf81f, 0xf81f, 0xf81f, 0xf81f, 0xf81f, 0xf81f,
0xf81f, 0xf81f, 0xf81f, 0xf81f, 0xf81f, 0xf81f, 0xf81f, 0xf81f, 0xf81f, 0xf81f,

0xf81f, 0xf81f, 0xf81f, 0xf81f, 0xf81f, 0xf81f, 0xf81f, 0xf81f, 0xf81f, 0xf81f,
0xf81f, 0xf81f, 0xf81f, 0xf81f, 0xf81f, 0xf81f, 0xf81f, 0xf81f, 0xf81f, 0xf81f,
0xf81f, 0xf81f, 0xf81f, 0xf81f, 0xf81f, 0xf81f, 0xf81f, 0xf81f, 0xf81f, 0xf81f,

0xf81f, 0xf81f, 0xf81f, 0xf81f, 0xf81f, 0xf81f, 0xf81f, 0xf81f, 0xf81f, 0xf81f,
0xf81f, 0xf81f, 0xf81f, 0xf81f, 0xf81f, 0xf81f, 0xf81f, 0xf81f, 0xf81f, 0xf81f,
0xf81f, 0xf81f, 0xf81f, 0xf81f, 0xf81f, 0xf81f, 0xf81f, 0xf81f, 0xf81f, 0xf81f,

0xf81f, 0xf81f, 0xf81f, 0xf81f, 0xf81f, 0xf81f, 0xf81f, 0xf81f, 0xf81f, 0xf81f,
0xf81f, 0xf81f, 0xf81f, 0xf81f, 0xf81f, 0xf81f, 0xf81f, 0xf81f, 0xf81f, 0xf81f,
0xf81f, 0xf81f, 0xf81f, 0xf81f, 0xf81f, 0xf81f, 0xf81f, 0xf81f, 0xf81f, 0xf81f,

0xf81f, 0xf81f, 0xf81f, 0xf81f, 0xf81f, 0xf81f, 0xf81f, 0xf81f, 0xf81f, 0xf81f,
0xf81f, 0xf81f, 0xf81f, 0xf81f, 0xf81f, 0xf81f, 0xf81f, 0xf81f, 0xf81f, 0xf81f,
0xf81f, 0xf81f, 0xf81f, 0xf81f, 0xf81f, 0xf81f, 0xf81f, 0xf81f, 0xf81f, 0xf81f,

0xf81f, 0xf81f, 0xf81f, 0xf81f, 0xf81f, 0xf81f, 0xf81f, 0xf81f, 0xf81f, 0xf81f,
0xf81f, 0xf81f, 0xf81f, 0xf81f, 0xf81f, 0xf81f, 0xf81f, 0xf81f, 0xf81f, 0xf81f,
0xf81f, 0xf81f, 0xf81f, 0xf81f, 0xf81f, 0xf81f, 0xf81f, 0xf81f, 0xf81f, 0xf81f,

0xf81f, 0xf81f, 0xf81f, 0xf81f, 0xf81f, 0xf81f, 0xf81f, 0xf81f, 0xf81f, 0xf81f,
0xf81f, 0xf81f, 0xf81f, 0xf81f, 0xf81f, 0xf81f, 0xf81f, 0xf81f, 0xf81f, 0xf81f,
0xf81f, 0xf81f, 0xf81f, 0xf81f, 0xf81f, 0xf81f, 0xf81f, 0xf81f, 0xf81f, 0xf81f,

0xf81f, 0xf81f, 0xf81f, 0xf81f, 0xf81f, 0xf81f, 0xf81f, 0xf81f, 0xf81f, 0xf81f,
0xf81f, 0xf81f, 0x38e3, 0x1041, 0x1041, 0x3904, 0xf81f, 0xf81f, 0xf81f, 0xf81f,
0xf81f, 0xf81f, 0xf81f, 0xf81f, 0xf81f, 0xf81f, 0xf81f, 0xf81f, 0xf81f, 0xf81f,

0xf81f, 0xf81f, 0xf81f, 0xf81f, 0xf81f, 0xf81f, 0xf81f, 0xf81f, 0xf81f, 0xf81f,
0x38e3, 0x1041, 0x0000, 0x0020, 0x0000, 0x0000, 0x1041, 0x38e3, 0xf81f, 0xf81f,
0xf81f, 0xf81f, 0xf81f, 0xf81f, 0xf81f, 0xf81f, 0xf81f, 0xf81f, 0xf81f, 0xf81f,

0xf81f, 0xf81f, 0xf81f, 0xf81f, 0xf81f, 0xf81f, 0xf81f, 0xf81f, 0x30e3, 0x0820,
0x0000, 0x0841, 0x7bef, 0xce59, 0x9492, 0x632c, 0x0020, 0x0000, 0x1041, 0x38e3,
0xf81f, 0xf81f, 0xf81f, 0xf81f, 0xf81f, 0xf81f, 0xf81f, 0xf81f, 0xf81f, 0xf81f,

0xf81f, 0xf81f, 0xf81f, 0xf81f, 0xf81f, 0xf81f, 0x30c3, 0x0820, 0x0000, 0x0861,
0x8410, 0xce59, 0xce79, 0xce79, 0x8c71, 0x8c71, 0x9492, 0x6b4d, 0x0841, 0x0000,
0x0820, 0x30e3, 0xf81f, 0xf81f, 0xf81f, 0xf81f, 0xf81f, 0xf81f, 0xf81f, 0xf81f,

0xf81f, 0xf81f, 0xf81f, 0xf81f, 0x30c3, 0x0820, 0x0000, 0x1082, 0x8c51, 0xce59,
0xce79, 0xce79, 0xce79, 0xce79, 0x8c71, 0x8c71, 0x8c71, 0x8c71, 0x9492, 0x738e,
0x0861, 0x0000, 0x0820, 0x38e3, 0xf81f, 0xf81f, 0xf81f, 0xf81f, 0xf81f, 0xf81f,

0xf81f, 0xf81f, 0xf81f, 0xf81f, 0x0000, 0x18c3, 0x8c71, 0xce59, 0xce79, 0xce79,
0xce79, 0xce59, 0xce59, 0xce59, 0x9492, 0x9492, 0x94b2, 0x94b2, 0x94b2, 0x9cd3,
0x9cd3, 0x6b6d, 0x0841, 0x0820, 0xf81f, 0xf81f, 0xf81f, 0xf81f, 0xf81f, 0xf81f,

0xf81f, 0xf81f, 0xf81f, 0x20a2, 0x0000, 0xb596, 0xdefb, 0xdefb, 0xe71c, 0xe71c,
0xdefb, 0xdefb, 0xdefb, 0xdefb, 0x9cd3, 0x9cd3, 0x9cf3, 0xa534, 0xad55, 0xb596,
0xbdd7, 0xc618, 0x630c, 0x0000, 0x30e3, 0xf81f, 0xf81f, 0xf81f, 0xf81f, 0xf81f,

0xf81f, 0xf81f, 0xf81f, 0x0020, 0x2945, 0xe71c, 0xe71c, 0xe71c, 0xe71c, 0xe71c,
0xe71c, 0xe71c, 0xe71c, 0xe71c, 0xa514, 0x9cf3, 0x9cd3, 0x9cf3, 0xa514, 0xad55,
0xb596, 0xbdd7, 0xb596, 0x0020, 0x1041, 0xf81f, 0xf81f, 0xf81f, 0xf81f, 0xf81f,

0xf81f, 0xf81f, 0x30c3, 0x0000, 0x9cd3, 0xe73c, 0xe73c, 0xe73c, 0xe73c, 0xe73c,
0xe73c, 0xe73c, 0xe73c, 0xe71c, 0xad75, 0xa534, 0xa514, 0x9cd3, 0x9cf3, 0xa534,
0xad75, 0xb5b6, 0xbdf7, 0x4a69, 0x0000, 0x3904, 0xf81f, 0xf81f, 0xf81f, 0xf81f,

0xf81f, 0xf81f, 0x1041, 0x0861, 0xdefb, 0xef5d, 0xef5d, 0xef5d, 0xe73c, 0xe73c,
0xe73c, 0xef5d, 0xef5d, 0xe73c, 0xb5b6, 0xad75, 0xa534, 0xa514, 0x94b2, 0x9cf3,
0xa534, 0xb596, 0xbdd7, 0xa534, 0x0000, 0x1861, 0xf81f, 0xf81f, 0xf81f, 0xf81f,

0xf81f, 0x3904, 0x0000, 0x7bcf, 0xef5d, 0xe73c, 0xe73c, 0xe73c, 0xe71c, 0xe71c,
0xe73c, 0xe73c, 0xe73c, 0xef5d, 0xbdf7, 0xb5b6, 0xad75, 0xa534, 0x9cf3, 0x9cd3,
0xa514, 0xad55, 0xb5b6, 0xbdf7, 0x52aa, 0x0000, 0xf81f, 0xf81f, 0xf81f, 0xf81f,

0xf81f, 0x1861, 0x0000, 0xd69a, 0xe73c, 0xe73c, 0xe71c, 0xe71c, 0xe71c, 0xe71c,
0xe71c, 0xe71c, 0xe71c, 0xe73c, 0xbdf7, 0xbdf7, 0xb5b6, 0xad75, 0xa514, 0x9cd3,
0x9cf3, 0xa534, 0xb596, 0xb5d6, 0xad75, 0x0000, 0x2082, 0xf81f, 0xf81f, 0xf81f,

0xf81f, 0x0000, 0x528a, 0xe73c, 0xe71c, 0xe71c, 0xdefb, 0xdefb, 0xdefb, 0xdefb,
0xdefb, 0xdefb, 0xe71c, 0xe71c, 0xbdd7, 0xbdf7, 0xbdd7, 0xb596, 0xad55, 0x9cf3,
0xb596, 0xa514, 0xad75, 0xb5b6, 0xb5b6, 0x4207, 0x0000, 0xf81f, 0xf81f, 0xf81f,

0x28a2, 0x0000, 0xb5b6, 0xe73c, 0xe71c, 0xdefb, 0xdefb, 0xdedb, 0xdedb, 0xdedb,
0xdedb, 0xdedb, 0xdefb, 0xe71c, 0xb596, 0xbdd7, 0xc618, 0xb5b6, 0xad75, 0xa514,
0xd69a, 0xad75, 0xad75, 0xb5b6, 0xb5b6, 0xa513, 0x0000, 0x28a2, 0xf81f, 0xf81f,

0x0820, 0x0841, 0xd69a, 0xce79, 0xce59, 0xc618, 0xc618, 0xc638, 0xce59, 0xce59,
0xc638, 0xc618, 0xc618, 0xc638, 0xbdf7, 0xc638, 0xce79, 0xce59, 0xc618, 0xc618,
0xdf1b, 0xd6ba, 0xad95, 0xb5b6, 0xb5d6, 0xb5b6, 0x0841, 0x0820, 0xf81f, 0xf81f,

0x2082, 0x0000, 0x8410, 0xad55, 0xa514, 0x94b2, 0x9cf3, 0xad55, 0xad75, 0xad75,
0xad55, 0xa514, 0x9cd3, 0x9cf3, 0xdedb, 0xe71c, 0xe73c, 0xe73c, 0xe71c, 0xe73c,
0xef9d, 0xe73c, 0xbdd7, 0xb596, 0xbdd7, 0x8c71, 0x0000, 0x1882, 0xf81f, 0xf81f,

0xf81f, 0x0000, 0x2965, 0xad55, 0x9cf3, 0x9cd3, 0xa534, 0xad75, 0xb5b6, 0xbdd7,
0xb596, 0xa534, 0x9cf3, 0x9cd3, 0xdedb, 0xe71c, 0xe73c, 0xef5d, 0xe73c, 0xef5d,
0xef9d, 0xd6da, 0xd6ba, 0xb596, 0xbdd7, 0x39e7, 0x0000, 0xf81f, 0xf81f, 0xf81f,

0xf81f, 0x1861, 0x0000, 0x8430, 0x9cf3, 0x9cd3, 0xa534, 0xb596, 0xbdd7, 0xbdf7,
0xb596, 0xad55, 0x9cf3, 0x9cd3, 0xdedb, 0xe71c, 0xe73c, 0xef5d, 0xe73c, 0xef7d,
0xe73c, 0xd6da, 0xd6da, 0xc638, 0xa514, 0x0000, 0x1041, 0xf81f, 0xf81f, 0xf81f,

0xf81f, 0x4104, 0x0000, 0x39c7, 0x9cf3, 0x9cd3, 0xa514, 0xad75, 0xb5b6, 0xb5b6,
0xad75, 0xa534, 0x9cf3, 0x9cd3, 0xdedb, 0xe71c, 0xe73c, 0xef5d, 0xe73c, 0xef9d,
0xd6da, 0xd6da, 0xd6da, 0xd6ba, 0x6b6d, 0x0000, 0x38e3, 0xf81f, 0xf81f, 0xf81f,

0xf81f, 0xf81f, 0x1041, 0x0000, 0x8c71, 0x9cd3, 0x9cf3, 0xa534, 0xad55, 0xad55,
0xa534, 0xa514, 0x94b2, 0x9cf3, 0xdedb, 0xe73c, 0xe73c, 0xe73c, 0xe73c, 0xe75c,
0xd6da, 0xd6da, 0xd6da, 0xd6ba, 0x18e3, 0x0820, 0xf81f, 0xf81f, 0xf81f, 0xf81f,

0xf81f, 0xf81f, 0x3904, 0x0000, 0x4228, 0x9cf3, 0x94b2, 0x9cf3, 0xa514, 0xa514,
0x9cf3, 0x9cd3, 0x9cf3, 0xa534, 0xdedb, 0xe73c, 0xef5d, 0xe73c, 0xef5d, 0xdefb,
0xd6da, 0xd6da, 0xd6da, 0xad75, 0x0000, 0x28c3, 0xf81f, 0xf81f, 0xf81f, 0xf81f,

0xf81f, 0xf81f, 0xf81f, 0x1041, 0x0020, 0x9cd3, 0x9cf3, 0x9cd3, 0x94b2, 0x94b2,
0x9cd3, 0x9cf3, 0xa514, 0xad55, 0xdefb, 0xe73c, 0xef5d, 0xe73c, 0xdf1b, 0xd6da,
0xd6da, 0xd6da, 0xd6da, 0x4208, 0x0000, 0xf81f, 0xf81f, 0xf81f, 0xf81f, 0xf81f,

0xf81f, 0xf81f, 0xf81f, 0x30e3, 0x0000, 0x5acb, 0xad55, 0xa534, 0xa514, 0xa514,
0xa514, 0xa534, 0xad55, 0xb596, 0xdefb, 0xef5d, 0xe73c, 0xe71c, 0xd6da, 0xd6da,
0xd6da, 0xd6da, 0xbe17, 0x0000, 0x20a2, 0xf81f, 0xf81f, 0xf81f, 0xf81f, 0xf81f,

0xf81f, 0xf81f, 0xf81f, 0xf81f, 0x0820, 0x0020, 0x4a49, 0x9cd3, 0xad55, 0xad55,
0xad75, 0xb596, 0xb5b6, 0xbdd7, 0xc618, 0xbdd7, 0xb5b6, 0xc658, 0xd6da, 0xd6da,
0xd6ba, 0x9d13, 0x2104, 0x0000, 0xf81f, 0xf81f, 0xf81f, 0xf81f, 0xf81f, 0xf81f,

0xf81f, 0xf81f, 0xf81f, 0xf81f, 0x3904, 0x1041, 0x0000, 0x0000, 0x4228, 0x9cd3,
0xb5b6, 0xbdd7, 0xbdf7, 0xc618, 0xbdd7, 0xbdd7, 0xce99, 0xd6da, 0xd6ba, 0x94d2,
0x18e3, 0x0000, 0x0820, 0x30c3, 0xf81f, 0xf81f, 0xf81f, 0xf81f, 0xf81f, 0xf81f,

0xf81f, 0xf81f, 0xf81f, 0xf81f, 0xf81f, 0xf81f, 0x38e3, 0x1041, 0x0000, 0x0000,
0x4208, 0x9cf3, 0xbdf7, 0xbdd7, 0xb596, 0xc658, 0xd6ba, 0x94b2, 0x18c3, 0x0000,
0x0820, 0x30c3, 0xf81f, 0xf81f, 0xf81f, 0xf81f, 0xf81f, 0xf81f, 0xf81f, 0xf81f,

0xf81f, 0xf81f, 0xf81f, 0xf81f, 0xf81f, 0xf81f, 0xf81f, 0xf81f, 0x3904, 0x1041,
0x0000, 0x0000, 0x39c7, 0x8c51, 0x9cf3, 0x7c0f, 0x10a2, 0x0000, 0x0820, 0x30c3,
0xf81f, 0xf81f, 0xf81f, 0xf81f, 0xf81f, 0xf81f, 0xf81f, 0xf81f, 0xf81f, 0xf81f,

0xf81f, 0xf81f, 0xf81f, 0xf81f, 0xf81f, 0xf81f, 0xf81f, 0xf81f, 0xf81f, 0xf81f,
0x4104, 0x1861, 0x0000, 0x0000, 0x0020, 0x0000, 0x0820, 0x30c3, 0xf81f, 0xf81f,
0xf81f, 0xf81f, 0xf81f, 0xf81f, 0xf81f, 0xf81f, 0xf81f, 0xf81f, 0xf81f, 0xf81f,

0xf81f, 0xf81f, 0xf81f, 0xf81f, 0xf81f, 0xf81f, 0xf81f, 0xf81f, 0xf81f, 0xf81f,
0xf81f, 0xf81f, 0x4104, 0x1861, 0x0820, 0x30e3, 0xf81f, 0xf81f, 0xf81f, 0xf81f,
0xf81f, 0xf81f, 0xf81f, 0xf81f, 0xf81f, 0xf81f, 0xf81f, 0xf81f, 0xf81f, 0xf81f,

0xf81f, 0xf81f, 0xf81f, 0xf81f, 0xf81f, 0xf81f, 0xf81f, 0xf81f, 0xf81f, 0xf81f,
0xf81f, 0xf81f, 0xf81f, 0xf81f, 0xf81f, 0xf81f, 0xf81f, 0xf81f, 0xf81f, 0xf81f,
0xf81f, 0xf81f, 0xf81f, 0xf81f, 0xf81f, 0xf81f, 0xf81f, 0xf81f, 0xf81f, 0xf81f,

0xf81f, 0xf81f, 0xf81f, 0xf81f, 0xf81f, 0xf81f, 0x1041, 0x0000, 0x0000, 0x0000,
0x0000, 0x0000, 0x0000, 0x0000, 0x0000, 0x0000, 0x0000, 0x0000, 0x0000, 0x0000,
0x0000, 0x0000, 0x0020, 0xf81f, 0xf81f, 0xf81f, 0xf81f, 0xf81f, 0xf81f, 0xf81f,

0xf81f, 0xf81f, 0xf81f, 0xf81f, 0xf81f, 0x1041, 0x0000, 0x0310, 0x0372, 0x0372,
0x0372, 0x0372, 0x0392, 0x0392, 0x0392, 0x0392, 0x03b3, 0x0bd3, 0x13f4, 0x1c14,
0x2455, 0x2c55, 0x0041, 0x0820, 0xf81f, 0xf81f, 0xf81f, 0xf81f, 0xf81f, 0xf81f,

0xf81f, 0xf81f, 0xf81f, 0xf81f, 0x1041, 0x0000, 0x04b8, 0x871f, 0xc79f, 0xcf9f,
0xd7bf, 0xdfbf, 0xe7df, 0xefdf, 0xf7ff, 0xffff, 0xffff, 0xffff, 0xffff, 0xffff,
0xefdf, 0xe7df, 0x5e7e, 0x0020, 0x0820, 0xf81f, 0xf81f, 0xf81f, 0xf81f, 0xf81f,

0xf81f, 0xf81f, 0xf81f, 0x1041, 0x0000, 0x04b8, 0xa73f, 0xffff, 0xffff, 0xffff,
0xffff, 0xffff, 0xffff, 0xffff, 0xffff, 0xffff, 0xffff, 0xffff, 0xf7ff, 0xe7df,
0xdfbf, 0xcf9f, 0xc77f, 0x2ddc, 0x0000, 0x0821, 0xf81f, 0xf81f, 0xf81f, 0xf81f,

0xf81f, 0xf81f, 0x1041, 0x0000, 0x04b8, 0xaf5f, 0xffff, 0xffff, 0xffff, 0xffff,
0xffff, 0xffff, 0xffff, 0xffff, 0xffff, 0xffff, 0xffff, 0xefdf, 0xe7df, 0xd7bf,
0xcf9f, 0xbf7f, 0xb77f, 0x9f3f, 0x155b, 0x0000, 0x0841, 0xf81f, 0xf81f, 0xf81f,

0xf81f, 0x1041, 0x0000, 0x0cd9, 0xbf7f, 0xffff, 0xffff, 0xffff, 0xffff, 0xffff,
0xffff, 0xffff, 0xffff, 0xffff, 0xffff, 0xf7ff, 0xe7df, 0xdfbf, 0xd79f, 0xc79f,
0xbf7f, 0xaf5f, 0xa75f, 0x973f, 0x6edf, 0x04f9, 0x0000, 0x1041, 0xf81f, 0xf81f,

0x1041, 0x0000, 0x0456, 0x265f, 0x56bf, 0x5ebf, 0x5ebf, 0x66df, 0x6edf, 0x6edf,
0x76df, 0x7eff, 0x7eff, 0x7eff, 0x7eff, 0x7eff, 0x7eff, 0x76ff, 0x76df, 0x76ff,
0x6edf, 0x66df, 0x66bf, 0x5ebf, 0x56bf, 0x2e5f, 0x0c77, 0x0000, 0x1861, 0xf81f,

0x30c3, 0x0000, 0x03f4, 0x059d, 0x05be, 0x05de, 0x05ff, 0x061f, 0x061f, 0x061f,
0x061f, 0x061f, 0x061f, 0x061f, 0x05de, 0x0376, 0x0376, 0x0376, 0x0376, 0x0376,
0x34fa, 0x661d, 0x7e7d, 0x96de, 0xb73f, 0xd79f, 0x7599, 0x0000, 0x28a2, 0xf81f,

0xf81f, 0x1861, 0x0000, 0x053b, 0x059d, 0x05be, 0x05de, 0x05de, 0x1e3f, 0x2e7f,
0x061f, 0x061f, 0x061f, 0x061f, 0x05de, 0x0376, 0x0376, 0x0376, 0x0376, 0x0376,
0x669f, 0x7f1f, 0x8f3f, 0x9f5f, 0xaf7f, 0x9ede, 0x0041, 0x1041, 0xf81f, 0xf81f,

0xf81f, 0xf81f, 0x0020, 0x0126, 0x055c, 0x057d, 0x059d, 0x05be, 0xa73f, 0x76ff,
0x061f, 0x061f, 0x061f, 0x061f, 0x05de, 0x0376, 0x0376, 0x0376, 0x0376, 0x1439,
0x5edf, 0x6eff, 0x7f1f, 0x8f3f, 0x9f3f, 0x22ad, 0x0000, 0xf81f, 0xf81f, 0xf81f,

0xf81f, 0xf81f, 0x38e3, 0x0000, 0x0331, 0x053c, 0x055c, 0x7ebe, 0xcf9f, 0xb75f,
0x05de, 0x05ff, 0x061f, 0x061f, 0x05de, 0x0376, 0x0376, 0x0376, 0x0376, 0x253b,
0x4ebf, 0x5edf, 0x6eff, 0x7f1f, 0x4d39, 0x0000, 0x28a2, 0xf81f, 0xf81f, 0xf81f,

0xf81f, 0xf81f, 0xf81f, 0x1882, 0x0000, 0x04b9, 0x4dfd, 0xd7bf, 0xc79f, 0xbf7f,
0x361e, 0x05be, 0x05de, 0x05ff, 0x05de, 0x0376, 0x0376, 0x0376, 0x0376, 0x261e,
0x3e9f, 0x4ebf, 0x5edf, 0x565e, 0x0041, 0x1041, 0xf81f, 0xf81f, 0xf81f, 0xf81f,

0xf81f, 0xf81f, 0xf81f, 0xf81f, 0x0820, 0x00c4, 0xb73f, 0xcf9f, 0xc79f, 0xb77f,
0x6e9e, 0x059d, 0x05be, 0x05de, 0x05be, 0x0376, 0x0376, 0x0376, 0x0418, 0x1e5f,
0x2e7f, 0x3e9f, 0x4e9f, 0x126d, 0x0000, 0xf81f, 0xf81f, 0xf81f, 0xf81f, 0xf81f,

0xf81f, 0xf81f, 0xf81f, 0xf81f, 0x3904, 0x0000, 0x33d2, 0xcf9f, 0xbf9f, 0xb77f,
0x9f3f, 0x055c, 0x057d, 0x059d, 0x059d, 0x0376, 0x0376, 0x0376, 0x04db, 0x0e3f,
0x1e5f, 0x2e7f, 0x1cd9, 0x0000, 0x28a2, 0xf81f, 0xf81f, 0xf81f, 0xf81f, 0xf81f,

0xf81f, 0xf81f, 0xf81f, 0xf81f, 0xf81f, 0x2082, 0x0000, 0x6e1b, 0xbf7f, 0xb77f,
0xa75f, 0x2dbd, 0x055c, 0x055d, 0x057d, 0x0376, 0x0376, 0x0376, 0x05be, 0x061f,
0x0e3f, 0x15de, 0x0041, 0x1041, 0xf81f, 0xf81f, 0xf81f, 0xf81f, 0xf81f, 0xf81f,

0xf81f, 0xf81f, 0xf81f, 0xf81f, 0xf81f, 0xf81f, 0x0841, 0x0082, 0x9efe, 0xaf5f,
0xa75f, 0x5e5e, 0x051b, 0x053c, 0x055c, 0x0376, 0x0376, 0x03f8, 0x061f, 0x061f,
0x061f, 0x024c, 0x0000, 0xf81f, 0xf81f, 0xf81f, 0xf81f, 0xf81f, 0xf81f, 0xf81f,

0xf81f, 0xf81f, 0xf81f, 0xf81f, 0xf81f, 0xf81f, 0x4104, 0x0000, 0x22ee, 0xa75f,
0x9f5f, 0x86ff, 0x04fb, 0x04fb, 0x053c, 0x0376, 0x0376, 0x04db, 0x061f, 0x061f,
0x0499, 0x0000, 0x28a2, 0xf81f, 0xf81f, 0xf81f, 0xf81f, 0xf81f, 0xf81f, 0xf81f,

0xf81f, 0xf81f, 0xf81f, 0xf81f, 0xf81f, 0xf81f, 0xf81f, 0x28a2, 0x0000, 0x4d79,
0x9f3f, 0x973f, 0x255b, 0x04da, 0x04fb, 0x0376, 0x0376, 0x059e, 0x061f, 0x059e,
0x0021, 0x1041, 0xf81f, 0xf81f, 0xf81f, 0xf81f, 0xf81f, 0xf81f, 0xf81f, 0xf81f,

0xf81f, 0xf81f, 0xf81f, 0xf81f, 0xf81f, 0xf81f, 0xf81f, 0xf81f, 0x1041, 0x0021,
0x769e, 0x8f3f, 0x4dfd, 0x0499, 0x04db, 0x0376, 0x03d8, 0x061f, 0x061f, 0x024c,
0x0000, 0xf81f, 0xf81f, 0xf81f, 0xf81f, 0xf81f, 0xf81f, 0xf81f, 0xf81f, 0xf81f,

0xf81f, 0xf81f, 0xf81f, 0xf81f, 0xf81f, 0xf81f, 0xf81f, 0xf81f, 0xf81f, 0x0000,
0x122b, 0x86ff, 0x76df, 0x0459, 0x04ba, 0x0376, 0x04bb, 0x061f, 0x0499, 0x0000,
0x28c3, 0xf81f, 0xf81f, 0xf81f, 0xf81f, 0xf81f, 0xf81f, 0xf81f, 0xf81f, 0xf81f,

0xf81f, 0xf81f, 0xf81f, 0xf81f, 0xf81f, 0xf81f, 0xf81f, 0xf81f, 0xf81f, 0x30c3,
0x0000, 0x34b7, 0x7f1f, 0x1cda, 0x0499, 0x0376, 0x059d, 0x059e, 0x0021, 0x1041,
0xf81f, 0xf81f, 0xf81f, 0xf81f, 0xf81f, 0xf81f, 0xf81f, 0xf81f, 0xf81f, 0xf81f,

0xf81f, 0xf81f, 0xf81f, 0xf81f, 0xf81f, 0xf81f, 0xf81f, 0xf81f, 0xf81f, 0xf81f,
0x1041, 0x0000, 0x561d, 0x3dbc, 0x0479, 0x03b7, 0x061f, 0x022c, 0x0000, 0xf81f,
0xf81f, 0xf81f, 0xf81f, 0xf81f, 0xf81f, 0xf81f, 0xf81f, 0xf81f, 0xf81f, 0xf81f,

0xf81f, 0xf81f, 0xf81f, 0xf81f, 0xf81f, 0xf81f, 0xf81f, 0xf81f, 0xf81f, 0xf81f,
0xf81f, 0x0020, 0x0988, 0x565e, 0x0458, 0x049a, 0x0499, 0x0000, 0x28c3, 0xf81f,
0xf81f, 0xf81f, 0xf81f, 0xf81f, 0xf81f, 0xf81f, 0xf81f, 0xf81f, 0xf81f, 0xf81f,

0xf81f, 0xf81f, 0xf81f, 0xf81f, 0xf81f, 0xf81f, 0xf81f, 0xf81f, 0xf81f, 0xf81f,
0xf81f, 0x30e3, 0x0000, 0x2414, 0x14b9, 0x051b, 0x0021, 0x1041, 0xf81f, 0xf81f,
0xf81f, 0xf81f, 0xf81f, 0xf81f, 0xf81f, 0xf81f, 0xf81f, 0xf81f, 0xf81f, 0xf81f,

0xf81f, 0xf81f, 0xf81f, 0xf81f, 0xf81f, 0xf81f, 0xf81f, 0xf81f, 0xf81f, 0xf81f,
0xf81f, 0xf81f, 0x1861, 0x0000, 0x1457, 0x022b, 0x0000, 0xf81f, 0xf81f, 0xf81f,
0xf81f, 0xf81f, 0xf81f, 0xf81f, 0xf81f, 0xf81f, 0xf81f, 0xf81f, 0xf81f, 0xf81f,

0xf81f, 0xf81f, 0xf81f, 0xf81f, 0xf81f, 0xf81f, 0xf81f, 0xf81f, 0xf81f, 0xf81f,
0xf81f, 0xf81f, 0xf81f, 0x0820, 0x0000, 0x0000, 0x28c3, 0xf81f, 0xf81f, 0xf81f,
0xf81f, 0xf81f, 0xf81f, 0xf81f, 0xf81f, 0xf81f, 0xf81f, 0xf81f, 0xf81f, 0xf81f,

0xf81f, 0xf81f, 0xf81f, 0xf81f, 0xf81f, 0xf81f, 0xf81f, 0xf81f, 0xf81f, 0xf81f,
0xf81f, 0xf81f, 0xf81f, 0x38e3, 0x0000, 0x1041, 0xf81f, 0xf81f, 0xf81f, 0xf81f,
0xf81f, 0xf81f, 0xf81f, 0xf81f, 0xf81f, 0xf81f, 0xf81f, 0xf81f, 0xf81f, 0xf81f,

0xf81f, 0xf81f, 0xf81f, 0xf81f, 0xf81f, 0xf81f, 0xf81f, 0xf81f, 0xf81f, 0xf81f,
0xf81f, 0xf81f, 0xf81f, 0xf81f, 0x20a2, 0xf81f, 0xf81f, 0xf81f, 0xf81f, 0xf81f,
0xf81f, 0xf81f, 0xf81f, 0xf81f, 0xf81f, 0xf81f, 0xf81f, 0xf81f, 0xf81f, 0xf81f,

0xf81f, 0xf81f, 0xf81f, 0xf81f, 0xf81f, 0xf81f, 0xf81f, 0xf81f, 0xf81f, 0xf81f,
0xf81f, 0xf81f, 0xf81f, 0xf81f, 0xf81f, 0xf81f, 0xf81f, 0xf81f, 0xf81f, 0xf81f,
0xf81f, 0xf81f, 0xf81f, 0xf81f, 0xf81f, 0xf81f, 0xf81f, 0xf81f, 0xf81f, 0xf81f,

0xf81f, 0xf81f, 0xf81f, 0xf81f, 0xf81f, 0xf81f, 0xf81f, 0xf81f, 0xf81f, 0xf81f,
0xf81f, 0xf81f, 0xf81f, 0xf81f, 0xf81f, 0xf81f, 0xf81f, 0xf81f, 0xf81f, 0xf81f,
0xf81f, 0xf81f, 0xf81f, 0xf81f, 0xf81f, 0xf81f, 0xf81f, 0xf81f, 0xf81f, 0xf81f,

0xf81f, 0xf81f, 0xf81f, 0xf81f, 0xf81f, 0xf81f, 0xf81f, 0xf81f, 0xf81f, 0xf81f,
0xf81f, 0xf81f, 0xf81f, 0x30c3, 0x0820, 0x2082, 0xf81f, 0xf81f, 0xf81f, 0xf81f,
0xf81f, 0xf81f, 0xf81f, 0xf81f, 0xf81f, 0xf81f, 0xf81f, 0xf81f, 0xf81f, 0xf81f,

0xf81f, 0xf81f, 0xf81f, 0xf81f, 0xf81f, 0xf81f, 0xf81f, 0xf81f, 0xf81f, 0xf81f,
0xf81f, 0x28c3, 0x0820, 0x0000, 0x0000, 0x0000, 0x0000, 0x1882, 0xf81f, 0xf81f,
0xf81f, 0xf81f, 0xf81f, 0xf81f, 0xf81f, 0xf81f, 0xf81f, 0xf81f, 0xf81f, 0xf81f,

0xf81f, 0xf81f, 0xf81f, 0xf81f, 0xf81f, 0xf81f, 0xf81f, 0xf81f, 0xf81f, 0x28c3,
0x0820, 0x0000, 0x1061, 0xa449, 0xcc88, 0x9a00, 0x30c0, 0x0000, 0x0000, 0x1861,
0xf81f, 0xf81f, 0xf81f, 0xf81f, 0xf81f, 0xf81f, 0xf81f, 0xf81f, 0xf81f, 0xf81f,

0xf81f, 0xf81f, 0xf81f, 0xf81f, 0xf81f, 0xf81f, 0xf81f, 0x28a2, 0x0020, 0x0000,
0x1081, 0xa469, 0xef32, 0xef73, 0xd4c8, 0xa9e0, 0xa9e0, 0xa200, 0x38c0, 0x0000,
0x0000, 0x1861, 0xf81f, 0xf81f, 0xf81f, 0xf81f, 0xf81f, 0xf81f, 0xf81f, 0xf81f,

0xf81f, 0xf81f, 0xf81f, 0xf81f, 0xf81f, 0x28a2, 0x0000, 0x0000, 0x18a1, 0xac89,
0xef32, 0xef73, 0xef73, 0xef73, 0xd4a8, 0xa9e0, 0xa9e0, 0xa9e0, 0xa9e0, 0xa200,
0x40e0, 0x0000, 0x0000, 0x1861, 0x4104, 0xf81f, 0xf81f, 0xf81f, 0xf81f, 0xf81f,

0xf81f, 0xf81f, 0xf81f, 0x28a2, 0x0000, 0x0000, 0x18a1, 0xacaa, 0xef32, 0xef73,
0xef73, 0xef73, 0xef73, 0xef73, 0xd488, 0xa9e0, 0xa9e0, 0xa9e0, 0xa9e0, 0xa9e0,
0xb220, 0xa200, 0x4100, 0x0000, 0x0000, 0x1861, 0x4104, 0xf81f, 0xf81f, 0xf81f,

0xf81f, 0x28a2, 0x0000, 0x0000, 0x20c1, 0xb4ca, 0xef32, 0xef73, 0xef73, 0xef73,
0xef73, 0xef73, 0xef73, 0xef73, 0xd487, 0xa9e0, 0xa9e0, 0xa9e0, 0xa9e0, 0xa9e0,
0xb1e0, 0xb200, 0xcb40, 0xcc00, 0x5180, 0x0000, 0x0000, 0x1041, 0x3904, 0xf81f,

0x0820, 0x0000, 0x20e1, 0xb4ea, 0xef52, 0xef73, 0xef73, 0xef73, 0xef73, 0xef73,
0xef73, 0xef73, 0xeef1, 0xdcc6, 0xcb40, 0xc300, 0xba80, 0xa9e0, 0xa9e0, 0xb220,
0xa9c0, 0xc2c0, 0xdc00, 0xecc0, 0xecc0, 0xd420, 0x59a0, 0x0000, 0x0000, 0xf81f,

0x0000, 0x2080, 0xe5cb, 0xef73, 0xef73, 0xef73, 0xef73, 0xef73, 0xef73, 0xef73,
0xeef0, 0xdcc6, 0xd360, 0xc2e0, 0xc2a0, 0xba60, 0xb240, 0xc2c0, 0xc2c0, 0xb1e0,
0xb220, 0xd360, 0xecc0, 0xecc0, 0xecc0, 0xecc0, 0xecc0, 0x5180, 0x0000, 0xf81f,

0x0000, 0x28c0, 0xdbc0, 0xdc84, 0xee8f, 0xef73, 0xef73, 0xef73, 0xeed0, 0xdcc5,
0xd380, 0xcb40, 0xcb00, 0xc2a0, 0xba60, 0xb220, 0xa9e0, 0xa9e0, 0xb200, 0xc2a0,
0xcb20, 0xdc20, 0xecc0, 0xecc0, 0xecc0, 0xecc0, 0xecc0, 0x51a0, 0x0000, 0xf81f,

0x0000, 0x28c0, 0xdbc0, 0xdbc0, 0xdbc0, 0xdd07, 0xee6e, 0xdcc4, 0xdbc0, 0xd380,
0xcb40, 0xcb00, 0xc2a0, 0xba60, 0xb220, 0xa9e0, 0xa9e0, 0xa9e0, 0xa9e0, 0xa9e0,
0xb200, 0xbaa0, 0xd3a0, 0xd3a0, 0xcb60, 0xcb40, 0xc300, 0x4920, 0x0000, 0xf81f,

0x0000, 0x28c0, 0xdbc0, 0xdbc0, 0xdbc0, 0xdbc0, 0xdbc0, 0xdbe0, 0xd380, 0xcb40,
0xcb00, 0xc2c0, 0xba60, 0xb220, 0xa9e0, 0xa9e0, 0xa9e0, 0xa9e0, 0xa9e0, 0xa9e0,
0xa9e0, 0xa9e0, 0xba80, 0x99a0, 0x99a0, 0x99a0, 0x99a0, 0x40e0, 0x0000, 0xf81f,

0x0000, 0x28c0, 0xdbc0, 0xdbc0, 0xdbc0, 0xdbc0, 0xdbc0, 0xd380, 0xcb40, 0xcb00,
0xc2c0, 0xba60, 0xb220, 0xa9e0, 0xa9e0, 0xa9e0, 0xa9e0, 0xa9e0, 0xa9e0, 0xa9e0,
0xa9e0, 0xa9e0, 0xba80, 0x99a0, 0x99a0, 0x99a0, 0x99a0, 0x40e0, 0x0000, 0xf81f,

0x0000, 0x28c0, 0xdbc0, 0xdbc0, 0xdbc0, 0xdbc0, 0xdba0, 0xd340, 0xcb00, 0xc2c0,
0xba80, 0xb220, 0xa9e0, 0xa9e0, 0xa9e0, 0xa9e0, 0xa9e0, 0xa9e0, 0xa9e0, 0xa9e0,
0xa9e0, 0xa9e0, 0xba80, 0x99a0, 0x99a0, 0x99a0, 0x99a0, 0x40e0, 0x0000, 0xf81f,

0x0000, 0x30c0, 0xdbc0, 0xdbc0, 0xdbc0, 0xdbc0, 0xd3a0, 0xcb00, 0xc2c0, 0xba80,
0xb220, 0xa9e0, 0xa9e0, 0xa9e0, 0xa9e0, 0xa9e0, 0xa9e0, 0xa9e0, 0xa9e0, 0xa9e0,
0xa9e0, 0xa9e0, 0xba80, 0x99a0, 0x99a0, 0x99a0, 0x99a0, 0x38e0, 0x0000, 0xf81f,

0x0000, 0x30c0, 0xdbc0, 0xdbc0, 0xdbc0, 0xdbc0, 0xd380, 0xc2c0, 0xba80, 0xb240,
0xa9e0, 0xa9e0, 0xa9e0, 0xa9e0, 0xa9e0, 0xa9e0, 0xa9e0, 0xa9e0, 0xa9e0, 0xa9e0,
0xa9e0, 0xa9e0, 0xbaa0, 0x99a0, 0x99a0, 0x99a0, 0x99a0, 0x38c0, 0x0000, 0xf81f,

0x0000, 0x30e0, 0xdbc0, 0xdbc0, 0xdbc0, 0xdbc0, 0xd360, 0xba80, 0xb240, 0xa9e0,
0xa9e0, 0xa9e0, 0xa9e0, 0xa9e0, 0xa9e0, 0xa9e0, 0xa9e0, 0xa9e0, 0xa9e0, 0xa9e0,
0xa9e0, 0xa9e0, 0xbaa0, 0x99a0, 0x99a0, 0x99a0, 0x99a0, 0x38c0, 0x0020, 0xf81f,

0x0000, 0x30e0, 0xdbc0, 0xdbc0, 0xdbc0, 0xdbc0, 0xd360, 0xb240, 0xaa00, 0xa9e0,
0xa9e0, 0xa9e0, 0xa9e0, 0xa9e0, 0xa9e0, 0xa9e0, 0xa9e0, 0xa9e0, 0xa9e0, 0xa9e0,
0xa9e0, 0xa9e0, 0xbaa0, 0x99a0, 0x99a0, 0x99a0, 0x99a0, 0x38c0, 0x0820, 0xf81f,

0x0000, 0x30e0, 0xdbc0, 0xdbc0, 0xdbc0, 0xd380, 0xbac0, 0xbaa0, 0xb200, 0xa9e0,
0xa9e0, 0xa9e0, 0xa9e0, 0xa9e0, 0xa9e0, 0xa9e0, 0xa9e0, 0xa9e0, 0xa9e0, 0xa9e0,
0xb200, 0xc2c0, 0xba80, 0xb220, 0xba60, 0xc2a0, 0xc2e0, 0x38c0, 0x0820, 0xf81f,

0x0000, 0x30e0, 0xdbc0, 0xd360, 0xba80, 0xa9e0, 0xa9c0, 0xa9c0, 0xba60, 0xba80,
0xb200, 0xa9e0, 0xa9e0, 0xa9e0, 0xa9e0, 0xa9e0, 0xa9e0, 0xa9e0, 0xb200, 0xc2c0,
0xcb20, 0xba80, 0xba40, 0xb1e0, 0xb1e0, 0xba40, 0xba80, 0x38e0, 0x0820, 0xf81f,

0x0000, 0x28a0, 0xb260, 0xa9c0, 0xa9c0, 0xa9c0, 0xa9c0, 0xa9c0, 0xa9c0, 0xa9e0,
0xba80, 0xba80, 0xa9e0, 0xa9e0, 0xa9e0, 0xa9e0, 0xa9e0, 0xbaa0, 0xd380, 0xd360,
0xcb20, 0xc2c0, 0xba80, 0xb220, 0xb1e0, 0xb200, 0xba40, 0x2080, 0x0820, 0xf81f,

0x0000, 0x0000, 0x1860, 0x89c0, 0xa9e0, 0xa9c0, 0xa9c0, 0xa9c0, 0xa9c0, 0xa9c0,
0xa9c0, 0xa9e0, 0xbaa0, 0xba80, 0xa9e0, 0xba80, 0xdbc0, 0xe440, 0xdc00, 0xd3a0,
0xd360, 0xcb00, 0xc2c0, 0xba80, 0xb220, 0x91e0, 0x1860, 0x0000, 0x0820, 0xf81f,

0xf81f, 0x28a2, 0x0000, 0x0000, 0x1840, 0x89c0, 0xa9e0, 0xa9c0, 0xa9c0, 0xa9c0,
0xa9c0, 0xa9c0, 0xa9c0, 0xaa00, 0xcb40, 0xe440, 0xeca0, 0xeca0, 0xe440, 0xdc00,
0xd3a0, 0xcb60, 0xcb00, 0x9a60, 0x1860, 0x0000, 0x0000, 0x28a2, 0xf81f, 0xf81f,

0xf81f, 0xf81f, 0xf81f, 0x28a2, 0x0000, 0x0000, 0x1840, 0x89c0, 0xa9e0, 0xa9c0,
0xa9c0, 0xa9c0, 0xa9c0, 0xa9c0, 0xcb20, 0xdc00, 0xe460, 0xeca0, 0xec80, 0xe440,
0xdbe0, 0xa2c0, 0x1880, 0x0000, 0x0000, 0x28a2, 0xf81f, 0xf81f, 0xf81f, 0xf81f,

0xf81f, 0xf81f, 0xf81f, 0xf81f, 0xf81f, 0x28a2, 0x0000, 0x0000, 0x1840, 0x89c0,
0xa9e0, 0xa9c0, 0xa9c0, 0xa9e0, 0xd3a0, 0xdbc0, 0xdc20, 0xe460, 0xeca0, 0xb340,
0x20a0, 0x0000, 0x0000, 0x28a2, 0xf81f, 0xf81f, 0xf81f, 0xf81f, 0xf81f, 0xf81f,

0xf81f, 0xf81f, 0xf81f, 0xf81f, 0xf81f, 0xf81f, 0xf81f, 0x28a2, 0x0000, 0x0000,
0x1040, 0x89c0, 0xa9e0, 0xb240, 0xdbc0, 0xd3a0, 0xdbc0, 0xab20, 0x20a0, 0x0000,
0x0000, 0x28a2, 0xf81f, 0xf81f, 0xf81f, 0xf81f, 0xf81f, 0xf81f, 0xf81f, 0xf81f,

0xf81f, 0xf81f, 0xf81f, 0xf81f, 0xf81f, 0xf81f, 0xf81f, 0xf81f, 0xf81f, 0x28a2,
0x0000, 0x0000, 0x1040, 0x71c0, 0xbb40, 0x7a20, 0x2080, 0x0000, 0x0000, 0x28a2,
0xf81f, 0xf81f, 0xf81f, 0xf81f, 0xf81f, 0xf81f, 0xf81f, 0xf81f, 0xf81f, 0xf81f,

0xf81f, 0xf81f, 0xf81f, 0xf81f, 0xf81f, 0xf81f, 0xf81f, 0xf81f, 0xf81f, 0xf81f,
0xf81f, 0x28a2, 0x0000, 0x0000, 0x0000, 0x0000, 0x0000, 0x20a2, 0xf81f, 0xf81f,
0xf81f, 0xf81f, 0xf81f, 0xf81f, 0xf81f, 0xf81f, 0xf81f, 0xf81f, 0xf81f, 0xf81f,

0xf81f, 0xf81f, 0xf81f, 0xf81f, 0xf81f, 0xf81f, 0xf81f, 0xf81f, 0xf81f, 0xf81f,
0xf81f, 0xf81f, 0xf81f, 0x28a2, 0x0820, 0x20a2, 0xf81f, 0xf81f, 0xf81f, 0xf81f,
0xf81f, 0xf81f, 0xf81f, 0xf81f, 0xf81f, 0xf81f, 0xf81f, 0xf81f, 0xf81f, 0xf81f,

0xf81f, 0xf81f, 0xf81f, 0xf81f, 0xf81f, 0xf81f, 0xf81f, 0xf81f, 0xf81f, 0xf81f,
0xf81f, 0xf81f, 0xf81f, 0xf81f, 0xf81f, 0xf81f, 0xf81f, 0xf81f, 0xf81f, 0xf81f,
0xf81f, 0xf81f, 0xf81f, 0xf81f, 0xf81f, 0xf81f, 0xf81f, 0xf81f, 0xf81f, 0xf81f,

0xf81f, 0xf81f, 0xf81f, 0xf81f, 0xf81f, 0xf81f, 0xf81f, 0xf81f, 0xf81f, 0xf81f,
0xf81f, 0xf81f, 0xf81f, 0xf81f, 0x28a2, 0xf81f, 0xf81f, 0xf81f, 0xf81f, 0xf81f,
0xf81f, 0xf81f, 0xf81f, 0xf81f, 0xf81f, 0xf81f, 0xf81f, 0xf81f, 0xf81f, 0xf81f,

0xf81f, 0xf81f, 0xf81f, 0xf81f, 0xf81f, 0xf81f, 0xf81f, 0xf81f, 0xf81f, 0xf81f,
0xf81f, 0xf81f, 0xf81f, 0x38e3, 0x0000, 0x4104, 0xf81f, 0xf81f, 0xf81f, 0xf81f,
0xf81f, 0xf81f, 0xf81f, 0xf81f, 0xf81f, 0xf81f, 0xf81f, 0xf81f, 0xf81f, 0xf81f,

0xf81f, 0xf81f, 0xf81f, 0xf81f, 0xf81f, 0xf81f, 0xf81f, 0xf81f, 0xf81f, 0xf81f,
0xf81f, 0xf81f, 0xf81f, 0x1041, 0x0000, 0x1861, 0xf81f, 0xf81f, 0xf81f, 0xf81f,
0xf81f, 0xf81f, 0xf81f, 0xf81f, 0xf81f, 0xf81f, 0xf81f, 0xf81f, 0xf81f, 0xf81f,

0xf81f, 0xf81f, 0xf81f, 0xf81f, 0xf81f, 0xf81f, 0xf81f, 0xf81f, 0xf81f, 0xf81f,
0xf81f, 0xf81f, 0x38e3, 0x0000, 0x0000, 0x0000, 0x4104, 0xf81f, 0xf81f, 0xf81f,
0xf81f, 0xf81f, 0xf81f, 0xf81f, 0xf81f, 0xf81f, 0xf81f, 0xf81f, 0xf81f, 0xf81f,

0xf81f, 0xf81f, 0xf81f, 0xf81f, 0xf81f, 0xf81f, 0xf81f, 0xf81f, 0xf81f, 0xf81f,
0xf81f, 0xf81f, 0x1041, 0x0000, 0x9092, 0x0000, 0x1861, 0xf81f, 0xf81f, 0xf81f,
0xf81f, 0xf81f, 0xf81f, 0xf81f, 0xf81f, 0xf81f, 0xf81f, 0xf81f, 0xf81f, 0xf81f,

0xf81f, 0xf81f, 0xf81f, 0xf81f, 0xf81f, 0xf81f, 0xf81f, 0xf81f, 0xf81f, 0xf81f,
0xf81f, 0x38e3, 0x0000, 0x70ee, 0xc098, 0x4008, 0x0000, 0x4104, 0xf81f, 0xf81f,
0xf81f, 0xf81f, 0xf81f, 0xf81f, 0xf81f, 0xf81f, 0xf81f, 0xf81f, 0xf81f, 0xf81f,

0xf81f, 0xf81f, 0xf81f, 0xf81f, 0xf81f, 0xf81f, 0xf81f, 0xf81f, 0xf81f, 0xf81f,
0xf81f, 0x1041, 0x0000, 0xe25c, 0xc098, 0x9813, 0x0000, 0x1861, 0xf81f, 0xf81f,
0xf81f, 0xf81f, 0xf81f, 0xf81f, 0xf81f, 0xf81f, 0xf81f, 0xf81f, 0xf81f, 0xf81f,

0xf81f, 0xf81f, 0xf81f, 0xf81f, 0xf81f, 0xf81f, 0xf81f, 0xf81f, 0xf81f, 0xf81f,
0x38e3, 0x0000, 0x70ee, 0xf2de, 0xb8b8, 0xa015, 0x3807, 0x0000, 0x4104, 0xf81f,
0xf81f, 0xf81f, 0xf81f, 0xf81f, 0xf81f, 0xf81f, 0xf81f, 0xf81f, 0xf81f, 0xf81f,

0xf81f, 0xf81f, 0xf81f, 0xf81f, 0xf81f, 0xf81f, 0xf81f, 0xf81f, 0xf81f, 0xf81f,
0x1041, 0x0000, 0xe25c, 0xf2de, 0xb8b7, 0xa014, 0x9012, 0x0000, 0x1861, 0xf81f,
0xf81f, 0xf81f, 0xf81f, 0xf81f, 0xf81f, 0xf81f, 0xf81f, 0xf81f, 0xf81f, 0xf81f,

0xf81f, 0xf81f, 0xf81f, 0xf81f, 0xf81f, 0xf81f, 0xf81f, 0xf81f, 0xf81f, 0x38e3,
0x0000, 0x70ee, 0xf2de, 0xf2de, 0xb8b7, 0x9814, 0x9012, 0x3807, 0x0000, 0x4104,
0xf81f, 0xf81f, 0xf81f, 0xf81f, 0xf81f, 0xf81f, 0xf81f, 0xf81f, 0xf81f, 0xf81f,

0xf81f, 0xf81f, 0xf81f, 0xf81f, 0xf81f, 0xf81f, 0xf81f, 0xf81f, 0xf81f, 0x1041,
0x0000, 0xe25c, 0xf2de, 0xf2de, 0xb8b7, 0x9813, 0x8812, 0x8010, 0x0000, 0x1861,
0xf81f, 0xf81f, 0xf81f, 0xf81f, 0xf81f, 0xf81f, 0xf81f, 0xf81f, 0xf81f, 0xf81f,

0xf81f, 0xf81f, 0xf81f, 0xf81f, 0xf81f, 0xf81f, 0xf81f, 0xf81f, 0x38e3, 0x0000,
0x70ee, 0xf2de, 0xf2de, 0xea7d, 0xb016, 0x9013, 0x8811, 0x8010, 0x3006, 0x0000,
0x4104, 0xf81f, 0xf81f, 0xf81f, 0xf81f, 0xf81f, 0xf81f, 0xf81f, 0xf81f, 0xf81f,

0xf81f, 0xf81f, 0xf81f, 0xf81f, 0xf81f, 0xf81f, 0xf81f, 0xf81f, 0x1041, 0x0000,
0xe25c, 0xf2de, 0xf2de, 0xc0f8, 0xb015, 0xa014, 0x8011, 0x7810, 0x700f, 0x0000,
0x1861, 0xf81f, 0xf81f, 0xf81f, 0xf81f, 0xf81f, 0xf81f, 0xf81f, 0xf81f, 0xf81f,

0xf81f, 0xf81f, 0xf81f, 0xf81f, 0xf81f, 0xf81f, 0xf81f, 0x38e3, 0x0000, 0x70ee,
0xf2de, 0xf2de, 0xe25d, 0xb015, 0xb015, 0xb015, 0x8811, 0x780f, 0x680e, 0x3007,
0x0000, 0x4104, 0xf81f, 0xf81f, 0xf81f, 0xf81f, 0xf81f, 0xf81f, 0xf81f, 0xf81f,

0xf81f, 0xf81f, 0xf81f, 0xf81f, 0xf81f, 0xf81f, 0xf81f, 0x1041, 0x0000, 0xe25c,
0xf2de, 0xf2de, 0xc0d8, 0xb015, 0xb015, 0xb015, 0xa014, 0x700f, 0x700f, 0x7810,
0x0000, 0x1061, 0xf81f, 0xf81f, 0xf81f, 0xf81f, 0xf81f, 0xf81f, 0xf81f, 0xf81f,

0xf81f, 0xf81f, 0xf81f, 0xf81f, 0xf81f, 0xf81f, 0x38e3, 0x0000, 0x68ed, 0xf2de,
0xf2de, 0xe21c, 0xb015, 0xb015, 0xb015, 0xb015, 0xb015, 0x7810, 0x780f, 0x8010,
0x3807, 0x0000, 0x4104, 0xf81f, 0xf81f, 0xf81f, 0xf81f, 0xf81f, 0xf81f, 0xf81f,

0xf81f, 0xf81f, 0xf81f, 0xf81f, 0xf81f, 0xf81f, 0x1041, 0x0000, 0xda5c, 0xf2de,
0xf2de, 0xb8b7, 0xb015, 0xb015, 0xb015, 0xb015, 0xb015, 0xa014, 0x7810, 0x8011,
0x8811, 0x0000, 0x1061, 0xf81f, 0xf81f, 0xf81f, 0xf81f, 0xf81f, 0xf81f, 0xf81f,

0xf81f, 0xf81f, 0xf81f, 0xf81f, 0xf81f, 0x3904, 0x0000, 0x68ed, 0xf2de, 0xf2de,
0xd9fc, 0xb015, 0xb015, 0xb015, 0xb015, 0xb015, 0xb015, 0xb015, 0x8812, 0x8811,
0x9012, 0x4008, 0x0000, 0x4104, 0xf81f, 0xf81f, 0xf81f, 0xf81f, 0xf81f, 0xf81f,

0xf81f, 0xf81f, 0xf81f, 0xf81f, 0xf81f, 0x1041, 0x0000, 0xda5c, 0xf2de, 0xf2de,
0xb877, 0xb015, 0xb015, 0xb015, 0xb015, 0xb015, 0xb015, 0xb015, 0xa014, 0x8812,
0x9813, 0x9813, 0x0000, 0x1061, 0xf81f, 0xf81f, 0xf81f, 0xf81f, 0xf81f, 0xf81f,

0xf81f, 0xf81f, 0xf81f, 0xf81f, 0x3904, 0x0000, 0x68cd, 0xf2de, 0xf2de, 0xd9bb,
0xb015, 0xb015, 0xb015, 0xb015, 0xb015, 0xb015, 0xb015, 0xb015, 0xb015, 0x9813,
0x9814, 0xa015, 0x4008, 0x0000, 0x4104, 0xf81f, 0xf81f, 0xf81f, 0xf81f, 0xf81f,

0xf81f, 0xf81f, 0xf81f, 0xf81f, 0x1041, 0x0000, 0xda5c, 0xf2de, 0xf2be, 0xb056,
0xb015, 0xb015, 0xb015, 0xb015, 0xb015, 0xb015, 0xb015, 0xb015, 0xb015, 0xa815,
0xa014, 0xa816, 0xa014, 0x0000, 0x1041, 0xf81f, 0xf81f, 0xf81f, 0xf81f, 0xf81f,

0xf81f, 0xf81f, 0xf81f, 0x3904, 0x0000, 0x60cd, 0xf2de, 0xf2de, 0xd19a, 0xb015,
0xb015, 0xb015, 0xb015, 0xb015, 0xb015, 0xb015, 0xb015, 0xb015, 0xb015, 0xb015,
0xa816, 0xb016, 0xb817, 0x4809, 0x0000, 0x3904, 0xf81f, 0xf81f, 0xf81f, 0xf81f,

0xf81f, 0xf81f, 0xf81f, 0x1041, 0x0000, 0xda3b, 0xf2de, 0xf2be, 0xb036, 0xb015,
0xb015, 0xb015, 0xb015, 0xb015, 0xb015, 0xb015, 0xb015, 0xb015, 0xb015, 0xb015,
0xb015, 0xb817, 0xc018, 0xb817, 0x0000, 0x1041, 0xf81f, 0xf81f, 0xf81f, 0xf81f,

0xf81f, 0xf81f, 0x3904, 0x0000, 0x60cc, 0xf2de, 0xf2de, 0xd17a, 0xb015, 0xb015,
0xb015, 0xb015, 0xb015, 0xb015, 0xb015, 0xb015, 0xb015, 0xb015, 0xb015, 0xb015,
0xb015, 0xb817, 0xd01a, 0xd01a, 0x500a, 0x0000, 0x3904, 0xf81f, 0xf81f, 0xf81f,

0xf81f, 0xf81f, 0x1041, 0x0000, 0xda3b, 0xf2de, 0xda3c, 0xa014, 0x9813, 0x9813,
0x9813, 0x9813, 0xa014, 0xa014, 0xa815, 0xa815, 0xb016, 0xb817, 0xb817, 0xb817,
0xc017, 0xc018, 0xd01a, 0xd01a, 0xc018, 0x0000, 0x1041, 0xf81f, 0xf81f, 0xf81f,

0xf81f, 0x3904, 0x0000, 0x60cc, 0xf2de, 0xa8f5, 0x700f, 0x680e, 0x680e, 0x680e,
0x680e, 0x680e, 0x780f, 0x8011, 0x9013, 0xa014, 0xb016, 0xc018, 0xc819, 0xd01a,
0xd01a, 0xd01a, 0xd01a, 0xc819, 0xd01a, 0x580b, 0x0000, 0x3904, 0xf81f, 0xf81f,

0xf81f, 0x1041, 0x0000, 0xb156, 0x8030, 0x680e, 0x680e, 0x680e, 0x680e, 0x680e,
0x680e, 0x680e, 0x680e, 0x7810, 0x8811, 0x9813, 0xa015, 0xb016, 0xc018, 0xd01a,
0xd01a, 0xd01a, 0xd01a, 0xd01a, 0xc819, 0xb817, 0x0000, 0x1041, 0xf81f, 0xf81f,

0x3904, 0x0000, 0x0000, 0x3807, 0x3807, 0x3807, 0x3807, 0x3807, 0x3807, 0x3807,
0x3807, 0x3807, 0x3807, 0x3807, 0x3807, 0x4008, 0x4008, 0x4008, 0x4809, 0x4809,
0x4809, 0x4809, 0x4809, 0x4809, 0x4809, 0x4809, 0x0000, 0x0000, 0x3904, 0xf81f,

0x1041, 0x0000, 0x0000, 0x0000, 0x0000, 0x0000, 0x0000, 0x0000, 0x0000, 0x0000,
0x0000, 0x0000, 0x0000, 0x0000, 0x0000, 0x0000, 0x0000, 0x0000, 0x0000, 0x0000,
0x0000, 0x0000, 0x0000, 0x0000, 0x0000, 0x0000, 0x0000, 0x0000, 0x1041, 0xf81f,

0xf81f, 0xf81f, 0xf81f, 0xf81f, 0xf81f, 0xf81f, 0xf81f, 0xf81f, 0xf81f, 0xf81f,
0xf81f, 0xf81f, 0xf81f, 0xf81f, 0xf81f, 0xf81f, 0xf81f, 0xf81f, 0xf81f, 0xf81f,
0xf81f, 0xf81f, 0xf81f, 0xf81f, 0xf81f, 0xf81f, 0xf81f, 0xf81f, 0xf81f, 0xf81f,

0xf81f, 0xf81f, 0xf81f, 0xf81f, 0x1061, 0x0000, 0x0000, 0x0000, 0x0000, 0x0000,
0x0000, 0x0000, 0x0000, 0x0000, 0x0000, 0x0000, 0x0000, 0x0000, 0x0000, 0x0000,
0x0000, 0x0000, 0x0000, 0x0000, 0x1041, 0xf81f, 0xf81f, 0xf81f, 0xf81f, 0xf81f,

0xf81f, 0xf81f, 0xf81f, 0x1041, 0x0000, 0x0000, 0x0000, 0x0000, 0x0000, 0x0000,
0x0000, 0x0000, 0x0000, 0x0000, 0x0000, 0x0000, 0x0000, 0x0000, 0x0000, 0x0000,
0x0000, 0x0000, 0x0000, 0x0000, 0x0000, 0x0841, 0xf81f, 0xf81f, 0xf81f, 0xf81f,

0xf81f, 0xf81f, 0x0841, 0x0000, 0x0800, 0xc000, 0xe800, 0xd800, 0xc820, 0xc020,
0xb020, 0xa820, 0x9840, 0x8840, 0x8060, 0x8060, 0x8060, 0x8060, 0x8060, 0x8060,
0x8060, 0x7860, 0x7860, 0x7840, 0x1000, 0x0000, 0x0820, 0xf81f, 0xf81f, 0xf81f,

0xf81f, 0x0820, 0x0000, 0x1000, 0x9820, 0xd800, 0xf800, 0xe800, 0xd800, 0xd020,
0xc020, 0xb020, 0xa040, 0x9840, 0x8840, 0x7860, 0x7860, 0x7860, 0x7860, 0x7860,
0x7860, 0x7860, 0x7860, 0x8040, 0x8820, 0x1000, 0x0000, 0x0820, 0xf81f, 0xf81f,

0x0820, 0x0000, 0x1800, 0xa020, 0xb820, 0xe000, 0xf800, 0xf800, 0xe800, 0xe000,
0xd020, 0xc020, 0xb020, 0xa840, 0x9840, 0x8840, 0x7860, 0x7860, 0x7860, 0x7860,
0x7860, 0x7860, 0x7860, 0x8840, 0xa840, 0xa020, 0x1800, 0x0000, 0x0820, 0xf81f,

0x0000, 0x0000, 0xc020, 0xd040, 0xd840, 0xe020, 0xe841, 0xf041, 0xf841, 0xf041,
0xe041, 0xd861, 0xc861, 0xc061, 0xb060, 0xa020, 0x9840, 0x9040, 0x8860, 0x8060,
0x8860, 0x8860, 0x9040, 0xb020, 0xd000, 0xd800, 0xd000, 0x0000, 0x0000, 0xf81f,

0x0000, 0x0000, 0xe040, 0xe040, 0xe040, 0xe020, 0xeaee, 0xf2ee, 0xf2ee, 0xeaee,
0xeaee, 0xe2ee, 0xe2ee, 0xdaee, 0xc1c8, 0xa040, 0xb081, 0xc0a2, 0xc0a2, 0xc0a2,
0xc082, 0xc882, 0xd082, 0xd841, 0xe000, 0xe000, 0xe000, 0x0000, 0x0000, 0xf81f,

0x0000, 0x0000, 0xe040, 0xe040, 0xe040, 0xe820, 0xf2ee, 0xf2ee, 0xeaee, 0xeaee,
0xe2ee, 0xe2ee, 0xdaee, 0xdaee, 0xb9c8, 0x9840, 0xb081, 0xc0a2, 0xc0a2, 0xc082,
0xc882, 0xd082, 0xd082, 0xd841, 0xd800, 0xd800, 0xd800, 0x0000, 0x0000, 0xf81f,

0x0000, 0x0000, 0xe040, 0xe040, 0xe040, 0xf020, 0xf2ee, 0xeaee, 0xeaee, 0xe2ee,
0xe2ee, 0xdaee, 0xd2ee, 0xd30e, 0xb1c8, 0x8840, 0xa881, 0xc0a2, 0xc882, 0xc882,
0xd082, 0xd082, 0xd882, 0xd041, 0xc820, 0xc820, 0xd020, 0x0000, 0x0000, 0xf81f,

0x0000, 0x0000, 0xe040, 0xe040, 0xe040, 0xe820, 0xeaee, 0xeaee, 0xe2ee, 0xdaee,
0xdaee, 0xd2ee, 0xd30e, 0xcb0e, 0xa9c8, 0x8060, 0xa881, 0xc882, 0xc882, 0xd082,
0xd082, 0xd882, 0xd882, 0xd041, 0xc020, 0xc020, 0xc020, 0x0000, 0x0000, 0xf81f,

0x0000, 0x0000, 0xe040, 0xe040, 0xe040, 0xe020, 0xeaee, 0xe2ee, 0xdaee, 0xdaee,
0xd2ee, 0xd30e, 0xcb0e, 0xcb0e, 0xa1c8, 0x8840, 0xb081, 0xc882, 0xd082, 0xd082,
0xd882, 0xd882, 0xe082, 0xd041, 0xb820, 0xb820, 0xb820, 0x0000, 0x0000, 0xf81f,

0x0000, 0x0000, 0xe040, 0xe040, 0xe040, 0xe020, 0xe2ee, 0xdaee, 0xdaee, 0xd2ee,
0xd30e, 0xcb0e, 0xcb0e, 0xc30e, 0xa9c8, 0x9040, 0xb861, 0xd082, 0xd082, 0xd882,
0xd882, 0xe082, 0xe882, 0xd041, 0xb020, 0xb020, 0xb020, 0x0000, 0x0000, 0xf81f,

0x0000, 0x0000, 0xe040, 0xe040, 0xe040, 0xd820, 0xdaee, 0xdaee, 0xd2ee, 0xd30e,
0xcb0e, 0xcb0e, 0xc30e, 0xcb0e, 0xb1c8, 0xa040, 0xc061, 0xd082, 0xd882, 0xd882,
0xe082, 0xe882, 0xe882, 0xd061, 0xa040, 0xa040, 0xa820, 0x0000, 0x0000, 0xf81f,

0x0000, 0x0000, 0xe040, 0xe040, 0xe040, 0xd020, 0xdaee, 0xd2ee, 0xd30e, 0xcb0e,
0xcb0e, 0xc30e, 0xcb0e, 0xcb0e, 0xb9c8, 0xa840, 0xc861, 0xd882, 0xd882, 0xe082,
0xe882, 0xe882, 0xf082, 0xc861, 0x9840, 0x9840, 0x9840, 0x0000, 0x0000, 0xf81f,

0x0000, 0x0000, 0xe040, 0xe040, 0xe040, 0xc840, 0xc1c8, 0xb9c8, 0xb1c8, 0xa9c8,
0xa1c8, 0xa9c8, 0xb1c8, 0xb9c8, 0xc187, 0xc987, 0xd166, 0xd946, 0xe146, 0xe926,
0xe926, 0xf126, 0xe926, 0xc082, 0x9040, 0x9040, 0x9040, 0x0000, 0x0000, 0xf81f,

0x0000, 0x0000, 0xe040, 0xe040, 0xe040, 0xc840, 0xa040, 0x9040, 0x8860, 0x8060,
0x8840, 0x9840, 0xa040, 0xa840, 0xc9c8, 0xe3d3, 0xebd3, 0xebd3, 0xebd3, 0xebd3,
0xebd3, 0xebd3, 0xebd3, 0xb945, 0x8860, 0x8860, 0x8840, 0x0000, 0x0000, 0xf81f,

0x0000, 0x0000, 0xe040, 0xe040, 0xe040, 0xc040, 0xa861, 0xa081, 0xa081, 0xa861,
0xb061, 0xb861, 0xc061, 0xc861, 0xd9a7, 0xebd3, 0xebd3, 0xebd3, 0xebd3, 0xebd3,
0xebd3, 0xebd3, 0xebd3, 0xb165, 0x7860, 0x7860, 0x8060, 0x0000, 0x0000, 0xf81f,

0x0000, 0x0000, 0xe040, 0xe040, 0xe040, 0xb840, 0xb882, 0xb882, 0xb882, 0xc082,
0xc882, 0xc882, 0xd082, 0xd882, 0xd987, 0xebd3, 0xebd3, 0xebd3, 0xebd3, 0xebd3,
0xebd3, 0xebd3, 0xebd3, 0xb165, 0x8840, 0x8840, 0x8840, 0x0000, 0x0000, 0xf81f,

0x0000, 0x0000, 0xe040, 0xe040, 0xe040, 0xb040, 0xb882, 0xb882, 0xc082, 0xc882,
0xd082, 0xd082, 0xd882, 0xe062, 0xe187, 0xebd3, 0xebd3, 0xebd3, 0xebd3, 0xebd3,
0xebd3, 0xebd3, 0xe3d3, 0xb145, 0x9040, 0x9040, 0x9040, 0x0000, 0x0000, 0xf81f,

0x0000, 0x0000, 0xe040, 0xe040, 0xe040, 0xb040, 0xb882, 0xc082, 0xc882, 0xd082,
0xd082, 0xd882, 0xe062, 0xe062, 0xe967, 0xebd3, 0xebd3, 0xebd3, 0xebd3, 0xebd3,
0xebd3, 0xe3d3, 0xe3d3, 0xb165, 0x9840, 0x9840, 0x9840, 0x0000, 0x0000, 0xf81f,

0x0000, 0x0000, 0xe040, 0xe040, 0xe040, 0xb840, 0xc082, 0xc882, 0xd082, 0xd082,
0xd882, 0xe062, 0xe062, 0xe862, 0xf167, 0xebd3, 0xebd3, 0xebd3, 0xebd3, 0xebd3,
0xe3d3, 0xe3d3, 0xe3d3, 0xb165, 0xa040, 0xa040, 0xa020, 0x0000, 0x0000, 0xf81f,

0x0000, 0x0000, 0xd840, 0xe040, 0xe040, 0xc040, 0xc882, 0xd082, 0xd082, 0xd882,
0xe062, 0xe862, 0xe862, 0xf062, 0xf167, 0xebd3, 0xebd3, 0xebd3, 0xebd3, 0xe3d3,
0xe3d3, 0xe3d3, 0xe3d3, 0xb145, 0xb020, 0xb020, 0xa820, 0x0000, 0x0000, 0xf81f,

0x0000, 0x0000, 0xd840, 0xe040, 0xe040, 0xc040, 0xd082, 0xd082, 0xd882, 0xe062,
0xe862, 0xe862, 0xf062, 0xf062, 0xe967, 0xebd3, 0xebd3, 0xebd3, 0xe3d3, 0xe3d3,
0xe3d3, 0xe3d3, 0xdbd3, 0xb965, 0xb820, 0xb820, 0xb020, 0x0000, 0x0000, 0xf81f,

0x0000, 0x0000, 0xa840, 0xc040, 0xc040, 0xc820, 0xe820, 0xe820, 0xe020, 0xd840,
0xc840, 0xc040, 0xb860, 0xb060, 0xb0a1, 0xa924, 0xa924, 0xa924, 0xa124, 0xa124,
0x9924, 0x9944, 0x9944, 0x98c2, 0xa840, 0xb020, 0xa020, 0x0000, 0x0000, 0xf81f,

0x1041, 0x0000, 0x1000, 0x8820, 0xb020, 0xd800, 0xf800, 0xf800, 0xf800, 0xd800,
0xb820, 0x9840, 0x7860, 0x7860, 0x7860, 0x7860, 0x7860, 0x7860, 0x7860, 0x7860,
0x7860, 0x7860, 0x7860, 0x8040, 0x9840, 0x9020, 0x1000, 0x0000, 0x1041, 0xf81f,

0xf81f, 0x1041, 0x0000, 0x1000, 0x9820, 0xe000, 0xf800, 0xf800, 0xf800, 0xe800,
0xc820, 0xa840, 0x8840, 0x7860, 0x7860, 0x7860, 0x7860, 0x7860, 0x7860, 0x7860,
0x7860, 0x7860, 0x7860, 0x8840, 0x9020, 0x1000, 0x0000, 0x1041, 0xf81f, 0xf81f,

0xf81f, 0xf81f, 0x1041, 0x0000, 0x0800, 0xd000, 0xf800, 0xf800, 0xf800, 0xf800,
0xd800, 0xb820, 0xa040, 0x8060, 0x8060, 0x8060, 0x8060, 0x7860, 0x7860, 0x7860,
0x7860, 0x7860, 0x8060, 0x8040, 0x1000, 0x0000, 0x1041, 0xf81f, 0xf81f, 0xf81f,

0xf81f, 0xf81f, 0xf81f, 0x1041, 0x0000, 0x0000, 0x0000, 0x0000, 0x0000, 0x0000,
0x0000, 0x0000, 0x0000, 0x0000, 0x0000, 0x0000, 0x0000, 0x0000, 0x0000, 0x0000,
0x0000, 0x0000, 0x0000, 0x0000, 0x0000, 0x1041, 0xf81f, 0xf81f, 0xf81f, 0xf81f,

0xf81f, 0xf81f, 0xf81f, 0xf81f, 0x1861, 0x0000, 0x0000, 0x0000, 0x0000, 0x0000,
0x0000, 0x0000, 0x0000, 0x0000, 0x0000, 0x0000, 0x0000, 0x0000, 0x0000, 0x0000,
0x0000, 0x0000, 0x0000, 0x0000, 0x1041, 0xf81f, 0xf81f, 0xf81f, 0xf81f, 0xf81f,

0xf81f, 0xf81f, 0xf81f, 0xf81f, 0xf81f, 0xf81f, 0xf81f, 0xf81f, 0xf81f, 0xf81f,
0xf81f, 0xf81f, 0xf81f, 0xf81f, 0xf81f, 0xf81f, 0xf81f, 0xf81f, 0xf81f, 0xf81f,
0xf81f, 0xf81f, 0xf81f, 0xf81f, 0xf81f, 0xf81f, 0xf81f, 0xf81f, 0xf81f, 0xf81f,

0xf81f, 0xf81f, 0xf81f, 0xf81f, 0xf81f, 0xf81f, 0xf81f, 0xf81f, 0xf81f, 0xf81f,
0xf81f, 0xf81f, 0xf81f, 0xf81f, 0x1041, 0xf81f, 0xf81f, 0xf81f, 0xf81f, 0xf81f,
0xf81f, 0xf81f, 0xf81f, 0xf81f, 0xf81f, 0xf81f, 0xf81f, 0xf81f, 0xf81f, 0xf81f,

0xf81f, 0xf81f, 0xf81f, 0xf81f, 0xf81f, 0xf81f, 0xf81f, 0xf81f, 0xf81f, 0xf81f,
0xf81f, 0xf81f, 0xf81f, 0x0820, 0x0000, 0x0820, 0xf81f, 0xf81f, 0xf81f, 0xf81f,
0xf81f, 0xf81f, 0xf81f, 0xf81f, 0xf81f, 0xf81f, 0xf81f, 0xf81f, 0xf81f, 0xf81f,

0xf81f, 0xf81f, 0xf81f, 0xf81f, 0xf81f, 0xf81f, 0xf81f, 0xf81f, 0xf81f, 0xf81f,
0xf81f, 0xf81f, 0x0820, 0x0020, 0x6303, 0x0020, 0x0820, 0xf81f, 0xf81f, 0xf81f,
0xf81f, 0xf81f, 0xf81f, 0xf81f, 0xf81f, 0xf81f, 0xf81f, 0xf81f, 0xf81f, 0xf81f,

0xf81f, 0xf81f, 0xf81f, 0xf81f, 0xf81f, 0xf81f, 0xf81f, 0xf81f, 0xf81f, 0xf81f,
0xf81f, 0x0820, 0x0020, 0xad69, 0xad67, 0x6300, 0x0020, 0x0820, 0xf81f, 0xf81f,
0xf81f, 0xf81f, 0xf81f, 0xf81f, 0xf81f, 0xf81f, 0xf81f, 0xf81f, 0xf81f, 0xf81f,

0xf81f, 0xf81f, 0xf81f, 0xf81f, 0xf81f, 0xf81f, 0xf81f, 0xf81f, 0xf81f, 0xf81f,
0x0820, 0x0020, 0xb5a9, 0xdeed, 0xb587, 0x83e0, 0x6300, 0x0020, 0x0820, 0xf81f,
0xf81f, 0xf81f, 0xf81f, 0xf81f, 0xf81f, 0xf81f, 0xf81f, 0xf81f, 0xf81f, 0xf81f,

0xf81f, 0xf81f, 0xf81f, 0xf81f, 0xf81f, 0xf81f, 0xf81f, 0xf81f, 0xf81f, 0x0820,
0x0020, 0xbde9, 0xe72d, 0xdf0d, 0xbdc7, 0x8400, 0x83e0, 0x6300, 0x0020, 0x0820,
0xf81f, 0xf81f, 0xf81f, 0xf81f, 0xf81f, 0xf81f, 0xf81f, 0xf81f, 0xf81f, 0xf81f,

0xf81f, 0xf81f, 0xf81f, 0xf81f, 0xf81f, 0xf81f, 0xf81f, 0xf81f, 0x0820, 0x0020,
0xb5c9, 0xe74d, 0xe74d, 0xe72d, 0xc607, 0x9480, 0x8c20, 0x83e0, 0x6300, 0x0020,
0x0820, 0xf81f, 0xf81f, 0xf81f, 0xf81f, 0xf81f, 0xf81f, 0xf81f, 0xf81f, 0xf81f,

0xf81f, 0xf81f, 0xf81f, 0xf81f, 0xf81f, 0xf81f, 0xf81f, 0x0820, 0x0020, 0xad89,
0xe70d, 0xe72d, 0xe74d, 0xe74d, 0xce47, 0x9ce0, 0x9480, 0x8c20, 0x83e0, 0x6300,
0x0020, 0x0820, 0xf81f, 0xf81f, 0xf81f, 0xf81f, 0xf81f, 0xf81f, 0xf81f, 0xf81f,

0xf81f, 0xf81f, 0xf81f, 0xf81f, 0xf81f, 0xf81f, 0x0820, 0x0020, 0xb5a9, 0xe72e,
0xe74e, 0xe74e, 0xe74e, 0xef6e, 0xdee8, 0xc621, 0xbe01, 0x9ca0, 0x8c20, 0x83e0,
0x6300, 0x0020, 0x0820, 0xf81f, 0xf81f, 0xf81f, 0xf81f, 0xf81f, 0xf81f, 0xf81f,

0xf81f, 0xf81f, 0xf81f, 0xf81f, 0xf81f, 0x0820, 0x0020, 0xad69, 0xe72e, 0xef8e,
0xef8e, 0xef8e, 0xef8e, 0xef8e, 0xe748, 0xd6e2, 0xbde0, 0x9ce0, 0x9480, 0x8c20,
0x83e0, 0x6300, 0x0020, 0x0820, 0xf81f, 0xf81f, 0xf81f, 0xf81f, 0xf81f, 0xf81f,

0xf81f, 0xf81f, 0xf81f, 0xf81f, 0x0820, 0x0020, 0xb5c9, 0xe70d, 0xe74e, 0xef8e,
0xef8e, 0xef8e, 0xef8e, 0xef8e, 0xe748, 0xc640, 0xb5a0, 0xad40, 0x9ce0, 0x9480,
0x8c20, 0x9cc0, 0xad40, 0x0020, 0x0820, 0xf81f, 0xf81f, 0xf81f, 0xf81f, 0xf81f,

0xf81f, 0xf81f, 0xf81f, 0x0820, 0x0020, 0xbdc9, 0xe74d, 0xe72d, 0xe74e, 0xef8e,
0xef8e, 0xef8e, 0xef8e, 0xef8e, 0xc645, 0xad60, 0xbdc0, 0xb5a0, 0xad40, 0x9ce0,
0xad40, 0xd6a0, 0xd6a0, 0xad40, 0x0020, 0x0820, 0xf81f, 0xf81f, 0xf81f, 0xf81f,

0xf81f, 0xf81f, 0x0820, 0x0000, 0xb589, 0xe72d, 0xe74d, 0xe74d, 0xe76e, 0xef8e,
0xef8e, 0xef8e, 0xef8e, 0xc626, 0x9480, 0x94a0, 0xad60, 0xbdc0, 0xb5a0, 0xbde0,
0xdee0, 0xd6c0, 0xd6a0, 0xd6a0, 0xad40, 0x0020, 0x0820, 0xf81f, 0xf81f, 0xf81f,

0xf81f, 0x0820, 0x0000, 0xad49, 0xdeed, 0xdf0d, 0xe72d, 0xe74d, 0xef6e, 0xef8e,
0xef8e, 0xef8e, 0xc626, 0x9480, 0x9480, 0x9480, 0x94a0, 0xad40, 0xc620, 0xdf00,
0xdee0, 0xdee0, 0xd6c0, 0xd6a0, 0xd6a0, 0xad40, 0x0020, 0x0820, 0xf81f, 0xf81f,

0x1041, 0x0000, 0x6b23, 0xb587, 0xb5a7, 0xbde7, 0xc627, 0xce67, 0xdee8, 0xe748,
0xe748, 0xc645, 0x9480, 0x9480, 0x9480, 0x9480, 0x9480, 0xb580, 0xdec0, 0xdee0,
0xdee0, 0xdec0, 0xd6c0, 0xd6a0, 0xd6a0, 0xd680, 0x8400, 0x0000, 0x1041, 0xf81f,

0xf81f, 0x0820, 0x0020, 0x6b40, 0x83c0, 0x8c20, 0x9480, 0x9ce0, 0xc641, 0xd702,
0xc640, 0xad40, 0x94a0, 0x9480, 0x9480, 0x9480, 0xad20, 0xd6c0, 0xdee0, 0xdf00,
0xdf00, 0xdf00, 0xdee0, 0xdee0, 0xd6c0, 0xad40, 0x0020, 0x0820, 0xf81f, 0xf81f,

0xf81f, 0xf81f, 0x0820, 0x0020, 0x6b40, 0x83c0, 0x8c20, 0x9480, 0xbe01, 0xbe00,
0xb5a0, 0xbdc0, 0xad40, 0x94a0, 0x9480, 0xad40, 0xd6a0, 0xd6a0, 0xd6c0, 0xdee0,
0xdf00, 0xdf00, 0xdf00, 0xdee0, 0xb580, 0x0020, 0x0820, 0xf81f, 0xf81f, 0xf81f,

0xf81f, 0xf81f, 0xf81f, 0x0820, 0x0020, 0x6b40, 0x83e0, 0x8c20, 0x9cc0, 0x9ce0,
0xad40, 0xb5a0, 0xbdc0, 0xad60, 0xad60, 0xdec0, 0xd6a0, 0xd6a0, 0xd6a0, 0xd6c0,
0xdee0, 0xdf00, 0xdf00, 0xb5c0, 0x0020, 0x0820, 0xf81f, 0xf81f, 0xf81f, 0xf81f,

0xf81f, 0xf81f, 0xf81f, 0xf81f, 0x0820, 0x0020, 0x6b40, 0x83e0, 0x8c20, 0x9480,
0x9ce0, 0xad40, 0xb5a0, 0xbdc0, 0xbdc0, 0xce40, 0xdec0, 0xd6a0, 0xd6a0, 0xd6a0,
0xd6c0, 0xdee0, 0xb5a0, 0x0020, 0x0820, 0xf81f, 0xf81f, 0xf81f, 0xf81f, 0xf81f,

0xf81f, 0xf81f, 0xf81f, 0xf81f, 0xf81f, 0x0820, 0x0020, 0x6b40, 0x83e0, 0x8c20,
0x9480, 0x9ce0, 0xb580, 0xbde0, 0xbde0, 0xbdc0, 0xce40, 0xdec0, 0xd6a0, 0xd6a0,
0xd6a0, 0xad60, 0x0020, 0x0820, 0xf81f, 0xf81f, 0xf81f, 0xf81f, 0xf81f, 0xf81f,

0xf81f, 0xf81f, 0xf81f, 0xf81f, 0xf81f, 0xf81f, 0x0820, 0x0020, 0x6b40, 0x83e0,
0x8c20, 0x9ce0, 0xb5a0, 0xbdc0, 0xbde0, 0xbde0, 0xbdc0, 0xce40, 0xdec0, 0xd6a0,
0xa520, 0x0020, 0x0820, 0xf81f, 0xf81f, 0xf81f, 0xf81f, 0xf81f, 0xf81f, 0xf81f,

0xf81f, 0xf81f, 0xf81f, 0xf81f, 0xf81f, 0xf81f, 0xf81f, 0x0820, 0x0020, 0x6b40,
0x9460, 0xb580, 0xb580, 0xb5a0, 0xbdc0, 0xbde0, 0xbde0, 0xbdc0, 0xce60, 0xad60,
0x0020, 0x0820, 0xf81f, 0xf81f, 0xf81f, 0xf81f, 0xf81f, 0xf81f, 0xf81f, 0xf81f,

0xf81f, 0xf81f, 0xf81f, 0xf81f, 0xf81f, 0xf81f, 0xf81f, 0xf81f, 0x0820, 0x0020,
0x9480, 0xad60, 0xb580, 0xb580, 0xb5a0, 0xbdc0, 0xbde0, 0xbde0, 0x9cc0, 0x0020,
0x0820, 0xf81f, 0xf81f, 0xf81f, 0xf81f, 0xf81f, 0xf81f, 0xf81f, 0xf81f, 0xf81f,

0xf81f, 0xf81f, 0xf81f, 0xf81f, 0xf81f, 0xf81f, 0xf81f, 0xf81f, 0xf81f, 0x0820,
0x0020, 0x9480, 0xad60, 0xb580, 0xb580, 0xb5a0, 0xbdc0, 0x9ce0, 0x0020, 0x0820,
0xf81f, 0xf81f, 0xf81f, 0xf81f, 0xf81f, 0xf81f, 0xf81f, 0xf81f, 0xf81f, 0xf81f,

0xf81f, 0xf81f, 0xf81f, 0xf81f, 0xf81f, 0xf81f, 0xf81f, 0xf81f, 0xf81f, 0xf81f,
0x0820, 0x0020, 0x9480, 0xad60, 0xb580, 0xb580, 0x94a0, 0x0000, 0x0820, 0xf81f,
0xf81f, 0xf81f, 0xf81f, 0xf81f, 0xf81f, 0xf81f, 0xf81f, 0xf81f, 0xf81f, 0xf81f,

0xf81f, 0xf81f, 0xf81f, 0xf81f, 0xf81f, 0xf81f, 0xf81f, 0xf81f, 0xf81f, 0xf81f,
0xf81f, 0x0820, 0x0020, 0x9480, 0xad60, 0x8c60, 0x0000, 0x0820, 0xf81f, 0xf81f,
0xf81f, 0xf81f, 0xf81f, 0xf81f, 0xf81f, 0xf81f, 0xf81f, 0xf81f, 0xf81f, 0xf81f,

0xf81f, 0xf81f, 0xf81f, 0xf81f, 0xf81f, 0xf81f, 0xf81f, 0xf81f, 0xf81f, 0xf81f,
0xf81f, 0xf81f, 0x0820, 0x0020, 0x6b40, 0x0000, 0x0820, 0xf81f, 0xf81f, 0xf81f,
0xf81f, 0xf81f, 0xf81f, 0xf81f, 0xf81f, 0xf81f, 0xf81f, 0xf81f, 0xf81f, 0xf81f,

0xf81f, 0xf81f, 0xf81f, 0xf81f, 0xf81f, 0xf81f, 0xf81f, 0xf81f, 0xf81f, 0xf81f,
0xf81f, 0xf81f, 0xf81f, 0x0820, 0x0000, 0x0820, 0xf81f, 0xf81f, 0xf81f, 0xf81f,
0xf81f, 0xf81f, 0xf81f, 0xf81f, 0xf81f, 0xf81f, 0xf81f, 0xf81f, 0xf81f, 0xf81f,

0xf81f, 0xf81f, 0xf81f, 0xf81f, 0xf81f, 0xf81f, 0xf81f, 0xf81f, 0xf81f, 0xf81f,
0xf81f, 0xf81f, 0xf81f, 0xf81f, 0x1041, 0xf81f, 0xf81f, 0xf81f, 0xf81f, 0xf81f,
0xf81f, 0xf81f, 0xf81f, 0xf81f, 0xf81f, 0xf81f, 0xf81f, 0xf81f, 0xf81f, 0xf81f,

0xf81f, 0xf81f, 0xf81f, 0xf81f, 0xf81f, 0xf81f, 0xf81f, 0xf81f, 0xf81f, 0xf81f,
0xf81f, 0xf81f, 0xf81f, 0xf81f, 0xf81f, 0xf81f, 0xf81f, 0xf81f, 0xf81f, 0xf81f,
0xf81f, 0xf81f, 0xf81f, 0xf81f, 0xf81f, 0xf81f, 0xf81f, 0xf81f, 0xf81f, 0xf81f,

0xf81f, 0xf81f, 0xf81f, 0xf81f, 0xf81f, 0xf81f, 0xf81f, 0x1882, 0x0000, 0x0000,
0x0000, 0x0000, 0x0000, 0x0000, 0x0000, 0x0000, 0x0000, 0x0000, 0x0000, 0x0000,
0x0000, 0x1041, 0xf81f, 0xf81f, 0xf81f, 0xf81f, 0xf81f, 0xf81f, 0xf81f, 0xf81f,

0xf81f, 0xf81f, 0xf81f, 0xf81f, 0xf81f, 0xf81f, 0x1882, 0x0000, 0x1a23, 0x1aa2,
0x1aa2, 0x1aa2, 0x1aa2, 0x1aa2, 0x1aa2, 0x1aa2, 0x1aa2, 0x1aa2, 0x1aa2, 0x1aa2,
0x1a62, 0x0000, 0x1041, 0xf81f, 0xf81f, 0xf81f, 0xf81f, 0xf81f, 0xf81f, 0xf81f,

0xf81f, 0xf81f, 0xf81f, 0xf81f, 0xf81f, 0x1882, 0x0000, 0x644b, 0x976f, 0x4f25,
0x4f25, 0x4f25, 0x4f25, 0x4f25, 0x4f25, 0x4f25, 0x4f25, 0x4f25, 0x4f25, 0x4f25,
0x5f27, 0x54a8, 0x0000, 0x1041, 0xf81f, 0xf81f, 0xf81f, 0xf81f, 0xf81f, 0xf81f,

0xf81f, 0xf81f, 0xf81f, 0xf81f, 0x1882, 0x0000, 0x644b, 0xdfda, 0x9770, 0x4f25,
0x4f25, 0x4f25, 0x4f25, 0x4f25, 0x4f25, 0x4f25, 0x4f25, 0x4f25, 0x4f25, 0x4f25,
0x5726, 0x876d, 0x54a9, 0x0000, 0x1061, 0xf81f, 0xf81f, 0xf81f, 0xf81f, 0xf81f,

0xf81f, 0xf81f, 0xf81f, 0x1882, 0x0000, 0x644b, 0xdfda, 0xdfda, 0x8f6f, 0x4f25,
0x4f25, 0x4f25, 0x4f25, 0x4f25, 0x4f25, 0x4f25, 0x4f25, 0x4f25, 0x4f25, 0x4f25,
0x4f25, 0x6f4a, 0x8f6e, 0x54a9, 0x0000, 0x1061, 0xf81f, 0xf81f, 0xf81f, 0xf81f,

0xf81f, 0xf81f, 0x1882, 0x0000, 0x644b, 0xdfda, 0xdfda, 0xd7d9, 0x7f6d, 0x4f25,
0x4f25, 0x4f25, 0x4f25, 0x4f25, 0x4f25, 0x4f25, 0x4f25, 0x4f25, 0x4f25, 0x4f25,
0x4f25, 0x5727, 0x774b, 0x9770, 0x5c89, 0x0000, 0x1861, 0xf81f, 0xf81f, 0xf81f,

0xf81f, 0x1882, 0x0000, 0x644b, 0xdfda, 0xdfda, 0xd7d9, 0xb7b5, 0x774b, 0x4f25,
0x4f25, 0x4f25, 0x4f25, 0x4f25, 0x4f25, 0x4f25, 0x4f25, 0x4f25, 0x4f25, 0x4f25,
0x4f25, 0x4f25, 0x5f28, 0x7f4c, 0x9f91, 0x5c8a, 0x0000, 0x1861, 0xf81f, 0xf81f,

0x1882, 0x0000, 0x644b, 0xdfda, 0xdfda, 0xd7d9, 0xb7b5, 0x9f91, 0x6749, 0x4f25,
0x4f25, 0x4f25, 0x4f25, 0x4f25, 0x4f25, 0x4f25, 0x4f25, 0x4f25, 0x4f25, 0x4f25,
0x4f25, 0x4f25, 0x4f25, 0x6749, 0x876e, 0xa792, 0x5c6a, 0x0000, 0x1861, 0xf81f,

0x0000, 0x1a23, 0x976f, 0x9770, 0x8f6f, 0x7f6d, 0x774b, 0x6749, 0x3ea4, 0x2662,
0x2662, 0x2662, 0x2642, 0x2642, 0x2642, 0x2622, 0x2622, 0x2602, 0x2602, 0x25e2,
0x3643, 0x2662, 0x2662, 0x2e63, 0x3e65, 0x4e67, 0x5e8a, 0x1aa2, 0x0000, 0xf81f,

0x0000, 0x1aa1, 0x4f25, 0x4f25, 0x4f25, 0x4f25, 0x4f25, 0x4f25, 0x2642, 0x05a0,
0x05a0, 0x05a0, 0x0580, 0x0560, 0x0540, 0x0520, 0x0500, 0x04e0, 0x04c0, 0x04a0,
0x1d81, 0x05a0, 0x05a0, 0x0580, 0x0540, 0x0500, 0x04c0, 0x1361, 0x0000, 0xf81f,

0x0000, 0x1a81, 0x4f25, 0x4f25, 0x4f25, 0x4f25, 0x4f25, 0x4f25, 0x2642, 0x05a0,
0x05a0, 0x0580, 0x0560, 0x0540, 0x0520, 0x0500, 0x04e0, 0x04c0, 0x04a0, 0x0480,
0x1d61, 0x05a0, 0x05a0, 0x0560, 0x0520, 0x04e0, 0x04a0, 0x1341, 0x0000, 0xf81f,

0x0000, 0x1a81, 0x4f25, 0x4f25, 0x4f25, 0x4f25, 0x4f25, 0x4f25, 0x2642, 0x05a0,
0x0580, 0x0560, 0x0540, 0x0520, 0x0500, 0x04e0, 0x04c0, 0x04a0, 0x0480, 0x0460,
0x1d61, 0x05a0, 0x0580, 0x0540, 0x0500, 0x04c0, 0x0480, 0x1341, 0x0000, 0xf81f,

0x0000, 0x1a81, 0x4f25, 0x4f25, 0x4f25, 0x4f25, 0x4f25, 0x4f25, 0x2642, 0x0580,
0x0560, 0x0540, 0x0520, 0x0500, 0x04e0, 0x04c0, 0x04a0, 0x0480, 0x0480, 0x0460,
0x1d41, 0x05a0, 0x0540, 0x0500, 0x04c0, 0x0480, 0x0440, 0x1321, 0x0000, 0xf81f,

0x0000, 0x1a61, 0x4f25, 0x4f25, 0x4f25, 0x4f25, 0x4f25, 0x4f25, 0x2622, 0x0560,
0x0540, 0x0520, 0x0500, 0x04e0, 0x04c0, 0x04a0, 0x04a0, 0x0480, 0x0460, 0x0440,
0x1d41, 0x0560, 0x0520, 0x04e0, 0x04a0, 0x0460, 0x0420, 0x1321, 0x0000, 0xf81f,

0x0000, 0x1a61, 0x4f25, 0x4f25, 0x4f25, 0x4f25, 0x4f25, 0x4f25, 0x2622, 0x0540,
0x0520, 0x0500, 0x04e0, 0x04c0, 0x04c0, 0x04a0, 0x0480, 0x0460, 0x0440, 0x0420,
0x1d21, 0x0540, 0x0500, 0x04c0, 0x0480, 0x0440, 0x0400, 0x1301, 0x0000, 0xf81f,

0x0000, 0x1a61, 0x4f25, 0x4f25, 0x4f25, 0x4f25, 0x4f25, 0x4f25, 0x2602, 0x0520,
0x0500, 0x04e0, 0x04c0, 0x04c0, 0x04a0, 0x0480, 0x0460, 0x0440, 0x0420, 0x0400,
0x1d21, 0x0520, 0x04e0, 0x04a0, 0x0460, 0x0420, 0x03e0, 0x1301, 0x0000, 0xf81f,

0x0000, 0x1a61, 0x4f25, 0x4f25, 0x4f25, 0x4f25, 0x4f25, 0x4f25, 0x2602, 0x0500,
0x04e0, 0x04e0, 0x04c0, 0x04a0, 0x0480, 0x0460, 0x0440, 0x0420, 0x0400, 0x03e0,
0x1d01, 0x0500, 0x04c0, 0x0480, 0x0440, 0x0400, 0x03c0, 0x1301, 0x0000, 0xf81f,

0x0000, 0x1241, 0x4f25, 0x4f25, 0x4f25, 0x4f25, 0x4f25, 0x4f25, 0x25e2, 0x0500,
0x04e0, 0x04c0, 0x04a0, 0x0480, 0x0460, 0x0440, 0x0420, 0x0400, 0x03e0, 0x03c0,
0x1ce1, 0x04e0, 0x04a0, 0x0460, 0x0420, 0x03e0, 0x03a0, 0x12e1, 0x0000, 0xf81f,

0x0000, 0x1241, 0x4f25, 0x4f25, 0x4f25, 0x4f25, 0x4f25, 0x4f25, 0x25e2, 0x04e0,
0x04c0, 0x04a0, 0x0480, 0x0460, 0x0440, 0x0420, 0x0400, 0x03e0, 0x03c0, 0x03a0,
0x1ce1, 0x04c0, 0x0480, 0x0440, 0x0400, 0x03c0, 0x0380, 0x12e1, 0x0000, 0xf81f,

0x0000, 0x1241, 0x4f25, 0x4f25, 0x4f25, 0x4f25, 0x4f25, 0x4f25, 0x25c2, 0x04c0,
0x04a0, 0x0480, 0x0460, 0x0440, 0x0420, 0x0400, 0x03e0, 0x03c0, 0x03a0, 0x0380,
0x1cc1, 0x04a0, 0x0460, 0x0420, 0x03e0, 0x0380, 0x0360, 0x12e1, 0x0000, 0xf81f,

0x0000, 0x1181, 0x6f2a, 0x6729, 0x5726, 0x4f25, 0x4f25, 0x4f25, 0x2e43, 0x1dc2,
0x1dc2, 0x1da2, 0x1da2, 0x1da2, 0x1d82, 0x1d82, 0x1d62, 0x1d42, 0x1d42, 0x1d22,
0x2da3, 0x25c2, 0x25a2, 0x2d83, 0x3da5, 0x45a7, 0x55c9, 0x1a62, 0x0000, 0xf81f,

0x2082, 0x0000, 0x3b46, 0x9770, 0x7f4c, 0x5f28, 0x4f25, 0x4f25, 0x2642, 0x05a0,
0x05a0, 0x05a0, 0x05a0, 0x05a0, 0x0560, 0x0540, 0x0500, 0x04e0, 0x04a0, 0x0480,
0x1d62, 0x4f25, 0x4f26, 0x6749, 0x7f4d, 0x9770, 0x4be8, 0x0000, 0x1882, 0xf81f,

0xf81f, 0x2082, 0x0000, 0x4387, 0x9770, 0x7f4d, 0x6729, 0x4f25, 0x2642, 0x05a0,
0x05a0, 0x05a0, 0x05a0, 0x0560, 0x0540, 0x0500, 0x04e0, 0x04a0, 0x0480, 0x0440,
0x1d42, 0x4f25, 0x5f28, 0x774c, 0x8f6f, 0x4c08, 0x0000, 0x1861, 0xf81f, 0xf81f,

0xf81f, 0xf81f, 0x2082, 0x0000, 0x4ba8, 0x9f71, 0x876d, 0x6749, 0x2642, 0x05a0,
0x05a0, 0x05a0, 0x0560, 0x0540, 0x0500, 0x04e0, 0x04a0, 0x0480, 0x0440, 0x0420,
0x1d22, 0x5f27, 0x774b, 0x8f6e, 0x4c08, 0x0000, 0x1861, 0xf81f, 0xf81f, 0xf81f,

0xf81f, 0xf81f, 0xf81f, 0x2082, 0x0000, 0x53e8, 0x9f91, 0x876e, 0x3664, 0x05a0,
0x05a0, 0x0560, 0x0540, 0x0500, 0x04e0, 0x04a0, 0x0480, 0x0440, 0x0420, 0x03e0,
0x2502, 0x6f4a, 0x876e, 0x4c28, 0x0000, 0x1861, 0xf81f, 0xf81f, 0xf81f, 0xf81f,

0xf81f, 0xf81f, 0xf81f, 0xf81f, 0x1882, 0x0000, 0x5429, 0xa792, 0x4686, 0x05a0,
0x0560, 0x0540, 0x0500, 0x04e0, 0x04a0, 0x0480, 0x0440, 0x0420, 0x03e0, 0x03c0,
0x2d03, 0x7f4d, 0x4c28, 0x0000, 0x1861, 0xf81f, 0xf81f, 0xf81f, 0xf81f, 0xf81f,

0xf81f, 0xf81f, 0xf81f, 0xf81f, 0xf81f, 0x1861, 0x0000, 0x5c6a, 0x56a8, 0x0560,
0x0540, 0x0500, 0x04e0, 0x04a0, 0x0480, 0x0440, 0x0420, 0x03e0, 0x03c0, 0x0380,
0x3504, 0x4c48, 0x0000, 0x1861, 0xf81f, 0xf81f, 0xf81f, 0xf81f, 0xf81f, 0xf81f,

0xf81f, 0xf81f, 0xf81f, 0xf81f, 0xf81f, 0xf81f, 0x1861, 0x0000, 0x1ae2, 0x13a1,
0x1381, 0x1381, 0x1361, 0x1361, 0x1341, 0x1321, 0x1321, 0x1301, 0x1301, 0x12e1,
0x1281, 0x0000, 0x1861, 0xf81f, 0xf81f, 0xf81f, 0xf81f, 0xf81f, 0xf81f, 0xf81f,

0xf81f, 0xf81f, 0xf81f, 0xf81f, 0xf81f, 0xf81f, 0xf81f, 0x1861, 0x0000, 0x0000,
0x0000, 0x0000, 0x0000, 0x0000, 0x0000, 0x0000, 0x0000, 0x0000, 0x0000, 0x0000,
0x0000, 0x1061, 0xf81f, 0xf81f, 0xf81f, 0xf81f, 0xf81f, 0xf81f, 0xf81f, 0xf81f,

0xf81f, 0xf81f, 0xf81f, 0xf81f, 0xf81f, 0xf81f, 0xf81f, 0xf81f, 0xf81f, 0xf81f,
0xf81f, 0xf81f, 0xf81f, 0xf81f, 0xf81f, 0xf81f, 0xf81f, 0xf81f, 0xf81f, 0xf81f,
0xf81f, 0xf81f, 0xf81f, 0xf81f, 0xf81f, 0xf81f, 0xf81f, 0xf81f, 0xf81f, 0xf81f,

0xf81f, 0xf81f, 0xf81f, 0xf81f, 0xf81f, 0xf81f, 0xf81f, 0xf81f, 0xf81f, 0xcd91,
0x0000, 0x0000, 0x0000, 0x0000, 0x0000, 0x0000, 0x0000, 0x0000, 0x0000, 0x0000,
0xac0a, 0xf81f, 0xf81f, 0xf81f, 0xf81f, 0xf81f, 0xf81f, 0xf81f, 0xf81f, 0xf81f,

0xf81f, 0xf81f, 0xf81f, 0xf81f, 0xf81f, 0xf81f, 0xf81f, 0xf81f, 0xf81f, 0xcd91,
0x0000, 0x0000, 0x0000, 0x0000, 0x0000, 0x0000, 0x0000, 0x0000, 0x0000, 0x0000,
0xac0a, 0xf81f, 0xf81f, 0xf81f, 0xf81f, 0xf81f, 0xf81f, 0xf81f, 0xf81f, 0xf81f,

0xf81f, 0xf81f, 0xf81f, 0xf81f, 0xf81f, 0xf81f, 0xf81f, 0xf81f, 0xf81f, 0xcd91,
0x0000, 0x0000, 0x0000, 0x0000, 0x0000, 0x0000, 0x0000, 0x0000, 0x0000, 0x0000,
0xac0a, 0xf81f, 0xf81f, 0xf81f, 0xf81f, 0xf81f, 0xf81f, 0xf81f, 0xf81f, 0xf81f,

0xf81f, 0xf81f, 0xf81f, 0xf81f, 0xf81f, 0xf81f, 0xf81f, 0xf81f, 0xf81f, 0xcd91,
0x0000, 0x0000, 0x0000, 0x8410, 0xb596, 0xb596, 0xb596, 0x0000, 0x0000, 0x0000,
0xac0a, 0xf81f, 0xf81f, 0xf81f, 0xf81f, 0xf81f, 0xf81f, 0xf81f, 0xf81f, 0xf81f,

0xf81f, 0xf81f, 0xf81f, 0xf81f, 0xf81f, 0xf81f, 0xf81f, 0xf81f, 0xf81f, 0xcd91,
0x0000, 0x0000, 0x0000, 0xb596, 0xffff, 0xffff, 0xffff, 0x0000, 0x0000, 0x0000,
0xac0a, 0xf81f, 0xf81f, 0xf81f, 0xf81f, 0xf81f, 0xf81f, 0xf81f, 0xf81f, 0xf81f,

0xf81f, 0xf81f, 0xf81f, 0xf81f, 0xf81f, 0xf81f, 0xf81f, 0xf81f, 0xf81f, 0xcd91,
0x0000, 0x0000, 0x0000, 0xb596, 0xffff, 0xffff, 0xffff, 0x0000, 0x0000, 0x0000,
0xac0a, 0xf81f, 0xf81f, 0xf81f, 0xf81f, 0xf81f, 0xf81f, 0xf81f, 0xf81f, 0xf81f,

0xf81f, 0xf81f, 0xf81f, 0xf81f, 0xf81f, 0xf81f, 0xf81f, 0xf81f, 0xf81f, 0xcd91,
0x0000, 0x0000, 0x0000, 0xb596, 0xffff, 0xffff, 0xffff, 0x0000, 0x0000, 0x0000,
0xac0a, 0xf81f, 0xf81f, 0xf81f, 0xf81f, 0xf81f, 0xf81f, 0xf81f, 0xf81f, 0xf81f,

0xf81f, 0xf81f, 0xf81f, 0xf81f, 0xf81f, 0xf81f, 0xf81f, 0xf81f, 0xf81f, 0xcd91,
0x0000, 0x0000, 0x0000, 0x0000, 0x0000, 0x0000, 0x0000, 0x0000, 0x0000, 0x0000,
0xac0a, 0xf81f, 0xf81f, 0xf81f, 0xf81f, 0xf81f, 0xf81f, 0xf81f, 0xf81f, 0xf81f,

0xf81f, 0xf81f, 0xf81f, 0xf81f, 0xf81f, 0xf81f, 0xf81f, 0xf81f, 0xf81f, 0xcd91,
0x0000, 0x0000, 0x0000, 0x0000, 0x0000, 0x0000, 0x0000, 0x0000, 0x0000, 0x0000,
0xac0a, 0xf81f, 0xf81f, 0xf81f, 0xf81f, 0xf81f, 0xf81f, 0xf81f, 0xf81f, 0xf81f,

0xf81f, 0xf81f, 0xf81f, 0xf81f, 0xf81f, 0xf81f, 0xf81f, 0xf81f, 0xf81f, 0xcd91,
0x0000, 0x0000, 0x0000, 0x0000, 0x0000, 0x0000, 0x0000, 0x0000, 0x0000, 0x0000,
0xac0a, 0xf81f, 0xf81f, 0xf81f, 0xf81f, 0xf81f, 0xf81f, 0xf81f, 0xf81f, 0xf81f,

0xf81f, 0xf81f, 0xf81f, 0xf81f, 0xf81f, 0xf81f, 0xf81f, 0xf81f, 0xf81f, 0xcd91,
0x0000, 0x0000, 0x0000, 0x0000, 0x0000, 0x0000, 0x0000, 0x0000, 0x0000, 0x0000,
0xac0a, 0xf81f, 0xf81f, 0xf81f, 0xf81f, 0xf81f, 0xf81f, 0xf81f, 0xf81f, 0xf81f,

0xf81f, 0xf81f, 0xf81f, 0xf81f, 0xf81f, 0xf81f, 0xf81f, 0xf81f, 0xf81f, 0xcd91,
0x0000, 0x0000, 0x0000, 0x0000, 0x0000, 0x0000, 0x0000, 0x0000, 0x0000, 0x0000,
0xac0a, 0xf81f, 0xf81f, 0xf81f, 0xf81f, 0xf81f, 0xf81f, 0xf81f, 0xf81f, 0xf81f,

0xf81f, 0xf81f, 0xf81f, 0xf81f, 0xf81f, 0xf81f, 0xf81f, 0xf81f, 0xf81f, 0xcd91,
0x0000, 0x0000, 0x0000, 0x0000, 0x0000, 0x0000, 0x0000, 0x0000, 0x0000, 0x0000,
0xac0a, 0xf81f, 0xf81f, 0xf81f, 0xf81f, 0xf81f, 0xf81f, 0xf81f, 0xf81f, 0xf81f,

0xf81f, 0xf81f, 0xf81f, 0xf81f, 0xf81f, 0xf81f, 0xf81f, 0xf81f, 0xf81f, 0xcd91,
0x0000, 0x0000, 0x0000, 0x8410, 0xb596, 0xb596, 0xb596, 0x0000, 0x0000, 0x0000,
0xac0a, 0xf81f, 0xf81f, 0xf81f, 0xf81f, 0xf81f, 0xf81f, 0xf81f, 0xf81f, 0xf81f,

0xf81f, 0xf81f, 0xf81f, 0xf81f, 0xf81f, 0xf81f, 0xf81f, 0xf81f, 0xf81f, 0xcd91,
0x0000, 0x0000, 0x0000, 0xb596, 0xffff, 0xffff, 0xffff, 0x0000, 0x0000, 0x0000,
0xac0a, 0xf81f, 0xf81f, 0xf81f, 0xf81f, 0xf81f, 0xf81f, 0xf81f, 0xf81f, 0xf81f,

0xf81f, 0xf81f, 0xf81f, 0xf81f, 0xf81f, 0xf81f, 0xf81f, 0xf81f, 0xf81f, 0xcd91,
0x0000, 0x0000, 0x0000, 0xb596, 0xffff, 0xffff, 0xffff, 0x0000, 0x0000, 0x0000,
0xac0a, 0xf81f, 0xf81f, 0xf81f, 0xf81f, 0xf81f, 0xf81f, 0xf81f, 0xf81f, 0xf81f,

0xf81f, 0xf81f, 0xf81f, 0xf81f, 0xf81f, 0xf81f, 0xf81f, 0xf81f, 0xf81f, 0xcd91,
0x0000, 0x0000, 0x0000, 0xb596, 0xffff, 0xffff, 0xffff, 0x0000, 0x0000, 0x0000,
0xac0a, 0xf81f, 0xf81f, 0xf81f, 0xf81f, 0xf81f, 0xf81f, 0xf81f, 0xf81f, 0xf81f,

0xf81f, 0xf81f, 0xf81f, 0xf81f, 0xf81f, 0xf81f, 0xf81f, 0xf81f, 0xf81f, 0xcd91,
0x0000, 0x0000, 0x0000, 0x0000, 0x0000, 0x0000, 0x0000, 0x0000, 0x0000, 0x0000,
0xac0a, 0xf81f, 0xf81f, 0xf81f, 0xf81f, 0xf81f, 0xf81f, 0xf81f, 0xf81f, 0xf81f,

0xf81f, 0xf81f, 0xf81f, 0xf81f, 0xf81f, 0xf81f, 0xf81f, 0xf81f, 0xf81f, 0xcd91,
0x0000, 0x0000, 0x0000, 0x0000, 0x0000, 0x0000, 0x0000, 0x0000, 0x0000, 0x0000,
0xac0a, 0xf81f, 0xf81f, 0xf81f, 0xf81f, 0xf81f, 0xf81f, 0xf81f, 0xf81f, 0xf81f,

0xf81f, 0xf81f, 0xf81f, 0xf81f, 0xf81f, 0xf81f, 0xf81f, 0xf81f, 0xf81f, 0xcd91,
0x0000, 0x0000, 0x0000, 0x0000, 0x0000, 0x0000, 0x0000, 0x0000, 0x0000, 0x0000,
0xac0a, 0xf81f, 0xf81f, 0xf81f, 0xf81f, 0xf81f, 0xf81f, 0xf81f, 0xf81f, 0xf81f,

0xf81f, 0xf81f, 0xf81f, 0xf81f, 0xf81f, 0xf81f, 0xf81f, 0xf81f, 0xf81f, 0xcd91,
0xac0a, 0xac0a, 0xac0a, 0xac0a, 0xac0a, 0xac0a, 0xac0a, 0xac0a, 0xac0a, 0xac0a,
0xac0a, 0xf81f, 0xf81f, 0xf81f, 0xf81f, 0xf81f, 0xf81f, 0xf81f, 0xf81f, 0xf81f,

0xf81f, 0xf81f, 0xf81f, 0xf81f, 0xf81f, 0xf81f, 0xf81f, 0xf81f, 0xf81f, 0xf81f,
0xf81f, 0xf81f, 0xf81f, 0xf81f, 0xf81f, 0xf81f, 0xf81f, 0xf81f, 0xf81f, 0xf81f,
0xf81f, 0xf81f, 0xf81f, 0xf81f, 0xf81f, 0xf81f, 0xf81f, 0xf81f, 0xf81f, 0xf81f,

0xf81f, 0xf81f, 0xf81f, 0xf81f, 0xf81f, 0xf81f, 0xf81f, 0xf81f, 0xf81f, 0xf81f,
0xf81f, 0xf81f, 0xf81f, 0xf81f, 0xf81f, 0xf81f, 0xf81f, 0xf81f, 0xf81f, 0xf81f,
0xf81f, 0xf81f, 0xf81f, 0xf81f, 0xf81f, 0xf81f, 0xf81f, 0xf81f, 0xf81f, 0xf81f,

0xf81f, 0xf81f, 0xf81f, 0xf81f, 0xf81f, 0xf81f, 0xf81f, 0xf81f, 0xf81f, 0xf81f,
0xf81f, 0xf81f, 0xf81f, 0xf81f, 0xf81f, 0xf81f, 0xf81f, 0xf81f, 0xf81f, 0xf81f,
0xf81f, 0xf81f, 0xf81f, 0xf81f, 0xf81f, 0xf81f, 0xf81f, 0xf81f, 0xf81f, 0xf81f,

0xf81f, 0xf81f, 0xf81f, 0xf81f, 0xf81f, 0xf81f, 0xf81f, 0xf81f, 0xf81f, 0xf81f,
0xf81f, 0xf81f, 0xf81f, 0xf81f, 0xf81f, 0xf81f, 0xf81f, 0xf81f, 0xf81f, 0xf81f,
0xf81f, 0xf81f, 0xf81f, 0xf81f, 0xf81f, 0xf81f, 0xf81f, 0xf81f, 0xf81f, 0xf81f,

0xf81f, 0xf81f, 0xf81f, 0xf81f, 0xf81f, 0xf81f, 0xf81f, 0xf81f, 0xf81f, 0xf81f,
0xf81f, 0xf81f, 0xf81f, 0xf81f, 0xf81f, 0xf81f, 0xf81f, 0xf81f, 0xf81f, 0xf81f,
0xf81f, 0xf81f, 0xf81f, 0xf81f, 0xf81f, 0xf81f, 0xf81f, 0xf81f, 0xf81f, 0xf81f,

0xf81f, 0xf81f, 0xf81f, 0xf81f, 0xf81f, 0xf81f, 0xf81f, 0xf81f, 0xf81f, 0xf81f,
0xf81f, 0xf81f, 0xf81f, 0xf81f, 0xf81f, 0xf81f, 0xf81f, 0xf81f, 0xf81f, 0xf81f,
0xf81f, 0xf81f, 0xf81f, 0xf81f, 0xf81f, 0xf81f, 0xf81f, 0xf81f, 0xf81f, 0xf81f,

0xf81f, 0xf81f, 0xf81f, 0xf81f, 0xf81f, 0xf81f, 0xf81f, 0xf81f, 0xf81f, 0xf81f,
0xf81f, 0xf81f, 0xf81f, 0xf81f, 0xf81f, 0xf81f, 0xf81f, 0xf81f, 0xf81f, 0xf81f,
0xf81f, 0xf81f, 0xf81f, 0xf81f, 0xf81f, 0xf81f, 0xf81f, 0xf81f, 0xf81f, 0xf81f,

0xf81f, 0xf81f, 0xf81f, 0xf81f, 0xf81f, 0xf81f, 0xf81f, 0xf81f, 0xf81f, 0xf81f,
0xf81f, 0xf81f, 0xf81f, 0xf81f, 0xf81f, 0xf81f, 0xf81f, 0xf81f, 0xf81f, 0xf81f,
0xf81f, 0xf81f, 0xf81f, 0xf81f, 0xf81f, 0xf81f, 0xf81f, 0xf81f, 0xf81f, 0xf81f,

0xf81f, 0xf81f, 0xf81f, 0xf81f, 0xf81f, 0xf81f, 0xf81f, 0xf81f, 0xf81f, 0xf81f,
0xf81f, 0xf81f, 0xf81f, 0xf81f, 0xf81f, 0xf81f, 0xf81f, 0xf81f, 0xf81f, 0xf81f,
0xf81f, 0xf81f, 0xf81f, 0xf81f, 0xf81f, 0xf81f, 0xf81f, 0xf81f, 0xf81f, 0xf81f,

0xf81f, 0xf81f, 0xf81f, 0xf81f, 0xf81f, 0xf81f, 0xf81f, 0xf81f, 0xf81f, 0xf81f,
0xf81f, 0xf81f, 0xf81f, 0xf81f, 0xf81f, 0xf81f, 0xf81f, 0xf81f, 0xf81f, 0xf81f,
0xf81f, 0xf81f, 0xf81f, 0xf81f, 0xf81f, 0xf81f, 0xf81f, 0xf81f, 0xf81f, 0xf81f,

0xf81f, 0xf81f, 0xf81f, 0xf81f, 0xf81f, 0xf81f, 0xf81f, 0xf81f, 0xf81f, 0xf81f,
0xf81f, 0xf81f, 0xf81f, 0xf81f, 0xf81f, 0xf81f, 0xf81f, 0xf81f, 0xf81f, 0xf81f,
0xf81f, 0xf81f, 0xf81f, 0xf81f, 0xf81f, 0xf81f, 0xf81f, 0xf81f, 0xf81f, 0xf81f,

0xf81f, 0xf81f, 0xf81f, 0xf81f, 0xf81f, 0xf81f, 0xf81f, 0xf81f, 0xf81f, 0xf81f,
0xf81f, 0xf81f, 0xf81f, 0xf81f, 0xf81f, 0xf81f, 0xf81f, 0xf81f, 0xf81f, 0xf81f,
0xf81f, 0xf81f, 0xf81f, 0xf81f, 0xf81f, 0xf81f, 0xf81f, 0xf81f, 0xf81f, 0xf81f,

0xf81f, 0xf81f, 0xf81f, 0xf81f, 0xf81f, 0xf81f, 0xf81f, 0xf81f, 0xf81f, 0xf81f,
0xf81f, 0xf81f, 0xf81f, 0xf81f, 0xf81f, 0xf81f, 0xf81f, 0xf81f, 0xf81f, 0xf81f,
0xf81f, 0xf81f, 0xf81f, 0xf81f, 0xf81f, 0xf81f, 0xf81f, 0xf81f, 0xf81f, 0xf81f,

0xf81f, 0xf81f, 0xf81f, 0xf81f, 0xf81f, 0xf81f, 0xf81f, 0xf81f, 0xf81f, 0xf81f,
0xf81f, 0xf81f, 0xf81f, 0xf81f, 0xf81f, 0xf81f, 0xf81f, 0xf81f, 0xf81f, 0xf81f,
0xf81f, 0xf81f, 0xf81f, 0xf81f, 0xf81f, 0xf81f, 0xf81f, 0xf81f, 0xf81f, 0xf81f,

0xf81f, 0xf81f, 0xf81f, 0xf81f, 0xf81f, 0xf81f, 0xf81f, 0xf81f, 0xf81f, 0xf81f,
0xf81f, 0xf81f, 0xf81f, 0xf81f, 0xf81f, 0xf81f, 0xf81f, 0xf81f, 0xf81f, 0xf81f,
0xf81f, 0xf81f, 0xf81f, 0xf81f, 0xf81f, 0xf81f, 0xf81f, 0xf81f, 0xf81f, 0xf81f,

0xf81f, 0xf81f, 0xf81f, 0xf81f, 0xf81f, 0xf81f, 0xf81f, 0xf81f, 0xf81f, 0xf81f,
0xf81f, 0xf81f, 0xf81f, 0xf81f, 0xf81f, 0xf81f, 0xf81f, 0xf81f, 0xf81f, 0xf81f,
0xf81f, 0xf81f, 0xf81f, 0xf81f, 0xf81f, 0xf81f, 0xf81f, 0xf81f, 0xf81f, 0xf81f,

0xf81f, 0xf81f, 0xf81f, 0xf81f, 0xf81f, 0xf81f, 0xf81f, 0xf81f, 0xf81f, 0xf81f,
0xf81f, 0xf81f, 0xf81f, 0xf81f, 0xf81f, 0xf81f, 0xf81f, 0xf81f, 0xf81f, 0xf81f,
0xf81f, 0xf81f, 0xf81f, 0xf81f, 0xf81f, 0xf81f, 0xf81f, 0xf81f, 0xf81f, 0xf81f,

0xf81f, 0xf81f, 0xf81f, 0xf81f, 0xf81f, 0xf81f, 0xf81f, 0xf81f, 0xf81f, 0xf81f,
0xf81f, 0xf81f, 0xf81f, 0xf81f, 0xf81f, 0xf81f, 0xf81f, 0xf81f, 0xf81f, 0xf81f,
0xf81f, 0xf81f, 0xf81f, 0xf81f, 0xf81f, 0xf81f, 0xf81f, 0xf81f, 0xf81f, 0xf81f,

0xf81f, 0xf81f, 0xf81f, 0xf81f, 0xf81f, 0xf81f, 0xf81f, 0xf81f, 0xf81f, 0xcd91,
0xcd91, 0xcd91, 0xcd91, 0xcd91, 0xcd91, 0xcd91, 0xcd91, 0xcd91, 0xcd91, 0xcd91,
0xcd91, 0xf81f, 0xf81f, 0xf81f, 0xf81f, 0xf81f, 0xf81f, 0xf81f, 0xf81f, 0xf81f,

0xf81f, 0xf81f, 0xf81f, 0xf81f, 0xf81f, 0xf81f, 0xf81f, 0xf81f, 0xf81f, 0xcd91,
0x0000, 0x0000, 0x0000, 0x0000, 0x0000, 0x0000, 0x0000, 0x0000, 0x0000, 0x0000,
0xac0a, 0xf81f, 0xf81f, 0xf81f, 0xf81f, 0xf81f, 0xf81f, 0xf81f, 0xf81f, 0xf81f,

0xf81f, 0xf81f, 0xf81f, 0xf81f, 0xf81f, 0xf81f, 0xf81f, 0xf81f, 0xf81f, 0xcd91,
0x0000, 0x0000, 0x0000, 0x0000, 0x0000, 0x0000, 0x0000, 0x0000, 0x0000, 0x0000,
0xac0a, 0xf81f, 0xf81f, 0xf81f, 0xf81f, 0xf81f, 0xf81f, 0xf81f, 0xf81f, 0xf81f,

0xf81f, 0xf81f, 0xf81f, 0xf81f, 0xf81f, 0xf81f, 0xf81f, 0xf81f, 0xf81f, 0xcd91,
0x0000, 0x0000, 0x0000, 0x0000, 0x0000, 0x0000, 0x0000, 0x0000, 0x0000, 0x0000,
0xac0a, 0xf81f, 0xf81f, 0xf81f, 0xf81f, 0xf81f, 0xf81f, 0xf81f, 0xf81f, 0xf81f,

0xf81f, 0xf81f, 0xf81f, 0xf81f, 0xf81f, 0xf81f, 0xf81f, 0xf81f, 0xf81f, 0xcd91,
0x0000, 0x0000, 0x0000, 0x8410, 0xb596, 0xb596, 0xb596, 0x0000, 0x0000, 0x0000,
0xac0a, 0xf81f, 0xf81f, 0xf81f, 0xf81f, 0xf81f, 0xf81f, 0xf81f, 0xf81f, 0xf81f,

0xf81f, 0xf81f, 0xf81f, 0xf81f, 0xf81f, 0xf81f, 0xf81f, 0xf81f, 0xf81f, 0xcd91,
0x0000, 0x0000, 0x0000, 0xb596, 0xffff, 0xffff, 0xffff, 0x0000, 0x0000, 0x0000,
0xac0a, 0xf81f, 0xf81f, 0xf81f, 0xf81f, 0xf81f, 0xf81f, 0xf81f, 0xf81f, 0xf81f,

0xf81f, 0xf81f, 0xf81f, 0xf81f, 0xf81f, 0xf81f, 0xf81f, 0xf81f, 0xf81f, 0xcd91,
0x0000, 0x0000, 0x0000, 0xb596, 0xffff, 0xffff, 0xffff, 0x0000, 0x0000, 0x0000,
0xac0a, 0xf81f, 0xf81f, 0xf81f, 0xf81f, 0xf81f, 0xf81f, 0xf81f, 0xf81f, 0xf81f,

0xf81f, 0xf81f, 0xf81f, 0xf81f, 0xf81f, 0xf81f, 0xf81f, 0xf81f, 0xf81f, 0xcd91,
0x0000, 0x0000, 0x0000, 0xb596, 0xffff, 0xffff, 0xffff, 0x0000, 0x0000, 0x0000,
0xac0a, 0xf81f, 0xf81f, 0xf81f, 0xf81f, 0xf81f, 0xf81f, 0xf81f, 0xf81f, 0xf81f,

0xf81f, 0xf81f, 0xf81f, 0xf81f, 0xf81f, 0xf81f, 0xf81f, 0xf81f, 0xf81f, 0xcd91,
0x0000, 0x0000, 0x0000, 0x0000, 0x0000, 0x0000, 0x0000, 0x0000, 0x0000, 0x0000,
0xac0a, 0xf81f, 0xf81f, 0xf81f, 0xf81f, 0xf81f, 0xf81f, 0xf81f, 0xf81f, 0xf81f,

0xf81f, 0xf81f, 0xf81f, 0xf81f, 0xf81f, 0xf81f, 0xf81f, 0xf81f, 0xf81f, 0xcd91,
0x0000, 0x0000, 0x0000, 0x0000, 0x0000, 0x0000, 0x0000, 0x0000, 0x0000, 0x0000,
0xac0a, 0xf81f, 0xf81f, 0xf81f, 0xf81f, 0xf81f, 0xf81f, 0xf81f, 0xf81f, 0xf81f,

0xf81f, 0xf81f, 0xf81f, 0xf81f, 0xf81f, 0xf81f, 0xf81f, 0xf81f, 0xf81f, 0xcd91,
0x0000, 0x0000, 0x0000, 0x0000, 0x0000, 0x0000, 0x0000, 0x0000, 0x0000, 0x0000,
0xac0a, 0xf81f, 0xf81f, 0xf81f, 0xf81f, 0xf81f, 0xf81f, 0xf81f, 0xf81f, 0xf81f,

0xf81f, 0xf81f, 0xf81f, 0xf81f, 0xf81f, 0xf81f, 0xf81f, 0xf81f, 0xf81f, 0xcd91,
0x0000, 0x0000, 0x0000, 0x0000, 0x0000, 0x0000, 0x0000, 0x0000, 0x0000, 0x0000,
0xac0a, 0xf81f, 0xf81f, 0xf81f, 0xf81f, 0xf81f, 0xf81f, 0xf81f, 0xf81f, 0xf81f,

0xf81f, 0xf81f, 0xf81f, 0xf81f, 0xf81f, 0xf81f, 0xf81f, 0xf81f, 0xf81f, 0xcd91,
0x0000, 0x0000, 0x0000, 0x0000, 0x0000, 0x0000, 0x0000, 0x0000, 0x0000, 0x0000,
0xac0a, 0xf81f, 0xf81f, 0xf81f, 0xf81f, 0xf81f, 0xf81f, 0xf81f, 0xf81f, 0xf81f,

0xf81f, 0xf81f, 0xf81f, 0xf81f, 0xf81f, 0xf81f, 0xf81f, 0xf81f, 0xf81f, 0xcd91,
0x0000, 0x0000, 0x0000, 0x0000, 0x0000, 0x0000, 0x0000, 0x0000, 0x0000, 0x0000,
0xac0a, 0xf81f, 0xf81f, 0xf81f, 0xf81f, 0xf81f, 0xf81f, 0xf81f, 0xf81f, 0xf81f,

0xf81f, 0xf81f, 0xf81f, 0xf81f, 0xf81f, 0xf81f, 0xf81f, 0xf81f, 0xf81f, 0xcd91,
0x0000, 0x0000, 0x0000, 0x8410, 0xb596, 0xb596, 0xb596, 0x0000, 0x0000, 0x0000,
0xac0a, 0xf81f, 0xf81f, 0xf81f, 0xf81f, 0xf81f, 0xf81f, 0xf81f, 0xf81f, 0xf81f,

0xf81f, 0xf81f, 0xf81f, 0xf81f, 0xf81f, 0xf81f, 0xf81f, 0xf81f, 0xf81f, 0xcd91,
0x0000, 0x0000, 0x0000, 0xb596, 0xffff, 0xffff, 0xffff, 0x0000, 0x0000, 0x0000,
0xac0a, 0xf81f, 0xf81f, 0xf81f, 0xf81f, 0xf81f, 0xf81f, 0xf81f, 0xf81f, 0xf81f,

0xf81f, 0xf81f, 0xf81f, 0xf81f, 0xf81f, 0xf81f, 0xf81f, 0xf81f, 0xf81f, 0xcd91,
0x0000, 0x0000, 0x0000, 0xb596, 0xffff, 0xffff, 0xffff, 0x0000, 0x0000, 0x0000,
0xac0a, 0xf81f, 0xf81f, 0xf81f, 0xf81f, 0xf81f, 0xf81f, 0xf81f, 0xf81f, 0xf81f,

0xf81f, 0xf81f, 0xf81f, 0xf81f, 0xf81f, 0xf81f, 0xf81f, 0xf81f, 0xf81f, 0xcd91,
0x0000, 0x0000, 0x0000, 0xb596, 0xffff, 0xffff, 0xffff, 0x0000, 0x0000, 0x0000,
0xac0a, 0xf81f, 0xf81f, 0xf81f, 0xf81f, 0xf81f, 0xf81f, 0xf81f, 0xf81f, 0xf81f,

0xf81f, 0xf81f, 0xf81f, 0xf81f, 0xf81f, 0xf81f, 0xf81f, 0xf81f, 0xf81f, 0xcd91,
0x0000, 0x0000, 0x0000, 0x0000, 0x0000, 0x0000, 0x0000, 0x0000, 0x0000, 0x0000,
0xac0a, 0xf81f, 0xf81f, 0xf81f, 0xf81f, 0xf81f, 0xf81f, 0xf81f, 0xf81f, 0xf81f,

0xf81f, 0xf81f, 0xf81f, 0xf81f, 0xf81f, 0xf81f, 0xf81f, 0xf81f, 0xf81f, 0xcd91,
0x0000, 0x0000, 0x0000, 0x0000, 0x0000, 0x0000, 0x0000, 0x0000, 0x0000, 0x0000,
0xac0a, 0xf81f, 0xf81f, 0xf81f, 0xf81f, 0xf81f, 0xf81f, 0xf81f, 0xf81f, 0xf81f,

0xf81f, 0xf81f, 0xf81f, 0xf81f, 0xf81f, 0xf81f, 0xf81f, 0xf81f, 0xf81f, 0xcd91,
0x0000, 0x0000, 0x0000, 0x0000, 0x0000, 0x0000, 0x0000, 0x0000, 0x0000, 0x0000,
0xac0a, 0xf81f, 0xf81f, 0xf81f, 0xf81f, 0xf81f, 0xf81f, 0xf81f, 0xf81f, 0xf81f,

0xf81f, 0xf81f, 0xf81f, 0xf81f, 0xf81f, 0xf81f, 0xf81f, 0xf81f, 0xf81f, 0xcd91,
0x0000, 0x0000, 0x0000, 0x0000, 0x0000, 0x0000, 0x0000, 0x0000, 0x0000, 0x0000,
0xac0a, 0xf81f, 0xf81f, 0xf81f, 0xf81f, 0xf81f, 0xf81f, 0xf81f, 0xf81f, 0xf81f,

0xf81f, 0xf81f, 0xf81f, 0xf81f, 0xf81f, 0xf81f, 0xf81f, 0xf81f, 0xf81f, 0xcd91,
0x0000, 0x0000, 0x0000, 0x0000, 0x0000, 0x0000, 0x0000, 0x0000, 0x0000, 0x0000,
0xac0a, 0xf81f, 0xf81f, 0xf81f, 0xf81f, 0xf81f, 0xf81f, 0xf81f, 0xf81f, 0xf81f,

0xf81f, 0xf81f, 0xf81f, 0xf81f, 0xf81f, 0xf81f, 0xf81f, 0xf81f, 0xf81f, 0xcd91,
0x0000, 0x0000, 0x0000, 0x0000, 0x0000, 0x0000, 0x0000, 0x0000, 0x0000, 0x0000,
0xac0a, 0xf81f, 0xf81f, 0xf81f, 0xf81f, 0xf81f, 0xf81f, 0xf81f, 0xf81f, 0xf81f,

0xf81f, 0xf81f, 0xf81f, 0xf81f, 0xf81f, 0xf81f, 0xf81f, 0xf81f, 0xf81f, 0xcd91,
0x0000, 0x0000, 0x0000, 0x8410, 0xb596, 0xb596, 0xb596, 0x0000, 0x0000, 0x0000,
0xac0a, 0xf81f, 0xf81f, 0xf81f, 0xf81f, 0xf81f, 0xf81f, 0xf81f, 0xf81f, 0xf81f,

0xf81f, 0xf81f, 0xf81f, 0xf81f, 0xf81f, 0xf81f, 0xf81f, 0xf81f, 0xf81f, 0xcd91,
0x0000, 0x0000, 0x0000, 0xb596, 0xffff, 0xffff, 0xffff, 0x0000, 0x0000, 0x0000,
0xac0a, 0xf81f, 0xf81f, 0xf81f, 0xf81f, 0xf81f, 0xf81f, 0xf81f, 0xf81f, 0xf81f,

0xf81f, 0xf81f, 0xf81f, 0xf81f, 0xf81f, 0xf81f, 0xf81f, 0xf81f, 0xf81f, 0xcd91,
0x0000, 0x0000, 0x0000, 0xb596, 0xffff, 0xffff, 0xffff, 0x0000, 0x0000, 0x0000,
0xac0a, 0xf81f, 0xf81f, 0xf81f, 0xf81f, 0xf81f, 0xf81f, 0xf81f, 0xf81f, 0xf81f,

0xf81f, 0xf81f, 0xf81f, 0xf81f, 0xf81f, 0xf81f, 0xf81f, 0xf81f, 0xf81f, 0xcd91,
0x0000, 0x0000, 0x0000, 0xb596, 0xffff, 0xffff, 0xffff, 0x0000, 0x0000, 0x0000,
0xac0a, 0xf81f, 0xf81f, 0xf81f, 0xf81f, 0xf81f, 0xf81f, 0xf81f, 0xf81f, 0xf81f,

0xf81f, 0xf81f, 0xf81f, 0xf81f, 0xf81f, 0xf81f, 0xf81f, 0xf81f, 0xf81f, 0xcd91,
0x0000, 0x0000, 0x0000, 0x0000, 0x0000, 0x0000, 0x0000, 0x0000, 0x0000, 0x0000,
0xac0a, 0xf81f, 0xf81f, 0xf81f, 0xf81f, 0xf81f, 0xf81f, 0xf81f, 0xf81f, 0xf81f,

0xf81f, 0xf81f, 0xf81f, 0xf81f, 0xf81f, 0xf81f, 0xf81f, 0xf81f, 0xf81f, 0xcd91,
0x0000, 0x0000, 0x0000, 0x0000, 0x0000, 0x0000, 0x0000, 0x0000, 0x0000, 0x0000,
0xac0a, 0xf81f, 0xf81f, 0xf81f, 0xf81f, 0xf81f, 0xf81f, 0xf81f, 0xf81f, 0xf81f,

0xf81f, 0xf81f, 0xf81f, 0xf81f, 0xf81f, 0xf81f, 0xf81f, 0xf81f, 0xf81f, 0xcd91,
0x0000, 0x0000, 0x0000, 0x0000, 0x0000, 0x0000, 0x0000, 0x0000, 0x0000, 0x0000,
0xac0a, 0xf81f, 0xf81f, 0xf81f, 0xf81f, 0xf81f, 0xf81f, 0xf81f, 0xf81f, 0xf81f,

0xf81f, 0xf81f, 0xf81f, 0xf81f, 0xf81f, 0xf81f, 0xf81f, 0xf81f, 0xf81f, 0xcd91,
0x0000, 0x0000, 0x0000, 0x0000, 0x0000, 0x0000, 0x0000, 0x0000, 0x0000, 0x0000,
0xac0a, 0xf81f, 0xf81f, 0xf81f, 0xf81f, 0xf81f, 0xf81f, 0xf81f, 0xf81f, 0xf81f,

0xf81f, 0xf81f, 0xf81f, 0xf81f, 0xf81f, 0xf81f, 0xf81f, 0xf81f, 0xf81f, 0xcd91,
0x0000, 0x0000, 0x0000, 0x0000, 0x0000, 0x0000, 0x0000, 0x0000, 0x0000, 0x0000,
0xac0a, 0xf81f, 0xf81f, 0xf81f, 0xf81f, 0xf81f, 0xf81f, 0xf81f, 0xf81f, 0xf81f,

0xf81f, 0xf81f, 0xf81f, 0xf81f, 0xf81f, 0xf81f, 0xf81f, 0xf81f, 0xf81f, 0xcd91,
0x0000, 0x0000, 0x0000, 0x0000, 0x0000, 0x0000, 0x0000, 0x0000, 0x0000, 0x0000,
0xac0a, 0xf81f, 0xf81f, 0xf81f, 0xf81f, 0xf81f, 0xf81f, 0xf81f, 0xf81f, 0xf81f,

0xf81f, 0xf81f, 0xf81f, 0xf81f, 0xf81f, 0xf81f, 0xf81f, 0xf81f, 0xf81f, 0xcd91,
0x0000, 0x0000, 0x0000, 0x8410, 0xb596, 0xb596, 0xb596, 0x0000, 0x0000, 0x0000,
0xac0a, 0xf81f, 0xf81f, 0xf81f, 0xf81f, 0xf81f, 0xf81f, 0xf81f, 0xf81f, 0xf81f,

0xf81f, 0xf81f, 0xf81f, 0xf81f, 0xf81f, 0xf81f, 0xf81f, 0xf81f, 0xf81f, 0xcd91,
0x0000, 0x0000, 0x0000, 0xb596, 0xffff, 0xffff, 0xffff, 0x0000, 0x0000, 0x0000,
0xac0a, 0xf81f, 0xf81f, 0xf81f, 0xf81f, 0xf81f, 0xf81f, 0xf81f, 0xf81f, 0xf81f,

0xf81f, 0xf81f, 0xf81f, 0xf81f, 0xf81f, 0xf81f, 0xf81f, 0xf81f, 0xf81f, 0xcd91,
0x0000, 0x0000, 0x0000, 0xb596, 0xffff, 0xffff, 0xffff, 0x0000, 0x0000, 0x0000,
0xac0a, 0xf81f, 0xf81f, 0xf81f, 0xf81f, 0xf81f, 0xf81f, 0xf81f, 0xf81f, 0xf81f,

0xf81f, 0xf81f, 0xf81f, 0xf81f, 0xf81f, 0xf81f, 0xf81f, 0xf81f, 0xf81f, 0xcd91,
0x0000, 0x0000, 0x0000, 0xb596, 0xffff, 0xffff, 0xffff, 0x0000, 0x0000, 0x0000,
0xac0a, 0xf81f, 0xf81f, 0xf81f, 0xf81f, 0xf81f, 0xf81f, 0xf81f, 0xf81f, 0xf81f,

0xf81f, 0xf81f, 0xf81f, 0xf81f, 0xf81f, 0xf81f, 0xf81f, 0xf81f, 0xf81f, 0xcd91,
0x0000, 0x0000, 0x0000, 0x0000, 0x0000, 0x0000, 0x0000, 0x0000, 0x0000, 0x0000,
0xac0a, 0xf81f, 0xf81f, 0xf81f, 0xf81f, 0xf81f, 0xf81f, 0xf81f, 0xf81f, 0xf81f,

0xf81f, 0xf81f, 0xf81f, 0xf81f, 0xf81f, 0xf81f, 0xf81f, 0xf81f, 0xf81f, 0xcd91,
0x0000, 0x0000, 0x0000, 0x0000, 0x0000, 0x0000, 0x0000, 0x0000, 0x0000, 0x0000,
0xac0a, 0xf81f, 0xf81f, 0xf81f, 0xf81f, 0xf81f, 0xf81f, 0xf81f, 0xf81f, 0xf81f,

0xf81f, 0xf81f, 0xf81f, 0xf81f, 0xf81f, 0xf81f, 0xf81f, 0xf81f, 0xf81f, 0xcd91,
0x0000, 0x0000, 0x0000, 0x0000, 0x0000, 0x0000, 0x0000, 0x0000, 0x0000, 0x0000,
0xac0a, 0xf81f, 0xf81f, 0xf81f, 0xf81f, 0xf81f, 0xf81f, 0xf81f, 0xf81f, 0xf81f,

0xf81f, 0xf81f, 0xf81f, 0xf81f, 0xf81f, 0xf81f, 0xf81f, 0xf81f, 0xf81f, 0xcd91,
0x0000, 0x0000, 0x0000, 0x0000, 0x0000, 0x0000, 0x0000, 0x0000, 0x0000, 0x0000,
0xac0a, 0xf81f, 0xf81f, 0xf81f, 0xf81f, 0xf81f, 0xf81f, 0xf81f, 0xf81f, 0xf81f,

0xf81f, 0xf81f, 0xf81f, 0xf81f, 0xf81f, 0xf81f, 0xf81f, 0xf81f, 0xf81f, 0xcd91,
0x0000, 0x0000, 0x0000, 0x0000, 0x0000, 0x0000, 0x0000, 0x0000, 0x0000, 0x0000,
0xac0a, 0xf81f, 0xf81f, 0xf81f, 0xf81f, 0xf81f, 0xf81f, 0xf81f, 0xf81f, 0xf81f,

0xf81f, 0xf81f, 0xf81f, 0xf81f, 0xf81f, 0xf81f, 0xf81f, 0xf81f, 0xf81f, 0xcd91,
0x0000, 0x0000, 0x0000, 0x0000, 0x0000, 0x0000, 0x0000, 0x0000, 0x0000, 0x0000,
0xac0a, 0xf81f, 0xf81f, 0xf81f, 0xf81f, 0xf81f, 0xf81f, 0xf81f, 0xf81f, 0xf81f,

0xf81f, 0xf81f, 0xf81f, 0xf81f, 0xf81f, 0xf81f, 0xf81f, 0xf81f, 0xf81f, 0xcd91,
0x0000, 0x0000, 0x0000, 0x8410, 0xb596, 0xb596, 0xb596, 0x0000, 0x0000, 0x0000,
0xac0a, 0xf81f, 0xf81f, 0xf81f, 0xf81f, 0xf81f, 0xf81f, 0xf81f, 0xf81f, 0xf81f,

0xf81f, 0xf81f, 0xf81f, 0xf81f, 0xf81f, 0xf81f, 0xf81f, 0xf81f, 0xf81f, 0xcd91,
0x0000, 0x0000, 0x0000, 0xb596, 0xffff, 0xffff, 0xffff, 0x0000, 0x0000, 0x0000,
0xac0a, 0xf81f, 0xf81f, 0xf81f, 0xf81f, 0xf81f, 0xf81f, 0xf81f, 0xf81f, 0xf81f,

0xf81f, 0xf81f, 0xf81f, 0xf81f, 0xf81f, 0xf81f, 0xf81f, 0xf81f, 0xf81f, 0xcd91,
0x0000, 0x0000, 0x0000, 0xb596, 0xffff, 0xffff, 0xffff, 0x0000, 0x0000, 0x0000,
0xac0a, 0xf81f, 0xf81f, 0xf81f, 0xf81f, 0xf81f, 0xf81f, 0xf81f, 0xf81f, 0xf81f,

0xf81f, 0xf81f, 0xf81f, 0xf81f, 0xf81f, 0xf81f, 0xf81f, 0xf81f, 0xf81f, 0xcd91,
0x0000, 0x0000, 0x0000, 0xb596, 0xffff, 0xffff, 0xffff, 0x0000, 0x0000, 0x0000,
0xac0a, 0xf81f, 0xf81f, 0xf81f, 0xf81f, 0xf81f, 0xf81f, 0xf81f, 0xf81f, 0xf81f,

0xf81f, 0xf81f, 0xf81f, 0xf81f, 0xf81f, 0xf81f, 0xf81f, 0xf81f, 0xf81f, 0xcd91,
0x0000, 0x0000, 0x0000, 0x0000, 0x0000, 0x0000, 0x0000, 0x0000, 0x0000, 0x0000,
0xac0a, 0xf81f, 0xf81f, 0xf81f, 0xf81f, 0xf81f, 0xf81f, 0xf81f, 0xf81f, 0xf81f,

0xf81f, 0xf81f, 0xf81f, 0xf81f, 0xf81f, 0xf81f, 0xf81f, 0xf81f, 0xf81f, 0xcd91,
0x0000, 0x0000, 0x0000, 0x0000, 0x0000, 0x0000, 0x0000, 0x0000, 0x0000, 0x0000,
0xac0a, 0xf81f, 0xf81f, 0xf81f, 0xf81f, 0xf81f, 0xf81f, 0xf81f, 0xf81f, 0xf81f,

0xf81f, 0xf81f, 0xf81f, 0xf81f, 0xf81f, 0xf81f, 0xf81f, 0xf81f, 0xf81f, 0xcd91,
0x0000, 0x0000, 0x0000, 0x0000, 0x0000, 0x0000, 0x0000, 0x0000, 0x0000, 0x0000,
0xac0a, 0xf81f, 0xf81f, 0xf81f, 0xf81f, 0xf81f, 0xf81f, 0xf81f, 0xf81f, 0xf81f,

0xf81f, 0xf81f, 0xf81f, 0xf81f, 0xf81f, 0xf81f, 0xf81f, 0xf81f, 0xf81f, 0xf81f,
0xf81f, 0xf81f, 0xf81f, 0xf81f, 0xf81f, 0xf81f, 0xf81f, 0xf81f, 0xf81f, 0xf81f,
0xf81f, 0xf81f, 0xf81f, 0xf81f, 0xf81f, 0xf81f, 0xf81f, 0xf81f, 0xf81f, 0xf81f,

0xf81f, 0xf81f, 0xf81f, 0xf81f, 0xf81f, 0xf81f, 0xf81f, 0xf81f, 0xf81f, 0xf81f,
0xf81f, 0xf81f, 0xf81f, 0xf81f, 0xf81f, 0xf81f, 0xf81f, 0xf81f, 0xf81f, 0xf81f,
0xf81f, 0xf81f, 0xf81f, 0xf81f, 0xf81f, 0xf81f, 0xf81f, 0xf81f, 0xf81f, 0xf81f,

0xf81f, 0xf81f, 0xf81f, 0xf81f, 0xf81f, 0xf81f, 0xf81f, 0xf81f, 0xf81f, 0xf81f,
0xf81f, 0xf81f, 0xf81f, 0xf81f, 0xf81f, 0xf81f, 0xf81f, 0xf81f, 0xf81f, 0xf81f,
0xf81f, 0xf81f, 0xf81f, 0xf81f, 0xf81f, 0xf81f, 0xf81f, 0xf81f, 0xf81f, 0xf81f,

0xf81f, 0xf81f, 0xf81f, 0xf81f, 0xf81f, 0xf81f, 0xf81f, 0xf81f, 0xf81f, 0xf81f,
0xf81f, 0xf81f, 0xf81f, 0xf81f, 0xf81f, 0xf81f, 0xf81f, 0xf81f, 0xf81f, 0xf81f,
0xf81f, 0xf81f, 0xf81f, 0xf81f, 0xf81f, 0xf81f, 0xf81f, 0xf81f, 0xf81f, 0xf81f,

0xf81f, 0xf81f, 0xf81f, 0xf81f, 0xf81f, 0xf81f, 0xf81f, 0xf81f, 0xf81f, 0xf81f,
0xf81f, 0xf81f, 0xf81f, 0xf81f, 0xf81f, 0xf81f, 0xf81f, 0xf81f, 0xf81f, 0xf81f,
0xf81f, 0xf81f, 0xf81f, 0xf81f, 0xf81f, 0xf81f, 0xf81f, 0xf81f, 0xf81f, 0xf81f,

0xf81f, 0xf81f, 0xf81f, 0xf81f, 0xf81f, 0xf81f, 0xf81f, 0xf81f, 0xf81f, 0xf81f,
0xf81f, 0xf81f, 0xf81f, 0xf81f, 0xf81f, 0xf81f, 0xf81f, 0xf81f, 0xf81f, 0xf81f,
0xf81f, 0xf81f, 0xf81f, 0xf81f, 0xf81f, 0xf81f, 0xf81f, 0xf81f, 0xf81f, 0xf81f,

0xf81f, 0xf81f, 0xf81f, 0xf81f, 0xf81f, 0xf81f, 0xf81f, 0xf81f, 0xf81f, 0xf81f,
0xf81f, 0xf81f, 0xf81f, 0xf81f, 0xf81f, 0xf81f, 0xf81f, 0xf81f, 0xf81f, 0xf81f,
0xf81f, 0xf81f, 0xf81f, 0xf81f, 0xf81f, 0xf81f, 0xf81f, 0xf81f, 0xf81f, 0xf81f,

0xf81f, 0xf81f, 0xf81f, 0xf81f, 0xf81f, 0xf81f, 0xf81f, 0xf81f, 0xf81f, 0xf81f,
0xf81f, 0xf81f, 0xf81f, 0xf81f, 0xf81f, 0xf81f, 0xf81f, 0xf81f, 0xf81f, 0xf81f,
0xf81f, 0xf81f, 0xf81f, 0xf81f, 0xf81f, 0xf81f, 0xf81f, 0xf81f, 0xf81f, 0xf81f,

0xf81f, 0xf81f, 0xf81f, 0xf81f, 0xf81f, 0xf81f, 0xf81f, 0xf81f, 0xf81f, 0xf81f,
0xf81f, 0xf81f, 0xf81f, 0xf81f, 0xf81f, 0xf81f, 0xf81f, 0xf81f, 0xf81f, 0xf81f,
0xf81f, 0xf81f, 0xf81f, 0xf81f, 0xf81f, 0xf81f, 0xf81f, 0xf81f, 0xf81f, 0xf81f,

0xcd91, 0xcd91, 0xcd91, 0xcd91, 0xcd91, 0xcd91, 0xcd91, 0xcd91, 0xcd91, 0xcd91,
0xcd91, 0xcd91, 0xcd91, 0xcd91, 0xcd91, 0xcd91, 0xcd91, 0xcd91, 0xcd91, 0xcd91,
0xcd91, 0xf81f, 0xf81f, 0xf81f, 0xf81f, 0xf81f, 0xf81f, 0xf81f, 0xf81f, 0xf81f,

0x0000, 0x0000, 0x0000, 0x0000, 0x0000, 0x0000, 0x0000, 0x0000, 0x0000, 0x0000,
0x0000, 0x0000, 0x0000, 0x0000, 0x0000, 0x0000, 0x0000, 0x0000, 0x0000, 0x0000,
0xac0a, 0xf81f, 0xf81f, 0xf81f, 0xf81f, 0xf81f, 0xf81f, 0xf81f, 0xf81f, 0xf81f,

0x0000, 0x0000, 0x0000, 0x0000, 0x0000, 0x0000, 0x0000, 0x0000, 0x0000, 0x0000,
0x0000, 0x0000, 0x0000, 0x0000, 0x0000, 0x0000, 0x0000, 0x0000, 0x0000, 0x0000,
0xac0a, 0xf81f, 0xf81f, 0xf81f, 0xf81f, 0xf81f, 0xf81f, 0xf81f, 0xf81f, 0xf81f,

0x0000, 0x0000, 0x0000, 0x0000, 0x0000, 0x0000, 0x0000, 0x0000, 0x0000, 0x0000,
0x0000, 0x0000, 0x0000, 0x0000, 0x0000, 0x0000, 0x0000, 0x0000, 0x0000, 0x0000,
0xac0a, 0xf81f, 0xf81f, 0xf81f, 0xf81f, 0xf81f, 0xf81f, 0xf81f, 0xf81f, 0xf81f,

0x0000, 0x0000, 0x0000, 0x8410, 0xb596, 0xb596, 0xb596, 0x0000, 0x0000, 0x0000,
0x0000, 0x0000, 0x0000, 0x8410, 0xb596, 0xb596, 0xb596, 0x0000, 0x0000, 0x0000,
0xac0a, 0xf81f, 0xf81f, 0xf81f, 0xf81f, 0xf81f, 0xf81f, 0xf81f, 0xf81f, 0xf81f,

0x0000, 0x0000, 0x0000, 0xb596, 0xffff, 0xffff, 0xffff, 0x0000, 0x0000, 0x0000,
0x0000, 0x0000, 0x0000, 0xb596, 0xffff, 0xffff, 0xffff, 0x0000, 0x0000, 0x0000,
0xac0a, 0xf81f, 0xf81f, 0xf81f, 0xf81f, 0xf81f, 0xf81f, 0xf81f, 0xf81f, 0xf81f,

0x0000, 0x0000, 0x0000, 0xb596, 0xffff, 0xffff, 0xffff, 0x0000, 0x0000, 0x0000,
0x0000, 0x0000, 0x0000, 0xb596, 0xffff, 0xffff, 0xffff, 0x0000, 0x0000, 0x0000,
0xac0a, 0xf81f, 0xf81f, 0xf81f, 0xf81f, 0xf81f, 0xf81f, 0xf81f, 0xf81f, 0xf81f,

0x0000, 0x0000, 0x0000, 0xb596, 0xffff, 0xffff, 0xffff, 0x0000, 0x0000, 0x0000,
0x0000, 0x0000, 0x0000, 0xb596, 0xffff, 0xffff, 0xffff, 0x0000, 0x0000, 0x0000,
0xac0a, 0xf81f, 0xf81f, 0xf81f, 0xf81f, 0xf81f, 0xf81f, 0xf81f, 0xf81f, 0xf81f,

0x0000, 0x0000, 0x0000, 0x0000, 0x0000, 0x0000, 0x0000, 0x0000, 0x0000, 0x0000,
0x0000, 0x0000, 0x0000, 0x0000, 0x0000, 0x0000, 0x0000, 0x0000, 0x0000, 0x0000,
0xac0a, 0xf81f, 0xf81f, 0xf81f, 0xf81f, 0xf81f, 0xf81f, 0xf81f, 0xf81f, 0xf81f,

0x0000, 0x0000, 0x0000, 0x0000, 0x0000, 0x0000, 0x0000, 0x0000, 0x0000, 0x0000,
0x0000, 0x0000, 0x0000, 0x0000, 0x0000, 0x0000, 0x0000, 0x0000, 0x0000, 0x0000,
0xac0a, 0xf81f, 0xf81f, 0xf81f, 0xf81f, 0xf81f, 0xf81f, 0xf81f, 0xf81f, 0xf81f,

0x0000, 0x0000, 0x0000, 0x0000, 0x0000, 0x0000, 0x0000, 0x0000, 0x0000, 0x0000,
0x0000, 0x0000, 0x0000, 0x0000, 0x0000, 0x0000, 0x0000, 0x0000, 0x0000, 0x0000,
0xac0a, 0xf81f, 0xf81f, 0xf81f, 0xf81f, 0xf81f, 0xf81f, 0xf81f, 0xf81f, 0xf81f,

0xac0a, 0xac0a, 0xac0a, 0xac0a, 0xac0a, 0xac0a, 0xac0a, 0xac0a, 0xac0a, 0xac0a,
0xac0a, 0xac0a, 0xac0a, 0xac0a, 0xac0a, 0xac0a, 0xac0a, 0xac0a, 0xac0a, 0xac0a,
0xac0a, 0xf81f, 0xf81f, 0xf81f, 0xf81f, 0xf81f, 0xf81f, 0xf81f, 0xf81f, 0xf81f,

0xf81f, 0xf81f, 0xf81f, 0xf81f, 0xf81f, 0xf81f, 0xf81f, 0xf81f, 0xf81f, 0xf81f,
0xf81f, 0xf81f, 0xf81f, 0xf81f, 0xf81f, 0xf81f, 0xf81f, 0xf81f, 0xf81f, 0xf81f,
0xf81f, 0xf81f, 0xf81f, 0xf81f, 0xf81f, 0xf81f, 0xf81f, 0xf81f, 0xf81f, 0xf81f,

0xf81f, 0xf81f, 0xf81f, 0xf81f, 0xf81f, 0xf81f, 0xf81f, 0xf81f, 0xf81f, 0xf81f,
0xf81f, 0xf81f, 0xf81f, 0xf81f, 0xf81f, 0xf81f, 0xf81f, 0xf81f, 0xf81f, 0xf81f,
0xf81f, 0xf81f, 0xf81f, 0xf81f, 0xf81f, 0xf81f, 0xf81f, 0xf81f, 0xf81f, 0xf81f,

0xf81f, 0xf81f, 0xf81f, 0xf81f, 0xf81f, 0xf81f, 0xf81f, 0xf81f, 0xf81f, 0xf81f,
0xf81f, 0xf81f, 0xf81f, 0xf81f, 0xf81f, 0xf81f, 0xf81f, 0xf81f, 0xf81f, 0xf81f,
0xf81f, 0xf81f, 0xf81f, 0xf81f, 0xf81f, 0xf81f, 0xf81f, 0xf81f, 0xf81f, 0xf81f,

0xf81f, 0xf81f, 0xf81f, 0xf81f, 0xf81f, 0xf81f, 0xf81f, 0xf81f, 0xf81f, 0xf81f,
0xf81f, 0xf81f, 0xf81f, 0xf81f, 0xf81f, 0xf81f, 0xf81f, 0xf81f, 0xf81f, 0xf81f,
0xf81f, 0xf81f, 0xf81f, 0xf81f, 0xf81f, 0xf81f, 0xf81f, 0xf81f, 0xf81f, 0xf81f,

0xf81f, 0xf81f, 0xf81f, 0xf81f, 0xf81f, 0xf81f, 0xf81f, 0xf81f, 0xf81f, 0xf81f,
0xf81f, 0xf81f, 0xf81f, 0xf81f, 0xf81f, 0xf81f, 0xf81f, 0xf81f, 0xf81f, 0xf81f,
0xf81f, 0xf81f, 0xf81f, 0xf81f, 0xf81f, 0xf81f, 0xf81f, 0xf81f, 0xf81f, 0xf81f,

0xf81f, 0xf81f, 0xf81f, 0xf81f, 0xf81f, 0xf81f, 0xf81f, 0xf81f, 0xf81f, 0xf81f,
0xf81f, 0xf81f, 0xf81f, 0xf81f, 0xf81f, 0xf81f, 0xf81f, 0xf81f, 0xf81f, 0xf81f,
0xf81f, 0xf81f, 0xf81f, 0xf81f, 0xf81f, 0xf81f, 0xf81f, 0xf81f, 0xf81f, 0xf81f,

0xf81f, 0xf81f, 0xf81f, 0xf81f, 0xf81f, 0xf81f, 0xf81f, 0xf81f, 0xf81f, 0xf81f,
0xf81f, 0xf81f, 0xf81f, 0xf81f, 0xf81f, 0xf81f, 0xf81f, 0xf81f, 0xf81f, 0xf81f,
0xf81f, 0xf81f, 0xf81f, 0xf81f, 0xf81f, 0xf81f, 0xf81f, 0xf81f, 0xf81f, 0xf81f,

0xf81f, 0xf81f, 0xf81f, 0xf81f, 0xf81f, 0xf81f, 0xf81f, 0xf81f, 0xf81f, 0xf81f,
0xf81f, 0xf81f, 0xf81f, 0xf81f, 0xf81f, 0xf81f, 0xf81f, 0xf81f, 0xf81f, 0xf81f,
0xf81f, 0xf81f, 0xf81f, 0xf81f, 0xf81f, 0xf81f, 0xf81f, 0xf81f, 0xf81f, 0xf81f,

0xf81f, 0xf81f, 0xf81f, 0xf81f, 0xf81f, 0xf81f, 0xf81f, 0xf81f, 0xf81f, 0xf81f,
0xf81f, 0xf81f, 0xf81f, 0xf81f, 0xf81f, 0xf81f, 0xf81f, 0xf81f, 0xf81f, 0xf81f,
0xf81f, 0xf81f, 0xf81f, 0xf81f, 0xf81f, 0xf81f, 0xf81f, 0xf81f, 0xf81f, 0xf81f,

0xf81f, 0xf81f, 0xf81f, 0xf81f, 0xf81f, 0xf81f, 0xf81f, 0xf81f, 0xf81f, 0xcd91,
0x0000, 0x0000, 0x0000, 0x0000, 0x0000, 0x0000, 0x0000, 0x0000, 0x0000, 0x0000,
0xac0a, 0xf81f, 0xf81f, 0xf81f, 0xf81f, 0xf81f, 0xf81f, 0xf81f, 0xf81f, 0xf81f,

0xf81f, 0xf81f, 0xf81f, 0xf81f, 0xf81f, 0xf81f, 0xf81f, 0xf81f, 0xf81f, 0xcd91,
0x0000, 0x0000, 0x0000, 0x0000, 0x0000, 0x0000, 0x0000, 0x0000, 0x0000, 0x0000,
0xac0a, 0xf81f, 0xf81f, 0xf81f, 0xf81f, 0xf81f, 0xf81f, 0xf81f, 0xf81f, 0xf81f,

0xf81f, 0xf81f, 0xf81f, 0xf81f, 0xf81f, 0xf81f, 0xf81f, 0xf81f, 0xf81f, 0xcd91,
0x0000, 0x0000, 0x0000, 0x0000, 0x0000, 0x0000, 0x0000, 0x0000, 0x0000, 0x0000,
0xac0a, 0xf81f, 0xf81f, 0xf81f, 0xf81f, 0xf81f, 0xf81f, 0xf81f, 0xf81f, 0xf81f,

0xf81f, 0xf81f, 0xf81f, 0xf81f, 0xf81f, 0xf81f, 0xf81f, 0xf81f, 0xf81f, 0xcd91,
0x0000, 0x0000, 0x0000, 0x8410, 0xb596, 0xb596, 0xb596, 0x0000, 0x0000, 0x0000,
0xac0a, 0xf81f, 0xf81f, 0xf81f, 0xf81f, 0xf81f, 0xf81f, 0xf81f, 0xf81f, 0xf81f,

0xf81f, 0xf81f, 0xf81f, 0xf81f, 0xf81f, 0xf81f, 0xf81f, 0xf81f, 0xf81f, 0xcd91,
0x0000, 0x0000, 0x0000, 0xb596, 0xffff, 0xffff, 0xffff, 0x0000, 0x0000, 0x0000,
0xac0a, 0xf81f, 0xf81f, 0xf81f, 0xf81f, 0xf81f, 0xf81f, 0xf81f, 0xf81f, 0xf81f,

0xf81f, 0xf81f, 0xf81f, 0xf81f, 0xf81f, 0xf81f, 0xf81f, 0xf81f, 0xf81f, 0xcd91,
0x0000, 0x0000, 0x0000, 0xb596, 0xffff, 0xffff, 0xffff, 0x0000, 0x0000, 0x0000,
0xac0a, 0xf81f, 0xf81f, 0xf81f, 0xf81f, 0xf81f, 0xf81f, 0xf81f, 0xf81f, 0xf81f,

0xf81f, 0xf81f, 0xf81f, 0xf81f, 0xf81f, 0xf81f, 0xf81f, 0xf81f, 0xf81f, 0xcd91,
0x0000, 0x0000, 0x0000, 0xb596, 0xffff, 0xffff, 0xffff, 0x0000, 0x0000, 0x0000,
0xac0a, 0xf81f, 0xf81f, 0xf81f, 0xf81f, 0xf81f, 0xf81f, 0xf81f, 0xf81f, 0xf81f,

0xf81f, 0xf81f, 0xf81f, 0xf81f, 0xf81f, 0xf81f, 0xf81f, 0xf81f, 0xf81f, 0xcd91,
0x0000, 0x0000, 0x0000, 0x0000, 0x0000, 0x0000, 0x0000, 0x0000, 0x0000, 0x0000,
0xac0a, 0xf81f, 0xf81f, 0xf81f, 0xf81f, 0xf81f, 0xf81f, 0xf81f, 0xf81f, 0xf81f,

0xf81f, 0xf81f, 0xf81f, 0xf81f, 0xf81f, 0xf81f, 0xf81f, 0xf81f, 0xf81f, 0xcd91,
0x0000, 0x0000, 0x0000, 0x0000, 0x0000, 0x0000, 0x0000, 0x0000, 0x0000, 0x0000,
0xac0a, 0xf81f, 0xf81f, 0xf81f, 0xf81f, 0xf81f, 0xf81f, 0xf81f, 0xf81f, 0xf81f,

0xcd91, 0xcd91, 0xcd91, 0xcd91, 0xcd91, 0xcd91, 0xcd91, 0xcd91, 0xcd91, 0xcd91,
0x0000, 0x0000, 0x0000, 0x0000, 0x0000, 0x0000, 0x0000, 0x0000, 0x0000, 0x0000,
0xac0a, 0xf81f, 0xf81f, 0xf81f, 0xf81f, 0xf81f, 0xf81f, 0xf81f, 0xf81f, 0xf81f,

0x0000, 0x0000, 0x0000, 0x0000, 0x0000, 0x0000, 0x0000, 0x0000, 0x0000, 0x0000,
0x0000, 0x0000, 0x0000, 0x0000, 0x0000, 0x0000, 0x0000, 0x0000, 0x0000, 0x0000,
0xac0a, 0xf81f, 0xf81f, 0xf81f, 0xf81f, 0xf81f, 0xf81f, 0xf81f, 0xf81f, 0xf81f,

0x0000, 0x0000, 0x0000, 0x0000, 0x0000, 0x0000, 0x0000, 0x0000, 0x0000, 0x0000,
0x0000, 0x0000, 0x0000, 0x0000, 0x0000, 0x0000, 0x0000, 0x0000, 0x0000, 0x0000,
0xac0a, 0xf81f, 0xf81f, 0xf81f, 0xf81f, 0xf81f, 0xf81f, 0xf81f, 0xf81f, 0xf81f,

0x0000, 0x0000, 0x0000, 0x0000, 0x0000, 0x0000, 0x0000, 0x0000, 0x0000, 0x0000,
0x0000, 0x0000, 0x0000, 0x0000, 0x0000, 0x0000, 0x0000, 0x0000, 0x0000, 0x0000,
0xac0a, 0xf81f, 0xf81f, 0xf81f, 0xf81f, 0xf81f, 0xf81f, 0xf81f, 0xf81f, 0xf81f,

0x0000, 0x0000, 0x0000, 0x8410, 0xb596, 0xb596, 0xb596, 0x0000, 0x0000, 0x0000,
0x0000, 0x0000, 0x0000, 0x8410, 0xb596, 0xb596, 0xb596, 0x0000, 0x0000, 0x0000,
0xac0a, 0xf81f, 0xf81f, 0xf81f, 0xf81f, 0xf81f, 0xf81f, 0xf81f, 0xf81f, 0xf81f,

0x0000, 0x0000, 0x0000, 0xb596, 0xffff, 0xffff, 0xffff, 0x0000, 0x0000, 0x0000,
0x0000, 0x0000, 0x0000, 0xb596, 0xffff, 0xffff, 0xffff, 0x0000, 0x0000, 0x0000,
0xac0a, 0xf81f, 0xf81f, 0xf81f, 0xf81f, 0xf81f, 0xf81f, 0xf81f, 0xf81f, 0xf81f,

0x0000, 0x0000, 0x0000, 0xb596, 0xffff, 0xffff, 0xffff, 0x0000, 0x0000, 0x0000,
0x0000, 0x0000, 0x0000, 0xb596, 0xffff, 0xffff, 0xffff, 0x0000, 0x0000, 0x0000,
0xac0a, 0xf81f, 0xf81f, 0xf81f, 0xf81f, 0xf81f, 0xf81f, 0xf81f, 0xf81f, 0xf81f,

0x0000, 0x0000, 0x0000, 0xb596, 0xffff, 0xffff, 0xffff, 0x0000, 0x0000, 0x0000,
0x0000, 0x0000, 0x0000, 0xb596, 0xffff, 0xffff, 0xffff, 0x0000, 0x0000, 0x0000,
0xac0a, 0xf81f, 0xf81f, 0xf81f, 0xf81f, 0xf81f, 0xf81f, 0xf81f, 0xf81f, 0xf81f,

0x0000, 0x0000, 0x0000, 0x0000, 0x0000, 0x0000, 0x0000, 0x0000, 0x0000, 0x0000,
0x0000, 0x0000, 0x0000, 0x0000, 0x0000, 0x0000, 0x0000, 0x0000, 0x0000, 0x0000,
0xac0a, 0xf81f, 0xf81f, 0xf81f, 0xf81f, 0xf81f, 0xf81f, 0xf81f, 0xf81f, 0xf81f,

0x0000, 0x0000, 0x0000, 0x0000, 0x0000, 0x0000, 0x0000, 0x0000, 0x0000, 0x0000,
0x0000, 0x0000, 0x0000, 0x0000, 0x0000, 0x0000, 0x0000, 0x0000, 0x0000, 0x0000,
0xac0a, 0xf81f, 0xf81f, 0xf81f, 0xf81f, 0xf81f, 0xf81f, 0xf81f, 0xf81f, 0xf81f,

0x0000, 0x0000, 0x0000, 0x0000, 0x0000, 0x0000, 0x0000, 0x0000, 0x0000, 0x0000,
0x0000, 0x0000, 0x0000, 0x0000, 0x0000, 0x0000, 0x0000, 0x0000, 0x0000, 0x0000,
0xac0a, 0xf81f, 0xf81f, 0xf81f, 0xf81f, 0xf81f, 0xf81f, 0xf81f, 0xf81f, 0xf81f,

0xac0a, 0xac0a, 0xac0a, 0xac0a, 0xac0a, 0xac0a, 0xac0a, 0xac0a, 0xac0a, 0xac0a,
0xac0a, 0xac0a, 0xac0a, 0xac0a, 0xac0a, 0xac0a, 0xac0a, 0xac0a, 0xac0a, 0xac0a,
0xac0a, 0xf81f, 0xf81f, 0xf81f, 0xf81f, 0xf81f, 0xf81f, 0xf81f, 0xf81f, 0xf81f,

0xf81f, 0xf81f, 0xf81f, 0xf81f, 0xf81f, 0xf81f, 0xf81f, 0xf81f, 0xf81f, 0xf81f,
0xf81f, 0xf81f, 0xf81f, 0xf81f, 0xf81f, 0xf81f, 0xf81f, 0xf81f, 0xf81f, 0xf81f,
0xf81f, 0xf81f, 0xf81f, 0xf81f, 0xf81f, 0xf81f, 0xf81f, 0xf81f, 0xf81f, 0xf81f,

0xf81f, 0xf81f, 0xf81f, 0xf81f, 0xf81f, 0xf81f, 0xf81f, 0xf81f, 0xf81f, 0xf81f,
0xf81f, 0xf81f, 0xf81f, 0xf81f, 0xf81f, 0xf81f, 0xf81f, 0xf81f, 0xf81f, 0xf81f,
0xf81f, 0xf81f, 0xf81f, 0xf81f, 0xf81f, 0xf81f, 0xf81f, 0xf81f, 0xf81f, 0xf81f,

0xf81f, 0xf81f, 0xf81f, 0xf81f, 0xf81f, 0xf81f, 0xf81f, 0xf81f, 0xf81f, 0xf81f,
0xf81f, 0xf81f, 0xf81f, 0xf81f, 0xf81f, 0xf81f, 0xf81f, 0xf81f, 0xf81f, 0xf81f,
0xf81f, 0xf81f, 0xf81f, 0xf81f, 0xf81f, 0xf81f, 0xf81f, 0xf81f, 0xf81f, 0xf81f,

0xf81f, 0xf81f, 0xf81f, 0xf81f, 0xf81f, 0xf81f, 0xf81f, 0xf81f, 0xf81f, 0xf81f,
0xf81f, 0xf81f, 0xf81f, 0xf81f, 0xf81f, 0xf81f, 0xf81f, 0xf81f, 0xf81f, 0xf81f,
0xf81f, 0xf81f, 0xf81f, 0xf81f, 0xf81f, 0xf81f, 0xf81f, 0xf81f, 0xf81f, 0xf81f,

0xf81f, 0xf81f, 0xf81f, 0xf81f, 0xf81f, 0xf81f, 0xf81f, 0xf81f, 0xf81f, 0xf81f,
0xf81f, 0xf81f, 0xf81f, 0xf81f, 0xf81f, 0xf81f, 0xf81f, 0xf81f, 0xf81f, 0xf81f,
0xf81f, 0xf81f, 0xf81f, 0xf81f, 0xf81f, 0xf81f, 0xf81f, 0xf81f, 0xf81f, 0xf81f,

0xf81f, 0xf81f, 0xf81f, 0xf81f, 0xf81f, 0xf81f, 0xf81f, 0xf81f, 0xf81f, 0xf81f,
0xf81f, 0xf81f, 0xf81f, 0xf81f, 0xf81f, 0xf81f, 0xf81f, 0xf81f, 0xf81f, 0xf81f,
0xf81f, 0xf81f, 0xf81f, 0xf81f, 0xf81f, 0xf81f, 0xf81f, 0xf81f, 0xf81f, 0xf81f,

0xf81f, 0xf81f, 0xf81f, 0xf81f, 0xf81f, 0xf81f, 0xf81f, 0xf81f, 0xf81f, 0xf81f,
0xf81f, 0xf81f, 0xf81f, 0xf81f, 0xf81f, 0xf81f, 0xf81f, 0xf81f, 0xf81f, 0xf81f,
0xf81f, 0xf81f, 0xf81f, 0xf81f, 0xf81f, 0xf81f, 0xf81f, 0xf81f, 0xf81f, 0xf81f,

0xf81f, 0xf81f, 0xf81f, 0xf81f, 0xf81f, 0xf81f, 0xf81f, 0xf81f, 0xf81f, 0xf81f,
0xf81f, 0xf81f, 0xf81f, 0xf81f, 0xf81f, 0xf81f, 0xf81f, 0xf81f, 0xf81f, 0xf81f,
0xf81f, 0xf81f, 0xf81f, 0xf81f, 0xf81f, 0xf81f, 0xf81f, 0xf81f, 0xf81f, 0xf81f,

0xf81f, 0xf81f, 0xf81f, 0xf81f, 0xf81f, 0xf81f, 0xf81f, 0xf81f, 0xf81f, 0xf81f,
0xf81f, 0xf81f, 0xf81f, 0xf81f, 0xf81f, 0xf81f, 0xf81f, 0xf81f, 0xf81f, 0xf81f,
0xf81f, 0xf81f, 0xf81f, 0xf81f, 0xf81f, 0xf81f, 0xf81f, 0xf81f, 0xf81f, 0xf81f,

0xf81f, 0xf81f, 0xf81f, 0xf81f, 0xf81f, 0xf81f, 0xf81f, 0xf81f, 0xf81f, 0xf81f,
0xf81f, 0xf81f, 0xf81f, 0xf81f, 0xf81f, 0xf81f, 0xf81f, 0xf81f, 0xf81f, 0xf81f,
0xf81f, 0xf81f, 0xf81f, 0xf81f, 0xf81f, 0xf81f, 0xf81f, 0xf81f, 0xf81f, 0xf81f,

0xf81f, 0xf81f, 0xf81f, 0xf81f, 0xf81f, 0xf81f, 0xf81f, 0xf81f, 0xf81f, 0xf81f,
0xf81f, 0xf81f, 0xf81f, 0xf81f, 0xf81f, 0xf81f, 0xf81f, 0xf81f, 0xf81f, 0xf81f,
0xf81f, 0xf81f, 0xf81f, 0xf81f, 0xf81f, 0xf81f, 0xf81f, 0xf81f, 0xf81f, 0xf81f,

0xf81f, 0xf81f, 0xf81f, 0xf81f, 0xf81f, 0xf81f, 0xf81f, 0xf81f, 0xf81f, 0xf81f,
0xf81f, 0xf81f, 0xf81f, 0xf81f, 0xf81f, 0xf81f, 0xf81f, 0xf81f, 0xf81f, 0xf81f,
0xf81f, 0xf81f, 0xf81f, 0xf81f, 0xf81f, 0xf81f, 0xf81f, 0xf81f, 0xf81f, 0xf81f,

0xf81f, 0xf81f, 0xf81f, 0xf81f, 0xf81f, 0xf81f, 0xf81f, 0xf81f, 0xf81f, 0xf81f,
0xf81f, 0xf81f, 0xf81f, 0xf81f, 0xf81f, 0xf81f, 0xf81f, 0xf81f, 0xf81f, 0xf81f,
0xf81f, 0xf81f, 0xf81f, 0xf81f, 0xf81f, 0xf81f, 0xf81f, 0xf81f, 0xf81f, 0xf81f,

0xf81f, 0xf81f, 0xf81f, 0xf81f, 0xf81f, 0xf81f, 0xf81f, 0xf81f, 0xf81f, 0xf81f,
0xf81f, 0xf81f, 0xf81f, 0xf81f, 0xf81f, 0xf81f, 0xf81f, 0xf81f, 0xf81f, 0xf81f,
0xf81f, 0xf81f, 0xf81f, 0xf81f, 0xf81f, 0xf81f, 0xf81f, 0xf81f, 0xf81f, 0xf81f,

0xf81f, 0xf81f, 0xf81f, 0xf81f, 0xf81f, 0xf81f, 0xf81f, 0xf81f, 0xf81f, 0xf81f,
0xf81f, 0xf81f, 0xf81f, 0xf81f, 0xf81f, 0xf81f, 0xf81f, 0xf81f, 0xf81f, 0xf81f,
0xf81f, 0xf81f, 0xf81f, 0xf81f, 0xf81f, 0xf81f, 0xf81f, 0xf81f, 0xf81f, 0xf81f,

0xf81f, 0xf81f, 0xf81f, 0xf81f, 0xf81f, 0xf81f, 0xf81f, 0xf81f, 0xf81f, 0xf81f,
0xf81f, 0xf81f, 0xf81f, 0xf81f, 0xf81f, 0xf81f, 0xf81f, 0xf81f, 0xf81f, 0xf81f,
0xf81f, 0xf81f, 0xf81f, 0xf81f, 0xf81f, 0xf81f, 0xf81f, 0xf81f, 0xf81f, 0xf81f,

0xf81f, 0xf81f, 0xf81f, 0xf81f, 0xf81f, 0xf81f, 0xf81f, 0xf81f, 0xf81f, 0xf81f,
0xf81f, 0xf81f, 0xf81f, 0xf81f, 0xf81f, 0xf81f, 0xf81f, 0xf81f, 0xf81f, 0xf81f,
0xf81f, 0xf81f, 0xf81f, 0xf81f, 0xf81f, 0xf81f, 0xf81f, 0xf81f, 0xf81f, 0xf81f,

0xf81f, 0xf81f, 0xf81f, 0xf81f, 0xf81f, 0xf81f, 0xf81f, 0xf81f, 0xf81f, 0xf81f,
0xf81f, 0xf81f, 0xf81f, 0xf81f, 0xf81f, 0xf81f, 0xf81f, 0xf81f, 0xf81f, 0xf81f,
0xf81f, 0xf81f, 0xf81f, 0xf81f, 0xf81f, 0xf81f, 0xf81f, 0xf81f, 0xf81f, 0xf81f,

0xcd91, 0xcd91, 0xcd91, 0xcd91, 0xcd91, 0xcd91, 0xcd91, 0xcd91, 0xcd91, 0xcd91,
0xcd91, 0xcd91, 0xcd91, 0xcd91, 0xcd91, 0xcd91, 0xcd91, 0xcd91, 0xcd91, 0xcd91,
0xcd91, 0xf81f, 0xf81f, 0xf81f, 0xf81f, 0xf81f, 0xf81f, 0xf81f, 0xf81f, 0xf81f,

0x0000, 0x0000, 0x0000, 0x0000, 0x0000, 0x0000, 0x0000, 0x0000, 0x0000, 0x0000,
0x0000, 0x0000, 0x0000, 0x0000, 0x0000, 0x0000, 0x0000, 0x0000, 0x0000, 0x0000,
0xac0a, 0xf81f, 0xf81f, 0xf81f, 0xf81f, 0xf81f, 0xf81f, 0xf81f, 0xf81f, 0xf81f,

0x0000, 0x0000, 0x0000, 0x0000, 0x0000, 0x0000, 0x0000, 0x0000, 0x0000, 0x0000,
0x0000, 0x0000, 0x0000, 0x0000, 0x0000, 0x0000, 0x0000, 0x0000, 0x0000, 0x0000,
0xac0a, 0xf81f, 0xf81f, 0xf81f, 0xf81f, 0xf81f, 0xf81f, 0xf81f, 0xf81f, 0xf81f,

0x0000, 0x0000, 0x0000, 0x0000, 0x0000, 0x0000, 0x0000, 0x0000, 0x0000, 0x0000,
0x0000, 0x0000, 0x0000, 0x0000, 0x0000, 0x0000, 0x0000, 0x0000, 0x0000, 0x0000,
0xac0a, 0xf81f, 0xf81f, 0xf81f, 0xf81f, 0xf81f, 0xf81f, 0xf81f, 0xf81f, 0xf81f,

0x0000, 0x0000, 0x0000, 0x8410, 0xb596, 0xb596, 0xb596, 0x0000, 0x0000, 0x0000,
0x0000, 0x0000, 0x0000, 0x8410, 0xb596, 0xb596, 0xb596, 0x0000, 0x0000, 0x0000,
0xac0a, 0xf81f, 0xf81f, 0xf81f, 0xf81f, 0xf81f, 0xf81f, 0xf81f, 0xf81f, 0xf81f,

0x0000, 0x0000, 0x0000, 0xb596, 0xffff, 0xffff, 0xffff, 0x0000, 0x0000, 0x0000,
0x0000, 0x0000, 0x0000, 0xb596, 0xffff, 0xffff, 0xffff, 0x0000, 0x0000, 0x0000,
0xac0a, 0xf81f, 0xf81f, 0xf81f, 0xf81f, 0xf81f, 0xf81f, 0xf81f, 0xf81f, 0xf81f,

0x0000, 0x0000, 0x0000, 0xb596, 0xffff, 0xffff, 0xffff, 0x0000, 0x0000, 0x0000,
0x0000, 0x0000, 0x0000, 0xb596, 0xffff, 0xffff, 0xffff, 0x0000, 0x0000, 0x0000,
0xac0a, 0xf81f, 0xf81f, 0xf81f, 0xf81f, 0xf81f, 0xf81f, 0xf81f, 0xf81f, 0xf81f,

0x0000, 0x0000, 0x0000, 0xb596, 0xffff, 0xffff, 0xffff, 0x0000, 0x0000, 0x0000,
0x0000, 0x0000, 0x0000, 0xb596, 0xffff, 0xffff, 0xffff, 0x0000, 0x0000, 0x0000,
0xac0a, 0xf81f, 0xf81f, 0xf81f, 0xf81f, 0xf81f, 0xf81f, 0xf81f, 0xf81f, 0xf81f,

0x0000, 0x0000, 0x0000, 0x0000, 0x0000, 0x0000, 0x0000, 0x0000, 0x0000, 0x0000,
0x0000, 0x0000, 0x0000, 0x0000, 0x0000, 0x0000, 0x0000, 0x0000, 0x0000, 0x0000,
0xac0a, 0xf81f, 0xf81f, 0xf81f, 0xf81f, 0xf81f, 0xf81f, 0xf81f, 0xf81f, 0xf81f,

0x0000, 0x0000, 0x0000, 0x0000, 0x0000, 0x0000, 0x0000, 0x0000, 0x0000, 0x0000,
0x0000, 0x0000, 0x0000, 0x0000, 0x0000, 0x0000, 0x0000, 0x0000, 0x0000, 0x0000,
0xac0a, 0xf81f, 0xf81f, 0xf81f, 0xf81f, 0xf81f, 0xf81f, 0xf81f, 0xf81f, 0xf81f,

0x0000, 0x0000, 0x0000, 0x0000, 0x0000, 0x0000, 0x0000, 0x0000, 0x0000, 0x0000,
0x0000, 0x0000, 0x0000, 0x0000, 0x0000, 0x0000, 0x0000, 0x0000, 0x0000, 0x0000,
0xac0a, 0xf81f, 0xf81f, 0xf81f, 0xf81f, 0xf81f, 0xf81f, 0xf81f, 0xf81f, 0xf81f,

0xac0a, 0xac0a, 0xac0a, 0xac0a, 0xac0a, 0xac0a, 0xac0a, 0xac0a, 0xac0a, 0xac0a,
0x0000, 0x0000, 0x0000, 0x0000, 0x0000, 0x0000, 0x0000, 0x0000, 0x0000, 0x0000,
0xac0a, 0xf81f, 0xf81f, 0xf81f, 0xf81f, 0xf81f, 0xf81f, 0xf81f, 0xf81f, 0xf81f,

0xf81f, 0xf81f, 0xf81f, 0xf81f, 0xf81f, 0xf81f, 0xf81f, 0xf81f, 0xf81f, 0xcd91,
0x0000, 0x0000, 0x0000, 0x0000, 0x0000, 0x0000, 0x0000, 0x0000, 0x0000, 0x0000,
0xac0a, 0xf81f, 0xf81f, 0xf81f, 0xf81f, 0xf81f, 0xf81f, 0xf81f, 0xf81f, 0xf81f,

0xf81f, 0xf81f, 0xf81f, 0xf81f, 0xf81f, 0xf81f, 0xf81f, 0xf81f, 0xf81f, 0xcd91,
0x0000, 0x0000, 0x0000, 0x0000, 0x0000, 0x0000, 0x0000, 0x0000, 0x0000, 0x0000,
0xac0a, 0xf81f, 0xf81f, 0xf81f, 0xf81f, 0xf81f, 0xf81f, 0xf81f, 0xf81f, 0xf81f,

0xf81f, 0xf81f, 0xf81f, 0xf81f, 0xf81f, 0xf81f, 0xf81f, 0xf81f, 0xf81f, 0xcd91,
0x0000, 0x0000, 0x0000, 0x8410, 0xb596, 0xb596, 0xb596, 0x0000, 0x0000, 0x0000,
0xac0a, 0xf81f, 0xf81f, 0xf81f, 0xf81f, 0xf81f, 0xf81f, 0xf81f, 0xf81f, 0xf81f,

0xf81f, 0xf81f, 0xf81f, 0xf81f, 0xf81f, 0xf81f, 0xf81f, 0xf81f, 0xf81f, 0xcd91,
0x0000, 0x0000, 0x0000, 0xb596, 0xffff, 0xffff, 0xffff, 0x0000, 0x0000, 0x0000,
0xac0a, 0xf81f, 0xf81f, 0xf81f, 0xf81f, 0xf81f, 0xf81f, 0xf81f, 0xf81f, 0xf81f,

0xf81f, 0xf81f, 0xf81f, 0xf81f, 0xf81f, 0xf81f, 0xf81f, 0xf81f, 0xf81f, 0xcd91,
0x0000, 0x0000, 0x0000, 0xb596, 0xffff, 0xffff, 0xffff, 0x0000, 0x0000, 0x0000,
0xac0a, 0xf81f, 0xf81f, 0xf81f, 0xf81f, 0xf81f, 0xf81f, 0xf81f, 0xf81f, 0xf81f,

0xf81f, 0xf81f, 0xf81f, 0xf81f, 0xf81f, 0xf81f, 0xf81f, 0xf81f, 0xf81f, 0xcd91,
0x0000, 0x0000, 0x0000, 0xb596, 0xffff, 0xffff, 0xffff, 0x0000, 0x0000, 0x0000,
0xac0a, 0xf81f, 0xf81f, 0xf81f, 0xf81f, 0xf81f, 0xf81f, 0xf81f, 0xf81f, 0xf81f,

0xf81f, 0xf81f, 0xf81f, 0xf81f, 0xf81f, 0xf81f, 0xf81f, 0xf81f, 0xf81f, 0xcd91,
0x0000, 0x0000, 0x0000, 0x0000, 0x0000, 0x0000, 0x0000, 0x0000, 0x0000, 0x0000,
0xac0a, 0xf81f, 0xf81f, 0xf81f, 0xf81f, 0xf81f, 0xf81f, 0xf81f, 0xf81f, 0xf81f,

0xf81f, 0xf81f, 0xf81f, 0xf81f, 0xf81f, 0xf81f, 0xf81f, 0xf81f, 0xf81f, 0xcd91,
0x0000, 0x0000, 0x0000, 0x0000, 0x0000, 0x0000, 0x0000, 0x0000, 0x0000, 0x0000,
0xac0a, 0xf81f, 0xf81f, 0xf81f, 0xf81f, 0xf81f, 0xf81f, 0xf81f, 0xf81f, 0xf81f,

0xf81f, 0xf81f, 0xf81f, 0xf81f, 0xf81f, 0xf81f, 0xf81f, 0xf81f, 0xf81f, 0xcd91,
0x0000, 0x0000, 0x0000, 0x0000, 0x0000, 0x0000, 0x0000, 0x0000, 0x0000, 0x0000,
0xac0a, 0xf81f, 0xf81f, 0xf81f, 0xf81f, 0xf81f, 0xf81f, 0xf81f, 0xf81f, 0xf81f,

0xf81f, 0xf81f, 0xf81f, 0xf81f, 0xf81f, 0xf81f, 0xf81f, 0xf81f, 0xf81f, 0xcd91,
0x0000, 0x0000, 0x0000, 0x0000, 0x0000, 0x0000, 0x0000, 0x0000, 0x0000, 0x0000,
0xac0a, 0xf81f, 0xf81f, 0xf81f, 0xf81f, 0xf81f, 0xf81f, 0xf81f, 0xf81f, 0xf81f,

0xf81f, 0xf81f, 0xf81f, 0xf81f, 0xf81f, 0xf81f, 0xf81f, 0xf81f, 0xf81f, 0xcd91,
0x0000, 0x0000, 0x0000, 0x0000, 0x0000, 0x0000, 0x0000, 0x0000, 0x0000, 0x0000,
0xac0a, 0xf81f, 0xf81f, 0xf81f, 0xf81f, 0xf81f, 0xf81f, 0xf81f, 0xf81f, 0xf81f,

0xf81f, 0xf81f, 0xf81f, 0xf81f, 0xf81f, 0xf81f, 0xf81f, 0xf81f, 0xf81f, 0xcd91,
0x0000, 0x0000, 0x0000, 0x0000, 0x0000, 0x0000, 0x0000, 0x0000, 0x0000, 0x0000,
0xac0a, 0xf81f, 0xf81f, 0xf81f, 0xf81f, 0xf81f, 0xf81f, 0xf81f, 0xf81f, 0xf81f,

0xf81f, 0xf81f, 0xf81f, 0xf81f, 0xf81f, 0xf81f, 0xf81f, 0xf81f, 0xf81f, 0xcd91,
0x0000, 0x0000, 0x0000, 0x8410, 0xb596, 0xb596, 0xb596, 0x0000, 0x0000, 0x0000,
0xac0a, 0xf81f, 0xf81f, 0xf81f, 0xf81f, 0xf81f, 0xf81f, 0xf81f, 0xf81f, 0xf81f,

0xf81f, 0xf81f, 0xf81f, 0xf81f, 0xf81f, 0xf81f, 0xf81f, 0xf81f, 0xf81f, 0xcd91,
0x0000, 0x0000, 0x0000, 0xb596, 0xffff, 0xffff, 0xffff, 0x0000, 0x0000, 0x0000,
0xac0a, 0xf81f, 0xf81f, 0xf81f, 0xf81f, 0xf81f, 0xf81f, 0xf81f, 0xf81f, 0xf81f,

0xf81f, 0xf81f, 0xf81f, 0xf81f, 0xf81f, 0xf81f, 0xf81f, 0xf81f, 0xf81f, 0xcd91,
0x0000, 0x0000, 0x0000, 0xb596, 0xffff, 0xffff, 0xffff, 0x0000, 0x0000, 0x0000,
0xac0a, 0xf81f, 0xf81f, 0xf81f, 0xf81f, 0xf81f, 0xf81f, 0xf81f, 0xf81f, 0xf81f,

0xf81f, 0xf81f, 0xf81f, 0xf81f, 0xf81f, 0xf81f, 0xf81f, 0xf81f, 0xf81f, 0xcd91,
0x0000, 0x0000, 0x0000, 0xb596, 0xffff, 0xffff, 0xffff, 0x0000, 0x0000, 0x0000,
0xac0a, 0xf81f, 0xf81f, 0xf81f, 0xf81f, 0xf81f, 0xf81f, 0xf81f, 0xf81f, 0xf81f,

0xf81f, 0xf81f, 0xf81f, 0xf81f, 0xf81f, 0xf81f, 0xf81f, 0xf81f, 0xf81f, 0xcd91,
0x0000, 0x0000, 0x0000, 0x0000, 0x0000, 0x0000, 0x0000, 0x0000, 0x0000, 0x0000,
0xac0a, 0xf81f, 0xf81f, 0xf81f, 0xf81f, 0xf81f, 0xf81f, 0xf81f, 0xf81f, 0xf81f,

0xf81f, 0xf81f, 0xf81f, 0xf81f, 0xf81f, 0xf81f, 0xf81f, 0xf81f, 0xf81f, 0xcd91,
0x0000, 0x0000, 0x0000, 0x0000, 0x0000, 0x0000, 0x0000, 0x0000, 0x0000, 0x0000,
0xac0a, 0xf81f, 0xf81f, 0xf81f, 0xf81f, 0xf81f, 0xf81f, 0xf81f, 0xf81f, 0xf81f,

0xcd91, 0xcd91, 0xcd91, 0xcd91, 0xcd91, 0xcd91, 0xcd91, 0xcd91, 0xcd91, 0xcd91,
0x0000, 0x0000, 0x0000, 0x0000, 0x0000, 0x0000, 0x0000, 0x0000, 0x0000, 0x0000,
0xac0a, 0xf81f, 0xf81f, 0xf81f, 0xf81f, 0xf81f, 0xf81f, 0xf81f, 0xf81f, 0xf81f,

0x0000, 0x0000, 0x0000, 0x0000, 0x0000, 0x0000, 0x0000, 0x0000, 0x0000, 0x0000,
0x0000, 0x0000, 0x0000, 0x0000, 0x0000, 0x0000, 0x0000, 0x0000, 0x0000, 0x0000,
0xac0a, 0xf81f, 0xf81f, 0xf81f, 0xf81f, 0xf81f, 0xf81f, 0xf81f, 0xf81f, 0xf81f,

0x0000, 0x0000, 0x0000, 0x0000, 0x0000, 0x0000, 0x0000, 0x0000, 0x0000, 0x0000,
0x0000, 0x0000, 0x0000, 0x0000, 0x0000, 0x0000, 0x0000, 0x0000, 0x0000, 0x0000,
0xac0a, 0xf81f, 0xf81f, 0xf81f, 0xf81f, 0xf81f, 0xf81f, 0xf81f, 0xf81f, 0xf81f,

0x0000, 0x0000, 0x0000, 0x0000, 0x0000, 0x0000, 0x0000, 0x0000, 0x0000, 0x0000,
0x0000, 0x0000, 0x0000, 0x0000, 0x0000, 0x0000, 0x0000, 0x0000, 0x0000, 0x0000,
0xac0a, 0xf81f, 0xf81f, 0xf81f, 0xf81f, 0xf81f, 0xf81f, 0xf81f, 0xf81f, 0xf81f,

0x0000, 0x0000, 0x0000, 0x8410, 0xb596, 0xb596, 0xb596, 0x0000, 0x0000, 0x0000,
0x0000, 0x0000, 0x0000, 0x8410, 0xb596, 0xb596, 0xb596, 0x0000, 0x0000, 0x0000,
0xac0a, 0xf81f, 0xf81f, 0xf81f, 0xf81f, 0xf81f, 0xf81f, 0xf81f, 0xf81f, 0xf81f,

0x0000, 0x0000, 0x0000, 0xb596, 0xffff, 0xffff, 0xffff, 0x0000, 0x0000, 0x0000,
0x0000, 0x0000, 0x0000, 0xb596, 0xffff, 0xffff, 0xffff, 0x0000, 0x0000, 0x0000,
0xac0a, 0xf81f, 0xf81f, 0xf81f, 0xf81f, 0xf81f, 0xf81f, 0xf81f, 0xf81f, 0xf81f,

0x0000, 0x0000, 0x0000, 0xb596, 0xffff, 0xffff, 0xffff, 0x0000, 0x0000, 0x0000,
0x0000, 0x0000, 0x0000, 0xb596, 0xffff, 0xffff, 0xffff, 0x0000, 0x0000, 0x0000,
0xac0a, 0xf81f, 0xf81f, 0xf81f, 0xf81f, 0xf81f, 0xf81f, 0xf81f, 0xf81f, 0xf81f,

0x0000, 0x0000, 0x0000, 0xb596, 0xffff, 0xffff, 0xffff, 0x0000, 0x0000, 0x0000,
0x0000, 0x0000, 0x0000, 0xb596, 0xffff, 0xffff, 0xffff, 0x0000, 0x0000, 0x0000,
0xac0a, 0xf81f, 0xf81f, 0xf81f, 0xf81f, 0xf81f, 0xf81f, 0xf81f, 0xf81f, 0xf81f,

0x0000, 0x0000, 0x0000, 0x0000, 0x0000, 0x0000, 0x0000, 0x0000, 0x0000, 0x0000,
0x0000, 0x0000, 0x0000, 0x0000, 0x0000, 0x0000, 0x0000, 0x0000, 0x0000, 0x0000,
0xac0a, 0xf81f, 0xf81f, 0xf81f, 0xf81f, 0xf81f, 0xf81f, 0xf81f, 0xf81f, 0xf81f,

0x0000, 0x0000, 0x0000, 0x0000, 0x0000, 0x0000, 0x0000, 0x0000, 0x0000, 0x0000,
0x0000, 0x0000, 0x0000, 0x0000, 0x0000, 0x0000, 0x0000, 0x0000, 0x0000, 0x0000,
0xac0a, 0xf81f, 0xf81f, 0xf81f, 0xf81f, 0xf81f, 0xf81f, 0xf81f, 0xf81f, 0xf81f,

0x0000, 0x0000, 0x0000, 0x0000, 0x0000, 0x0000, 0x0000, 0x0000, 0x0000, 0x0000,
0x0000, 0x0000, 0x0000, 0x0000, 0x0000, 0x0000, 0x0000, 0x0000, 0x0000, 0x0000,
0xac0a, 0xf81f, 0xf81f, 0xf81f, 0xf81f, 0xf81f, 0xf81f, 0xf81f, 0xf81f, 0xf81f,

0xac0a, 0xac0a, 0xac0a, 0xac0a, 0xac0a, 0xac0a, 0xac0a, 0xac0a, 0xac0a, 0xac0a,
0x0000, 0x0000, 0x0000, 0x0000, 0x0000, 0x0000, 0x0000, 0x0000, 0x0000, 0x0000,
0xac0a, 0xf81f, 0xf81f, 0xf81f, 0xf81f, 0xf81f, 0xf81f, 0xf81f, 0xf81f, 0xf81f,

0xf81f, 0xf81f, 0xf81f, 0xf81f, 0xf81f, 0xf81f, 0xf81f, 0xf81f, 0xf81f, 0xcd91,
0x0000, 0x0000, 0x0000, 0x0000, 0x0000, 0x0000, 0x0000, 0x0000, 0x0000, 0x0000,
0xac0a, 0xf81f, 0xf81f, 0xf81f, 0xf81f, 0xf81f, 0xf81f, 0xf81f, 0xf81f, 0xf81f,

0xf81f, 0xf81f, 0xf81f, 0xf81f, 0xf81f, 0xf81f, 0xf81f, 0xf81f, 0xf81f, 0xcd91,
0x0000, 0x0000, 0x0000, 0x0000, 0x0000, 0x0000, 0x0000, 0x0000, 0x0000, 0x0000,
0xac0a, 0xf81f, 0xf81f, 0xf81f, 0xf81f, 0xf81f, 0xf81f, 0xf81f, 0xf81f, 0xf81f,

0xf81f, 0xf81f, 0xf81f, 0xf81f, 0xf81f, 0xf81f, 0xf81f, 0xf81f, 0xf81f, 0xcd91,
0x0000, 0x0000, 0x0000, 0x8410, 0xb596, 0xb596, 0xb596, 0x0000, 0x0000, 0x0000,
0xac0a, 0xf81f, 0xf81f, 0xf81f, 0xf81f, 0xf81f, 0xf81f, 0xf81f, 0xf81f, 0xf81f,

0xf81f, 0xf81f, 0xf81f, 0xf81f, 0xf81f, 0xf81f, 0xf81f, 0xf81f, 0xf81f, 0xcd91,
0x0000, 0x0000, 0x0000, 0xb596, 0xffff, 0xffff, 0xffff, 0x0000, 0x0000, 0x0000,
0xac0a, 0xf81f, 0xf81f, 0xf81f, 0xf81f, 0xf81f, 0xf81f, 0xf81f, 0xf81f, 0xf81f,

0xf81f, 0xf81f, 0xf81f, 0xf81f, 0xf81f, 0xf81f, 0xf81f, 0xf81f, 0xf81f, 0xcd91,
0x0000, 0x0000, 0x0000, 0xb596, 0xffff, 0xffff, 0xffff, 0x0000, 0x0000, 0x0000,
0xac0a, 0xf81f, 0xf81f, 0xf81f, 0xf81f, 0xf81f, 0xf81f, 0xf81f, 0xf81f, 0xf81f,

0xf81f, 0xf81f, 0xf81f, 0xf81f, 0xf81f, 0xf81f, 0xf81f, 0xf81f, 0xf81f, 0xcd91,
0x0000, 0x0000, 0x0000, 0xb596, 0xffff, 0xffff, 0xffff, 0x0000, 0x0000, 0x0000,
0xac0a, 0xf81f, 0xf81f, 0xf81f, 0xf81f, 0xf81f, 0xf81f, 0xf81f, 0xf81f, 0xf81f,

0xf81f, 0xf81f, 0xf81f, 0xf81f, 0xf81f, 0xf81f, 0xf81f, 0xf81f, 0xf81f, 0xcd91,
0x0000, 0x0000, 0x0000, 0x0000, 0x0000, 0x0000, 0x0000, 0x0000, 0x0000, 0x0000,
0xac0a, 0xf81f, 0xf81f, 0xf81f, 0xf81f, 0xf81f, 0xf81f, 0xf81f, 0xf81f, 0xf81f,

0xf81f, 0xf81f, 0xf81f, 0xf81f, 0xf81f, 0xf81f, 0xf81f, 0xf81f, 0xf81f, 0xcd91,
0x0000, 0x0000, 0x0000, 0x0000, 0x0000, 0x0000, 0x0000, 0x0000, 0x0000, 0x0000,
0xac0a, 0xf81f, 0xf81f, 0xf81f, 0xf81f, 0xf81f, 0xf81f, 0xf81f, 0xf81f, 0xf81f,

0xf81f, 0xf81f, 0xf81f, 0xf81f, 0xf81f, 0xf81f, 0xf81f, 0xf81f, 0xf81f, 0xcd91,
0x0000, 0x0000, 0x0000, 0x0000, 0x0000, 0x0000, 0x0000, 0x0000, 0x0000, 0x0000,
0xac0a, 0xf81f, 0xf81f, 0xf81f, 0xf81f, 0xf81f, 0xf81f, 0xf81f, 0xf81f, 0xf81f,

0xf81f, 0xf81f, 0xf81f, 0xf81f, 0xf81f, 0xf81f, 0xf81f, 0xf81f, 0xf81f, 0xf81f,
0xf81f, 0xf81f, 0xf81f, 0xf81f, 0xf81f, 0xf81f, 0xf81f, 0xf81f, 0xf81f, 0xf81f,
0xf81f, 0xf81f, 0xf81f, 0xf81f, 0xf81f, 0xf81f, 0xf81f, 0xf81f, 0xf81f, 0xf81f,

0xf81f, 0xf81f, 0xf81f, 0xf81f, 0xf81f, 0xf81f, 0xf81f, 0xf81f, 0xf81f, 0xf81f,
0xf81f, 0xf81f, 0xf81f, 0xf81f, 0xf81f, 0xf81f, 0xf81f, 0xf81f, 0xf81f, 0xf81f,
0xf81f, 0xf81f, 0xf81f, 0xf81f, 0xf81f, 0xf81f, 0xf81f, 0xf81f, 0xf81f, 0xf81f,

0xf81f, 0xf81f, 0xf81f, 0xf81f, 0xf81f, 0xf81f, 0xf81f, 0xf81f, 0xf81f, 0xf81f,
0xf81f, 0xf81f, 0xf81f, 0xf81f, 0xf81f, 0xf81f, 0xf81f, 0xf81f, 0xf81f, 0xf81f,
0xf81f, 0xf81f, 0xf81f, 0xf81f, 0xf81f, 0xf81f, 0xf81f, 0xf81f, 0xf81f, 0xf81f,

0xf81f, 0xf81f, 0xf81f, 0xf81f, 0xf81f, 0xf81f, 0xf81f, 0xf81f, 0xf81f, 0xf81f,
0xf81f, 0xf81f, 0xf81f, 0xf81f, 0xf81f, 0xf81f, 0xf81f, 0xf81f, 0xf81f, 0xf81f,
0xf81f, 0xf81f, 0xf81f, 0xf81f, 0xf81f, 0xf81f, 0xf81f, 0xf81f, 0xf81f, 0xf81f,

0xf81f, 0xf81f, 0xf81f, 0xf81f, 0xf81f, 0xf81f, 0xf81f, 0xf81f, 0xf81f, 0xf81f,
0xf81f, 0xf81f, 0xf81f, 0xf81f, 0xf81f, 0xf81f, 0xf81f, 0xf81f, 0xf81f, 0xf81f,
0xf81f, 0xf81f, 0xf81f, 0xf81f, 0xf81f, 0xf81f, 0xf81f, 0xf81f, 0xf81f, 0xf81f,

0xf81f, 0xf81f, 0xf81f, 0xf81f, 0xf81f, 0xf81f, 0xf81f, 0xf81f, 0xf81f, 0xf81f,
0xf81f, 0xf81f, 0xf81f, 0xf81f, 0xf81f, 0xf81f, 0xf81f, 0xf81f, 0xf81f, 0xf81f,
0xf81f, 0xf81f, 0xf81f, 0xf81f, 0xf81f, 0xf81f, 0xf81f, 0xf81f, 0xf81f, 0xf81f,

0xf81f, 0xf81f, 0xf81f, 0xf81f, 0xf81f, 0xf81f, 0xf81f, 0xf81f, 0xf81f, 0xf81f,
0xf81f, 0xf81f, 0xf81f, 0xf81f, 0xf81f, 0xf81f, 0xf81f, 0xf81f, 0xf81f, 0xf81f,
0xf81f, 0xf81f, 0xf81f, 0xf81f, 0xf81f, 0xf81f, 0xf81f, 0xf81f, 0xf81f, 0xf81f,

0xf81f, 0xf81f, 0xf81f, 0xf81f, 0xf81f, 0xf81f, 0xf81f, 0xf81f, 0xf81f, 0xf81f,
0xf81f, 0xf81f, 0xf81f, 0xf81f, 0xf81f, 0xf81f, 0xf81f, 0xf81f, 0xf81f, 0xf81f,
0xf81f, 0xf81f, 0xf81f, 0xf81f, 0xf81f, 0xf81f, 0xf81f, 0xf81f, 0xf81f, 0xf81f,

0xf81f, 0xf81f, 0xf81f, 0xf81f, 0xf81f, 0xf81f, 0xf81f, 0xf81f, 0xf81f, 0xf81f,
0xf81f, 0xf81f, 0xf81f, 0xf81f, 0xf81f, 0xf81f, 0xf81f, 0xf81f, 0xf81f, 0xf81f,
0xf81f, 0xf81f, 0xf81f, 0xf81f, 0xf81f, 0xf81f, 0xf81f, 0xf81f, 0xf81f, 0xf81f,

0xf81f, 0xf81f, 0xf81f, 0xf81f, 0xf81f, 0xf81f, 0xf81f, 0xf81f, 0xf81f, 0xcd91,
0xcd91, 0xcd91, 0xcd91, 0xcd91, 0xcd91, 0xcd91, 0xcd91, 0xcd91, 0xcd91, 0xcd91,
0xcd91, 0xcd91, 0xcd91, 0xcd91, 0xcd91, 0xcd91, 0xcd91, 0xcd91, 0xcd91, 0xcd91,

0xf81f, 0xf81f, 0xf81f, 0xf81f, 0xf81f, 0xf81f, 0xf81f, 0xf81f, 0xf81f, 0xcd91,
0x0000, 0x0000, 0x0000, 0x0000, 0x0000, 0x0000, 0x0000, 0x0000, 0x0000, 0x0000,
0x0000, 0x0000, 0x0000, 0x0000, 0x0000, 0x0000, 0x0000, 0x0000, 0x0000, 0x0000,

0xf81f, 0xf81f, 0xf81f, 0xf81f, 0xf81f, 0xf81f, 0xf81f, 0xf81f, 0xf81f, 0xcd91,
0x0000, 0x0000, 0x0000, 0x0000, 0x0000, 0x0000, 0x0000, 0x0000, 0x0000, 0x0000,
0x0000, 0x0000, 0x0000, 0x0000, 0x0000, 0x0000, 0x0000, 0x0000, 0x0000, 0x0000,

0xf81f, 0xf81f, 0xf81f, 0xf81f, 0xf81f, 0xf81f, 0xf81f, 0xf81f, 0xf81f, 0xcd91,
0x0000, 0x0000, 0x0000, 0x0000, 0x0000, 0x0000, 0x0000, 0x0000, 0x0000, 0x0000,
0x0000, 0x0000, 0x0000, 0x0000, 0x0000, 0x0000, 0x0000, 0x0000, 0x0000, 0x0000,

0xf81f, 0xf81f, 0xf81f, 0xf81f, 0xf81f, 0xf81f, 0xf81f, 0xf81f, 0xf81f, 0xcd91,
0x0000, 0x0000, 0x0000, 0x8410, 0xb596, 0xb596, 0xb596, 0x0000, 0x0000, 0x0000,
0x0000, 0x0000, 0x0000, 0x8410, 0xb596, 0xb596, 0xb596, 0x0000, 0x0000, 0x0000,

0xf81f, 0xf81f, 0xf81f, 0xf81f, 0xf81f, 0xf81f, 0xf81f, 0xf81f, 0xf81f, 0xcd91,
0x0000, 0x0000, 0x0000, 0xb596, 0xffff, 0xffff, 0xffff, 0x0000, 0x0000, 0x0000,
0x0000, 0x0000, 0x0000, 0xb596, 0xffff, 0xffff, 0xffff, 0x0000, 0x0000, 0x0000,

0xf81f, 0xf81f, 0xf81f, 0xf81f, 0xf81f, 0xf81f, 0xf81f, 0xf81f, 0xf81f, 0xcd91,
0x0000, 0x0000, 0x0000, 0xb596, 0xffff, 0xffff, 0xffff, 0x0000, 0x0000, 0x0000,
0x0000, 0x0000, 0x0000, 0xb596, 0xffff, 0xffff, 0xffff, 0x0000, 0x0000, 0x0000,

0xf81f, 0xf81f, 0xf81f, 0xf81f, 0xf81f, 0xf81f, 0xf81f, 0xf81f, 0xf81f, 0xcd91,
0x0000, 0x0000, 0x0000, 0xb596, 0xffff, 0xffff, 0xffff, 0x0000, 0x0000, 0x0000,
0x0000, 0x0000, 0x0000, 0xb596, 0xffff, 0xffff, 0xffff, 0x0000, 0x0000, 0x0000,

0xf81f, 0xf81f, 0xf81f, 0xf81f, 0xf81f, 0xf81f, 0xf81f, 0xf81f, 0xf81f, 0xcd91,
0x0000, 0x0000, 0x0000, 0x0000, 0x0000, 0x0000, 0x0000, 0x0000, 0x0000, 0x0000,
0x0000, 0x0000, 0x0000, 0x0000, 0x0000, 0x0000, 0x0000, 0x0000, 0x0000, 0x0000,

0xf81f, 0xf81f, 0xf81f, 0xf81f, 0xf81f, 0xf81f, 0xf81f, 0xf81f, 0xf81f, 0xcd91,
0x0000, 0x0000, 0x0000, 0x0000, 0x0000, 0x0000, 0x0000, 0x0000, 0x0000, 0x0000,
0x0000, 0x0000, 0x0000, 0x0000, 0x0000, 0x0000, 0x0000, 0x0000, 0x0000, 0x0000,

0xf81f, 0xf81f, 0xf81f, 0xf81f, 0xf81f, 0xf81f, 0xf81f, 0xf81f, 0xf81f, 0xcd91,
0x0000, 0x0000, 0x0000, 0x0000, 0x0000, 0x0000, 0x0000, 0x0000, 0x0000, 0x0000,
0x0000, 0x0000, 0x0000, 0x0000, 0x0000, 0x0000, 0x0000, 0x0000, 0x0000, 0x0000,

0xf81f, 0xf81f, 0xf81f, 0xf81f, 0xf81f, 0xf81f, 0xf81f, 0xf81f, 0xf81f, 0xcd91,
0xac0a, 0xac0a, 0xac0a, 0xac0a, 0xac0a, 0xac0a, 0xac0a, 0xac0a, 0xac0a, 0xac0a,
0xac0a, 0xac0a, 0xac0a, 0xac0a, 0xac0a, 0xac0a, 0xac0a, 0xac0a, 0xac0a, 0xac0a,

0xf81f, 0xf81f, 0xf81f, 0xf81f, 0xf81f, 0xf81f, 0xf81f, 0xf81f, 0xf81f, 0xf81f,
0xf81f, 0xf81f, 0xf81f, 0xf81f, 0xf81f, 0xf81f, 0xf81f, 0xf81f, 0xf81f, 0xf81f,
0xf81f, 0xf81f, 0xf81f, 0xf81f, 0xf81f, 0xf81f, 0xf81f, 0xf81f, 0xf81f, 0xf81f,

0xf81f, 0xf81f, 0xf81f, 0xf81f, 0xf81f, 0xf81f, 0xf81f, 0xf81f, 0xf81f, 0xf81f,
0xf81f, 0xf81f, 0xf81f, 0xf81f, 0xf81f, 0xf81f, 0xf81f, 0xf81f, 0xf81f, 0xf81f,
0xf81f, 0xf81f, 0xf81f, 0xf81f, 0xf81f, 0xf81f, 0xf81f, 0xf81f, 0xf81f, 0xf81f,

0xf81f, 0xf81f, 0xf81f, 0xf81f, 0xf81f, 0xf81f, 0xf81f, 0xf81f, 0xf81f, 0xf81f,
0xf81f, 0xf81f, 0xf81f, 0xf81f, 0xf81f, 0xf81f, 0xf81f, 0xf81f, 0xf81f, 0xf81f,
0xf81f, 0xf81f, 0xf81f, 0xf81f, 0xf81f, 0xf81f, 0xf81f, 0xf81f, 0xf81f, 0xf81f,

0xf81f, 0xf81f, 0xf81f, 0xf81f, 0xf81f, 0xf81f, 0xf81f, 0xf81f, 0xf81f, 0xf81f,
0xf81f, 0xf81f, 0xf81f, 0xf81f, 0xf81f, 0xf81f, 0xf81f, 0xf81f, 0xf81f, 0xf81f,
0xf81f, 0xf81f, 0xf81f, 0xf81f, 0xf81f, 0xf81f, 0xf81f, 0xf81f, 0xf81f, 0xf81f,

0xf81f, 0xf81f, 0xf81f, 0xf81f, 0xf81f, 0xf81f, 0xf81f, 0xf81f, 0xf81f, 0xf81f,
0xf81f, 0xf81f, 0xf81f, 0xf81f, 0xf81f, 0xf81f, 0xf81f, 0xf81f, 0xf81f, 0xf81f,
0xf81f, 0xf81f, 0xf81f, 0xf81f, 0xf81f, 0xf81f, 0xf81f, 0xf81f, 0xf81f, 0xf81f,

0xf81f, 0xf81f, 0xf81f, 0xf81f, 0xf81f, 0xf81f, 0xf81f, 0xf81f, 0xf81f, 0xf81f,
0xf81f, 0xf81f, 0xf81f, 0xf81f, 0xf81f, 0xf81f, 0xf81f, 0xf81f, 0xf81f, 0xf81f,
0xf81f, 0xf81f, 0xf81f, 0xf81f, 0xf81f, 0xf81f, 0xf81f, 0xf81f, 0xf81f, 0xf81f,

0xf81f, 0xf81f, 0xf81f, 0xf81f, 0xf81f, 0xf81f, 0xf81f, 0xf81f, 0xf81f, 0xf81f,
0xf81f, 0xf81f, 0xf81f, 0xf81f, 0xf81f, 0xf81f, 0xf81f, 0xf81f, 0xf81f, 0xf81f,
0xf81f, 0xf81f, 0xf81f, 0xf81f, 0xf81f, 0xf81f, 0xf81f, 0xf81f, 0xf81f, 0xf81f,

0xf81f, 0xf81f, 0xf81f, 0xf81f, 0xf81f, 0xf81f, 0xf81f, 0xf81f, 0xf81f, 0xf81f,
0xf81f, 0xf81f, 0xf81f, 0xf81f, 0xf81f, 0xf81f, 0xf81f, 0xf81f, 0xf81f, 0xf81f,
0xf81f, 0xf81f, 0xf81f, 0xf81f, 0xf81f, 0xf81f, 0xf81f, 0xf81f, 0xf81f, 0xf81f,

0xf81f, 0xf81f, 0xf81f, 0xf81f, 0xf81f, 0xf81f, 0xf81f, 0xf81f, 0xf81f, 0xf81f,
0xf81f, 0xf81f, 0xf81f, 0xf81f, 0xf81f, 0xf81f, 0xf81f, 0xf81f, 0xf81f, 0xf81f,
0xf81f, 0xf81f, 0xf81f, 0xf81f, 0xf81f, 0xf81f, 0xf81f, 0xf81f, 0xf81f, 0xf81f,

0xf81f, 0xf81f, 0xf81f, 0xf81f, 0xf81f, 0xf81f, 0xf81f, 0xf81f, 0xf81f, 0xcd91,
0x0000, 0x0000, 0x0000, 0x0000, 0x0000, 0x0000, 0x0000, 0x0000, 0x0000, 0x0000,
0xac0a, 0xf81f, 0xf81f, 0xf81f, 0xf81f, 0xf81f, 0xf81f, 0xf81f, 0xf81f, 0xf81f,

0xf81f, 0xf81f, 0xf81f, 0xf81f, 0xf81f, 0xf81f, 0xf81f, 0xf81f, 0xf81f, 0xcd91,
0x0000, 0x0000, 0x0000, 0x0000, 0x0000, 0x0000, 0x0000, 0x0000, 0x0000, 0x0000,
0xac0a, 0xf81f, 0xf81f, 0xf81f, 0xf81f, 0xf81f, 0xf81f, 0xf81f, 0xf81f, 0xf81f,

0xf81f, 0xf81f, 0xf81f, 0xf81f, 0xf81f, 0xf81f, 0xf81f, 0xf81f, 0xf81f, 0xcd91,
0x0000, 0x0000, 0x0000, 0x0000, 0x0000, 0x0000, 0x0000, 0x0000, 0x0000, 0x0000,
0xac0a, 0xf81f, 0xf81f, 0xf81f, 0xf81f, 0xf81f, 0xf81f, 0xf81f, 0xf81f, 0xf81f,

0xf81f, 0xf81f, 0xf81f, 0xf81f, 0xf81f, 0xf81f, 0xf81f, 0xf81f, 0xf81f, 0xcd91,
0x0000, 0x0000, 0x0000, 0x8410, 0xb596, 0xb596, 0xb596, 0x0000, 0x0000, 0x0000,
0xac0a, 0xf81f, 0xf81f, 0xf81f, 0xf81f, 0xf81f, 0xf81f, 0xf81f, 0xf81f, 0xf81f,

0xf81f, 0xf81f, 0xf81f, 0xf81f, 0xf81f, 0xf81f, 0xf81f, 0xf81f, 0xf81f, 0xcd91,
0x0000, 0x0000, 0x0000, 0xb596, 0xffff, 0xffff, 0xffff, 0x0000, 0x0000, 0x0000,
0xac0a, 0xf81f, 0xf81f, 0xf81f, 0xf81f, 0xf81f, 0xf81f, 0xf81f, 0xf81f, 0xf81f,

0xf81f, 0xf81f, 0xf81f, 0xf81f, 0xf81f, 0xf81f, 0xf81f, 0xf81f, 0xf81f, 0xcd91,
0x0000, 0x0000, 0x0000, 0xb596, 0xffff, 0xffff, 0xffff, 0x0000, 0x0000, 0x0000,
0xac0a, 0xf81f, 0xf81f, 0xf81f, 0xf81f, 0xf81f, 0xf81f, 0xf81f, 0xf81f, 0xf81f,

0xf81f, 0xf81f, 0xf81f, 0xf81f, 0xf81f, 0xf81f, 0xf81f, 0xf81f, 0xf81f, 0xcd91,
0x0000, 0x0000, 0x0000, 0xb596, 0xffff, 0xffff, 0xffff, 0x0000, 0x0000, 0x0000,
0xac0a, 0xf81f, 0xf81f, 0xf81f, 0xf81f, 0xf81f, 0xf81f, 0xf81f, 0xf81f, 0xf81f,

0xf81f, 0xf81f, 0xf81f, 0xf81f, 0xf81f, 0xf81f, 0xf81f, 0xf81f, 0xf81f, 0xcd91,
0x0000, 0x0000, 0x0000, 0x0000, 0x0000, 0x0000, 0x0000, 0x0000, 0x0000, 0x0000,
0xac0a, 0xf81f, 0xf81f, 0xf81f, 0xf81f, 0xf81f, 0xf81f, 0xf81f, 0xf81f, 0xf81f,

0xf81f, 0xf81f, 0xf81f, 0xf81f, 0xf81f, 0xf81f, 0xf81f, 0xf81f, 0xf81f, 0xcd91,
0x0000, 0x0000, 0x0000, 0x0000, 0x0000, 0x0000, 0x0000, 0x0000, 0x0000, 0x0000,
0xac0a, 0xf81f, 0xf81f, 0xf81f, 0xf81f, 0xf81f, 0xf81f, 0xf81f, 0xf81f, 0xf81f,

0xf81f, 0xf81f, 0xf81f, 0xf81f, 0xf81f, 0xf81f, 0xf81f, 0xf81f, 0xf81f, 0xcd91,
0x0000, 0x0000, 0x0000, 0x0000, 0x0000, 0x0000, 0x0000, 0x0000, 0x0000, 0x0000,
0xac0a, 0xcd91, 0xcd91, 0xcd91, 0xcd91, 0xcd91, 0xcd91, 0xcd91, 0xcd91, 0xcd91,

0xf81f, 0xf81f, 0xf81f, 0xf81f, 0xf81f, 0xf81f, 0xf81f, 0xf81f, 0xf81f, 0xcd91,
0x0000, 0x0000, 0x0000, 0x0000, 0x0000, 0x0000, 0x0000, 0x0000, 0x0000, 0x0000,
0x0000, 0x0000, 0x0000, 0x0000, 0x0000, 0x0000, 0x0000, 0x0000, 0x0000, 0x0000,

0xf81f, 0xf81f, 0xf81f, 0xf81f, 0xf81f, 0xf81f, 0xf81f, 0xf81f, 0xf81f, 0xcd91,
0x0000, 0x0000, 0x0000, 0x0000, 0x0000, 0x0000, 0x0000, 0x0000, 0x0000, 0x0000,
0x0000, 0x0000, 0x0000, 0x0000, 0x0000, 0x0000, 0x0000, 0x0000, 0x0000, 0x0000,

0xf81f, 0xf81f, 0xf81f, 0xf81f, 0xf81f, 0xf81f, 0xf81f, 0xf81f, 0xf81f, 0xcd91,
0x0000, 0x0000, 0x0000, 0x0000, 0x0000, 0x0000, 0x0000, 0x0000, 0x0000, 0x0000,
0x0000, 0x0000, 0x0000, 0x0000, 0x0000, 0x0000, 0x0000, 0x0000, 0x0000, 0x0000,

0xf81f, 0xf81f, 0xf81f, 0xf81f, 0xf81f, 0xf81f, 0xf81f, 0xf81f, 0xf81f, 0xcd91,
0x0000, 0x0000, 0x0000, 0x8410, 0xb596, 0xb596, 0xb596, 0x0000, 0x0000, 0x0000,
0x0000, 0x0000, 0x0000, 0x8410, 0xb596, 0xb596, 0xb596, 0x0000, 0x0000, 0x0000,

0xf81f, 0xf81f, 0xf81f, 0xf81f, 0xf81f, 0xf81f, 0xf81f, 0xf81f, 0xf81f, 0xcd91,
0x0000, 0x0000, 0x0000, 0xb596, 0xffff, 0xffff, 0xffff, 0x0000, 0x0000, 0x0000,
0x0000, 0x0000, 0x0000, 0xb596, 0xffff, 0xffff, 0xffff, 0x0000, 0x0000, 0x0000,

0xf81f, 0xf81f, 0xf81f, 0xf81f, 0xf81f, 0xf81f, 0xf81f, 0xf81f, 0xf81f, 0xcd91,
0x0000, 0x0000, 0x0000, 0xb596, 0xffff, 0xffff, 0xffff, 0x0000, 0x0000, 0x0000,
0x0000, 0x0000, 0x0000, 0xb596, 0xffff, 0xffff, 0xffff, 0x0000, 0x0000, 0x0000,

0xf81f, 0xf81f, 0xf81f, 0xf81f, 0xf81f, 0xf81f, 0xf81f, 0xf81f, 0xf81f, 0xcd91,
0x0000, 0x0000, 0x0000, 0xb596, 0xffff, 0xffff, 0xffff, 0x0000, 0x0000, 0x0000,
0x0000, 0x0000, 0x0000, 0xb596, 0xffff, 0xffff, 0xffff, 0x0000, 0x0000, 0x0000,

0xf81f, 0xf81f, 0xf81f, 0xf81f, 0xf81f, 0xf81f, 0xf81f, 0xf81f, 0xf81f, 0xcd91,
0x0000, 0x0000, 0x0000, 0x0000, 0x0000, 0x0000, 0x0000, 0x0000, 0x0000, 0x0000,
0x0000, 0x0000, 0x0000, 0x0000, 0x0000, 0x0000, 0x0000, 0x0000, 0x0000, 0x0000,

0xf81f, 0xf81f, 0xf81f, 0xf81f, 0xf81f, 0xf81f, 0xf81f, 0xf81f, 0xf81f, 0xcd91,
0x0000, 0x0000, 0x0000, 0x0000, 0x0000, 0x0000, 0x0000, 0x0000, 0x0000, 0x0000,
0x0000, 0x0000, 0x0000, 0x0000, 0x0000, 0x0000, 0x0000, 0x0000, 0x0000, 0x0000,

0xf81f, 0xf81f, 0xf81f, 0xf81f, 0xf81f, 0xf81f, 0xf81f, 0xf81f, 0xf81f, 0xcd91,
0x0000, 0x0000, 0x0000, 0x0000, 0x0000, 0x0000, 0x0000, 0x0000, 0x0000, 0x0000,
0x0000, 0x0000, 0x0000, 0x0000, 0x0000, 0x0000, 0x0000, 0x0000, 0x0000, 0x0000,

0xf81f, 0xf81f, 0xf81f, 0xf81f, 0xf81f, 0xf81f, 0xf81f, 0xf81f, 0xf81f, 0xcd91,
0xac0a, 0xac0a, 0xac0a, 0xac0a, 0xac0a, 0xac0a, 0xac0a, 0xac0a, 0xac0a, 0xac0a,
0xac0a, 0xac0a, 0xac0a, 0xac0a, 0xac0a, 0xac0a, 0xac0a, 0xac0a, 0xac0a, 0xac0a,

0xf81f, 0xf81f, 0xf81f, 0xf81f, 0xf81f, 0xf81f, 0xf81f, 0xf81f, 0xf81f, 0xf81f,
0xf81f, 0xf81f, 0xf81f, 0xf81f, 0xf81f, 0xf81f, 0xf81f, 0xf81f, 0xf81f, 0xf81f,
0xf81f, 0xf81f, 0xf81f, 0xf81f, 0xf81f, 0xf81f, 0xf81f, 0xf81f, 0xf81f, 0xf81f,

0xf81f, 0xf81f, 0xf81f, 0xf81f, 0xf81f, 0xf81f, 0xf81f, 0xf81f, 0xf81f, 0xf81f,
0xf81f, 0xf81f, 0xf81f, 0xf81f, 0xf81f, 0xf81f, 0xf81f, 0xf81f, 0xf81f, 0xf81f,
0xf81f, 0xf81f, 0xf81f, 0xf81f, 0xf81f, 0xf81f, 0xf81f, 0xf81f, 0xf81f, 0xf81f,

0xf81f, 0xf81f, 0xf81f, 0xf81f, 0xf81f, 0xf81f, 0xf81f, 0xf81f, 0xf81f, 0xf81f,
0xf81f, 0xf81f, 0xf81f, 0xf81f, 0xf81f, 0xf81f, 0xf81f, 0xf81f, 0xf81f, 0xf81f,
0xf81f, 0xf81f, 0xf81f, 0xf81f, 0xf81f, 0xf81f, 0xf81f, 0xf81f, 0xf81f, 0xf81f,

0xf81f, 0xf81f, 0xf81f, 0xf81f, 0xf81f, 0xf81f, 0xf81f, 0xf81f, 0xf81f, 0xf81f,
0xf81f, 0xf81f, 0xf81f, 0xf81f, 0xf81f, 0xf81f, 0xf81f, 0xf81f, 0xf81f, 0xf81f,
0xf81f, 0xf81f, 0xf81f, 0xf81f, 0xf81f, 0xf81f, 0xf81f, 0xf81f, 0xf81f, 0xf81f,

0xf81f, 0xf81f, 0xf81f, 0xf81f, 0xf81f, 0xf81f, 0xf81f, 0xf81f, 0xf81f, 0xf81f,
0xf81f, 0xf81f, 0xf81f, 0xf81f, 0xf81f, 0xf81f, 0xf81f, 0xf81f, 0xf81f, 0xf81f,
0xf81f, 0xf81f, 0xf81f, 0xf81f, 0xf81f, 0xf81f, 0xf81f, 0xf81f, 0xf81f, 0xf81f,

0xf81f, 0xf81f, 0xf81f, 0xf81f, 0xf81f, 0xf81f, 0xf81f, 0xf81f, 0xf81f, 0xf81f,
0xf81f, 0xf81f, 0xf81f, 0xf81f, 0xf81f, 0xf81f, 0xf81f, 0xf81f, 0xf81f, 0xf81f,
0xf81f, 0xf81f, 0xf81f, 0xf81f, 0xf81f, 0xf81f, 0xf81f, 0xf81f, 0xf81f, 0xf81f,

0xf81f, 0xf81f, 0xf81f, 0xf81f, 0xf81f, 0xf81f, 0xf81f, 0xf81f, 0xf81f, 0xf81f,
0xf81f, 0xf81f, 0xf81f, 0xf81f, 0xf81f, 0xf81f, 0xf81f, 0xf81f, 0xf81f, 0xf81f,
0xf81f, 0xf81f, 0xf81f, 0xf81f, 0xf81f, 0xf81f, 0xf81f, 0xf81f, 0xf81f, 0xf81f,

0xf81f, 0xf81f, 0xf81f, 0xf81f, 0xf81f, 0xf81f, 0xf81f, 0xf81f, 0xf81f, 0xf81f,
0xf81f, 0xf81f, 0xf81f, 0xf81f, 0xf81f, 0xf81f, 0xf81f, 0xf81f, 0xf81f, 0xf81f,
0xf81f, 0xf81f, 0xf81f, 0xf81f, 0xf81f, 0xf81f, 0xf81f, 0xf81f, 0xf81f, 0xf81f,

0xf81f, 0xf81f, 0xf81f, 0xf81f, 0xf81f, 0xf81f, 0xf81f, 0xf81f, 0xf81f, 0xf81f,
0xf81f, 0xf81f, 0xf81f, 0xf81f, 0xf81f, 0xf81f, 0xf81f, 0xf81f, 0xf81f, 0xf81f,
0xf81f, 0xf81f, 0xf81f, 0xf81f, 0xf81f, 0xf81f, 0xf81f, 0xf81f, 0xf81f, 0xf81f,

0xf81f, 0xf81f, 0xf81f, 0xf81f, 0xf81f, 0xf81f, 0xf81f, 0xf81f, 0xf81f, 0xf81f,
0xf81f, 0xf81f, 0xf81f, 0xf81f, 0xf81f, 0xf81f, 0xf81f, 0xf81f, 0xf81f, 0xf81f,
0xf81f, 0xf81f, 0xf81f, 0xf81f, 0xf81f, 0xf81f, 0xf81f, 0xf81f, 0xf81f, 0xf81f,

0xf81f, 0xf81f, 0xf81f, 0xf81f, 0xf81f, 0xf81f, 0xf81f, 0xf81f, 0xf81f, 0xf81f,
0xf81f, 0xf81f, 0xf81f, 0xf81f, 0xf81f, 0xf81f, 0xf81f, 0xf81f, 0xf81f, 0xf81f,
0xf81f, 0xf81f, 0xf81f, 0xf81f, 0xf81f, 0xf81f, 0xf81f, 0xf81f, 0xf81f, 0xf81f,

0xf81f, 0xf81f, 0xf81f, 0xf81f, 0xf81f, 0xf81f, 0xf81f, 0xf81f, 0xf81f, 0xf81f,
0xf81f, 0xf81f, 0xf81f, 0xf81f, 0xf81f, 0xf81f, 0xf81f, 0xf81f, 0xf81f, 0xf81f,
0xf81f, 0xf81f, 0xf81f, 0xf81f, 0xf81f, 0xf81f, 0xf81f, 0xf81f, 0xf81f, 0xf81f,

0xf81f, 0xf81f, 0xf81f, 0xf81f, 0xf81f, 0xf81f, 0xf81f, 0xf81f, 0xf81f, 0xf81f,
0xf81f, 0xf81f, 0xf81f, 0xf81f, 0xf81f, 0xf81f, 0xf81f, 0xf81f, 0xf81f, 0xf81f,
0xf81f, 0xf81f, 0xf81f, 0xf81f, 0xf81f, 0xf81f, 0xf81f, 0xf81f, 0xf81f, 0xf81f,

0xf81f, 0xf81f, 0xf81f, 0xf81f, 0xf81f, 0xf81f, 0xf81f, 0xf81f, 0xf81f, 0xf81f,
0xf81f, 0xf81f, 0xf81f, 0xf81f, 0xf81f, 0xf81f, 0xf81f, 0xf81f, 0xf81f, 0xf81f,
0xf81f, 0xf81f, 0xf81f, 0xf81f, 0xf81f, 0xf81f, 0xf81f, 0xf81f, 0xf81f, 0xf81f,

0xf81f, 0xf81f, 0xf81f, 0xf81f, 0xf81f, 0xf81f, 0xf81f, 0xf81f, 0xf81f, 0xf81f,
0xf81f, 0xf81f, 0xf81f, 0xf81f, 0xf81f, 0xf81f, 0xf81f, 0xf81f, 0xf81f, 0xf81f,
0xf81f, 0xf81f, 0xf81f, 0xf81f, 0xf81f, 0xf81f, 0xf81f, 0xf81f, 0xf81f, 0xf81f,

0xf81f, 0xf81f, 0xf81f, 0xf81f, 0xf81f, 0xf81f, 0xf81f, 0xf81f, 0xf81f, 0xf81f,
0xf81f, 0xf81f, 0xf81f, 0xf81f, 0xf81f, 0xf81f, 0xf81f, 0xf81f, 0xf81f, 0xf81f,
0xf81f, 0xf81f, 0xf81f, 0xf81f, 0xf81f, 0xf81f, 0xf81f, 0xf81f, 0xf81f, 0xf81f,

0xf81f, 0xf81f, 0xf81f, 0xf81f, 0xf81f, 0xf81f, 0xf81f, 0xf81f, 0xf81f, 0xf81f,
0xf81f, 0xf81f, 0xf81f, 0xf81f, 0xf81f, 0xf81f, 0xf81f, 0xf81f, 0xf81f, 0xf81f,
0xf81f, 0xf81f, 0xf81f, 0xf81f, 0xf81f, 0xf81f, 0xf81f, 0xf81f, 0xf81f, 0xf81f,

0xf81f, 0xf81f, 0xf81f, 0xf81f, 0xf81f, 0xf81f, 0xf81f, 0xf81f, 0xf81f, 0xf81f,
0xf81f, 0xf81f, 0xf81f, 0xf81f, 0xf81f, 0xf81f, 0xf81f, 0xf81f, 0xf81f, 0xf81f,
0xf81f, 0xf81f, 0xf81f, 0xf81f, 0xf81f, 0xf81f, 0xf81f, 0xf81f, 0xf81f, 0xf81f,

0xf81f, 0xf81f, 0xf81f, 0xf81f, 0xf81f, 0xf81f, 0xf81f, 0xf81f, 0xf81f, 0xcd91,
0xcd91, 0xcd91, 0xcd91, 0xcd91, 0xcd91, 0xcd91, 0xcd91, 0xcd91, 0xcd91, 0xcd91,
0xcd91, 0xcd91, 0xcd91, 0xcd91, 0xcd91, 0xcd91, 0xcd91, 0xcd91, 0xcd91, 0xcd91,

0xf81f, 0xf81f, 0xf81f, 0xf81f, 0xf81f, 0xf81f, 0xf81f, 0xf81f, 0xf81f, 0xcd91,
0x0000, 0x0000, 0x0000, 0x0000, 0x0000, 0x0000, 0x0000, 0x0000, 0x0000, 0x0000,
0x0000, 0x0000, 0x0000, 0x0000, 0x0000, 0x0000, 0x0000, 0x0000, 0x0000, 0x0000,

0xf81f, 0xf81f, 0xf81f, 0xf81f, 0xf81f, 0xf81f, 0xf81f, 0xf81f, 0xf81f, 0xcd91,
0x0000, 0x0000, 0x0000, 0x0000, 0x0000, 0x0000, 0x0000, 0x0000, 0x0000, 0x0000,
0x0000, 0x0000, 0x0000, 0x0000, 0x0000, 0x0000, 0x0000, 0x0000, 0x0000, 0x0000,

0xf81f, 0xf81f, 0xf81f, 0xf81f, 0xf81f, 0xf81f, 0xf81f, 0xf81f, 0xf81f, 0xcd91,
0x0000, 0x0000, 0x0000, 0x0000, 0x0000, 0x0000, 0x0000, 0x0000, 0x0000, 0x0000,
0x0000, 0x0000, 0x0000, 0x0000, 0x0000, 0x0000, 0x0000, 0x0000, 0x0000, 0x0000,

0xf81f, 0xf81f, 0xf81f, 0xf81f, 0xf81f, 0xf81f, 0xf81f, 0xf81f, 0xf81f, 0xcd91,
0x0000, 0x0000, 0x0000, 0x8410, 0xb596, 0xb596, 0xb596, 0x0000, 0x0000, 0x0000,
0x0000, 0x0000, 0x0000, 0x8410, 0xb596, 0xb596, 0xb596, 0x0000, 0x0000, 0x0000,

0xf81f, 0xf81f, 0xf81f, 0xf81f, 0xf81f, 0xf81f, 0xf81f, 0xf81f, 0xf81f, 0xcd91,
0x0000, 0x0000, 0x0000, 0xb596, 0xffff, 0xffff, 0xffff, 0x0000, 0x0000, 0x0000,
0x0000, 0x0000, 0x0000, 0xb596, 0xffff, 0xffff, 0xffff, 0x0000, 0x0000, 0x0000,

0xf81f, 0xf81f, 0xf81f, 0xf81f, 0xf81f, 0xf81f, 0xf81f, 0xf81f, 0xf81f, 0xcd91,
0x0000, 0x0000, 0x0000, 0xb596, 0xffff, 0xffff, 0xffff, 0x0000, 0x0000, 0x0000,
0x0000, 0x0000, 0x0000, 0xb596, 0xffff, 0xffff, 0xffff, 0x0000, 0x0000, 0x0000,

0xf81f, 0xf81f, 0xf81f, 0xf81f, 0xf81f, 0xf81f, 0xf81f, 0xf81f, 0xf81f, 0xcd91,
0x0000, 0x0000, 0x0000, 0xb596, 0xffff, 0xffff, 0xffff, 0x0000, 0x0000, 0x0000,
0x0000, 0x0000, 0x0000, 0xb596, 0xffff, 0xffff, 0xffff, 0x0000, 0x0000, 0x0000,

0xf81f, 0xf81f, 0xf81f, 0xf81f, 0xf81f, 0xf81f, 0xf81f, 0xf81f, 0xf81f, 0xcd91,
0x0000, 0x0000, 0x0000, 0x0000, 0x0000, 0x0000, 0x0000, 0x0000, 0x0000, 0x0000,
0x0000, 0x0000, 0x0000, 0x0000, 0x0000, 0x0000, 0x0000, 0x0000, 0x0000, 0x0000,

0xf81f, 0xf81f, 0xf81f, 0xf81f, 0xf81f, 0xf81f, 0xf81f, 0xf81f, 0xf81f, 0xcd91,
0x0000, 0x0000, 0x0000, 0x0000, 0x0000, 0x0000, 0x0000, 0x0000, 0x0000, 0x0000,
0x0000, 0x0000, 0x0000, 0x0000, 0x0000, 0x0000, 0x0000, 0x0000, 0x0000, 0x0000,

0xf81f, 0xf81f, 0xf81f, 0xf81f, 0xf81f, 0xf81f, 0xf81f, 0xf81f, 0xf81f, 0xcd91,
0x0000, 0x0000, 0x0000, 0x0000, 0x0000, 0x0000, 0x0000, 0x0000, 0x0000, 0x0000,
0x0000, 0x0000, 0x0000, 0x0000, 0x0000, 0x0000, 0x0000, 0x0000, 0x0000, 0x0000,

0xf81f, 0xf81f, 0xf81f, 0xf81f, 0xf81f, 0xf81f, 0xf81f, 0xf81f, 0xf81f, 0xcd91,
0x0000, 0x0000, 0x0000, 0x0000, 0x0000, 0x0000, 0x0000, 0x0000, 0x0000, 0x0000,
0xac0a, 0xac0a, 0xac0a, 0xac0a, 0xac0a, 0xac0a, 0xac0a, 0xac0a, 0xac0a, 0xac0a,

0xf81f, 0xf81f, 0xf81f, 0xf81f, 0xf81f, 0xf81f, 0xf81f, 0xf81f, 0xf81f, 0xcd91,
0x0000, 0x0000, 0x0000, 0x0000, 0x0000, 0x0000, 0x0000, 0x0000, 0x0000, 0x0000,
0xac0a, 0xf81f, 0xf81f, 0xf81f, 0xf81f, 0xf81f, 0xf81f, 0xf81f, 0xf81f, 0xf81f,

0xf81f, 0xf81f, 0xf81f, 0xf81f, 0xf81f, 0xf81f, 0xf81f, 0xf81f, 0xf81f, 0xcd91,
0x0000, 0x0000, 0x0000, 0x0000, 0x0000, 0x0000, 0x0000, 0x0000, 0x0000, 0x0000,
0xac0a, 0xf81f, 0xf81f, 0xf81f, 0xf81f, 0xf81f, 0xf81f, 0xf81f, 0xf81f, 0xf81f,

0xf81f, 0xf81f, 0xf81f, 0xf81f, 0xf81f, 0xf81f, 0xf81f, 0xf81f, 0xf81f, 0xcd91,
0x0000, 0x0000, 0x0000, 0x8410, 0xb596, 0xb596, 0xb596, 0x0000, 0x0000, 0x0000,
0xac0a, 0xf81f, 0xf81f, 0xf81f, 0xf81f, 0xf81f, 0xf81f, 0xf81f, 0xf81f, 0xf81f,

0xf81f, 0xf81f, 0xf81f, 0xf81f, 0xf81f, 0xf81f, 0xf81f, 0xf81f, 0xf81f, 0xcd91,
0x0000, 0x0000, 0x0000, 0xb596, 0xffff, 0xffff, 0xffff, 0x0000, 0x0000, 0x0000,
0xac0a, 0xf81f, 0xf81f, 0xf81f, 0xf81f, 0xf81f, 0xf81f, 0xf81f, 0xf81f, 0xf81f,

0xf81f, 0xf81f, 0xf81f, 0xf81f, 0xf81f, 0xf81f, 0xf81f, 0xf81f, 0xf81f, 0xcd91,
0x0000, 0x0000, 0x0000, 0xb596, 0xffff, 0xffff, 0xffff, 0x0000, 0x0000, 0x0000,
0xac0a, 0xf81f, 0xf81f, 0xf81f, 0xf81f, 0xf81f, 0xf81f, 0xf81f, 0xf81f, 0xf81f,

0xf81f, 0xf81f, 0xf81f, 0xf81f, 0xf81f, 0xf81f, 0xf81f, 0xf81f, 0xf81f, 0xcd91,
0x0000, 0x0000, 0x0000, 0xb596, 0xffff, 0xffff, 0xffff, 0x0000, 0x0000, 0x0000,
0xac0a, 0xf81f, 0xf81f, 0xf81f, 0xf81f, 0xf81f, 0xf81f, 0xf81f, 0xf81f, 0xf81f,

0xf81f, 0xf81f, 0xf81f, 0xf81f, 0xf81f, 0xf81f, 0xf81f, 0xf81f, 0xf81f, 0xcd91,
0x0000, 0x0000, 0x0000, 0x0000, 0x0000, 0x0000, 0x0000, 0x0000, 0x0000, 0x0000,
0xac0a, 0xf81f, 0xf81f, 0xf81f, 0xf81f, 0xf81f, 0xf81f, 0xf81f, 0xf81f, 0xf81f,

0xf81f, 0xf81f, 0xf81f, 0xf81f, 0xf81f, 0xf81f, 0xf81f, 0xf81f, 0xf81f, 0xcd91,
0x0000, 0x0000, 0x0000, 0x0000, 0x0000, 0x0000, 0x0000, 0x0000, 0x0000, 0x0000,
0xac0a, 0xf81f, 0xf81f, 0xf81f, 0xf81f, 0xf81f, 0xf81f, 0xf81f, 0xf81f, 0xf81f,

0xf81f, 0xf81f, 0xf81f, 0xf81f, 0xf81f, 0xf81f, 0xf81f, 0xf81f, 0xf81f, 0xcd91,
0x0000, 0x0000, 0x0000, 0x0000, 0x0000, 0x0000, 0x0000, 0x0000, 0x0000, 0x0000,
0xac0a, 0xf81f, 0xf81f, 0xf81f, 0xf81f, 0xf81f, 0xf81f, 0xf81f, 0xf81f, 0xf81f,

0xf81f, 0xf81f, 0xf81f, 0xf81f, 0xf81f, 0xf81f, 0xf81f, 0xf81f, 0xf81f, 0xcd91,
0x0000, 0x0000, 0x0000, 0x0000, 0x0000, 0x0000, 0x0000, 0x0000, 0x0000, 0x0000,
0xac0a, 0xf81f, 0xf81f, 0xf81f, 0xf81f, 0xf81f, 0xf81f, 0xf81f, 0xf81f, 0xf81f,

0xf81f, 0xf81f, 0xf81f, 0xf81f, 0xf81f, 0xf81f, 0xf81f, 0xf81f, 0xf81f, 0xcd91,
0x0000, 0x0000, 0x0000, 0x0000, 0x0000, 0x0000, 0x0000, 0x0000, 0x0000, 0x0000,
0xac0a, 0xf81f, 0xf81f, 0xf81f, 0xf81f, 0xf81f, 0xf81f, 0xf81f, 0xf81f, 0xf81f,

0xf81f, 0xf81f, 0xf81f, 0xf81f, 0xf81f, 0xf81f, 0xf81f, 0xf81f, 0xf81f, 0xcd91,
0x0000, 0x0000, 0x0000, 0x0000, 0x0000, 0x0000, 0x0000, 0x0000, 0x0000, 0x0000,
0xac0a, 0xf81f, 0xf81f, 0xf81f, 0xf81f, 0xf81f, 0xf81f, 0xf81f, 0xf81f, 0xf81f,

0xf81f, 0xf81f, 0xf81f, 0xf81f, 0xf81f, 0xf81f, 0xf81f, 0xf81f, 0xf81f, 0xcd91,
0x0000, 0x0000, 0x0000, 0x8410, 0xb596, 0xb596, 0xb596, 0x0000, 0x0000, 0x0000,
0xac0a, 0xf81f, 0xf81f, 0xf81f, 0xf81f, 0xf81f, 0xf81f, 0xf81f, 0xf81f, 0xf81f,

0xf81f, 0xf81f, 0xf81f, 0xf81f, 0xf81f, 0xf81f, 0xf81f, 0xf81f, 0xf81f, 0xcd91,
0x0000, 0x0000, 0x0000, 0xb596, 0xffff, 0xffff, 0xffff, 0x0000, 0x0000, 0x0000,
0xac0a, 0xf81f, 0xf81f, 0xf81f, 0xf81f, 0xf81f, 0xf81f, 0xf81f, 0xf81f, 0xf81f,

0xf81f, 0xf81f, 0xf81f, 0xf81f, 0xf81f, 0xf81f, 0xf81f, 0xf81f, 0xf81f, 0xcd91,
0x0000, 0x0000, 0x0000, 0xb596, 0xffff, 0xffff, 0xffff, 0x0000, 0x0000, 0x0000,
0xac0a, 0xf81f, 0xf81f, 0xf81f, 0xf81f, 0xf81f, 0xf81f, 0xf81f, 0xf81f, 0xf81f,

0xf81f, 0xf81f, 0xf81f, 0xf81f, 0xf81f, 0xf81f, 0xf81f, 0xf81f, 0xf81f, 0xcd91,
0x0000, 0x0000, 0x0000, 0xb596, 0xffff, 0xffff, 0xffff, 0x0000, 0x0000, 0x0000,
0xac0a, 0xf81f, 0xf81f, 0xf81f, 0xf81f, 0xf81f, 0xf81f, 0xf81f, 0xf81f, 0xf81f,

0xf81f, 0xf81f, 0xf81f, 0xf81f, 0xf81f, 0xf81f, 0xf81f, 0xf81f, 0xf81f, 0xcd91,
0x0000, 0x0000, 0x0000, 0x0000, 0x0000, 0x0000, 0x0000, 0x0000, 0x0000, 0x0000,
0xac0a, 0xf81f, 0xf81f, 0xf81f, 0xf81f, 0xf81f, 0xf81f, 0xf81f, 0xf81f, 0xf81f,

0xf81f, 0xf81f, 0xf81f, 0xf81f, 0xf81f, 0xf81f, 0xf81f, 0xf81f, 0xf81f, 0xcd91,
0x0000, 0x0000, 0x0000, 0x0000, 0x0000, 0x0000, 0x0000, 0x0000, 0x0000, 0x0000,
0xac0a, 0xf81f, 0xf81f, 0xf81f, 0xf81f, 0xf81f, 0xf81f, 0xf81f, 0xf81f, 0xf81f,

0xf81f, 0xf81f, 0xf81f, 0xf81f, 0xf81f, 0xf81f, 0xf81f, 0xf81f, 0xf81f, 0xcd91,
0x0000, 0x0000, 0x0000, 0x0000, 0x0000, 0x0000, 0x0000, 0x0000, 0x0000, 0x0000,
0xac0a, 0xcd91, 0xcd91, 0xcd91, 0xcd91, 0xcd91, 0xcd91, 0xcd91, 0xcd91, 0xcd91,

0xf81f, 0xf81f, 0xf81f, 0xf81f, 0xf81f, 0xf81f, 0xf81f, 0xf81f, 0xf81f, 0xcd91,
0x0000, 0x0000, 0x0000, 0x0000, 0x0000, 0x0000, 0x0000, 0x0000, 0x0000, 0x0000,
0x0000, 0x0000, 0x0000, 0x0000, 0x0000, 0x0000, 0x0000, 0x0000, 0x0000, 0x0000,

0xf81f, 0xf81f, 0xf81f, 0xf81f, 0xf81f, 0xf81f, 0xf81f, 0xf81f, 0xf81f, 0xcd91,
0x0000, 0x0000, 0x0000, 0x0000, 0x0000, 0x0000, 0x0000, 0x0000, 0x0000, 0x0000,
0x0000, 0x0000, 0x0000, 0x0000, 0x0000, 0x0000, 0x0000, 0x0000, 0x0000, 0x0000,

0xf81f, 0xf81f, 0xf81f, 0xf81f, 0xf81f, 0xf81f, 0xf81f, 0xf81f, 0xf81f, 0xcd91,
0x0000, 0x0000, 0x0000, 0x0000, 0x0000, 0x0000, 0x0000, 0x0000, 0x0000, 0x0000,
0x0000, 0x0000, 0x0000, 0x0000, 0x0000, 0x0000, 0x0000, 0x0000, 0x0000, 0x0000,

0xf81f, 0xf81f, 0xf81f, 0xf81f, 0xf81f, 0xf81f, 0xf81f, 0xf81f, 0xf81f, 0xcd91,
0x0000, 0x0000, 0x0000, 0x8410, 0xb596, 0xb596, 0xb596, 0x0000, 0x0000, 0x0000,
0x0000, 0x0000, 0x0000, 0x8410, 0xb596, 0xb596, 0xb596, 0x0000, 0x0000, 0x0000,

0xf81f, 0xf81f, 0xf81f, 0xf81f, 0xf81f, 0xf81f, 0xf81f, 0xf81f, 0xf81f, 0xcd91,
0x0000, 0x0000, 0x0000, 0xb596, 0xffff, 0xffff, 0xffff, 0x0000, 0x0000, 0x0000,
0x0000, 0x0000, 0x0000, 0xb596, 0xffff, 0xffff, 0xffff, 0x0000, 0x0000, 0x0000,

0xf81f, 0xf81f, 0xf81f, 0xf81f, 0xf81f, 0xf81f, 0xf81f, 0xf81f, 0xf81f, 0xcd91,
0x0000, 0x0000, 0x0000, 0xb596, 0xffff, 0xffff, 0xffff, 0x0000, 0x0000, 0x0000,
0x0000, 0x0000, 0x0000, 0xb596, 0xffff, 0xffff, 0xffff, 0x0000, 0x0000, 0x0000,

0xf81f, 0xf81f, 0xf81f, 0xf81f, 0xf81f, 0xf81f, 0xf81f, 0xf81f, 0xf81f, 0xcd91,
0x0000, 0x0000, 0x0000, 0xb596, 0xffff, 0xffff, 0xffff, 0x0000, 0x0000, 0x0000,
0x0000, 0x0000, 0x0000, 0xb596, 0xffff, 0xffff, 0xffff, 0x0000, 0x0000, 0x0000,

0xf81f, 0xf81f, 0xf81f, 0xf81f, 0xf81f, 0xf81f, 0xf81f, 0xf81f, 0xf81f, 0xcd91,
0x0000, 0x0000, 0x0000, 0x0000, 0x0000, 0x0000, 0x0000, 0x0000, 0x0000, 0x0000,
0x0000, 0x0000, 0x0000, 0x0000, 0x0000, 0x0000, 0x0000, 0x0000, 0x0000, 0x0000,

0xf81f, 0xf81f, 0xf81f, 0xf81f, 0xf81f, 0xf81f, 0xf81f, 0xf81f, 0xf81f, 0xcd91,
0x0000, 0x0000, 0x0000, 0x0000, 0x0000, 0x0000, 0x0000, 0x0000, 0x0000, 0x0000,
0x0000, 0x0000, 0x0000, 0x0000, 0x0000, 0x0000, 0x0000, 0x0000, 0x0000, 0x0000,

0xf81f, 0xf81f, 0xf81f, 0xf81f, 0xf81f, 0xf81f, 0xf81f, 0xf81f, 0xf81f, 0xcd91,
0x0000, 0x0000, 0x0000, 0x0000, 0x0000, 0x0000, 0x0000, 0x0000, 0x0000, 0x0000,
0x0000, 0x0000, 0x0000, 0x0000, 0x0000, 0x0000, 0x0000, 0x0000, 0x0000, 0x0000,

0xf81f, 0xf81f, 0xf81f, 0xf81f, 0xf81f, 0xf81f, 0xf81f, 0xf81f, 0xf81f, 0xcd91,
0x0000, 0x0000, 0x0000, 0x0000, 0x0000, 0x0000, 0x0000, 0x0000, 0x0000, 0x0000,
0xac0a, 0xac0a, 0xac0a, 0xac0a, 0xac0a, 0xac0a, 0xac0a, 0xac0a, 0xac0a, 0xac0a,

0xf81f, 0xf81f, 0xf81f, 0xf81f, 0xf81f, 0xf81f, 0xf81f, 0xf81f, 0xf81f, 0xcd91,
0x0000, 0x0000, 0x0000, 0x0000, 0x0000, 0x0000, 0x0000, 0x0000, 0x0000, 0x0000,
0xac0a, 0xf81f, 0xf81f, 0xf81f, 0xf81f, 0xf81f, 0xf81f, 0xf81f, 0xf81f, 0xf81f,

0xf81f, 0xf81f, 0xf81f, 0xf81f, 0xf81f, 0xf81f, 0xf81f, 0xf81f, 0xf81f, 0xcd91,
0x0000, 0x0000, 0x0000, 0x0000, 0x0000, 0x0000, 0x0000, 0x0000, 0x0000, 0x0000,
0xac0a, 0xf81f, 0xf81f, 0xf81f, 0xf81f, 0xf81f, 0xf81f, 0xf81f, 0xf81f, 0xf81f,

0xf81f, 0xf81f, 0xf81f, 0xf81f, 0xf81f, 0xf81f, 0xf81f, 0xf81f, 0xf81f, 0xcd91,
0x0000, 0x0000, 0x0000, 0x8410, 0xb596, 0xb596, 0xb596, 0x0000, 0x0000, 0x0000,
0xac0a, 0xf81f, 0xf81f, 0xf81f, 0xf81f, 0xf81f, 0xf81f, 0xf81f, 0xf81f, 0xf81f,

0xf81f, 0xf81f, 0xf81f, 0xf81f, 0xf81f, 0xf81f, 0xf81f, 0xf81f, 0xf81f, 0xcd91,
0x0000, 0x0000, 0x0000, 0xb596, 0xffff, 0xffff, 0xffff, 0x0000, 0x0000, 0x0000,
0xac0a, 0xf81f, 0xf81f, 0xf81f, 0xf81f, 0xf81f, 0xf81f, 0xf81f, 0xf81f, 0xf81f,

0xf81f, 0xf81f, 0xf81f, 0xf81f, 0xf81f, 0xf81f, 0xf81f, 0xf81f, 0xf81f, 0xcd91,
0x0000, 0x0000, 0x0000, 0xb596, 0xffff, 0xffff, 0xffff, 0x0000, 0x0000, 0x0000,
0xac0a, 0xf81f, 0xf81f, 0xf81f, 0xf81f, 0xf81f, 0xf81f, 0xf81f, 0xf81f, 0xf81f,

0xf81f, 0xf81f, 0xf81f, 0xf81f, 0xf81f, 0xf81f, 0xf81f, 0xf81f, 0xf81f, 0xcd91,
0x0000, 0x0000, 0x0000, 0xb596, 0xffff, 0xffff, 0xffff, 0x0000, 0x0000, 0x0000,
0xac0a, 0xf81f, 0xf81f, 0xf81f, 0xf81f, 0xf81f, 0xf81f, 0xf81f, 0xf81f, 0xf81f,

0xf81f, 0xf81f, 0xf81f, 0xf81f, 0xf81f, 0xf81f, 0xf81f, 0xf81f, 0xf81f, 0xcd91,
0x0000, 0x0000, 0x0000, 0x0000, 0x0000, 0x0000, 0x0000, 0x0000, 0x0000, 0x0000,
0xac0a, 0xf81f, 0xf81f, 0xf81f, 0xf81f, 0xf81f, 0xf81f, 0xf81f, 0xf81f, 0xf81f,

0xf81f, 0xf81f, 0xf81f, 0xf81f, 0xf81f, 0xf81f, 0xf81f, 0xf81f, 0xf81f, 0xcd91,
0x0000, 0x0000, 0x0000, 0x0000, 0x0000, 0x0000, 0x0000, 0x0000, 0x0000, 0x0000,
0xac0a, 0xf81f, 0xf81f, 0xf81f, 0xf81f, 0xf81f, 0xf81f, 0xf81f, 0xf81f, 0xf81f,

0xf81f, 0xf81f, 0xf81f, 0xf81f, 0xf81f, 0xf81f, 0xf81f, 0xf81f, 0xf81f, 0xcd91,
0x0000, 0x0000, 0x0000, 0x0000, 0x0000, 0x0000, 0x0000, 0x0000, 0x0000, 0x0000,
0xac0a, 0xf81f, 0xf81f, 0xf81f, 0xf81f, 0xf81f, 0xf81f, 0xf81f, 0xf81f, 0xf81f,

0xf81f, 0xf81f, 0xf81f, 0xf81f, 0xf81f, 0xf81f, 0xf81f, 0xf81f, 0xf81f, 0xf81f,
0xf81f, 0xf81f, 0xf81f, 0xf81f, 0xf81f, 0xf81f, 0xf81f, 0xf81f, 0xf81f, 0xf81f,
0xf81f, 0xf81f, 0xf81f, 0xf81f, 0xf81f, 0xf81f, 0xf81f, 0xf81f, 0xf81f, 0xf81f,

0xf81f, 0xf81f, 0xf81f, 0xf81f, 0xf81f, 0xf81f, 0xf81f, 0xf81f, 0xf81f, 0xf81f,
0xf81f, 0xf81f, 0xf81f, 0xf81f, 0xf81f, 0xf81f, 0xf81f, 0xf81f, 0xf81f, 0xf81f,
0xf81f, 0xf81f, 0xf81f, 0xf81f, 0xf81f, 0xf81f, 0xf81f, 0xf81f, 0xf81f, 0xf81f,

0xf81f, 0xf81f, 0xf81f, 0xf81f, 0xf81f, 0xf81f, 0xf81f, 0xf81f, 0xf81f, 0xf81f,
0xf81f, 0xf81f, 0xf81f, 0xf81f, 0xf81f, 0xf81f, 0xf81f, 0xf81f, 0xf81f, 0xf81f,
0xf81f, 0xf81f, 0xf81f, 0xf81f, 0xf81f, 0xf81f, 0xf81f, 0xf81f, 0xf81f, 0xf81f,

0xf81f, 0xf81f, 0xf81f, 0xf81f, 0xf81f, 0xf81f, 0xf81f, 0xf81f, 0xf81f, 0xf81f,
0xf81f, 0xf81f, 0xf81f, 0xf81f, 0xf81f, 0xf81f, 0xf81f, 0xf81f, 0xf81f, 0xf81f,
0xf81f, 0xf81f, 0xf81f, 0xf81f, 0xf81f, 0xf81f, 0xf81f, 0xf81f, 0xf81f, 0xf81f,

0xf81f, 0xf81f, 0xf81f, 0xf81f, 0xf81f, 0xf81f, 0xf81f, 0xf81f, 0xf81f, 0xf81f,
0xf81f, 0xf81f, 0xf81f, 0xf81f, 0xf81f, 0xf81f, 0xf81f, 0xf81f, 0xf81f, 0xf81f,
0xf81f, 0xf81f, 0xf81f, 0xf81f, 0xf81f, 0xf81f, 0xf81f, 0xf81f, 0xf81f, 0xf81f,

0xf81f, 0xf81f, 0xf81f, 0xf81f, 0xf81f, 0xf81f, 0xf81f, 0xf81f, 0xf81f, 0xf81f,
0xf81f, 0xf81f, 0xf81f, 0xf81f, 0xf81f, 0xf81f, 0xf81f, 0xf81f, 0xf81f, 0xf81f,
0xf81f, 0xf81f, 0xf81f, 0xf81f, 0xf81f, 0xf81f, 0xf81f, 0xf81f, 0xf81f, 0xf81f,

0xf81f, 0xf81f, 0xf81f, 0xf81f, 0xf81f, 0xf81f, 0xf81f, 0xf81f, 0xf81f, 0xf81f,
0xf81f, 0xf81f, 0xf81f, 0xf81f, 0xf81f, 0xf81f, 0xf81f, 0xf81f, 0xf81f, 0xf81f,
0xf81f, 0xf81f, 0xf81f, 0xf81f, 0xf81f, 0xf81f, 0xf81f, 0xf81f, 0xf81f, 0xf81f,

0xf81f, 0xf81f, 0xf81f, 0xf81f, 0xf81f, 0xf81f, 0xf81f, 0xf81f, 0xf81f, 0xf81f,
0xf81f, 0xf81f, 0xf81f, 0xf81f, 0xf81f, 0xf81f, 0xf81f, 0xf81f, 0xf81f, 0xf81f,
0xf81f, 0xf81f, 0xf81f, 0xf81f, 0xf81f, 0xf81f, 0xf81f, 0xf81f, 0xf81f, 0xf81f,

0xf81f, 0xf81f, 0xf81f, 0xf81f, 0xf81f, 0xf81f, 0xf81f, 0xf81f, 0xf81f, 0xf81f,
0xf81f, 0xf81f, 0xf81f, 0xf81f, 0xf81f, 0xf81f, 0xf81f, 0xf81f, 0xf81f, 0xf81f,
0xf81f, 0xf81f, 0xf81f, 0xf81f, 0xf81f, 0xf81f, 0xf81f, 0xf81f, 0xf81f, 0xf81f,

0xcd91, 0xcd91, 0xcd91, 0xcd91, 0xcd91, 0xcd91, 0xcd91, 0xcd91, 0xcd91, 0xcd91,
0xcd91, 0xcd91, 0xcd91, 0xcd91, 0xcd91, 0xcd91, 0xcd91, 0xcd91, 0xcd91, 0xcd91,
0xcd91, 0xcd91, 0xcd91, 0xcd91, 0xcd91, 0xcd91, 0xcd91, 0xcd91, 0xcd91, 0xcd91,

0x0000, 0x0000, 0x0000, 0x0000, 0x0000, 0x0000, 0x0000, 0x0000, 0x0000, 0x0000,
0x0000, 0x0000, 0x0000, 0x0000, 0x0000, 0x0000, 0x0000, 0x0000, 0x0000, 0x0000,
0x0000, 0x0000, 0x0000, 0x0000, 0x0000, 0x0000, 0x0000, 0x0000, 0x0000, 0x0000,

0x0000, 0x0000, 0x0000, 0x0000, 0x0000, 0x0000, 0x0000, 0x0000, 0x0000, 0x0000,
0x0000, 0x0000, 0x0000, 0x0000, 0x0000, 0x0000, 0x0000, 0x0000, 0x0000, 0x0000,
0x0000, 0x0000, 0x0000, 0x0000, 0x0000, 0x0000, 0x0000, 0x0000, 0x0000, 0x0000,

0x0000, 0x0000, 0x0000, 0x0000, 0x0000, 0x0000, 0x0000, 0x0000, 0x0000, 0x0000,
0x0000, 0x0000, 0x0000, 0x0000, 0x0000, 0x0000, 0x0000, 0x0000, 0x0000, 0x0000,
0x0000, 0x0000, 0x0000, 0x0000, 0x0000, 0x0000, 0x0000, 0x0000, 0x0000, 0x0000,

0x0000, 0x0000, 0x0000, 0x8410, 0xb596, 0xb596, 0xb596, 0x0000, 0x0000, 0x0000,
0x0000, 0x0000, 0x0000, 0x8410, 0xb596, 0xb596, 0xb596, 0x0000, 0x0000, 0x0000,
0x0000, 0x0000, 0x0000, 0x8410, 0xb596, 0xb596, 0xb596, 0x0000, 0x0000, 0x0000,

0x0000, 0x0000, 0x0000, 0xb596, 0xffff, 0xffff, 0xffff, 0x0000, 0x0000, 0x0000,
0x0000, 0x0000, 0x0000, 0xb596, 0xffff, 0xffff, 0xffff, 0x0000, 0x0000, 0x0000,
0x0000, 0x0000, 0x0000, 0xb596, 0xffff, 0xffff, 0xffff, 0x0000, 0x0000, 0x0000,

0x0000, 0x0000, 0x0000, 0xb596, 0xffff, 0xffff, 0xffff, 0x0000, 0x0000, 0x0000,
0x0000, 0x0000, 0x0000, 0xb596, 0xffff, 0xffff, 0xffff, 0x0000, 0x0000, 0x0000,
0x0000, 0x0000, 0x0000, 0xb596, 0xffff, 0xffff, 0xffff, 0x0000, 0x0000, 0x0000,

0x0000, 0x0000, 0x0000, 0xb596, 0xffff, 0xffff, 0xffff, 0x0000, 0x0000, 0x0000,
0x0000, 0x0000, 0x0000, 0xb596, 0xffff, 0xffff, 0xffff, 0x0000, 0x0000, 0x0000,
0x0000, 0x0000, 0x0000, 0xb596, 0xffff, 0xffff, 0xffff, 0x0000, 0x0000, 0x0000,

0x0000, 0x0000, 0x0000, 0x0000, 0x0000, 0x0000, 0x0000, 0x0000, 0x0000, 0x0000,
0x0000, 0x0000, 0x0000, 0x0000, 0x0000, 0x0000, 0x0000, 0x0000, 0x0000, 0x0000,
0x0000, 0x0000, 0x0000, 0x0000, 0x0000, 0x0000, 0x0000, 0x0000, 0x0000, 0x0000,

0x0000, 0x0000, 0x0000, 0x0000, 0x0000, 0x0000, 0x0000, 0x0000, 0x0000, 0x0000,
0x0000, 0x0000, 0x0000, 0x0000, 0x0000, 0x0000, 0x0000, 0x0000, 0x0000, 0x0000,
0x0000, 0x0000, 0x0000, 0x0000, 0x0000, 0x0000, 0x0000, 0x0000, 0x0000, 0x0000,

0x0000, 0x0000, 0x0000, 0x0000, 0x0000, 0x0000, 0x0000, 0x0000, 0x0000, 0x0000,
0x0000, 0x0000, 0x0000, 0x0000, 0x0000, 0x0000, 0x0000, 0x0000, 0x0000, 0x0000,
0x0000, 0x0000, 0x0000, 0x0000, 0x0000, 0x0000, 0x0000, 0x0000, 0x0000, 0x0000,

0xac0a, 0xac0a, 0xac0a, 0xac0a, 0xac0a, 0xac0a, 0xac0a, 0xac0a, 0xac0a, 0xac0a,
0xac0a, 0xac0a, 0xac0a, 0xac0a, 0xac0a, 0xac0a, 0xac0a, 0xac0a, 0xac0a, 0xac0a,
0xac0a, 0xac0a, 0xac0a, 0xac0a, 0xac0a, 0xac0a, 0xac0a, 0xac0a, 0xac0a, 0xac0a,

0xf81f, 0xf81f, 0xf81f, 0xf81f, 0xf81f, 0xf81f, 0xf81f, 0xf81f, 0xf81f, 0xf81f,
0xf81f, 0xf81f, 0xf81f, 0xf81f, 0xf81f, 0xf81f, 0xf81f, 0xf81f, 0xf81f, 0xf81f,
0xf81f, 0xf81f, 0xf81f, 0xf81f, 0xf81f, 0xf81f, 0xf81f, 0xf81f, 0xf81f, 0xf81f,

0xf81f, 0xf81f, 0xf81f, 0xf81f, 0xf81f, 0xf81f, 0xf81f, 0xf81f, 0xf81f, 0xf81f,
0xf81f, 0xf81f, 0xf81f, 0xf81f, 0xf81f, 0xf81f, 0xf81f, 0xf81f, 0xf81f, 0xf81f,
0xf81f, 0xf81f, 0xf81f, 0xf81f, 0xf81f, 0xf81f, 0xf81f, 0xf81f, 0xf81f, 0xf81f,

0xf81f, 0xf81f, 0xf81f, 0xf81f, 0xf81f, 0xf81f, 0xf81f, 0xf81f, 0xf81f, 0xf81f,
0xf81f, 0xf81f, 0xf81f, 0xf81f, 0xf81f, 0xf81f, 0xf81f, 0xf81f, 0xf81f, 0xf81f,
0xf81f, 0xf81f, 0xf81f, 0xf81f, 0xf81f, 0xf81f, 0xf81f, 0xf81f, 0xf81f, 0xf81f,

0xf81f, 0xf81f, 0xf81f, 0xf81f, 0xf81f, 0xf81f, 0xf81f, 0xf81f, 0xf81f, 0xf81f,
0xf81f, 0xf81f, 0xf81f, 0xf81f, 0xf81f, 0xf81f, 0xf81f, 0xf81f, 0xf81f, 0xf81f,
0xf81f, 0xf81f, 0xf81f, 0xf81f, 0xf81f, 0xf81f, 0xf81f, 0xf81f, 0xf81f, 0xf81f,

0xf81f, 0xf81f, 0xf81f, 0xf81f, 0xf81f, 0xf81f, 0xf81f, 0xf81f, 0xf81f, 0xf81f,
0xf81f, 0xf81f, 0xf81f, 0xf81f, 0xf81f, 0xf81f, 0xf81f, 0xf81f, 0xf81f, 0xf81f,
0xf81f, 0xf81f, 0xf81f, 0xf81f, 0xf81f, 0xf81f, 0xf81f, 0xf81f, 0xf81f, 0xf81f,

0xf81f, 0xf81f, 0xf81f, 0xf81f, 0xf81f, 0xf81f, 0xf81f, 0xf81f, 0xf81f, 0xf81f,
0xf81f, 0xf81f, 0xf81f, 0xf81f, 0xf81f, 0xf81f, 0xf81f, 0xf81f, 0xf81f, 0xf81f,
0xf81f, 0xf81f, 0xf81f, 0xf81f, 0xf81f, 0xf81f, 0xf81f, 0xf81f, 0xf81f, 0xf81f,

0xf81f, 0xf81f, 0xf81f, 0xf81f, 0xf81f, 0xf81f, 0xf81f, 0xf81f, 0xf81f, 0xf81f,
0xf81f, 0xf81f, 0xf81f, 0xf81f, 0xf81f, 0xf81f, 0xf81f, 0xf81f, 0xf81f, 0xf81f,
0xf81f, 0xf81f, 0xf81f, 0xf81f, 0xf81f, 0xf81f, 0xf81f, 0xf81f, 0xf81f, 0xf81f,

0xf81f, 0xf81f, 0xf81f, 0xf81f, 0xf81f, 0xf81f, 0xf81f, 0xf81f, 0xf81f, 0xf81f,
0xf81f, 0xf81f, 0xf81f, 0xf81f, 0xf81f, 0xf81f, 0xf81f, 0xf81f, 0xf81f, 0xf81f,
0xf81f, 0xf81f, 0xf81f, 0xf81f, 0xf81f, 0xf81f, 0xf81f, 0xf81f, 0xf81f, 0xf81f,

0xf81f, 0xf81f, 0xf81f, 0xf81f, 0xf81f, 0xf81f, 0xf81f, 0xf81f, 0xf81f, 0xf81f,
0xf81f, 0xf81f, 0xf81f, 0xf81f, 0xf81f, 0xf81f, 0xf81f, 0xf81f, 0xf81f, 0xf81f,
0xf81f, 0xf81f, 0xf81f, 0xf81f, 0xf81f, 0xf81f, 0xf81f, 0xf81f, 0xf81f, 0xf81f,

0xf81f, 0xf81f, 0xf81f, 0xf81f, 0xf81f, 0xf81f, 0xf81f, 0xf81f, 0xf81f, 0xcd91,
0x0000, 0x0000, 0x0000, 0x0000, 0x0000, 0x0000, 0x0000, 0x0000, 0x0000, 0x0000,
0xac0a, 0xf81f, 0xf81f, 0xf81f, 0xf81f, 0xf81f, 0xf81f, 0xf81f, 0xf81f, 0xf81f,

0xf81f, 0xf81f, 0xf81f, 0xf81f, 0xf81f, 0xf81f, 0xf81f, 0xf81f, 0xf81f, 0xcd91,
0x0000, 0x0000, 0x0000, 0x0000, 0x0000, 0x0000, 0x0000, 0x0000, 0x0000, 0x0000,
0xac0a, 0xf81f, 0xf81f, 0xf81f, 0xf81f, 0xf81f, 0xf81f, 0xf81f, 0xf81f, 0xf81f,

0xf81f, 0xf81f, 0xf81f, 0xf81f, 0xf81f, 0xf81f, 0xf81f, 0xf81f, 0xf81f, 0xcd91,
0x0000, 0x0000, 0x0000, 0x0000, 0x0000, 0x0000, 0x0000, 0x0000, 0x0000, 0x0000,
0xac0a, 0xf81f, 0xf81f, 0xf81f, 0xf81f, 0xf81f, 0xf81f, 0xf81f, 0xf81f, 0xf81f,

0xf81f, 0xf81f, 0xf81f, 0xf81f, 0xf81f, 0xf81f, 0xf81f, 0xf81f, 0xf81f, 0xcd91,
0x0000, 0x0000, 0x0000, 0x8410, 0xb596, 0xb596, 0xb596, 0x0000, 0x0000, 0x0000,
0xac0a, 0xf81f, 0xf81f, 0xf81f, 0xf81f, 0xf81f, 0xf81f, 0xf81f, 0xf81f, 0xf81f,

0xf81f, 0xf81f, 0xf81f, 0xf81f, 0xf81f, 0xf81f, 0xf81f, 0xf81f, 0xf81f, 0xcd91,
0x0000, 0x0000, 0x0000, 0xb596, 0xffff, 0xffff, 0xffff, 0x0000, 0x0000, 0x0000,
0xac0a, 0xf81f, 0xf81f, 0xf81f, 0xf81f, 0xf81f, 0xf81f, 0xf81f, 0xf81f, 0xf81f,

0xf81f, 0xf81f, 0xf81f, 0xf81f, 0xf81f, 0xf81f, 0xf81f, 0xf81f, 0xf81f, 0xcd91,
0x0000, 0x0000, 0x0000, 0xb596, 0xffff, 0xffff, 0xffff, 0x0000, 0x0000, 0x0000,
0xac0a, 0xf81f, 0xf81f, 0xf81f, 0xf81f, 0xf81f, 0xf81f, 0xf81f, 0xf81f, 0xf81f,

0xf81f, 0xf81f, 0xf81f, 0xf81f, 0xf81f, 0xf81f, 0xf81f, 0xf81f, 0xf81f, 0xcd91,
0x0000, 0x0000, 0x0000, 0xb596, 0xffff, 0xffff, 0xffff, 0x0000, 0x0000, 0x0000,
0xac0a, 0xf81f, 0xf81f, 0xf81f, 0xf81f, 0xf81f, 0xf81f, 0xf81f, 0xf81f, 0xf81f,

0xf81f, 0xf81f, 0xf81f, 0xf81f, 0xf81f, 0xf81f, 0xf81f, 0xf81f, 0xf81f, 0xcd91,
0x0000, 0x0000, 0x0000, 0x0000, 0x0000, 0x0000, 0x0000, 0x0000, 0x0000, 0x0000,
0xac0a, 0xf81f, 0xf81f, 0xf81f, 0xf81f, 0xf81f, 0xf81f, 0xf81f, 0xf81f, 0xf81f,

0xf81f, 0xf81f, 0xf81f, 0xf81f, 0xf81f, 0xf81f, 0xf81f, 0xf81f, 0xf81f, 0xcd91,
0x0000, 0x0000, 0x0000, 0x0000, 0x0000, 0x0000, 0x0000, 0x0000, 0x0000, 0x0000,
0xac0a, 0xf81f, 0xf81f, 0xf81f, 0xf81f, 0xf81f, 0xf81f, 0xf81f, 0xf81f, 0xf81f,

0xcd91, 0xcd91, 0xcd91, 0xcd91, 0xcd91, 0xcd91, 0xcd91, 0xcd91, 0xcd91, 0xcd91,
0x0000, 0x0000, 0x0000, 0x0000, 0x0000, 0x0000, 0x0000, 0x0000, 0x0000, 0x0000,
0xac0a, 0xcd91, 0xcd91, 0xcd91, 0xcd91, 0xcd91, 0xcd91, 0xcd91, 0xcd91, 0xcd91,

0x0000, 0x0000, 0x0000, 0x0000, 0x0000, 0x0000, 0x0000, 0x0000, 0x0000, 0x0000,
0x0000, 0x0000, 0x0000, 0x0000, 0x0000, 0x0000, 0x0000, 0x0000, 0x0000, 0x0000,
0x0000, 0x0000, 0x0000, 0x0000, 0x0000, 0x0000, 0x0000, 0x0000, 0x0000, 0x0000,

0x0000, 0x0000, 0x0000, 0x0000, 0x0000, 0x0000, 0x0000, 0x0000, 0x0000, 0x0000,
0x0000, 0x0000, 0x0000, 0x0000, 0x0000, 0x0000, 0x0000, 0x0000, 0x0000, 0x0000,
0x0000, 0x0000, 0x0000, 0x0000, 0x0000, 0x0000, 0x0000, 0x0000, 0x0000, 0x0000,

0x0000, 0x0000, 0x0000, 0x0000, 0x0000, 0x0000, 0x0000, 0x0000, 0x0000, 0x0000,
0x0000, 0x0000, 0x0000, 0x0000, 0x0000, 0x0000, 0x0000, 0x0000, 0x0000, 0x0000,
0x0000, 0x0000, 0x0000, 0x0000, 0x0000, 0x0000, 0x0000, 0x0000, 0x0000, 0x0000,

0x0000, 0x0000, 0x0000, 0x8410, 0xb596, 0xb596, 0xb596, 0x0000, 0x0000, 0x0000,
0x0000, 0x0000, 0x0000, 0x8410, 0xb596, 0xb596, 0xb596, 0x0000, 0x0000, 0x0000,
0x0000, 0x0000, 0x0000, 0x8410, 0xb596, 0xb596, 0xb596, 0x0000, 0x0000, 0x0000,

0x0000, 0x0000, 0x0000, 0xb596, 0xffff, 0xffff, 0xffff, 0x0000, 0x0000, 0x0000,
0x0000, 0x0000, 0x0000, 0xb596, 0xffff, 0xffff, 0xffff, 0x0000, 0x0000, 0x0000,
0x0000, 0x0000, 0x0000, 0xb596, 0xffff, 0xffff, 0xffff, 0x0000, 0x0000, 0x0000,

0x0000, 0x0000, 0x0000, 0xb596, 0xffff, 0xffff, 0xffff, 0x0000, 0x0000, 0x0000,
0x0000, 0x0000, 0x0000, 0xb596, 0xffff, 0xffff, 0xffff, 0x0000, 0x0000, 0x0000,
0x0000, 0x0000, 0x0000, 0xb596, 0xffff, 0xffff, 0xffff, 0x0000, 0x0000, 0x0000,

0x0000, 0x0000, 0x0000, 0xb596, 0xffff, 0xffff, 0xffff, 0x0000, 0x0000, 0x0000,
0x0000, 0x0000, 0x0000, 0xb596, 0xffff, 0xffff, 0xffff, 0x0000, 0x0000, 0x0000,
0x0000, 0x0000, 0x0000, 0xb596, 0xffff, 0xffff, 0xffff, 0x0000, 0x0000, 0x0000,

0x0000, 0x0000, 0x0000, 0x0000, 0x0000, 0x0000, 0x0000, 0x0000, 0x0000, 0x0000,
0x0000, 0x0000, 0x0000, 0x0000, 0x0000, 0x0000, 0x0000, 0x0000, 0x0000, 0x0000,
0x0000, 0x0000, 0x0000, 0x0000, 0x0000, 0x0000, 0x0000, 0x0000, 0x0000, 0x0000,

0x0000, 0x0000, 0x0000, 0x0000, 0x0000, 0x0000, 0x0000, 0x0000, 0x0000, 0x0000,
0x0000, 0x0000, 0x0000, 0x0000, 0x0000, 0x0000, 0x0000, 0x0000, 0x0000, 0x0000,
0x0000, 0x0000, 0x0000, 0x0000, 0x0000, 0x0000, 0x0000, 0x0000, 0x0000, 0x0000,

0x0000, 0x0000, 0x0000, 0x0000, 0x0000, 0x0000, 0x0000, 0x0000, 0x0000, 0x0000,
0x0000, 0x0000, 0x0000, 0x0000, 0x0000, 0x0000, 0x0000, 0x0000, 0x0000, 0x0000,
0x0000, 0x0000, 0x0000, 0x0000, 0x0000, 0x0000, 0x0000, 0x0000, 0x0000, 0x0000,

0xac0a, 0xac0a, 0xac0a, 0xac0a, 0xac0a, 0xac0a, 0xac0a, 0xac0a, 0xac0a, 0xac0a,
0xac0a, 0xac0a, 0xac0a, 0xac0a, 0xac0a, 0xac0a, 0xac0a, 0xac0a, 0xac0a, 0xac0a,
0xac0a, 0xac0a, 0xac0a, 0xac0a, 0xac0a, 0xac0a, 0xac0a, 0xac0a, 0xac0a, 0xac0a,

0xf81f, 0xf81f, 0xf81f, 0xf81f, 0xf81f, 0xf81f, 0xf81f, 0xf81f, 0xf81f, 0xf81f,
0xf81f, 0xf81f, 0xf81f, 0xf81f, 0xf81f, 0xf81f, 0xf81f, 0xf81f, 0xf81f, 0xf81f,
0xf81f, 0xf81f, 0xf81f, 0xf81f, 0xf81f, 0xf81f, 0xf81f, 0xf81f, 0xf81f, 0xf81f,

0xf81f, 0xf81f, 0xf81f, 0xf81f, 0xf81f, 0xf81f, 0xf81f, 0xf81f, 0xf81f, 0xf81f,
0xf81f, 0xf81f, 0xf81f, 0xf81f, 0xf81f, 0xf81f, 0xf81f, 0xf81f, 0xf81f, 0xf81f,
0xf81f, 0xf81f, 0xf81f, 0xf81f, 0xf81f, 0xf81f, 0xf81f, 0xf81f, 0xf81f, 0xf81f,

0xf81f, 0xf81f, 0xf81f, 0xf81f, 0xf81f, 0xf81f, 0xf81f, 0xf81f, 0xf81f, 0xf81f,
0xf81f, 0xf81f, 0xf81f, 0xf81f, 0xf81f, 0xf81f, 0xf81f, 0xf81f, 0xf81f, 0xf81f,
0xf81f, 0xf81f, 0xf81f, 0xf81f, 0xf81f, 0xf81f, 0xf81f, 0xf81f, 0xf81f, 0xf81f,

0xf81f, 0xf81f, 0xf81f, 0xf81f, 0xf81f, 0xf81f, 0xf81f, 0xf81f, 0xf81f, 0xf81f,
0xf81f, 0xf81f, 0xf81f, 0xf81f, 0xf81f, 0xf81f, 0xf81f, 0xf81f, 0xf81f, 0xf81f,
0xf81f, 0xf81f, 0xf81f, 0xf81f, 0xf81f, 0xf81f, 0xf81f, 0xf81f, 0xf81f, 0xf81f,

0xf81f, 0xf81f, 0xf81f, 0xf81f, 0xf81f, 0xf81f, 0xf81f, 0xf81f, 0xf81f, 0xf81f,
0xf81f, 0xf81f, 0xf81f, 0xf81f, 0xf81f, 0xf81f, 0xf81f, 0xf81f, 0xf81f, 0xf81f,
0xf81f, 0xf81f, 0xf81f, 0xf81f, 0xf81f, 0xf81f, 0xf81f, 0xf81f, 0xf81f, 0xf81f,

0xf81f, 0xf81f, 0xf81f, 0xf81f, 0xf81f, 0xf81f, 0xf81f, 0xf81f, 0xf81f, 0xf81f,
0xf81f, 0xf81f, 0xf81f, 0xf81f, 0xf81f, 0xf81f, 0xf81f, 0xf81f, 0xf81f, 0xf81f,
0xf81f, 0xf81f, 0xf81f, 0xf81f, 0xf81f, 0xf81f, 0xf81f, 0xf81f, 0xf81f, 0xf81f,

0xf81f, 0xf81f, 0xf81f, 0xf81f, 0xf81f, 0xf81f, 0xf81f, 0xf81f, 0xf81f, 0xf81f,
0xf81f, 0xf81f, 0xf81f, 0xf81f, 0xf81f, 0xf81f, 0xf81f, 0xf81f, 0xf81f, 0xf81f,
0xf81f, 0xf81f, 0xf81f, 0xf81f, 0xf81f, 0xf81f, 0xf81f, 0xf81f, 0xf81f, 0xf81f,

0xf81f, 0xf81f, 0xf81f, 0xf81f, 0xf81f, 0xf81f, 0xf81f, 0xf81f, 0xf81f, 0xf81f,
0xf81f, 0xf81f, 0xf81f, 0xf81f, 0xf81f, 0xf81f, 0xf81f, 0xf81f, 0xf81f, 0xf81f,
0xf81f, 0xf81f, 0xf81f, 0xf81f, 0xf81f, 0xf81f, 0xf81f, 0xf81f, 0xf81f, 0xf81f,

0xf81f, 0xf81f, 0xf81f, 0xf81f, 0xf81f, 0xf81f, 0xf81f, 0xf81f, 0xf81f, 0xf81f,
0xf81f, 0xf81f, 0xf81f, 0xf81f, 0xf81f, 0xf81f, 0xf81f, 0xf81f, 0xf81f, 0xf81f,
0xf81f, 0xf81f, 0xf81f, 0xf81f, 0xf81f, 0xf81f, 0xf81f, 0xf81f, 0xf81f, 0xf81f,

0xf81f, 0xf81f, 0xf81f, 0xf81f, 0xf81f, 0xf81f, 0xf81f, 0xf81f, 0xf81f, 0xf81f,
0xf81f, 0xf81f, 0xf81f, 0xf81f, 0xf81f, 0xf81f, 0xf81f, 0xf81f, 0xf81f, 0xf81f,
0xf81f, 0xf81f, 0xf81f, 0xf81f, 0xf81f, 0xf81f, 0xf81f, 0xf81f, 0xf81f, 0xf81f,

0xf81f, 0xf81f, 0xf81f, 0xf81f, 0xf81f, 0xf81f, 0xf81f, 0xf81f, 0xf81f, 0xf81f,
0xf81f, 0xf81f, 0xf81f, 0xf81f, 0xf81f, 0xf81f, 0xf81f, 0xf81f, 0xf81f, 0xf81f,
0xf81f, 0xf81f, 0xf81f, 0xf81f, 0xf81f, 0xf81f, 0xf81f, 0xf81f, 0xf81f, 0xf81f,

0xf81f, 0xf81f, 0xf81f, 0xf81f, 0xf81f, 0xf81f, 0xf81f, 0xf81f, 0xf81f, 0xf81f,
0xf81f, 0xf81f, 0xf81f, 0xf81f, 0xf81f, 0xf81f, 0xf81f, 0xf81f, 0xf81f, 0xf81f,
0xf81f, 0xf81f, 0xf81f, 0xf81f, 0xf81f, 0xf81f, 0xf81f, 0xf81f, 0xf81f, 0xf81f,

0xf81f, 0xf81f, 0xf81f, 0xf81f, 0xf81f, 0xf81f, 0xf81f, 0xf81f, 0xf81f, 0xf81f,
0xf81f, 0xf81f, 0xf81f, 0xf81f, 0xf81f, 0xf81f, 0xf81f, 0xf81f, 0xf81f, 0xf81f,
0xf81f, 0xf81f, 0xf81f, 0xf81f, 0xf81f, 0xf81f, 0xf81f, 0xf81f, 0xf81f, 0xf81f,

0xf81f, 0xf81f, 0xf81f, 0xf81f, 0xf81f, 0xf81f, 0xf81f, 0xf81f, 0xf81f, 0xf81f,
0xf81f, 0xf81f, 0xf81f, 0xf81f, 0xf81f, 0xf81f, 0xf81f, 0xf81f, 0xf81f, 0xf81f,
0xf81f, 0xf81f, 0xf81f, 0xf81f, 0xf81f, 0xf81f, 0xf81f, 0xf81f, 0xf81f, 0xf81f,

0xf81f, 0xf81f, 0xf81f, 0xf81f, 0xf81f, 0xf81f, 0xf81f, 0xf81f, 0xf81f, 0xf81f,
0xf81f, 0xf81f, 0xf81f, 0xf81f, 0xf81f, 0xf81f, 0xf81f, 0xf81f, 0xf81f, 0xf81f,
0xf81f, 0xf81f, 0xf81f, 0xf81f, 0xf81f, 0xf81f, 0xf81f, 0xf81f, 0xf81f, 0xf81f,

0xf81f, 0xf81f, 0xf81f, 0xf81f, 0xf81f, 0xf81f, 0xf81f, 0xf81f, 0xf81f, 0xf81f,
0xf81f, 0xf81f, 0xf81f, 0xf81f, 0xf81f, 0xf81f, 0xf81f, 0xf81f, 0xf81f, 0xf81f,
0xf81f, 0xf81f, 0xf81f, 0xf81f, 0xf81f, 0xf81f, 0xf81f, 0xf81f, 0xf81f, 0xf81f,

0xf81f, 0xf81f, 0xf81f, 0xf81f, 0xf81f, 0xf81f, 0xf81f, 0xf81f, 0xf81f, 0xf81f,
0xf81f, 0xf81f, 0xf81f, 0xf81f, 0xf81f, 0xf81f, 0xf81f, 0xf81f, 0xf81f, 0xf81f,
0xf81f, 0xf81f, 0xf81f, 0xf81f, 0xf81f, 0xf81f, 0xf81f, 0xf81f, 0xf81f, 0xf81f,

0xf81f, 0xf81f, 0xf81f, 0xf81f, 0xf81f, 0xf81f, 0xf81f, 0xf81f, 0xf81f, 0xf81f,
0xf81f, 0xf81f, 0xf81f, 0xf81f, 0xf81f, 0xf81f, 0xf81f, 0xf81f, 0xf81f, 0xf81f,
0xf81f, 0xf81f, 0xf81f, 0xf81f, 0xf81f, 0xf81f, 0xf81f, 0xf81f, 0xf81f, 0xf81f,

0xcd91, 0xcd91, 0xcd91, 0xcd91, 0xcd91, 0xcd91, 0xcd91, 0xcd91, 0xcd91, 0xcd91,
0xcd91, 0xcd91, 0xcd91, 0xcd91, 0xcd91, 0xcd91, 0xcd91, 0xcd91, 0xcd91, 0xcd91,
0xcd91, 0xcd91, 0xcd91, 0xcd91, 0xcd91, 0xcd91, 0xcd91, 0xcd91, 0xcd91, 0xcd91,

0x0000, 0x0000, 0x0000, 0x0000, 0x0000, 0x0000, 0x0000, 0x0000, 0x0000, 0x0000,
0x0000, 0x0000, 0x0000, 0x0000, 0x0000, 0x0000, 0x0000, 0x0000, 0x0000, 0x0000,
0x0000, 0x0000, 0x0000, 0x0000, 0x0000, 0x0000, 0x0000, 0x0000, 0x0000, 0x0000,

0x0000, 0x0000, 0x0000, 0x0000, 0x0000, 0x0000, 0x0000, 0x0000, 0x0000, 0x0000,
0x0000, 0x0000, 0x0000, 0x0000, 0x0000, 0x0000, 0x0000, 0x0000, 0x0000, 0x0000,
0x0000, 0x0000, 0x0000, 0x0000, 0x0000, 0x0000, 0x0000, 0x0000, 0x0000, 0x0000,

0x0000, 0x0000, 0x0000, 0x0000, 0x0000, 0x0000, 0x0000, 0x0000, 0x0000, 0x0000,
0x0000, 0x0000, 0x0000, 0x0000, 0x0000, 0x0000, 0x0000, 0x0000, 0x0000, 0x0000,
0x0000, 0x0000, 0x0000, 0x0000, 0x0000, 0x0000, 0x0000, 0x0000, 0x0000, 0x0000,

0x0000, 0x0000, 0x0000, 0x8410, 0xb596, 0xb596, 0xb596, 0x0000, 0x0000, 0x0000,
0x0000, 0x0000, 0x0000, 0x8410, 0xb596, 0xb596, 0xb596, 0x0000, 0x0000, 0x0000,
0x0000, 0x0000, 0x0000, 0x8410, 0xb596, 0xb596, 0xb596, 0x0000, 0x0000, 0x0000,

0x0000, 0x0000, 0x0000, 0xb596, 0xffff, 0xffff, 0xffff, 0x0000, 0x0000, 0x0000,
0x0000, 0x0000, 0x0000, 0xb596, 0xffff, 0xffff, 0xffff, 0x0000, 0x0000, 0x0000,
0x0000, 0x0000, 0x0000, 0xb596, 0xffff, 0xffff, 0xffff, 0x0000, 0x0000, 0x0000,

0x0000, 0x0000, 0x0000, 0xb596, 0xffff, 0xffff, 0xffff, 0x0000, 0x0000, 0x0000,
0x0000, 0x0000, 0x0000, 0xb596, 0xffff, 0xffff, 0xffff, 0x0000, 0x0000, 0x0000,
0x0000, 0x0000, 0x0000, 0xb596, 0xffff, 0xffff, 0xffff, 0x0000, 0x0000, 0x0000,

0x0000, 0x0000, 0x0000, 0xb596, 0xffff, 0xffff, 0xffff, 0x0000, 0x0000, 0x0000,
0x0000, 0x0000, 0x0000, 0xb596, 0xffff, 0xffff, 0xffff, 0x0000, 0x0000, 0x0000,
0x0000, 0x0000, 0x0000, 0xb596, 0xffff, 0xffff, 0xffff, 0x0000, 0x0000, 0x0000,

0x0000, 0x0000, 0x0000, 0x0000, 0x0000, 0x0000, 0x0000, 0x0000, 0x0000, 0x0000,
0x0000, 0x0000, 0x0000, 0x0000, 0x0000, 0x0000, 0x0000, 0x0000, 0x0000, 0x0000,
0x0000, 0x0000, 0x0000, 0x0000, 0x0000, 0x0000, 0x0000, 0x0000, 0x0000, 0x0000,

0x0000, 0x0000, 0x0000, 0x0000, 0x0000, 0x0000, 0x0000, 0x0000, 0x0000, 0x0000,
0x0000, 0x0000, 0x0000, 0x0000, 0x0000, 0x0000, 0x0000, 0x0000, 0x0000, 0x0000,
0x0000, 0x0000, 0x0000, 0x0000, 0x0000, 0x0000, 0x0000, 0x0000, 0x0000, 0x0000,

0x0000, 0x0000, 0x0000, 0x0000, 0x0000, 0x0000, 0x0000, 0x0000, 0x0000, 0x0000,
0x0000, 0x0000, 0x0000, 0x0000, 0x0000, 0x0000, 0x0000, 0x0000, 0x0000, 0x0000,
0x0000, 0x0000, 0x0000, 0x0000, 0x0000, 0x0000, 0x0000, 0x0000, 0x0000, 0x0000,

0xac0a, 0xac0a, 0xac0a, 0xac0a, 0xac0a, 0xac0a, 0xac0a, 0xac0a, 0xac0a, 0xac0a,
0x0000, 0x0000, 0x0000, 0x0000, 0x0000, 0x0000, 0x0000, 0x0000, 0x0000, 0x0000,
0xac0a, 0xac0a, 0xac0a, 0xac0a, 0xac0a, 0xac0a, 0xac0a, 0xac0a, 0xac0a, 0xac0a,

0xf81f, 0xf81f, 0xf81f, 0xf81f, 0xf81f, 0xf81f, 0xf81f, 0xf81f, 0xf81f, 0xcd91,
0x0000, 0x0000, 0x0000, 0x0000, 0x0000, 0x0000, 0x0000, 0x0000, 0x0000, 0x0000,
0xac0a, 0xf81f, 0xf81f, 0xf81f, 0xf81f, 0xf81f, 0xf81f, 0xf81f, 0xf81f, 0xf81f,

0xf81f, 0xf81f, 0xf81f, 0xf81f, 0xf81f, 0xf81f, 0xf81f, 0xf81f, 0xf81f, 0xcd91,
0x0000, 0x0000, 0x0000, 0x0000, 0x0000, 0x0000, 0x0000, 0x0000, 0x0000, 0x0000,
0xac0a, 0xf81f, 0xf81f, 0xf81f, 0xf81f, 0xf81f, 0xf81f, 0xf81f, 0xf81f, 0xf81f,

0xf81f, 0xf81f, 0xf81f, 0xf81f, 0xf81f, 0xf81f, 0xf81f, 0xf81f, 0xf81f, 0xcd91,
0x0000, 0x0000, 0x0000, 0x8410, 0xb596, 0xb596, 0xb596, 0x0000, 0x0000, 0x0000,
0xac0a, 0xf81f, 0xf81f, 0xf81f, 0xf81f, 0xf81f, 0xf81f, 0xf81f, 0xf81f, 0xf81f,

0xf81f, 0xf81f, 0xf81f, 0xf81f, 0xf81f, 0xf81f, 0xf81f, 0xf81f, 0xf81f, 0xcd91,
0x0000, 0x0000, 0x0000, 0xb596, 0xffff, 0xffff, 0xffff, 0x0000, 0x0000, 0x0000,
0xac0a, 0xf81f, 0xf81f, 0xf81f, 0xf81f, 0xf81f, 0xf81f, 0xf81f, 0xf81f, 0xf81f,

0xf81f, 0xf81f, 0xf81f, 0xf81f, 0xf81f, 0xf81f, 0xf81f, 0xf81f, 0xf81f, 0xcd91,
0x0000, 0x0000, 0x0000, 0xb596, 0xffff, 0xffff, 0xffff, 0x0000, 0x0000, 0x0000,
0xac0a, 0xf81f, 0xf81f, 0xf81f, 0xf81f, 0xf81f, 0xf81f, 0xf81f, 0xf81f, 0xf81f,

0xf81f, 0xf81f, 0xf81f, 0xf81f, 0xf81f, 0xf81f, 0xf81f, 0xf81f, 0xf81f, 0xcd91,
0x0000, 0x0000, 0x0000, 0xb596, 0xffff, 0xffff, 0xffff, 0x0000, 0x0000, 0x0000,
0xac0a, 0xf81f, 0xf81f, 0xf81f, 0xf81f, 0xf81f, 0xf81f, 0xf81f, 0xf81f, 0xf81f,

0xf81f, 0xf81f, 0xf81f, 0xf81f, 0xf81f, 0xf81f, 0xf81f, 0xf81f, 0xf81f, 0xcd91,
0x0000, 0x0000, 0x0000, 0x0000, 0x0000, 0x0000, 0x0000, 0x0000, 0x0000, 0x0000,
0xac0a, 0xf81f, 0xf81f, 0xf81f, 0xf81f, 0xf81f, 0xf81f, 0xf81f, 0xf81f, 0xf81f,

0xf81f, 0xf81f, 0xf81f, 0xf81f, 0xf81f, 0xf81f, 0xf81f, 0xf81f, 0xf81f, 0xcd91,
0x0000, 0x0000, 0x0000, 0x0000, 0x0000, 0x0000, 0x0000, 0x0000, 0x0000, 0x0000,
0xac0a, 0xf81f, 0xf81f, 0xf81f, 0xf81f, 0xf81f, 0xf81f, 0xf81f, 0xf81f, 0xf81f,

0xf81f, 0xf81f, 0xf81f, 0xf81f, 0xf81f, 0xf81f, 0xf81f, 0xf81f, 0xf81f, 0xcd91,
0x0000, 0x0000, 0x0000, 0x0000, 0x0000, 0x0000, 0x0000, 0x0000, 0x0000, 0x0000,
0xac0a, 0xf81f, 0xf81f, 0xf81f, 0xf81f, 0xf81f, 0xf81f, 0xf81f, 0xf81f, 0xf81f,

0xf81f, 0xf81f, 0xf81f, 0xf81f, 0xf81f, 0xf81f, 0xf81f, 0xf81f, 0xf81f, 0xcd91,
0x0000, 0x0000, 0x0000, 0x0000, 0x0000, 0x0000, 0x0000, 0x0000, 0x0000, 0x0000,
0xac0a, 0xf81f, 0xf81f, 0xf81f, 0xf81f, 0xf81f, 0xf81f, 0xf81f, 0xf81f, 0xf81f,

0xf81f, 0xf81f, 0xf81f, 0xf81f, 0xf81f, 0xf81f, 0xf81f, 0xf81f, 0xf81f, 0xcd91,
0x0000, 0x0000, 0x0000, 0x0000, 0x0000, 0x0000, 0x0000, 0x0000, 0x0000, 0x0000,
0xac0a, 0xf81f, 0xf81f, 0xf81f, 0xf81f, 0xf81f, 0xf81f, 0xf81f, 0xf81f, 0xf81f,

0xf81f, 0xf81f, 0xf81f, 0xf81f, 0xf81f, 0xf81f, 0xf81f, 0xf81f, 0xf81f, 0xcd91,
0x0000, 0x0000, 0x0000, 0x0000, 0x0000, 0x0000, 0x0000, 0x0000, 0x0000, 0x0000,
0xac0a, 0xf81f, 0xf81f, 0xf81f, 0xf81f, 0xf81f, 0xf81f, 0xf81f, 0xf81f, 0xf81f,

0xf81f, 0xf81f, 0xf81f, 0xf81f, 0xf81f, 0xf81f, 0xf81f, 0xf81f, 0xf81f, 0xcd91,
0x0000, 0x0000, 0x0000, 0x8410, 0xb596, 0xb596, 0xb596, 0x0000, 0x0000, 0x0000,
0xac0a, 0xf81f, 0xf81f, 0xf81f, 0xf81f, 0xf81f, 0xf81f, 0xf81f, 0xf81f, 0xf81f,

0xf81f, 0xf81f, 0xf81f, 0xf81f, 0xf81f, 0xf81f, 0xf81f, 0xf81f, 0xf81f, 0xcd91,
0x0000, 0x0000, 0x0000, 0xb596, 0xffff, 0xffff, 0xffff, 0x0000, 0x0000, 0x0000,
0xac0a, 0xf81f, 0xf81f, 0xf81f, 0xf81f, 0xf81f, 0xf81f, 0xf81f, 0xf81f, 0xf81f,

0xf81f, 0xf81f, 0xf81f, 0xf81f, 0xf81f, 0xf81f, 0xf81f, 0xf81f, 0xf81f, 0xcd91,
0x0000, 0x0000, 0x0000, 0xb596, 0xffff, 0xffff, 0xffff, 0x0000, 0x0000, 0x0000,
0xac0a, 0xf81f, 0xf81f, 0xf81f, 0xf81f, 0xf81f, 0xf81f, 0xf81f, 0xf81f, 0xf81f,

0xf81f, 0xf81f, 0xf81f, 0xf81f, 0xf81f, 0xf81f, 0xf81f, 0xf81f, 0xf81f, 0xcd91,
0x0000, 0x0000, 0x0000, 0xb596, 0xffff, 0xffff, 0xffff, 0x0000, 0x0000, 0x0000,
0xac0a, 0xf81f, 0xf81f, 0xf81f, 0xf81f, 0xf81f, 0xf81f, 0xf81f, 0xf81f, 0xf81f,

0xf81f, 0xf81f, 0xf81f, 0xf81f, 0xf81f, 0xf81f, 0xf81f, 0xf81f, 0xf81f, 0xcd91,
0x0000, 0x0000, 0x0000, 0x0000, 0x0000, 0x0000, 0x0000, 0x0000, 0x0000, 0x0000,
0xac0a, 0xf81f, 0xf81f, 0xf81f, 0xf81f, 0xf81f, 0xf81f, 0xf81f, 0xf81f, 0xf81f,

0xf81f, 0xf81f, 0xf81f, 0xf81f, 0xf81f, 0xf81f, 0xf81f, 0xf81f, 0xf81f, 0xcd91,
0x0000, 0x0000, 0x0000, 0x0000, 0x0000, 0x0000, 0x0000, 0x0000, 0x0000, 0x0000,
0xac0a, 0xf81f, 0xf81f, 0xf81f, 0xf81f, 0xf81f, 0xf81f, 0xf81f, 0xf81f, 0xf81f,

0xcd91, 0xcd91, 0xcd91, 0xcd91, 0xcd91, 0xcd91, 0xcd91, 0xcd91, 0xcd91, 0xcd91,
0x0000, 0x0000, 0x0000, 0x0000, 0x0000, 0x0000, 0x0000, 0x0000, 0x0000, 0x0000,
0xac0a, 0xcd91, 0xcd91, 0xcd91, 0xcd91, 0xcd91, 0xcd91, 0xcd91, 0xcd91, 0xcd91,

0x0000, 0x0000, 0x0000, 0x0000, 0x0000, 0x0000, 0x0000, 0x0000, 0x0000, 0x0000,
0x0000, 0x0000, 0x0000, 0x0000, 0x0000, 0x0000, 0x0000, 0x0000, 0x0000, 0x0000,
0x0000, 0x0000, 0x0000, 0x0000, 0x0000, 0x0000, 0x0000, 0x0000, 0x0000, 0x0000,

0x0000, 0x0000, 0x0000, 0x0000, 0x0000, 0x0000, 0x0000, 0x0000, 0x0000, 0x0000,
0x0000, 0x0000, 0x0000, 0x0000, 0x0000, 0x0000, 0x0000, 0x0000, 0x0000, 0x0000,
0x0000, 0x0000, 0x0000, 0x0000, 0x0000, 0x0000, 0x0000, 0x0000, 0x0000, 0x0000,

0x0000, 0x0000, 0x0000, 0x0000, 0x0000, 0x0000, 0x0000, 0x0000, 0x0000, 0x0000,
0x0000, 0x0000, 0x0000, 0x0000, 0x0000, 0x0000, 0x0000, 0x0000, 0x0000, 0x0000,
0x0000, 0x0000, 0x0000, 0x0000, 0x0000, 0x0000, 0x0000, 0x0000, 0x0000, 0x0000,

0x0000, 0x0000, 0x0000, 0x8410, 0xb596, 0xb596, 0xb596, 0x0000, 0x0000, 0x0000,
0x0000, 0x0000, 0x0000, 0x8410, 0xb596, 0xb596, 0xb596, 0x0000, 0x0000, 0x0000,
0x0000, 0x0000, 0x0000, 0x8410, 0xb596, 0xb596, 0xb596, 0x0000, 0x0000, 0x0000,

0x0000, 0x0000, 0x0000, 0xb596, 0xffff, 0xffff, 0xffff, 0x0000, 0x0000, 0x0000,
0x0000, 0x0000, 0x0000, 0xb596, 0xffff, 0xffff, 0xffff, 0x0000, 0x0000, 0x0000,
0x0000, 0x0000, 0x0000, 0xb596, 0xffff, 0xffff, 0xffff, 0x0000, 0x0000, 0x0000,

0x0000, 0x0000, 0x0000, 0xb596, 0xffff, 0xffff, 0xffff, 0x0000, 0x0000, 0x0000,
0x0000, 0x0000, 0x0000, 0xb596, 0xffff, 0xffff, 0xffff, 0x0000, 0x0000, 0x0000,
0x0000, 0x0000, 0x0000, 0xb596, 0xffff, 0xffff, 0xffff, 0x0000, 0x0000, 0x0000,

0x0000, 0x0000, 0x0000, 0xb596, 0xffff, 0xffff, 0xffff, 0x0000, 0x0000, 0x0000,
0x0000, 0x0000, 0x0000, 0xb596, 0xffff, 0xffff, 0xffff, 0x0000, 0x0000, 0x0000,
0x0000, 0x0000, 0x0000, 0xb596, 0xffff, 0xffff, 0xffff, 0x0000, 0x0000, 0x0000,

0x0000, 0x0000, 0x0000, 0x0000, 0x0000, 0x0000, 0x0000, 0x0000, 0x0000, 0x0000,
0x0000, 0x0000, 0x0000, 0x0000, 0x0000, 0x0000, 0x0000, 0x0000, 0x0000, 0x0000,
0x0000, 0x0000, 0x0000, 0x0000, 0x0000, 0x0000, 0x0000, 0x0000, 0x0000, 0x0000,

0x0000, 0x0000, 0x0000, 0x0000, 0x0000, 0x0000, 0x0000, 0x0000, 0x0000, 0x0000,
0x0000, 0x0000, 0x0000, 0x0000, 0x0000, 0x0000, 0x0000, 0x0000, 0x0000, 0x0000,
0x0000, 0x0000, 0x0000, 0x0000, 0x0000, 0x0000, 0x0000, 0x0000, 0x0000, 0x0000,

0x0000, 0x0000, 0x0000, 0x0000, 0x0000, 0x0000, 0x0000, 0x0000, 0x0000, 0x0000,
0x0000, 0x0000, 0x0000, 0x0000, 0x0000, 0x0000, 0x0000, 0x0000, 0x0000, 0x0000,
0x0000, 0x0000, 0x0000, 0x0000, 0x0000, 0x0000, 0x0000, 0x0000, 0x0000, 0x0000,

0xac0a, 0xac0a, 0xac0a, 0xac0a, 0xac0a, 0xac0a, 0xac0a, 0xac0a, 0xac0a, 0xac0a,
0x0000, 0x0000, 0x0000, 0x0000, 0x0000, 0x0000, 0x0000, 0x0000, 0x0000, 0x0000,
0xac0a, 0xac0a, 0xac0a, 0xac0a, 0xac0a, 0xac0a, 0xac0a, 0xac0a, 0xac0a, 0xac0a,

0xf81f, 0xf81f, 0xf81f, 0xf81f, 0xf81f, 0xf81f, 0xf81f, 0xf81f, 0xf81f, 0xcd91,
0x0000, 0x0000, 0x0000, 0x0000, 0x0000, 0x0000, 0x0000, 0x0000, 0x0000, 0x0000,
0xac0a, 0xf81f, 0xf81f, 0xf81f, 0xf81f, 0xf81f, 0xf81f, 0xf81f, 0xf81f, 0xf81f,

0xf81f, 0xf81f, 0xf81f, 0xf81f, 0xf81f, 0xf81f, 0xf81f, 0xf81f, 0xf81f, 0xcd91,
0x0000, 0x0000, 0x0000, 0x0000, 0x0000, 0x0000, 0x0000, 0x0000, 0x0000, 0x0000,
0xac0a, 0xf81f, 0xf81f, 0xf81f, 0xf81f, 0xf81f, 0xf81f, 0xf81f, 0xf81f, 0xf81f,

0xf81f, 0xf81f, 0xf81f, 0xf81f, 0xf81f, 0xf81f, 0xf81f, 0xf81f, 0xf81f, 0xcd91,
0x0000, 0x0000, 0x0000, 0x8410, 0xb596, 0xb596, 0xb596, 0x0000, 0x0000, 0x0000,
0xac0a, 0xf81f, 0xf81f, 0xf81f, 0xf81f, 0xf81f, 0xf81f, 0xf81f, 0xf81f, 0xf81f,

0xf81f, 0xf81f, 0xf81f, 0xf81f, 0xf81f, 0xf81f, 0xf81f, 0xf81f, 0xf81f, 0xcd91,
0x0000, 0x0000, 0x0000, 0xb596, 0xffff, 0xffff, 0xffff, 0x0000, 0x0000, 0x0000,
0xac0a, 0xf81f, 0xf81f, 0xf81f, 0xf81f, 0xf81f, 0xf81f, 0xf81f, 0xf81f, 0xf81f,

0xf81f, 0xf81f, 0xf81f, 0xf81f, 0xf81f, 0xf81f, 0xf81f, 0xf81f, 0xf81f, 0xcd91,
0x0000, 0x0000, 0x0000, 0xb596, 0xffff, 0xffff, 0xffff, 0x0000, 0x0000, 0x0000,
0xac0a, 0xf81f, 0xf81f, 0xf81f, 0xf81f, 0xf81f, 0xf81f, 0xf81f, 0xf81f, 0xf81f,

0xf81f, 0xf81f, 0xf81f, 0xf81f, 0xf81f, 0xf81f, 0xf81f, 0xf81f, 0xf81f, 0xcd91,
0x0000, 0x0000, 0x0000, 0xb596, 0xffff, 0xffff, 0xffff, 0x0000, 0x0000, 0x0000,
0xac0a, 0xf81f, 0xf81f, 0xf81f, 0xf81f, 0xf81f, 0xf81f, 0xf81f, 0xf81f, 0xf81f,

0xf81f, 0xf81f, 0xf81f, 0xf81f, 0xf81f, 0xf81f, 0xf81f, 0xf81f, 0xf81f, 0xcd91,
0x0000, 0x0000, 0x0000, 0x0000, 0x0000, 0x0000, 0x0000, 0x0000, 0x0000, 0x0000,
0xac0a, 0xf81f, 0xf81f, 0xf81f, 0xf81f, 0xf81f, 0xf81f, 0xf81f, 0xf81f, 0xf81f,

0xf81f, 0xf81f, 0xf81f, 0xf81f, 0xf81f, 0xf81f, 0xf81f, 0xf81f, 0xf81f, 0xcd91,
0x0000, 0x0000, 0x0000, 0x0000, 0x0000, 0x0000, 0x0000, 0x0000, 0x0000, 0x0000,
0xac0a, 0xf81f, 0xf81f, 0xf81f, 0xf81f, 0xf81f, 0xf81f, 0xf81f, 0xf81f, 0xf81f,

0xf81f, 0xf81f, 0xf81f, 0xf81f, 0xf81f, 0xf81f, 0xf81f, 0xf81f, 0xf81f, 0xcd91,
0x0000, 0x0000, 0x0000, 0x0000, 0x0000, 0x0000, 0x0000, 0x0000, 0x0000, 0x0000,
0xac0a, 0xf81f, 0xf81f, 0xf81f, 0xf81f, 0xf81f, 0xf81f, 0xf81f, 0xf81f, 0xf81f,


};

const struct bitmap bm_jewels = { 
    .width = BMPWIDTH_jewels, 
    .height = BMPHEIGHT_jewels, 
    .format = FORMAT_NATIVE, 
    .data = (unsigned char*)jewels,
};
