#include "lcd.h"
#include "pluginbitmaps/sliding_puzzle.h"
const unsigned short sliding_puzzle[] = {
0xdd41, 0x6aa0, 0x5200, 0xeda0, 0xfde0, 0xfde0, 0xf5e0, 0x8b40, 0x1880, 0x1060,
0x2900, 0x8320, 0xe540, 0xfde0, 0xfde0, 0xfde0, 0xf5a0, 0x8320, 0x0820, 0x0000,
0x0000, 0x0000, 0x0000, 0x0000, 0x0000, 0x0000, 0x0000, 0x41a0, 0x9ba0, 0xac00,
0x93a0, 0x6aa0, 0x4180, 0x18a0, 0x0020, 0x0000, 0x0000, 0x0000, 0x0000, 0x0000,
0x0000, 0x0000, 0x0000, 0x0000, 0x0000, 0x0000, 0x3980, 0xcca0, 0xfde0, 0xfde0,
0xfde0, 0xfde0, 0xfde0, 0xfde0, 0xfde0, 0xfde0, 0xfde0, 0xfde0, 0xf5a0, 0xed80,
0xd500, 0xcce0, 0xc4a0, 0xd500, 0xe560, 0xed80, 0xe560, 0x9380, 0x7ae0, 0xc4a0,
0xf5a0, 0xfde0, 0xdd20, 0x9b80, 0x51e0, 0x18a0, 0x1060, 0x51e0, 0xac21, 0xe581,
0xedc1, 0xf5c1, 0xf601, 0xf601, 0xf601, 0xf601, 0xf601, 0xf601, 0xf601, 0xf601,
0xf601, 0xf601, 0xf601, 0xf601, 0xf601, 0xf601, 0xf601, 0xf601, 0xf601, 0xf601,
0xf601, 0xf601, 0xf601, 0x3140, 0x5a20, 0xcce0, 0x8320, 0x4180, 0x0820, 0x0000,
0x1880, 0x72c1, 0xbc61, 0xeda1, 0xfe01, 0xf5e1, 0xfde1, 0xf601, 0xf601, 0xf601,
0xfde1, 0xf5e1, 0xfe01, 0xf601, 0xf5e1, 0xfde1, 0xf5e1, 0xfe01, 0xfe01, 0xf5e1,
0xf5c1, 0xdd81, 0xeda1, 0xf5c1, 0xcce0, 0xb420, 0xfde0, 0xfde0, 0xfde0, 0xfde0,
0xfde0, 0xfde0, 0xfde0, 0xfde0, 0xfde0, 0xfde0, 0x8320, 0x0000, 0x0000, 0x5a20,
0xb440, 0x18a0, 0x0000, 0x49c0, 0xd540, 0x6aa0, 0xbc80, 0xfde0, 0xfde0, 0x9360,
0x0820, 0x0000, 0x0000, 0x0000, 0x0000, 0x0000, 0x0000, 0x1060, 0xbc80, 0xfde0,
0xeda0, 0x3120, 0x0000, 0x0000, 0x0000, 0x0000, 0x0000, 0x0000, 0x0000, 0x5a20,
0xf5c0, 0xf5c0, 0x6a80, 0x5a20, 0x3120, 0x7ae0, 0xf5e0, 0x6aa0, 0x0000, 0x0000,
0x0000, 0x0000, 0x0000, 0x0000, 0x0000, 0x6a80, 0xfde0, 0xfe00, 0xfe00, 0x9360,
0x0000, 0x0000, 0x0000, 0x0000, 0x0000, 0x0000, 0x0000, 0x0840, 0xb420, 0xfe00,
0x9380, 0x3960, 0x20e0, 0xd500, 0xfe00, 0xfe00, 0xfde0, 0x8320, 0x0000, 0x0000,
0x1080, 0xc4e0, 0x6a80, 0x0000, 0x0000, 0x0000, 0x0000, 0x0000, 0x0000, 0x9380,
0xfe00, 0xd520, 0x4180, 0xe5c0, 0x5a20, 0x0000, 0x0000, 0x0000, 0x0000, 0x0000,

0xdd41, 0x49e0, 0x7ac0, 0xf5a0, 0xfde0, 0xfde0, 0xeda0, 0x7ae0, 0x2900, 0x6260,
0x41a0, 0x20e0, 0x7ae0, 0xdd20, 0xfdc0, 0xfde0, 0xeda0, 0x72a0, 0x0820, 0x0000,
0x0000, 0x0000, 0x0000, 0x0000, 0x0000, 0x0000, 0x0840, 0x41a0, 0x72c0, 0x7ae0,
0x8b60, 0xa3e0, 0xac00, 0x9ba0, 0x6a60, 0x20c0, 0x0000, 0x0000, 0x0000, 0x0000,
0x0000, 0x0000, 0x0000, 0x0000, 0x0000, 0x0000, 0x0840, 0x72c0, 0xf5c0, 0xfde0,
0xfde0, 0xfde0, 0xfde0, 0xfde0, 0xfde0, 0xfde0, 0xf5c0, 0xd500, 0x9ba0, 0x5a40,
0x3960, 0x3120, 0x20e0, 0x2900, 0x3980, 0x6260, 0x9bc0, 0xcca0, 0xac20, 0x72a0,
0x7ae0, 0xccc0, 0xfde0, 0xfde0, 0xed80, 0xc4a0, 0x7b00, 0x3960, 0x20c0, 0x3120,
0x6aa0, 0xbc81, 0xdd41, 0xf5e1, 0xf601, 0xfe01, 0xf5e1, 0xf601, 0xf601, 0xf601,
0xf601, 0xf601, 0xf601, 0xf601, 0xf601, 0xf601, 0xf601, 0xf601, 0xf601, 0xf601,
0xf601, 0xf601, 0xac00, 0x18a0, 0xac00, 0xfde0, 0xfde0, 0xe560, 0xb420, 0x6a60,
0x2920, 0x0820, 0x1080, 0x3140, 0x8b60, 0xcce1, 0xeda1, 0xf601, 0xf5e1, 0xf601,
0xf601, 0xfe01, 0xf601, 0xf601, 0xf601, 0xf601, 0xfe01, 0xf601, 0xf601, 0xfe01,
0xf601, 0xfe01, 0xf5e1, 0xf601, 0x9380, 0xf5c0, 0xfde0, 0xfde0, 0xfde0, 0xfde0,
0xfde0, 0xfde0, 0xfde0, 0xfde0, 0xfde0, 0xf5c0, 0xbc60, 0x0020, 0x0000, 0x6260,
0xac00, 0x1060, 0x0000, 0x18a0, 0xb460, 0xa3c0, 0x8b40, 0xf5c0, 0xfde0, 0x8320,
0x1060, 0x0000, 0x0000, 0x0000, 0x0000, 0x0000, 0x0000, 0x0000, 0x3140, 0xc4a0,
0xfde0, 0x9380, 0x0840, 0x0000, 0x0000, 0x0000, 0x0000, 0x0000, 0x0000, 0x1060,
0xd520, 0xfde0, 0x7b00, 0x3120, 0x3980, 0xb440, 0xcd00, 0x3120, 0x0000, 0x0000,
0x0000, 0x0000, 0x0000, 0x0000, 0x0000, 0xac20, 0xfe00, 0xfe00, 0xfe00, 0xc4a0,
0x0860, 0x0000, 0x0000, 0x0000, 0x0000, 0x0000, 0x0000, 0x0000, 0x2900, 0xc4e0,
0xfde0, 0xbc80, 0x3120, 0xd500, 0xfe00, 0xf5e0, 0x9380, 0x1060, 0x0000, 0x0000,
0x1080, 0xc4e0, 0x6a80, 0x0000, 0x0000, 0x0000, 0x0000, 0x0000, 0x0000, 0x9380,
0xfe00, 0xfde0, 0x5a00, 0xac20, 0xac20, 0x0840, 0x0000, 0x0000, 0x0000, 0x0000,

0xcd01, 0x3960, 0x9380, 0xfde0, 0xfde0, 0xfde0, 0xf5a0, 0x8b40, 0x20c0, 0x49e0,
0x6a80, 0x3960, 0x18a0, 0x7ae0, 0xdd40, 0xf5c0, 0xdd40, 0x6a60, 0x0000, 0x0000,
0x0000, 0x0000, 0x0000, 0x0000, 0x0000, 0x0000, 0x1880, 0x8b40, 0xd500, 0xc4a0,
0x9380, 0x72c0, 0x6a80, 0x8300, 0xbc60, 0xbca0, 0x49c0, 0x0840, 0x0000, 0x0000,
0x0000, 0x0000, 0x0000, 0x0000, 0x0000, 0x0000, 0x0000, 0x2900, 0xdd20, 0xfde0,
0xfde0, 0xfde0, 0xfde0, 0xfde0, 0xfde0, 0xe580, 0xb440, 0x5200, 0x20c0, 0x0000,
0x0000, 0x0000, 0x0000, 0x0000, 0x0000, 0x0000, 0x0840, 0x20e0, 0x6aa0, 0xbc80,
0xac20, 0x72a0, 0xbc60, 0xf5c0, 0xfde0, 0xfde0, 0xfdc0, 0xe560, 0xb420, 0x6a80,
0x20e0, 0x1060, 0x49a0, 0x8b80, 0xdd41, 0xe561, 0xedc1, 0xf601, 0xfe01, 0xfe01,
0xf601, 0xf601, 0xf601, 0xfe01, 0xfe01, 0xfe01, 0xf601, 0xf601, 0xf601, 0xfe01,
0xfe01, 0xf601, 0x9380, 0x3140, 0xdd20, 0xfde0, 0xfde0, 0xfe00, 0xfe00, 0xfde0,
0xdd40, 0xa3c0, 0x51e0, 0x1060, 0x0020, 0x1080, 0x49c0, 0xa3e1, 0xedc1, 0xf602,
0xf601, 0xf601, 0xf601, 0xf601, 0xf601, 0xf601, 0xf601, 0xf601, 0xf601, 0xf5e1,
0xf601, 0xf601, 0xf601, 0xf5e1, 0xa3e1, 0xdd00, 0xfde0, 0xfde0, 0xfde0, 0xfde0,
0xfde0, 0xfde0, 0xfdc0, 0xed60, 0xc4a0, 0xa3e0, 0x9360, 0x20e0, 0x0820, 0x8b40,
0x9ba0, 0x0840, 0x0000, 0x1060, 0x9be0, 0xac00, 0x8b40, 0xf5c0, 0xfde0, 0xe580,
0x72c0, 0x0000, 0x0000, 0x0000, 0x0000, 0x0000, 0x0000, 0x0000, 0x0000, 0x6260,
0xf5c0, 0xd4e0, 0x18c0, 0x0000, 0x0000, 0x0000, 0x0000, 0x0000, 0x0000, 0x0020,
0xa3e0, 0xf5c0, 0xbc60, 0x8b40, 0xc4c0, 0xbc60, 0x2900, 0x0000, 0x0000, 0x0000,
0x0000, 0x0000, 0x0000, 0x0000, 0x0820, 0xeda0, 0xfe00, 0xfde0, 0xfe00, 0xe580,
0x3120, 0x0000, 0x0000, 0x0000, 0x0000, 0x0000, 0x0000, 0x0000, 0x0000, 0x20e0,
0xb440, 0xf5c0, 0x5200, 0xd520, 0xe580, 0x7b00, 0x0820, 0x0000, 0x0000, 0x0000,
0x1080, 0xc4e0, 0x6a80, 0x0000, 0x0000, 0x0000, 0x0000, 0x0000, 0x0000, 0x9380,
0xfe00, 0xfe00, 0x9ba0, 0x6240, 0xe5c0, 0x2900, 0x0000, 0x0000, 0x0000, 0x0000,

0x9bc0, 0x3960, 0xb420, 0xfde0, 0xfde0, 0xfde0, 0xfde0, 0xc4a0, 0x41a0, 0x18a0,
0x6aa0, 0x8320, 0x20e0, 0x20e0, 0x9360, 0xe540, 0xd4e0, 0x49c0, 0x0000, 0x0000,
0x0000, 0x0000, 0x0000, 0x0000, 0x0000, 0x0000, 0x18a0, 0x9ba0, 0xedc0, 0xfde0,
0xfde0, 0xfde0, 0xe560, 0xa3e0, 0x5a20, 0x8300, 0xc4a0, 0x6260, 0x0820, 0x0000,
0x0000, 0x0000, 0x0000, 0x0000, 0x0000, 0x0000, 0x0000, 0x1060, 0x8b40, 0xf5a0,
0xfde0, 0xfde0, 0xfde0, 0xfde0, 0xe560, 0x8b40, 0x3120, 0x0020, 0x0000, 0x0000,
0x0000, 0x0000, 0x0000, 0x0000, 0x0000, 0x0000, 0x0000, 0x0000, 0x0000, 0x18a0,
0x7ae0, 0xc4c0, 0x7ae0, 0x9380, 0xeda0, 0xfde0, 0xfde0, 0xfde0, 0xfde0, 0xfde0,
0xe560, 0xa3e0, 0x6a60, 0x2900, 0x0840, 0x4180, 0x9380, 0xdd41, 0xedc1, 0xf601,
0xf5e1, 0xfe01, 0xf601, 0xf601, 0xf5e1, 0xf5e1, 0xf601, 0xf601, 0xf5e1, 0xf601,
0xf601, 0xf5e1, 0x0820, 0x72a0, 0xfde0, 0xfe00, 0xfde0, 0xfe00, 0xfde0, 0xfde0,
0xfe00, 0xfde0, 0xfde0, 0xe560, 0x8b60, 0x49c0, 0x1060, 0x0000, 0x0840, 0x5220,
0xac20, 0xe561, 0xf5e1, 0xf601, 0xf601, 0xf601, 0xfde1, 0xf5e1, 0xf601, 0xf601,
0xfde1, 0xfe01, 0xf601, 0xf601, 0xf5e0, 0x9360, 0xed80, 0xfde0, 0xfde0, 0xfde0,
0xfde0, 0xfde0, 0xe560, 0xbc60, 0x8320, 0x7ae0, 0x9360, 0x3960, 0x0000, 0x3960,
0xd500, 0x3960, 0x0000, 0x3120, 0xcce0, 0x72a0, 0xcce0, 0xfde0, 0xfde0, 0xfde0,
0xeda0, 0x6260, 0x0000, 0x0000, 0x0000, 0x0000, 0x0000, 0x0000, 0x0000, 0x51e0,
0xf5c0, 0xd520, 0x2900, 0x0000, 0x0000, 0x0000, 0x0000, 0x0000, 0x0000, 0x0000,
0x0000, 0x18a0, 0x49c0, 0x3980, 0x20c0, 0x0000, 0x0000, 0x0000, 0x0000, 0x0000,
0x0000, 0x0000, 0x0000, 0x0000, 0x5200, 0xfe00, 0xfe00, 0xfde0, 0xfe00, 0xfde0,
0x7ae0, 0x0000, 0x0000, 0x0000, 0x0000, 0x0000, 0x0000, 0x0000, 0x0000, 0x0000,
0x0000, 0x2900, 0x1880, 0x3960, 0x1060, 0x0000, 0x0000, 0x0000, 0x0000, 0x0000,
0x1080, 0xc4e0, 0x6a60, 0x0000, 0x0000, 0x0000, 0x0000, 0x0000, 0x0000, 0x9380,
0xfe00, 0xfe00, 0xdd40, 0x3120, 0xf5c0, 0x7b00, 0x0000, 0x0000, 0x0000, 0x0000,

0x8341, 0x41a0, 0xccc0, 0xfde0, 0xfde0, 0xfde0, 0xfde0, 0xe540, 0x8b60, 0x18a0,
0x51e0, 0x9bc0, 0x49e0, 0x1060, 0x49c0, 0xc480, 0xbc80, 0x3120, 0x0000, 0x0000,
0x0000, 0x0000, 0x0000, 0x0000, 0x0000, 0x0000, 0x20e0, 0xa3e0, 0xf5c0, 0xfde0,
0xfde0, 0xfde0, 0xfde0, 0xf5c0, 0xbc60, 0x51e0, 0x9360, 0xb440, 0x3980, 0x0000,
0x0000, 0x0000, 0x0000, 0x0000, 0x0000, 0x0000, 0x0000, 0x0000, 0x5a20, 0xdd40,
0xfde0, 0xfde0, 0xfde0, 0xe560, 0x9380, 0x2900, 0x0000, 0x0000, 0x0000, 0x0000,
0x0000, 0x0000, 0x0000, 0x0000, 0x0000, 0x0000, 0x0000, 0x0000, 0x0000, 0x0000,
0x0820, 0x3960, 0xac00, 0x8320, 0x8300, 0xeda0, 0xfde0, 0xfde0, 0xfde0, 0xfde0,
0xfde0, 0xfde0, 0xf5c0, 0xd500, 0x9360, 0x51e0, 0x28e0, 0x2900, 0x5a20, 0xa401,
0xbc61, 0xe581, 0xf5c1, 0xf601, 0xf601, 0xf602, 0xf5e1, 0xf601, 0xfe01, 0xf601,
0xf601, 0xdd41, 0x1880, 0xbc60, 0xfe00, 0xfde0, 0xfe00, 0xfde0, 0xfde0, 0xfde0,
0xfde0, 0xfe00, 0xdd20, 0xa3e0, 0xfde0, 0xed80, 0xccc0, 0x7ae0, 0x3940, 0x1060,
0x1060, 0x2900, 0x6aa1, 0xc4c1, 0xe581, 0xfde1, 0xf5e1, 0xf601, 0xfe01, 0xf5e1,
0xf5e1, 0xfe01, 0xf5e1, 0xf5e1, 0xfde0, 0xa3e0, 0xdd00, 0xfde0, 0xfde0, 0xfde0,
0xfde0, 0xfde0, 0xfdc0, 0xf5a0, 0xed80, 0xeda0, 0xdd20, 0x2900, 0x20e0, 0x3960,
0xc4a0, 0x3140, 0x0000, 0x7ae0, 0xc4c0, 0x6260, 0xed80, 0xfde0, 0xfde0, 0xfde0,
0xf5c0, 0x7ac0, 0x0000, 0x0000, 0x0000, 0x0000, 0x0000, 0x0000, 0x0000, 0x49c0,
0xdd40, 0xeda0, 0x6a80, 0x0000, 0x0000, 0x0000, 0x0000, 0x0000, 0x0000, 0x0000,
0x0000, 0x0000, 0x0000, 0x0000, 0x0000, 0x0000, 0x0000, 0x0000, 0x0000, 0x0000,
0x0000, 0x0000, 0x0000, 0x0840, 0xabe0, 0xfe00, 0xfe00, 0xfde0, 0xfde0, 0xfe00,
0xccc0, 0x0000, 0x0000, 0x0000, 0x0000, 0x0000, 0x0000, 0x0000, 0x0000, 0x0000,
0x0000, 0x0000, 0x0000, 0x0000, 0x0000, 0x0000, 0x0000, 0x0000, 0x0000, 0x0000,
0x1080, 0xc4e0, 0x6a60, 0x0000, 0x0000, 0x0000, 0x0000, 0x0000, 0x0000, 0x9380,
0xfe00, 0xfe00, 0xf5c0, 0x5a00, 0xac20, 0xccc0, 0x1060, 0x0000, 0x0000, 0x0000,

0x7ae0, 0x49c0, 0xe540, 0xfde0, 0xfde0, 0xfde0, 0xfde0, 0xf5c0, 0xccc0, 0x3980,
0x2900, 0x8320, 0x6240, 0x1040, 0x3120, 0x9ba0, 0x9380, 0x20c0, 0x0000, 0x0000,
0x0000, 0x0000, 0x0000, 0x0000, 0x0000, 0x0000, 0x2900, 0xb440, 0xf5c0, 0xfde0,
0xfde0, 0xfde0, 0xfde0, 0xfde0, 0xeda0, 0x8b60, 0x5200, 0xbca0, 0x7ae0, 0x0820,
0x0000, 0x0000, 0x0000, 0x0000, 0x0000, 0x0000, 0x0000, 0x0000, 0x3960, 0xc4a0,
0xfde0, 0xfde0, 0xf5c0, 0xac20, 0x3960, 0x0820, 0x0000, 0x0000, 0x0000, 0x0000,
0x0000, 0x0000, 0x0000, 0x0000, 0x0000, 0x0000, 0x0000, 0x0000, 0x0000, 0x0000,
0x0000, 0x0000, 0x3120, 0xac20, 0x8b60, 0x8b40, 0xed80, 0xfde0, 0xfde0, 0xfde0,
0xfde0, 0xfde0, 0xfde0, 0xfde0, 0xfde0, 0xf5a0, 0xccc0, 0x9380, 0x49c0, 0x1060,
0x20e0, 0x6280, 0xa3e0, 0xe5a1, 0xf5e1, 0xf601, 0xf601, 0xfe01, 0xf5e1, 0xfe01,
0xf5e2, 0x6260, 0x49a0, 0xe560, 0xfe00, 0xfde0, 0xfe00, 0xfde0, 0xfe00, 0xfde0,
0xe560, 0xc480, 0x8320, 0x7b00, 0xfe00, 0xfe00, 0xfde0, 0xfde0, 0xed60, 0xbc60,
0x6240, 0x1880, 0x0000, 0x0840, 0x3980, 0x8320, 0xe561, 0xf5e1, 0xfde1, 0xf601,
0xf601, 0xf602, 0xf601, 0xf5e1, 0xfde1, 0xa3e0, 0xe540, 0xfde0, 0xfde0, 0xfde0,
0xfde0, 0xfde0, 0xfde0, 0xfde0, 0xfde0, 0xfdc0, 0x72a0, 0x8b40, 0xdd40, 0xdd60,
0x9ba0, 0x1060, 0x0000, 0x6aa0, 0xcd00, 0x6260, 0xc4c0, 0xfde0, 0xfde0, 0xfde0,
0xeda0, 0x5a40, 0x0000, 0x0000, 0x0000, 0x0000, 0x0000, 0x0000, 0x0000, 0x0840,
0x72c0, 0xfde0, 0xdd40, 0x49c0, 0x0000, 0x0000, 0x0000, 0x0000, 0x0000, 0x0000,
0x0000, 0x0000, 0x0000, 0x0000, 0x0000, 0x0000, 0x0000, 0x0000, 0x0000, 0x0000,
0x0000, 0x0000, 0x0000, 0x3120, 0xe580, 0xfe00, 0xfde0, 0xfe00, 0xfde0, 0xfe00,
0xfde0, 0x3940, 0x0000, 0x0000, 0x0000, 0x0000, 0x0000, 0x0000, 0x0000, 0x0000,
0x0000, 0x0000, 0x0000, 0x0000, 0x0000, 0x0000, 0x0000, 0x0000, 0x0000, 0x0000,
0x1080, 0xc4e0, 0x6a60, 0x0000, 0x0000, 0x0000, 0x0000, 0x0000, 0x0000, 0x9380,
0xfe00, 0xfe00, 0xfe00, 0xac20, 0x5a20, 0xe580, 0x4180, 0x0000, 0x0000, 0x0000,

0x5a20, 0x6a60, 0xed80, 0xfde0, 0xfde0, 0xfde0, 0xfde0, 0xfdc0, 0xed80, 0x8320,
0x18a0, 0x4180, 0x3140, 0x0820, 0x2900, 0x8320, 0x6a80, 0x1060, 0x0000, 0x0000,
0x0000, 0x0000, 0x0000, 0x0000, 0x0000, 0x0000, 0x3140, 0xccc0, 0xfde0, 0xfde0,
0xfde0, 0xfde0, 0xfde0, 0xfde0, 0xf5c0, 0xac00, 0x49c0, 0xa3e0, 0xa400, 0x18a0,
0x0000, 0x0000, 0x0000, 0x0000, 0x0000, 0x0000, 0x0000, 0x0000, 0x2920, 0xac20,
0xfde0, 0xfdc0, 0xcce0, 0x51e0, 0x0020, 0x0000, 0x0000, 0x0000, 0x0000, 0x0000,
0x0000, 0x0000, 0x0000, 0x0000, 0x0000, 0x0000, 0x0000, 0x0000, 0x0000, 0x0000,
0x0000, 0x0000, 0x0000, 0x18c0, 0xac00, 0x9360, 0x9380, 0xf5c0, 0xfde0, 0xfde0,
0xfde0, 0xfde0, 0xfde0, 0xfde0, 0xfde0, 0xfde0, 0xfde0, 0xfde0, 0xf5c0, 0xd500,
0x9360, 0x49c0, 0x1060, 0x28e0, 0x6260, 0x9bc0, 0xd521, 0xeda1, 0xedc1, 0xf5e1,
0xc4c1, 0x0000, 0x9360, 0xfde0, 0xfde0, 0xfe00, 0xfde0, 0xfde0, 0xfe00, 0xfe00,
0xc4a0, 0x49c0, 0x1080, 0x6a80, 0xcce0, 0xeda0, 0xfe00, 0xfde0, 0xfe00, 0xfde0,
0xfde0, 0xed80, 0xac00, 0x5a00, 0x20c0, 0x0020, 0x0020, 0x41a0, 0x9381, 0xdd21,
0xf5e1, 0xf5e1, 0xf601, 0xfe01, 0xc4c0, 0xc480, 0xfde0, 0xfde0, 0xfde0, 0xfde0,
0xfde0, 0xfde0, 0xfde0, 0xfde0, 0xfde0, 0xf5c0, 0x72c0, 0x72c0, 0xbc80, 0x6a80,
0xc4c0, 0x7ae0, 0x0020, 0x1080, 0xa400, 0xbc60, 0x72a0, 0xeda0, 0xfde0, 0xfde0,
0xf5c0, 0xac00, 0x0840, 0x0000, 0x0000, 0x0000, 0x0000, 0x0000, 0x0000, 0x0000,
0x1880, 0xc4a0, 0xfde0, 0xac20, 0x0000, 0x0000, 0x0000, 0x0000, 0x0000, 0x0000,
0x0000, 0x0000, 0x0000, 0x0000, 0x0000, 0x0000, 0x0000, 0x0000, 0x0000, 0x0000,
0x0000, 0x0000, 0x0020, 0x9380, 0xfe00, 0xfe00, 0xfde0, 0xfde0, 0xfe00, 0xfde0,
0xfe00, 0xac00, 0x0840, 0x0000, 0x0000, 0x0000, 0x0000, 0x0000, 0x0000, 0x0000,
0x0000, 0x0000, 0x0000, 0x0000, 0x0000, 0x0000, 0x0000, 0x0000, 0x0000, 0x0000,
0x1080, 0xc4e0, 0x6a80, 0x0000, 0x0000, 0x0000, 0x0000, 0x0000, 0x0000, 0x9380,
0xfe00, 0xfe00, 0xfe00, 0xf5c0, 0x3120, 0xd520, 0xa3e0, 0x0000, 0x0000, 0x0000,

0x3980, 0x8b40, 0xf5a0, 0xfde0, 0xfde0, 0xfde0, 0xfde0, 0xfde0, 0xf5c0, 0xbc80,
0x3960, 0x0840, 0x0840, 0x0820, 0x3960, 0x8320, 0x5200, 0x0020, 0x0000, 0x0000,
0x0000, 0x0000, 0x0000, 0x0000, 0x0000, 0x0020, 0x49a0, 0xccc0, 0xfde0, 0xfde0,
0xfde0, 0xfde0, 0xfde0, 0xfde0, 0xf5e0, 0xb440, 0x49c0, 0xac00, 0xb420, 0x20c0,
0x0000, 0x0000, 0x0000, 0x0000, 0x0000, 0x0000, 0x0000, 0x0000, 0x20c0, 0xa400,
0xf5c0, 0xe5a0, 0x8b40, 0x20c0, 0x0000, 0x0000, 0x0000, 0x0000, 0x0000, 0x0000,
0x0000, 0x0000, 0x0000, 0x0000, 0x0000, 0x0000, 0x0000, 0x0000, 0x0000, 0x0000,
0x0000, 0x0000, 0x0000, 0x0000, 0x2900, 0xc4c0, 0x8320, 0xa3e0, 0xfdc0, 0xfde0,
0xfde0, 0xfde0, 0xfde0, 0xfde0, 0xfde0, 0xfde0, 0xfde0, 0xfdc0, 0xf5a0, 0xed80,
0xf5a0, 0xe560, 0xccc0, 0x9380, 0x51e0, 0x2920, 0x2920, 0x41a0, 0x9381, 0xc4a0,
0xac00, 0x20e0, 0xccc0, 0xfde0, 0xfde0, 0xfe00, 0xfde0, 0xfe00, 0xfde0, 0xfe00,
0xfde0, 0xa3c0, 0x49c0, 0x7ae0, 0x5200, 0x6aa0, 0x9bc0, 0xdd20, 0xf5a0, 0xfde0,
0xfe00, 0xfe00, 0xfde0, 0xeda0, 0xd4e0, 0x9360, 0x3960, 0x18a0, 0x0840, 0x20c0,
0x5a40, 0xb441, 0xdd61, 0xf601, 0xbc80, 0xfde0, 0xfde0, 0xfde0, 0xfde0, 0xfde0,
0xfde0, 0xfde0, 0xfde0, 0xfde0, 0xfde0, 0xfde0, 0xe560, 0x51e0, 0x20c0, 0x0020,
0x72a0, 0xb460, 0x1080, 0x0820, 0x8340, 0xbca0, 0x7b00, 0xf5a0, 0xfde0, 0xfde0,
0xfde0, 0xf5c0, 0x8320, 0x0840, 0x0000, 0x0000, 0x0000, 0x0000, 0x0000, 0x0000,
0x0000, 0xac20, 0xfde0, 0xb420, 0x0840, 0x0000, 0x0000, 0x0000, 0x0000, 0x0000,
0x0000, 0x0000, 0x0000, 0x0000, 0x0000, 0x0000, 0x0000, 0x0000, 0x0000, 0x0000,
0x0000, 0x0000, 0x4180, 0xe540, 0xfe00, 0xfde0, 0xfde0, 0xfde0, 0xfde0, 0xfe00,
0xfe00, 0xeda0, 0x49c0, 0x0000, 0x0000, 0x0000, 0x0000, 0x0000, 0x0000, 0x0000,
0x0000, 0x0000, 0x0000, 0x0000, 0x0000, 0x0000, 0x0000, 0x0000, 0x0000, 0x0000,
0x1080, 0xc4e0, 0x6a80, 0x0000, 0x0000, 0x0000, 0x0000, 0x0000, 0x0000, 0x9380,
0xfe00, 0xfe00, 0xfde0, 0xfe20, 0x6260, 0x9ba0, 0xe580, 0x0840, 0x0000, 0x0000,

0x20c0, 0xac00, 0xfdc0, 0xfde0, 0xfde0, 0xfde0, 0xfde0, 0xfde0, 0xfde0, 0xdd20,
0x6a60, 0x0840, 0x0000, 0x20c0, 0x5a20, 0x7ae0, 0x41a0, 0x0000, 0x0000, 0x0000,
0x0000, 0x0000, 0x0000, 0x0000, 0x0000, 0x0820, 0x5a00, 0xdd40, 0xfde0, 0xfde0,
0xfde0, 0xfde0, 0xfde0, 0xfde0, 0xeda0, 0xac00, 0x41a0, 0xac20, 0xb420, 0x1060,
0x0000, 0x0000, 0x0000, 0x0000, 0x0000, 0x0000, 0x0000, 0x0000, 0x1880, 0x9380,
0xf5c0, 0xc4c0, 0x41a0, 0x0020, 0x0000, 0x0000, 0x0000, 0x0000, 0x0000, 0x0000,
0x0000, 0x0000, 0x0000, 0x0000, 0x0000, 0x0000, 0x0000, 0x0000, 0x0000, 0x0000,
0x0000, 0x0000, 0x0000, 0x0000, 0x0000, 0x6a80, 0xc4c0, 0x5a20, 0xdd40, 0xfde0,
0xfde0, 0xfde0, 0xfde0, 0xfde0, 0xfde0, 0xfdc0, 0xcce0, 0x9ba0, 0x72a0, 0x6a80,
0x7b00, 0x9380, 0xc480, 0xeda0, 0xfdc0, 0xdd20, 0xa3c0, 0x5a20, 0x20c0, 0x1880,
0x3140, 0x49c0, 0xc4a0, 0xed80, 0xed80, 0xfde0, 0xfe00, 0xfde0, 0xfe00, 0xfde0,
0xfde0, 0x72a0, 0x8b40, 0xfde0, 0xdd20, 0xabe0, 0x6aa0, 0x41a0, 0x72c0, 0xb440,
0xed80, 0xfe00, 0xfe00, 0xfde0, 0xfe00, 0xfde0, 0xf5a0, 0xbc80, 0x7b00, 0x20e0,
0x0820, 0x0000, 0x3120, 0x72c0, 0x8300, 0xeda0, 0xfde0, 0xfde0, 0xfde0, 0xfde0,
0xfde0, 0xfde0, 0xfde0, 0xfde0, 0xfde0, 0xfde0, 0xfde0, 0x8b40, 0x0000, 0x0000,
0x5a20, 0xb440, 0x1880, 0x18a0, 0xbc60, 0x8300, 0xcce0, 0xfde0, 0xfde0, 0xfde0,
0xfde0, 0xfde0, 0xd500, 0x2900, 0x0000, 0x0000, 0x0000, 0x0000, 0x0000, 0x0000,
0x0000, 0x9360, 0xf5c0, 0xe580, 0x5a20, 0x0020, 0x0000, 0x0000, 0x0000, 0x0000,
0x0000, 0x0000, 0x0000, 0x0000, 0x0000, 0x0000, 0x0000, 0x0000, 0x0000, 0x0000,
0x0000, 0x1060, 0xc480, 0xfde0, 0xfde0, 0xfde0, 0xfde0, 0xfde0, 0xfde0, 0xfde0,
0xfde0, 0xfe00, 0xbc80, 0x1080, 0x0000, 0x0000, 0x0000, 0x0000, 0x0000, 0x0000,
0x0000, 0x0000, 0x0000, 0x0000, 0x0000, 0x0000, 0x0000, 0x0000, 0x0000, 0x0000,
0x1080, 0xc4e0, 0x6a80, 0x0000, 0x0000, 0x0000, 0x0000, 0x0000, 0x0000, 0x9380,
0xfe00, 0xfe00, 0xfde0, 0xfe00, 0xac00, 0x5200, 0xf600, 0x51e0, 0x0000, 0x0000,

0x3120, 0xbc80, 0xfde0, 0xfde0, 0xfde0, 0xfde0, 0xfde0, 0xfde0, 0xfde0, 0xcd00,
0x49c0, 0x0020, 0x0860, 0x4180, 0x6aa0, 0x7b00, 0x3140, 0x0000, 0x0000, 0x0000,
0x0000, 0x0000, 0x0000, 0x0000, 0x0000, 0x0860, 0x6260, 0xeda0, 0xfde0, 0xfde0,
0xfde0, 0xfde0, 0xfde0, 0xfde0, 0xe560, 0x8b40, 0x5200, 0xb440, 0xa400, 0x1060,
0x0000, 0x0000, 0x0000, 0x0000, 0x0000, 0x0000, 0x0000, 0x0000, 0x20e0, 0x9ba0,
0xe560, 0x8300, 0x1080, 0x0000, 0x0000, 0x0000, 0x0000, 0x0000, 0x0000, 0x0000,
0x0000, 0x0000, 0x0000, 0x0840, 0x18a0, 0x18a0, 0x1880, 0x0020, 0x0000, 0x0000,
0x0000, 0x0000, 0x0000, 0x0000, 0x0000, 0x1060, 0xa3c0, 0xac00, 0x8300, 0xf5c0,
0xfde0, 0xfde0, 0xfde0, 0xfde0, 0xd500, 0x8320, 0x5a00, 0x9ba0, 0xbc60, 0xc4a0,
0xc4c0, 0xac00, 0x8300, 0x6a80, 0x9bc0, 0xed80, 0xfde0, 0xfde0, 0xed80, 0xb440,
0x7ac0, 0x3980, 0x1080, 0x20c0, 0x5a40, 0x9360, 0xbc60, 0xe560, 0xed80, 0xfde0,
0xf5a0, 0x4180, 0xccc0, 0x9bc0, 0x5200, 0xa3c0, 0xd500, 0xe560, 0x9ba0, 0x6240,
0x5200, 0x7ae0, 0xbc60, 0xed80, 0xfde0, 0xfe00, 0xfde0, 0xfde0, 0xfe00, 0xf5a0,
0xbc60, 0x6a80, 0x2900, 0x0820, 0x9b80, 0x8b40, 0xe540, 0xfde0, 0xfde0, 0xfde0,
0xfde0, 0xfde0, 0xfde0, 0xfde0, 0xfde0, 0xfde0, 0xfde0, 0x49c0, 0x5a00, 0x6260,
0x72c0, 0x3120, 0x49e0, 0x93a0, 0x7ae0, 0x3120, 0x3960, 0x9380, 0xfde0, 0xfde0,
0xfde0, 0xfde0, 0xdd40, 0x2920, 0x0000, 0x0000, 0x0000, 0x0000, 0x0000, 0x0000,
0x0000, 0x2900, 0xbc80, 0xf5a0, 0xed80, 0xb440, 0x2900, 0x0000, 0x0000, 0x0000,
0x0000, 0x0000, 0x0000, 0x0000, 0x0000, 0x0000, 0x0000, 0x0000, 0x0000, 0x0000,
0x0840, 0x8b40, 0xfde0, 0xfde0, 0xfde0, 0xfe00, 0xfde0, 0xfe00, 0xfde0, 0xfde0,
0xfe00, 0xfe00, 0xfde0, 0x9bc0, 0x0000, 0x0000, 0x0000, 0x0000, 0x0000, 0x0000,
0x0000, 0x0000, 0x0000, 0x0000, 0x0000, 0x0000, 0x0000, 0x0000, 0x0000, 0x0000,
0x5200, 0xeda0, 0x6a60, 0x0000, 0x0000, 0x0000, 0x0000, 0x0000, 0x0000, 0x9380,
0xfe00, 0xfe00, 0xfde0, 0xfe00, 0xed80, 0x49c0, 0xcce0, 0xac00, 0x0840, 0x0000,

0x49c0, 0xd4e0, 0xfde0, 0xfde0, 0xfde0, 0xfde0, 0xfde0, 0xfde0, 0xed60, 0x7b00,
0x1880, 0x0000, 0x0840, 0x41a0, 0x7ae0, 0x8b60, 0x20e0, 0x0000, 0x0000, 0x0000,
0x0000, 0x0000, 0x0000, 0x0000, 0x0000, 0x18a0, 0x7ae0, 0xe580, 0xf5c0, 0xf5c0,
0xfde0, 0xfde0, 0xfde0, 0xf5c0, 0xc4c0, 0x5200, 0x72a0, 0xbc60, 0x7b00, 0x1060,
0x0000, 0x0000, 0x0000, 0x0000, 0x0000, 0x0000, 0x0000, 0x0000, 0x20c0, 0xac20,
0xcce0, 0x49a0, 0x0020, 0x0000, 0x0000, 0x0000, 0x0000, 0x0000, 0x0000, 0x0000,
0x0000, 0x0020, 0x28e0, 0x8320, 0xbc60, 0xbc80, 0xb460, 0x8300, 0x3120, 0x0000,
0x0000, 0x0000, 0x0000, 0x0000, 0x0000, 0x0000, 0x4180, 0xc4e0, 0x6a80, 0xcce0,
0xfde0, 0xfde0, 0xfde0, 0xd4e0, 0x6a80, 0x8b40, 0xbca0, 0xac00, 0x6240, 0x3960,
0x3140, 0x4180, 0x5a20, 0x8b60, 0x8320, 0x7ae0, 0xd4e0, 0xf5c0, 0xfdc0, 0xfde0,
0xf5c0, 0xe560, 0xbc80, 0x9360, 0x5a20, 0x3120, 0x2900, 0x3120, 0x72c0, 0xb420,
0xa400, 0x72c0, 0xdd20, 0x49c0, 0x0000, 0x0840, 0x3120, 0x72a0, 0xb440, 0xd500,
0xc480, 0x8b40, 0x5a20, 0x6a80, 0x9360, 0xe540, 0xfe00, 0xfde0, 0xfe00, 0xfde0,
0xfde0, 0xf5c0, 0xdd20, 0xa3c0, 0xc480, 0xc480, 0xbc60, 0xfde0, 0xfde0, 0xfde0,
0xfde0, 0xfde0, 0xfde0, 0xfde0, 0xfde0, 0xfde0, 0xc4a0, 0xa3e0, 0xc4a0, 0xccc0,
0xccc0, 0xdd20, 0xeda0, 0xd4e0, 0xa3e0, 0x3960, 0x8b60, 0xe560, 0xfde0, 0xfde0,
0xfde0, 0xfde0, 0xed80, 0x49c0, 0x0000, 0x0000, 0x0000, 0x0000, 0x1080, 0x18c0,
0x18a0, 0x0840, 0x2900, 0x5200, 0xb440, 0xdd60, 0x41a0, 0x0000, 0x0000, 0x0000,
0x0000, 0x0000, 0x0000, 0x0000, 0x0000, 0x0000, 0x0000, 0x0000, 0x0000, 0x0000,
0x49c0, 0xdd20, 0xfde0, 0xfde0, 0xfde0, 0xfde0, 0xfde0, 0xfde0, 0xfde0, 0xfde0,
0xfde0, 0xfe00, 0xfe00, 0xf600, 0x72a0, 0x0840, 0x0000, 0x0000, 0x0000, 0x0000,
0x0000, 0x0000, 0x0000, 0x0000, 0x0000, 0x0000, 0x0000, 0x0000, 0x0020, 0x6a80,
0xe580, 0xfe20, 0x6a80, 0x0000, 0x0000, 0x0000, 0x0000, 0x0000, 0x0000, 0x9380,
0xfe00, 0xfe00, 0xfde0, 0xfe00, 0xfe00, 0x7ae0, 0x8300, 0xe5a0, 0x2900, 0x0000,

0x6260, 0xed60, 0xfde0, 0xfde0, 0xfde0, 0xfde0, 0xfde0, 0xf5c0, 0xb440, 0x3120,
0x0840, 0x1060, 0x0840, 0x3960, 0x8b60, 0x8b40, 0x20c0, 0x0000, 0x0000, 0x0000,
0x0000, 0x0000, 0x0000, 0x0000, 0x0000, 0x20c0, 0x8b60, 0xe580, 0xb440, 0x9ba0,
0xac20, 0xc4a0, 0xccc0, 0xb440, 0x6aa0, 0x41a0, 0xac00, 0xbc80, 0x49c0, 0x0000,
0x0000, 0x0000, 0x0000, 0x0000, 0x0000, 0x0000, 0x0000, 0x0000, 0x3140, 0xac00,
0xac20, 0x18a0, 0x0000, 0x0000, 0x0000, 0x0000, 0x0000, 0x0000, 0x0000, 0x0000,
0x0000, 0x3140, 0xa3e0, 0xf5a0, 0xfde0, 0xccc0, 0x7b00, 0xbc80, 0xccc0, 0x41a0,
0x0000, 0x0000, 0x0000, 0x0000, 0x0000, 0x0000, 0x0840, 0x9bc0, 0x9ba0, 0x9380,
0xf5c0, 0xfde0, 0xdd20, 0x6a60, 0x9360, 0xccc0, 0x6aa0, 0x1060, 0x0000, 0x0000,
0x0000, 0x0000, 0x0000, 0x1060, 0x41a0, 0x9380, 0x7ae0, 0xa3e0, 0xc480, 0xac00,
0xdd20, 0xfde0, 0xfde0, 0xfde0, 0xf5a0, 0xdd20, 0xb440, 0x8320, 0x4180, 0x1080,
0x20e0, 0x5220, 0x7ae0, 0x6260, 0x49e0, 0x20e0, 0x0820, 0x0000, 0x1060, 0x41a0,
0x8b40, 0xccc0, 0xed80, 0xac20, 0x8320, 0xcce0, 0xfe00, 0xfe00, 0xfde0, 0xfe00,
0xfde0, 0xfde0, 0xfe00, 0xfde0, 0xfde0, 0xbc60, 0xd4e0, 0xfde0, 0xfde0, 0xfde0,
0xfde0, 0xfde0, 0xfde0, 0xfde0, 0xfde0, 0xfde0, 0xfde0, 0xfde0, 0xfde0, 0xfde0,
0xe5a0, 0x8300, 0x5a20, 0x18a0, 0x9ba0, 0xbc80, 0x6260, 0xed80, 0xfde0, 0xfde0,
0xfde0, 0xfde0, 0xfde0, 0xbc60, 0x6260, 0x8b40, 0x9380, 0xa3c0, 0xc480, 0xc4a0,
0x8300, 0x1880, 0x20c0, 0xac00, 0xf5c0, 0xeda0, 0x72c0, 0x0840, 0x0000, 0x0000,
0x0000, 0x0000, 0x0000, 0x0000, 0x0000, 0x0000, 0x0000, 0x0000, 0x0000, 0x3960,
0xcca0, 0xfde0, 0xfde0, 0xfde0, 0xfde0, 0xfde0, 0xfde0, 0xfde0, 0xfe00, 0xfde0,
0xfe00, 0xfde0, 0xfde0, 0xfde0, 0xf5c0, 0x7ae0, 0x0820, 0x0000, 0x0000, 0x0000,
0x0000, 0x0000, 0x0000, 0x0000, 0x0000, 0x0000, 0x0000, 0x1060, 0x8300, 0xf5c0,
0xfe00, 0xfe00, 0x6a80, 0x0000, 0x0000, 0x0000, 0x0000, 0x0000, 0x0000, 0x9380,
0xfe00, 0xfe00, 0xed80, 0x8b80, 0x8360, 0x6240, 0x2900, 0x8360, 0x2920, 0x0000,

0x8320, 0xf5a0, 0xfde0, 0xfde0, 0xfde0, 0xfde0, 0xfde0, 0xdd20, 0x5a40, 0x0820,
0x2900, 0x49c0, 0x18a0, 0x20e0, 0x8300, 0x72c0, 0x18a0, 0x0000, 0x0000, 0x0000,
0x0000, 0x0000, 0x0000, 0x0000, 0x0000, 0x18a0, 0x72c0, 0xc4e0, 0x72c0, 0x49a0,
0x6240, 0x6240, 0x6240, 0x6260, 0x7ae0, 0xb440, 0xb440, 0x6a80, 0x1880, 0x0000,
0x0000, 0x0000, 0x0000, 0x0000, 0x0000, 0x0000, 0x0000, 0x0020, 0x51e0, 0xac20,
0x7ac0, 0x0820, 0x0000, 0x0000, 0x0000, 0x0000, 0x0000, 0x0000, 0x0000, 0x0000,
0x2900, 0xa3c0, 0xf5a0, 0xfde0, 0xf5c0, 0xb440, 0x49a0, 0x6260, 0x8b40, 0xd540,
0x49a0, 0x0000, 0x0000, 0x0000, 0x0000, 0x0000, 0x0000, 0x49c0, 0xd520, 0x6a80,
0xe540, 0xe580, 0x6aa0, 0x8b40, 0xc4c0, 0x49c0, 0x0020, 0x0000, 0x0000, 0x0000,
0x0000, 0x0000, 0x0000, 0x0000, 0x0000, 0x0840, 0x8b60, 0x8b60, 0x4180, 0x8b40,
0x8320, 0x7ae0, 0x93a0, 0xbc80, 0xdd20, 0xbc60, 0xe540, 0xfde0, 0xfde0, 0xeda0,
0xbc60, 0x72a0, 0x49c0, 0x20c0, 0x18a0, 0x2900, 0x5200, 0x6260, 0x51e0, 0x41a0,
0x3140, 0x28e0, 0x41a0, 0x9380, 0xd4e0, 0xf5c0, 0xfde0, 0xfe00, 0xfde0, 0xfde0,
0xfe00, 0xfde0, 0xfe00, 0xfde0, 0xd4e0, 0x9360, 0xa3e0, 0x9380, 0x9380, 0x7ae0,
0x3960, 0x18a0, 0x3120, 0x7ae0, 0xc4a0, 0xf5c0, 0xfde0, 0xabe0, 0x8300, 0x20e0,
0x3960, 0x20e0, 0x0000, 0x0000, 0x6a80, 0xe560, 0x49c0, 0xac00, 0xf5c0, 0xfde0,
0xfde0, 0xfde0, 0xfde0, 0xfde0, 0xfde0, 0xfde0, 0xfde0, 0xed80, 0x9ba0, 0x3960,
0x0000, 0x0000, 0x18a0, 0x8300, 0xbc80, 0xc4c0, 0xeda0, 0xedc0, 0xdd20, 0xac00,
0x6a80, 0x18a0, 0x0000, 0x0000, 0x0000, 0x0000, 0x0000, 0x3140, 0x9360, 0xfde0,
0xfde0, 0xfde0, 0xfde0, 0xfde0, 0xfde0, 0xfde0, 0xfe00, 0xfde0, 0xeda0, 0xbc80,
0xbc80, 0xbc80, 0xbc80, 0xbca0, 0xbc80, 0xbca0, 0x8b40, 0x0840, 0x0000, 0x0000,
0x0000, 0x0000, 0x0000, 0x0000, 0x0000, 0x1880, 0x6260, 0xd500, 0xfe00, 0xfe00,
0xfe00, 0xfe00, 0xa3c0, 0x5a40, 0x6240, 0x6240, 0x6240, 0x6240, 0x6240, 0xc480,
0xfe00, 0xfe00, 0xdd40, 0x7ae0, 0x72c0, 0x72c0, 0x28e0, 0x5200, 0x72a0, 0x6240,

0xa3e0, 0xf5c0, 0xfde0, 0xfde0, 0xfde0, 0xfde0, 0xf5a0, 0xa3e0, 0x20e0, 0x18a0,
0x5200, 0x72a0, 0x3120, 0x1060, 0x6240, 0x5a40, 0x0820, 0x0000, 0x0000, 0x0000,
0x0000, 0x0000, 0x0000, 0x0000, 0x0000, 0x0000, 0x1080, 0x3120, 0x2900, 0x3980,
0x9380, 0xbc80, 0xbc40, 0xac20, 0xb440, 0x9be0, 0x49e0, 0x1880, 0x0020, 0x0000,
0x0000, 0x0000, 0x0000, 0x0000, 0x0000, 0x0000, 0x0000, 0x0840, 0x6280, 0xb480,
0x49e0, 0x0000, 0x0000, 0x0000, 0x0000, 0x0000, 0x0000, 0x0000, 0x0000, 0x0840,
0x6a80, 0xdd40, 0xfde0, 0xfde0, 0xfde0, 0xa3e0, 0x6a80, 0xc4c0, 0x72c0, 0xa400,
0xa400, 0x18a0, 0x0000, 0x0000, 0x0000, 0x0000, 0x0000, 0x18a0, 0xbc80, 0x72c0,
0xac20, 0xa3c0, 0x6a80, 0xd500, 0x5a20, 0x0820, 0x0000, 0x0000, 0x0000, 0x0000,
0x0000, 0x0000, 0x0000, 0x0000, 0x0000, 0x0000, 0x1060, 0x7ae0, 0x9bc0, 0xcce0,
0x9ba0, 0xac20, 0xac00, 0x9bc0, 0x8b40, 0x49c0, 0x9ba0, 0xed80, 0xfde0, 0xfde0,
0xf5c0, 0xfdc0, 0xed80, 0xd500, 0xb440, 0x8b60, 0x5a20, 0x3940, 0x3120, 0x3120,
0x3120, 0x3140, 0x6260, 0x8320, 0x6a80, 0x72c0, 0xc4a0, 0xf5c0, 0xfde0, 0xf5c0,
0xfde0, 0xfde0, 0xfe00, 0xfde0, 0x6a80, 0x20c0, 0x0020, 0x0000, 0x0000, 0x20e0,
0x4180, 0xa3e0, 0xd500, 0xf5a0, 0xfde0, 0xfde0, 0xfde0, 0x8b40, 0x1080, 0x5a20,
0x7b00, 0x3120, 0x3120, 0x3140, 0x72a0, 0x9ba0, 0x9ba0, 0xb420, 0xd4e0, 0xd500,
0xdd40, 0xfde0, 0xfde0, 0xfde0, 0xfde0, 0xdd20, 0x9360, 0x3940, 0x1060, 0x20e0,
0x3140, 0x51e0, 0x6aa0, 0x6a80, 0xe560, 0xfde0, 0xfde0, 0xfde0, 0xfde0, 0xfde0,
0x9ba0, 0x28e0, 0x0840, 0x18a0, 0x3940, 0x6240, 0xb440, 0xe540, 0xfde0, 0xfde0,
0xfde0, 0xfde0, 0xfde0, 0xfde0, 0xfde0, 0xfde0, 0xfde0, 0xfe00, 0xdd60, 0x6a80,
0x6240, 0x6240, 0x6240, 0x6240, 0x6240, 0x6240, 0x6240, 0x5200, 0x51e0, 0x51e0,
0x51e0, 0x51e0, 0x51e0, 0x6260, 0x9380, 0xcce0, 0xf5c0, 0xfe00, 0xfe00, 0xfde0,
0xfe00, 0xfde0, 0xfde0, 0xf5c0, 0xf5c0, 0xf5c0, 0xf5c0, 0xf5c0, 0xf5c0, 0xfde0,
0xfe00, 0xfde0, 0xfe00, 0xfde0, 0xfde0, 0xfe20, 0x8320, 0x7ae0, 0xf5c0, 0xf5c0,

0xc4a0, 0xfdc0, 0xfde0, 0xfde0, 0xfde0, 0xfde0, 0xdd40, 0x6260, 0x1060, 0x3980,
0x72c0, 0x8320, 0x5200, 0x1880, 0x3140, 0x4180, 0x0000, 0x0000, 0x0000, 0x0000,
0x0000, 0x0000, 0x0000, 0x0000, 0x0000, 0x0000, 0x0000, 0x0000, 0x0000, 0x0020,
0x1060, 0x1060, 0x20e0, 0x3140, 0x3120, 0x1880, 0x0000, 0x0000, 0x0000, 0x0000,
0x0000, 0x0000, 0x0000, 0x0000, 0x0000, 0x0000, 0x0000, 0x18a0, 0x9360, 0xa3e0,
0x3120, 0x0000, 0x0000, 0x0000, 0x0000, 0x0000, 0x0000, 0x0000, 0x0000, 0x20e0,
0xb420, 0xf5c0, 0xfde0, 0xfde0, 0xf5c0, 0x9ba0, 0x72a0, 0xe580, 0xcce0, 0x6240,
0xbc80, 0x6260, 0x0000, 0x0000, 0x0000, 0x0000, 0x0000, 0x0000, 0x9360, 0x9bc0,
0x72c0, 0x5a20, 0xb440, 0x9b80, 0x0840, 0x0000, 0x0000, 0x0000, 0x0000, 0x0000,
0x0000, 0x0000, 0x0000, 0x0000, 0x0000, 0x0000, 0x0000, 0x18a0, 0xac20, 0xc4c0,
0x18c0, 0x1060, 0x4180, 0x6a80, 0xbc60, 0x6260, 0xb440, 0xed80, 0xfde0, 0xe560,
0x9bc0, 0xc4a0, 0xe580, 0xfde0, 0xfde0, 0xed80, 0xb420, 0xed80, 0xcca0, 0xa3c0,
0x8300, 0x5a20, 0x20e0, 0x1080, 0x20c0, 0x2900, 0x49c0, 0x6aa0, 0x9ba0, 0xb440,
0xdd20, 0xf5c0, 0xf5c0, 0xed80, 0x5a40, 0x0000, 0x1060, 0x7ae0, 0xa3c0, 0xe540,
0xfde0, 0xfde0, 0xfde0, 0xfde0, 0xfde0, 0xfde0, 0xfde0, 0xac00, 0x2900, 0x8b40,
0x9380, 0xac20, 0xccc0, 0x72a0, 0x6260, 0x5a20, 0x20e0, 0x1080, 0x2900, 0x9bc0,
0xe540, 0xfde0, 0xfde0, 0xfde0, 0xe560, 0x6a80, 0x7ae0, 0x9b80, 0xac20, 0xe540,
0xfde0, 0xf5c0, 0xdd20, 0xdd40, 0xfe00, 0xfde0, 0xfde0, 0xfde0, 0xfde0, 0xfe00,
0xcce0, 0xb460, 0xb420, 0xd4e0, 0xf5c0, 0xfe00, 0xfde0, 0xfde0, 0xfde0, 0xfde0,
0xfde0, 0xfde0, 0xfde0, 0xfde0, 0xfde0, 0xfde0, 0xfde0, 0xfe00, 0xfde0, 0xfde0,
0xfde0, 0xfde0, 0xfde0, 0xfde0, 0xfde0, 0xfde0, 0xfde0, 0xfde0, 0xfde0, 0xfde0,
0xfde0, 0xfde0, 0xfde0, 0xfe00, 0xfe20, 0xfe00, 0xfe00, 0xfe00, 0xfe00, 0xfde0,
0xfe00, 0xfde0, 0xfe00, 0xfde0, 0xfe00, 0xfe00, 0xfe00, 0xfe00, 0xfe00, 0xfe00,
0xfde0, 0xfe00, 0xfde0, 0xfe00, 0xfde0, 0xfe00, 0xdd40, 0x7b00, 0xf5a0, 0xfe00,

0xdd20, 0xfde0, 0xfde0, 0xfde0, 0xfde0, 0xfde0, 0xac20, 0x20e0, 0x1080, 0x6a80,
0x8b40, 0xa3e0, 0x9380, 0x3140, 0x1060, 0x1080, 0x0000, 0x0000, 0x0000, 0x0000,
0x0000, 0x0000, 0x0000, 0x0000, 0x0000, 0x0000, 0x0000, 0x0000, 0x0000, 0x0000,
0x0000, 0x0000, 0x0000, 0x0000, 0x0000, 0x0000, 0x0000, 0x0000, 0x0000, 0x0000,
0x0000, 0x0000, 0x0000, 0x0000, 0x0000, 0x0000, 0x0020, 0x49c0, 0xd500, 0x8320,
0x1880, 0x0000, 0x0000, 0x0000, 0x0000, 0x0000, 0x0000, 0x0000, 0x0840, 0x51e0,
0xe580, 0xfde0, 0xfde0, 0xfde0, 0xf5a0, 0x8b60, 0x7b00, 0xeda0, 0xf5c0, 0x72a0,
0xa3c0, 0xbc80, 0x0000, 0x0000, 0x0000, 0x0000, 0x0000, 0x0000, 0x5a20, 0xbc80,
0x3940, 0x7ae0, 0xc4a0, 0x3120, 0x0000, 0x0000, 0x0000, 0x0000, 0x0000, 0x0000,
0x0000, 0x0000, 0x0000, 0x0000, 0x0000, 0x0000, 0x0000, 0x0000, 0x3960, 0x9bc0,
0x0840, 0x0000, 0x0000, 0x0020, 0x7b00, 0x6aa0, 0xed80, 0xfde0, 0xfde0, 0xf5a0,
0xb440, 0x8340, 0x7ae0, 0x8300, 0x9ba0, 0x72c0, 0x8300, 0xf5a0, 0xfde0, 0xfde0,
0xfde0, 0xfde0, 0xfde0, 0xe540, 0xc480, 0xa3e0, 0x7ae0, 0x5200, 0x3140, 0x20e0,
0x1060, 0x18a0, 0x2900, 0x49c0, 0x72a0, 0xa3e0, 0xdd40, 0xfde0, 0xfde0, 0xfde0,
0xfde0, 0xfde0, 0xfde0, 0xfde0, 0xfde0, 0xfde0, 0xd4e0, 0x9380, 0x9380, 0x5a00,
0x0000, 0x0000, 0x0000, 0x0000, 0x0000, 0x0820, 0x51e0, 0xa3e0, 0xf5c0, 0xfde0,
0xfde0, 0xfde0, 0xfde0, 0xfde0, 0xfde0, 0xeda0, 0xb420, 0x9380, 0x7ae0, 0x3120,
0x1060, 0x2900, 0x7ae0, 0xdd60, 0xfde0, 0xfde0, 0xfde0, 0xfde0, 0xfde0, 0xf5a0,
0xc480, 0xb420, 0xac40, 0xbc60, 0xed80, 0xfe00, 0xfde0, 0xfde0, 0xfde0, 0xfde0,
0xed80, 0xe560, 0xe560, 0xf5c0, 0xfde0, 0xfde0, 0xfde0, 0xfe00, 0xfe00, 0xfe00,
0xfe00, 0xfe00, 0xfde0, 0xfe00, 0xfe00, 0xfe00, 0xfe00, 0xfe00, 0xfe00, 0xfe00,
0xfe00, 0xfe00, 0xfe00, 0xfe00, 0xfe00, 0xfe00, 0xfe00, 0xfe00, 0xfe00, 0xfe00,
0xfe00, 0xfe00, 0xfe00, 0xfe00, 0xfe00, 0xfe00, 0xfe00, 0xfe00, 0xfe00, 0xfe00,
0xfe00, 0xfe00, 0xfe00, 0xfe00, 0xfe00, 0xfe00, 0xfe00, 0xfe20, 0xfe00, 0xfe00,

0xe560, 0xfde0, 0xfde0, 0xfde0, 0xfde0, 0xeda0, 0x72a0, 0x1060, 0x2900, 0x7ae0,
0x9b80, 0xbc60, 0xc480, 0x51e0, 0x1060, 0x3140, 0x2900, 0x1880, 0x0020, 0x0000,
0x0000, 0x0000, 0x0000, 0x0000, 0x0000, 0x0000, 0x0000, 0x0000, 0x0000, 0x0000,
0x0000, 0x0000, 0x0000, 0x0000, 0x0000, 0x0000, 0x0000, 0x0000, 0x0000, 0x0000,
0x0000, 0x0000, 0x0000, 0x0000, 0x0000, 0x0000, 0x2900, 0x8b60, 0xe560, 0x6a80,
0x0020, 0x0000, 0x0000, 0x0000, 0x0000, 0x0000, 0x0000, 0x0000, 0x18a0, 0x8b40,
0xfde0, 0xfde0, 0xfde0, 0xfde0, 0xf5a0, 0x7ac0, 0x8b40, 0xf5c0, 0xfde0, 0x9bc0,
0x7ae0, 0xcce0, 0x20e0, 0x0000, 0x0000, 0x0000, 0x0000, 0x0000, 0x3960, 0xcce0,
0x9380, 0xc4a0, 0x7b00, 0x0840, 0x0000, 0x0000, 0x0000, 0x0000, 0x0000, 0x0000,
0x0000, 0x0000, 0x0000, 0x0000, 0x0000, 0x0000, 0x0000, 0x0000, 0x4180, 0x9380,
0x0020, 0x0000, 0x0000, 0x0840, 0x9380, 0x8300, 0xf5a0, 0xfde0, 0xfde0, 0xdd20,
0x5a00, 0x5a20, 0x8b40, 0xac20, 0x9380, 0x5a40, 0x7b00, 0xdd20, 0xfde0, 0xfde0,
0xfde0, 0xfde0, 0xfde0, 0xfde0, 0xfde0, 0xfde0, 0xfde0, 0xeda0, 0xe560, 0xdd20,
0xccc0, 0xac00, 0x8b60, 0x72c0, 0xbc60, 0xe560, 0x9380, 0xfde0, 0xfde0, 0xfde0,
0xed60, 0xcca0, 0xcca0, 0x8b40, 0x3981, 0x5224, 0x736b, 0x9cd3, 0x31c7, 0x0000,
0x0000, 0x0000, 0x0820, 0x3120, 0x7ae0, 0xcce0, 0xc4a0, 0xeda0, 0xfde0, 0xfde0,
0xed80, 0xccc0, 0xc4a0, 0x72a0, 0x41a2, 0x3120, 0x0840, 0x0000, 0x0000, 0x0820,
0x3140, 0xac00, 0xeda0, 0xfde0, 0xed80, 0xd4e0, 0xc4a0, 0x7ae0, 0x4180, 0x2900,
0x1080, 0x1060, 0x2900, 0x7ae0, 0xc480, 0xdd20, 0xbca0, 0x9380, 0x6a80, 0x51e0,
0x41a0, 0x49c0, 0x6260, 0x8300, 0x8b20, 0x7ae0, 0x72a0, 0x6aa0, 0x6aa0, 0x6aa0,
0x6aa0, 0x6aa0, 0x6aa0, 0x6aa0, 0x6aa0, 0x6aa0, 0x6aa0, 0x6aa0, 0x6aa0, 0x6aa0,
0x6aa0, 0x6aa0, 0x6aa0, 0x6aa0, 0x6aa0, 0x6aa0, 0x6aa0, 0x6aa0, 0x6aa0, 0x6aa0,
0x6aa0, 0x6aa0, 0x6aa0, 0x6aa0, 0x6aa0, 0x6aa0, 0x6aa0, 0x6aa0, 0x6aa0, 0x6aa0,
0x6aa0, 0x6aa0, 0x6aa0, 0x6aa0, 0x6aa0, 0x6aa0, 0x6aa0, 0x6aa0, 0x6aa0, 0x6aa0,

0xf5c0, 0xfde0, 0xfde0, 0xfde0, 0xfe00, 0xd520, 0x49a0, 0x0840, 0x3960, 0x8300,
0x9380, 0x8b40, 0x51e0, 0x18a0, 0x2900, 0xa3e0, 0xbc80, 0xac20, 0x72a0, 0x3120,
0x0020, 0x0000, 0x0000, 0x0000, 0x0000, 0x0000, 0x0000, 0x0000, 0x0000, 0x0000,
0x0000, 0x0000, 0x0000, 0x0000, 0x0000, 0x0000, 0x0000, 0x0000, 0x0000, 0x0000,
0x0000, 0x0000, 0x0000, 0x0000, 0x0000, 0x18a0, 0x7b00, 0xdd20, 0xccc0, 0x49c0,
0x0000, 0x0000, 0x0000, 0x0000, 0x0000, 0x0000, 0x0000, 0x0000, 0x2900, 0xbc60,
0xfde0, 0xfde0, 0xfde0, 0xfde0, 0xed80, 0x72a0, 0x9ba0, 0xf5c0, 0xfde0, 0xc480,
0x6260, 0xd500, 0x49a0, 0x0000, 0x0000, 0x0000, 0x0000, 0x0000, 0x20c0, 0xcd00,
0xfde0, 0xcce0, 0x3120, 0x0000, 0x0000, 0x0000, 0x0000, 0x0000, 0x0000, 0x0020,
0x20e0, 0x49c0, 0x4180, 0x0840, 0x0000, 0x0000, 0x0000, 0x0000, 0x5a20, 0x7b00,
0x0000, 0x0000, 0x0000, 0x1080, 0x9bc0, 0x9ba0, 0xfde0, 0xfde0, 0xfdc0, 0x8320,
0x0020, 0x0000, 0x0020, 0x1060, 0x3960, 0xccc0, 0xfde0, 0xfde0, 0xfde0, 0xfde0,
0xfde0, 0xfde0, 0xfde0, 0xfde0, 0xfde0, 0xfde0, 0xfde0, 0xfde0, 0xfde0, 0xfde0,
0xfde0, 0xfde0, 0xfde0, 0xfde0, 0xfde0, 0xdd20, 0xbc60, 0xd500, 0x6240, 0x6260,
0x4180, 0x0000, 0x0000, 0x0000, 0x4229, 0xad76, 0x1082, 0x9d14, 0x4a49, 0x0000,
0x0840, 0x6a80, 0xac00, 0xfdc0, 0xfde0, 0xfdc0, 0xc4a0, 0xdd40, 0x8b40, 0x6260,
0x4180, 0x0820, 0x2945, 0x8410, 0x94d3, 0x2986, 0x0000, 0x0000, 0x18a0, 0x72a0,
0xc4c0, 0xdd20, 0xa3c0, 0x6a80, 0x41a0, 0x1060, 0x0000, 0x0000, 0x0000, 0x0000,
0x0000, 0x0020, 0x2900, 0x3140, 0x3120, 0x20c0, 0x0020, 0x0000, 0x0000, 0x0000,
0x0000, 0x0000, 0x0840, 0x0840, 0x0820, 0x0000, 0x0000, 0x0000, 0x0000, 0x0000,
0x0000, 0x0000, 0x0000, 0x0000, 0x0000, 0x0000, 0x0000, 0x0000, 0x0000, 0x0000,
0x0000, 0x0000, 0x0000, 0x0000, 0x0000, 0x0000, 0x0000, 0x0000, 0x0000, 0x0000,
0x0000, 0x0000, 0x0000, 0x0000, 0x0000, 0x0000, 0x0000, 0x0000, 0x0000, 0x0000,
0x0000, 0x0000, 0x0000, 0x0000, 0x0000, 0x0000, 0x0000, 0x0000, 0x0000, 0x0000,

0xfde0, 0xfde0, 0xfde0, 0xfde0, 0xfde0, 0xbc80, 0x20e0, 0x0020, 0x3960, 0x7ae0,
0x41a0, 0x20c0, 0x3120, 0x4180, 0x6a80, 0xb420, 0x8b40, 0x9380, 0xcce0, 0xc4a0,
0x6a80, 0x1060, 0x0000, 0x0000, 0x0000, 0x0000, 0x0000, 0x0000, 0x0000, 0x0000,
0x0000, 0x0000, 0x0000, 0x0000, 0x0000, 0x0000, 0x0000, 0x0000, 0x0000, 0x0000,
0x0000, 0x0000, 0x0000, 0x0020, 0x20e0, 0x7ae0, 0xe560, 0xfde0, 0xbc80, 0x3120,
0x0000, 0x0000, 0x0000, 0x0000, 0x0000, 0x0000, 0x0000, 0x0020, 0x49c0, 0xd500,
0xfde0, 0xfde0, 0xfde0, 0xfde0, 0xe540, 0x6240, 0xac00, 0xf5c0, 0xfde0, 0xd500,
0x6a80, 0xbc80, 0x6a80, 0x0020, 0x0000, 0x0000, 0x0000, 0x0000, 0x1880, 0xb440,
0xfde0, 0x9380, 0x0840, 0x0000, 0x0000, 0x0000, 0x0000, 0x0000, 0x1060, 0x7b00,
0xe560, 0xe560, 0xedc0, 0xbc60, 0x3140, 0x0000, 0x0000, 0x0000, 0x72a0, 0x6240,
0x0000, 0x0000, 0x0000, 0x18a0, 0x8300, 0xb440, 0xfde0, 0xfde0, 0xc4a0, 0x20c0,
0x0000, 0x0000, 0x0000, 0x0000, 0x9380, 0xfdc0, 0xfde0, 0xfde0, 0xfde0, 0xfde0,
0xfde0, 0xfde0, 0xfde0, 0xfde0, 0xfde0, 0xfde0, 0xfde0, 0xfde0, 0xfde0, 0xfde0,
0xfde0, 0xfde0, 0xfde0, 0xfde0, 0xac20, 0x0020, 0x0000, 0x0000, 0x0000, 0x0000,
0x0000, 0x0000, 0x0000, 0x0000, 0x18e3, 0x7bcf, 0x7bcf, 0x20e1, 0x6240, 0xac00,
0xfde0, 0xfde0, 0xf5a0, 0xac00, 0x9380, 0x72e2, 0x52aa, 0x3186, 0x0000, 0x0000,
0x0000, 0x0000, 0x5acb, 0x8c72, 0x4a49, 0x0000, 0x0820, 0x20e0, 0x4180, 0x3960,
0x1880, 0x18e4, 0x4a69, 0x632d, 0x2965, 0x0000, 0x0000, 0x0000, 0x0000, 0x0000,
0x0000, 0x0000, 0x0000, 0x0000, 0x0000, 0x0000, 0x0000, 0x0000, 0x0000, 0x0000,
0x0000, 0x0000, 0x0000, 0x0000, 0x0000, 0x0000, 0x0000, 0x0000, 0x0000, 0x0000,
0x0000, 0x0000, 0x0000, 0x0000, 0x0000, 0x0000, 0x0000, 0x0000, 0x0000, 0x0000,
0x0000, 0x0000, 0x0000, 0x0000, 0x0000, 0x0000, 0x0000, 0x0000, 0x0000, 0x0000,
0x0000, 0x0000, 0x0000, 0x0000, 0x0000, 0x0000, 0x0000, 0x0000, 0x0000, 0x0000,
0x0000, 0x0000, 0x0000, 0x0000, 0x0000, 0x0000, 0x0000, 0x0000, 0x0000, 0x0000,

0xfde0, 0xfde0, 0xfde0, 0xfde0, 0xf5c0, 0xa400, 0x18a0, 0x0000, 0x3140, 0x7ae0,
0x6a80, 0x7ae0, 0xa3c0, 0x8b40, 0x9ba0, 0xccc0, 0x5200, 0x18a0, 0x5a20, 0xccc0,
0xd520, 0x5a20, 0x0840, 0x0000, 0x0000, 0x0000, 0x0000, 0x0000, 0x0000, 0x0000,
0x0000, 0x0000, 0x0000, 0x0000, 0x0000, 0x0000, 0x0000, 0x0000, 0x0000, 0x0000,
0x0000, 0x0000, 0x1060, 0x49c0, 0x9ba0, 0xe560, 0xfde0, 0xf5c0, 0xac00, 0x20e0,
0x0000, 0x0000, 0x0000, 0x0000, 0x0000, 0x0000, 0x0000, 0x0820, 0x72c0, 0xed60,
0xfde0, 0xfde0, 0xfde0, 0xfde0, 0xcce0, 0x5a40, 0xc480, 0xfde0, 0xfde0, 0xe560,
0x6240, 0xbca0, 0x8300, 0x0820, 0x0000, 0x0000, 0x0000, 0x0000, 0x0840, 0xa3e0,
0xf5e0, 0x49c0, 0x0000, 0x0000, 0x0000, 0x0000, 0x0000, 0x0840, 0x7ae0, 0xe540,
0xa3c0, 0x8300, 0xbc80, 0xfdc0, 0xccc0, 0x2900, 0x0000, 0x0840, 0x8b60, 0x3980,
0x0000, 0x0000, 0x0000, 0x3140, 0x72c0, 0xccc0, 0xfde0, 0xf5c0, 0x5a00, 0x0000,
0x0000, 0x0000, 0x0000, 0x4180, 0xf5a0, 0xfde0, 0xfde0, 0xfde0, 0xfde0, 0xfde0,
0xfde0, 0xfde0, 0xfde0, 0xfde0, 0xfde0, 0xfde0, 0xfde0, 0xfde0, 0xfde0, 0xfde0,
0xfde0, 0xfde0, 0xfde0, 0xfde0, 0x6240, 0x0000, 0x0000, 0x0000, 0x0000, 0x0000,
0x0000, 0x0000, 0x0000, 0x0000, 0x1880, 0x4180, 0x9ba0, 0xccc0, 0xd500, 0xccc0,
0x8320, 0x3960, 0x2900, 0x2103, 0x73ae, 0x3a08, 0x8c71, 0x2124, 0x0000, 0x0000,
0x0000, 0x0000, 0x0000, 0x0000, 0x0000, 0x0000, 0x0820, 0x0020, 0x0000, 0x0000,
0x0000, 0xad76, 0x630c, 0x8c51, 0x73cf, 0x0041, 0x0000, 0x0000, 0x0000, 0x0000,
0x0000, 0x0000, 0x0000, 0x0000, 0x0000, 0x0000, 0x0000, 0x18e4, 0x39e8, 0x18c3,
0x0000, 0x0000, 0x0000, 0x0000, 0x0020, 0x634d, 0x8c71, 0x4249, 0x0000, 0x0000,
0x0000, 0x0000, 0x0861, 0x7c10, 0x10a2, 0x5b0c, 0x4228, 0x0000, 0x0000, 0x0000,
0x0000, 0x5aec, 0xa534, 0x18e3, 0x0000, 0x0000, 0x0000, 0x0000, 0x31a6, 0xa534,
0x8c51, 0x1082, 0x0000, 0x0000, 0x0000, 0x0020, 0x52cb, 0xad55, 0x73ae, 0x0861,
0x0000, 0x0000, 0x0000, 0x0000, 0x0000, 0x0000, 0x0000, 0x0000, 0x0000, 0x0000,

0xfde0, 0xfde0, 0xfde0, 0xfde0, 0xf5c0, 0xa3e0, 0x1880, 0x0000, 0x2900, 0x8300,
0xa3e0, 0xb440, 0xa3e0, 0x8b40, 0x8b60, 0xd4e0, 0x7b00, 0x1060, 0x20c0, 0x9ba0,
0xf5e0, 0xa3c0, 0x2900, 0x0000, 0x0000, 0x0000, 0x0000, 0x0000, 0x0000, 0x0000,
0x0000, 0x0000, 0x0000, 0x0000, 0x0000, 0x0000, 0x0000, 0x0000, 0x0000, 0x0000,
0x0840, 0x2900, 0x7ae0, 0xccc0, 0xf5c0, 0xfde0, 0xfde0, 0xf5c0, 0x9380, 0x18a0,
0x0000, 0x0000, 0x0000, 0x0000, 0x0000, 0x0000, 0x0000, 0x1060, 0x8b60, 0xf5c0,
0xfde0, 0xfde0, 0xfde0, 0xfde0, 0xc4a0, 0x5a00, 0xd500, 0xfde0, 0xfde0, 0xe560,
0x6260, 0xbc80, 0x8300, 0x0020, 0x0000, 0x0000, 0x0000, 0x0000, 0x0840, 0x9bc0,
0xcce0, 0x20c0, 0x0000, 0x0000, 0x0000, 0x0000, 0x0000, 0x41a0, 0xdd20, 0xac00,
0x7ae0, 0xdd20, 0xfdc0, 0xfde0, 0xfdc0, 0xa3c0, 0x0000, 0x1060, 0xac00, 0x20e0,
0x0000, 0x0000, 0x0000, 0x49e0, 0x8300, 0xdd40, 0xfde0, 0xbc60, 0x0820, 0x0000,
0x0000, 0x0000, 0x1060, 0xb440, 0xfde0, 0xfde0, 0xfde0, 0xfde0, 0xfde0, 0xfde0,
0xfde0, 0xfde0, 0xfde0, 0xfde0, 0xfde0, 0xfde0, 0xfde0, 0xfde0, 0xfde0, 0xfde0,
0xfde0, 0xfde0, 0xfde0, 0xfde0, 0x6240, 0x0000, 0x0000, 0x0000, 0x0000, 0x0000,
0x0000, 0x0000, 0x20e0, 0x6240, 0x9bc0, 0x93a0, 0x6aa0, 0x49c0, 0x630a, 0x2966,
0x0000, 0x0000, 0x0000, 0x630c, 0x630c, 0x1904, 0x630c, 0x6b8e, 0x2125, 0x0000,
0x0000, 0x0000, 0x0000, 0x0000, 0x39e8, 0x8410, 0x528a, 0x0000, 0x0000, 0x0000,
0x0020, 0xad75, 0xad75, 0xb576, 0x8410, 0x0841, 0x0000, 0x0000, 0x0000, 0x0000,
0x0000, 0x0000, 0x0000, 0x0000, 0x0000, 0x0000, 0x10c3, 0xa535, 0xc618, 0x39e7,
0x0000, 0x0000, 0x0000, 0x0000, 0x4a69, 0xa514, 0x6b6d, 0xc659, 0x0882, 0x0000,
0x0000, 0x0000, 0x10a2, 0xc618, 0x2104, 0x94b2, 0x6b4d, 0x0000, 0x0000, 0x0000,
0x0000, 0x94b2, 0xad55, 0x0861, 0x0000, 0x0000, 0x0000, 0x10a2, 0xbdf8, 0x6b6d,
0x52aa, 0x0861, 0x0000, 0x0000, 0x0000, 0x2966, 0xd6bb, 0xbdd7, 0xef5d, 0x5aeb,
0x0000, 0x0000, 0x0000, 0x0000, 0x0000, 0x0000, 0x0000, 0x0000, 0x0000, 0x0000,

0xfde0, 0xfde0, 0xfde0, 0xfde0, 0xfde0, 0xbc60, 0x20e0, 0x0000, 0x1060, 0x6a80,
0xb420, 0xccc0, 0xcce0, 0x9bc0, 0x6240, 0xc4a0, 0xa3c0, 0x2900, 0x18a0, 0x9360,
0xe580, 0xbc60, 0x4180, 0x0820, 0x3120, 0x4180, 0x20c0, 0x0820, 0x0820, 0x0000,
0x0000, 0x0000, 0x0000, 0x0000, 0x0000, 0x0000, 0x0000, 0x0000, 0x0000, 0x0020,
0x5a20, 0xc4a0, 0xf5c0, 0xfde0, 0xfde0, 0xfde0, 0xfde0, 0xed80, 0x7b00, 0x0840,
0x0000, 0x0000, 0x0000, 0x0000, 0x0000, 0x0000, 0x0000, 0x3120, 0xb440, 0xfde0,
0xfde0, 0xfde0, 0xfdc0, 0xfde0, 0xb440, 0x49c0, 0xe560, 0xfde0, 0xfde0, 0xdd20,
0x6a80, 0xbc80, 0x8300, 0x0840, 0x0000, 0x0000, 0x0000, 0x0000, 0x0820, 0xac00,
0xac20, 0x0020, 0x0000, 0x0000, 0x0000, 0x0000, 0x0820, 0xac20, 0xccc0, 0x6a60,
0xed80, 0xfde0, 0xfde0, 0xfde0, 0xfde0, 0xf5a0, 0x4180, 0x18a0, 0xb440, 0x1080,
0x0000, 0x0000, 0x0000, 0x6260, 0x8320, 0xfde0, 0xe540, 0x4180, 0x0000, 0x0000,
0x0000, 0x0000, 0x8300, 0xf5c0, 0xfde0, 0xfde0, 0xfde0, 0xfde0, 0xfde0, 0xfde0,
0xfde0, 0xfde0, 0xfde0, 0xfde0, 0xfde0, 0xfde0, 0xfde0, 0xfde0, 0xfde0, 0xfde0,
0xfde0, 0xfde0, 0xfde0, 0xfde0, 0x6260, 0x0000, 0x0000, 0x0000, 0x0000, 0x1060,
0x20c0, 0x3140, 0x3940, 0x1080, 0x0000, 0x0021, 0x52aa, 0x2965, 0x2145, 0x0000,
0x0000, 0x0000, 0x0000, 0x39c7, 0xa535, 0xbdf7, 0x634d, 0x8430, 0x1082, 0x0000,
0x0000, 0x0000, 0x0000, 0x5aec, 0x73ae, 0x4228, 0x0000, 0x0000, 0x0000, 0x0000,
0x0000, 0x1082, 0xa534, 0xad55, 0xbdf7, 0x4228, 0x0000, 0x0000, 0x0000, 0x0000,
0x0000, 0x0000, 0x0000, 0x0000, 0x0000, 0x0000, 0x3186, 0xad76, 0xce9a, 0x632c,
0x0000, 0x0000, 0x0000, 0x0020, 0x7bef, 0x8c93, 0x5b0c, 0xd6ba, 0x18e4, 0x0000,
0x0000, 0x0000, 0x1082, 0xbdf7, 0x4a6a, 0xad75, 0x6b4d, 0x0000, 0x0000, 0x0000,
0x0000, 0x94b2, 0x6b6d, 0x0000, 0x0000, 0x0000, 0x0000, 0x18c3, 0xce79, 0x4208,
0x2965, 0x0020, 0x0000, 0x0000, 0x0000, 0x39c7, 0xdefb, 0xc639, 0xbdd7, 0x4a6a,
0x0000, 0x0000, 0x0000, 0x0000, 0x0000, 0x0000, 0x0000, 0x0000, 0x0000, 0x0000,

0xfde0, 0xfde0, 0xfde0, 0xfde0, 0xfdc0, 0xd500, 0x5a20, 0x0840, 0x0000, 0x3120,
0x8b20, 0xccc0, 0xed80, 0xa3c0, 0x2920, 0xac20, 0xbc80, 0x4180, 0x51e0, 0xc4a0,
0xed80, 0x9ba0, 0x3120, 0x18a0, 0x8b40, 0xc4a0, 0x7b00, 0x5200, 0x6a80, 0x3140,
0x0000, 0x0000, 0x0000, 0x0000, 0x0000, 0x0000, 0x0000, 0x0000, 0x0000, 0x0000,
0x3960, 0xbc80, 0xf5e0, 0xfde0, 0xfde0, 0xfde0, 0xfde0, 0xe560, 0x5a40, 0x0820,
0x0000, 0x0000, 0x0000, 0x0000, 0x0000, 0x0000, 0x0000, 0x3940, 0xd4e0, 0xfde0,
0xfdc0, 0xccc0, 0x9bc0, 0xbc80, 0x8320, 0x6260, 0xe560, 0xfde0, 0xfde0, 0xd520,
0x6a80, 0xbc80, 0x7ae0, 0x0840, 0x0000, 0x0000, 0x0000, 0x0000, 0x1060, 0x9bc0,
0x72c0, 0x0000, 0x0000, 0x0000, 0x0000, 0x0000, 0x3140, 0xe580, 0x9380, 0x9ba0,
0xfdc0, 0xfde0, 0xfde0, 0xfde0, 0xfde0, 0xfde0, 0xa3e0, 0x3960, 0xa3e0, 0x0000,
0x0000, 0x0000, 0x0000, 0x72a0, 0x7ae0, 0xfde0, 0x8320, 0x0020, 0x0000, 0x0000,
0x0000, 0x3940, 0xdd20, 0xfde0, 0xfde0, 0xfde0, 0xfde0, 0xfde0, 0xfde0, 0xfde0,
0xfde0, 0xfde0, 0xfde0, 0xfde0, 0xfde0, 0xfde0, 0xfde0, 0xfde0, 0xfde0, 0xfde0,
0xfde0, 0xfde0, 0xfde0, 0xfde0, 0x6240, 0x0000, 0x0000, 0x0000, 0x0000, 0x0820,
0x0820, 0x0000, 0x0000, 0x0000, 0x0000, 0x0020, 0x0041, 0x0000, 0x0000, 0x0000,
0x0000, 0x0000, 0x0000, 0x0020, 0x2145, 0x8c51, 0x9d14, 0x9492, 0x6b4d, 0x0000,
0x0000, 0x0000, 0x0000, 0x0020, 0x0000, 0x0000, 0x0020, 0x0000, 0x0000, 0x0000,
0x0000, 0x0841, 0x7bcf, 0x3186, 0x31c7, 0x0020, 0x0000, 0x0000, 0x0000, 0x0000,
0x0000, 0x0000, 0x0000, 0x0000, 0x0000, 0x0000, 0x10a2, 0x8c51, 0xe71c, 0x8c92,
0x0861, 0x0000, 0x0000, 0x0000, 0x18e3, 0xad76, 0xb5d7, 0x8c71, 0x0041, 0x0000,
0x0000, 0x0000, 0x0000, 0x52cb, 0xbdf8, 0xc638, 0x528a, 0x0000, 0x0000, 0x0000,
0x0000, 0x7bcf, 0x5acb, 0x0000, 0x0000, 0x0000, 0x0000, 0x0000, 0x52cb, 0xbdf7,
0x9d14, 0x10c3, 0x0000, 0x0000, 0x0000, 0x0841, 0x7bef, 0xbe18, 0x8431, 0x0841,
0x0000, 0x0000, 0x0000, 0x0000, 0x0000, 0x0000, 0x0000, 0x0000, 0x0000, 0x0000,

0xfde0, 0xfde0, 0xfde0, 0xfde0, 0xfde0, 0xed80, 0xa3e0, 0x4180, 0x0840, 0x0000,
0x28e0, 0x6a80, 0xac00, 0x8320, 0x3940, 0x9380, 0xd500, 0xa3e0, 0xbc80, 0xe580,
0xbc60, 0x41a0, 0x0840, 0x20e0, 0xac00, 0xd500, 0x6a80, 0x8300, 0xc4a0, 0x7ae0,
0x0020, 0x0000, 0x0000, 0x0000, 0x0000, 0x0000, 0x0000, 0x0000, 0x0000, 0x0000,
0x1080, 0x8300, 0xeda0, 0xfde0, 0xfde0, 0xfde0, 0xfde0, 0xed80, 0x41a0, 0x0000,
0x0000, 0x0000, 0x0000, 0x0000, 0x0000, 0x0000, 0x0000, 0x49c0, 0xdd20, 0xfde0,
0xfde0, 0xe560, 0xac40, 0x8b60, 0x4180, 0x3960, 0x8b40, 0xac40, 0xdd20, 0xbc80,
0x6a60, 0xc4c0, 0x6a80, 0x0020, 0x0000, 0x0000, 0x0000, 0x0000, 0x1080, 0x9ba0,
0x3980, 0x0000, 0x0000, 0x0000, 0x0000, 0x0020, 0x6aa0, 0xe560, 0x7ae0, 0xdd20,
0xfde0, 0xfde0, 0xfde0, 0xfde0, 0xfde0, 0xfde0, 0xed80, 0x9bc0, 0x93a0, 0x0000,
0x0000, 0x0000, 0x0820, 0x8320, 0x8320, 0xccc0, 0x20e0, 0x0000, 0x0000, 0x0000,
0x0000, 0xb440, 0xfde0, 0xfde0, 0xfde0, 0xfde0, 0xfde0, 0xfde0, 0xfde0, 0xfde0,
0xfde0, 0xfde0, 0xfde0, 0xfde0, 0xfde0, 0xfde0, 0xfde0, 0xfde0, 0xfde0, 0xfde0,
0xfde0, 0xfde0, 0xfde0, 0xfde0, 0x6240, 0x0000, 0x0000, 0x0000, 0x0000, 0x0000,
0x0000, 0x0000, 0x0000, 0x0000, 0x10a2, 0x10c3, 0x0020, 0x0000, 0x0000, 0x0000,
0x0000, 0x0000, 0x0000, 0x0000, 0x0841, 0x8c92, 0x9cd3, 0x18e3, 0x18e3, 0x0000,
0x0000, 0x0000, 0x0000, 0x0000, 0x0020, 0x630c, 0x634c, 0x39e7, 0x0000, 0x0000,
0x0000, 0x0882, 0x0841, 0x0000, 0x0000, 0x0000, 0x0000, 0x0000, 0x0000, 0x0000,
0x0000, 0x0000, 0x0000, 0x0000, 0x0000, 0x0000, 0x0000, 0x2986, 0x7bcf, 0x2965,
0x0000, 0x0000, 0x0000, 0x0000, 0x0000, 0x1903, 0x31a6, 0x0841, 0x0000, 0x0000,
0x0000, 0x0000, 0x0000, 0x0000, 0x10a3, 0x0861, 0x0020, 0x0000, 0x0000, 0x0000,
0x0000, 0x0021, 0x0020, 0x0000, 0x0000, 0x0000, 0x0000, 0x0000, 0x0000, 0x10a2,
0x0861, 0x0000, 0x0000, 0x0000, 0x0000, 0x0000, 0x0000, 0x10c3, 0x0020, 0x0000,
0x0000, 0x0000, 0x0000, 0x0000, 0x0000, 0x0000, 0x0000, 0x0000, 0x0000, 0x0000,

0xfde0, 0xfde0, 0xfde0, 0xfde0, 0xfde0, 0xf5c0, 0xdd40, 0xac00, 0x6260, 0x3140,
0x20c0, 0x1060, 0x20e0, 0x6aa0, 0xb420, 0xd4e0, 0xeda0, 0xdd40, 0xa3c0, 0x6a80,
0x2900, 0x0020, 0x0820, 0x4180, 0xc480, 0xc4a0, 0x5a20, 0x9360, 0xe5a0, 0xbc40,
0x18a0, 0x0000, 0x0000, 0x0000, 0x0000, 0x0000, 0x0000, 0x0000, 0x0000, 0x0000,
0x0000, 0x4180, 0xccc0, 0xfde0, 0xfde0, 0xfde0, 0xfde0, 0xdd20, 0x3980, 0x0000,
0x0000, 0x0000, 0x0000, 0x0000, 0x0000, 0x0000, 0x0020, 0x6240, 0xe540, 0xfde0,
0xfde0, 0xfde0, 0xfde0, 0xe540, 0x72c0, 0x8b60, 0xcce0, 0xac20, 0x8320, 0x49e0,
0x2920, 0x8320, 0x2900, 0x0000, 0x0000, 0x0000, 0x0000, 0x0000, 0x18a0, 0x8b40,
0x28e0, 0x0000, 0x0000, 0x0000, 0x0000, 0x1880, 0xbc60, 0xac40, 0x8b40, 0xf5c0,
0xfde0, 0xfde0, 0xfde0, 0xfde0, 0xfde0, 0xfde0, 0xfde0, 0xfde0, 0x8320, 0x0000,
0x0000, 0x0000, 0x18a0, 0x9bc0, 0x9ba0, 0x49c0, 0x0000, 0x0000, 0x0000, 0x0000,
0x1904, 0x5a63, 0x7ae1, 0x9bc0, 0xccc0, 0xf5c0, 0xfde0, 0xfde0, 0xfde0, 0xfde0,
0xfde0, 0xfde0, 0xfde0, 0xfde0, 0xfde0, 0xfde0, 0xfde0, 0xfde0, 0xfde0, 0xfde0,
0xfde0, 0xfde0, 0xfde0, 0xfde0, 0x6240, 0x0000, 0x0000, 0x0000, 0x0000, 0x0000,
0x0000, 0x0000, 0x0000, 0x0000, 0x0000, 0x0000, 0x0000, 0x4a69, 0x7bef, 0x9cf3,
0x8c51, 0x0020, 0x0000, 0x0000, 0x18e4, 0x39c7, 0x0000, 0x0000, 0x0000, 0x0000,
0x0000, 0x0000, 0x0000, 0x0000, 0x5aeb, 0xb5b6, 0x630c, 0x0861, 0x0000, 0x0000,
0x0000, 0x0000, 0x0000, 0x0000, 0x0000, 0x0000, 0x0000, 0x0000, 0x0000, 0x0000,
0x0000, 0x0000, 0x0000, 0x0000, 0x0000, 0x0000, 0x0000, 0x0000, 0x0000, 0x0000,
0x0000, 0x0000, 0x0000, 0x0000, 0x0000, 0x0000, 0x0000, 0x0000, 0x0000, 0x0000,
0x0000, 0x0000, 0x0000, 0x0000, 0x0000, 0x0000, 0x0000, 0x0000, 0x0000, 0x0000,
0x0000, 0x0000, 0x0000, 0x0000, 0x0000, 0x0000, 0x0000, 0x0000, 0x0000, 0x0000,
0x0000, 0x0000, 0x0000, 0x0000, 0x0000, 0x0000, 0x0000, 0x0000, 0x0000, 0x0000,
0x0000, 0x0000, 0x0000, 0x0000, 0x0000, 0x0000, 0x0000, 0x0000, 0x0000, 0x0000,

0xfde0, 0xfde0, 0xfde0, 0xfde0, 0xfde0, 0xfde0, 0xed80, 0xdd20, 0xb440, 0x8b40,
0x72a0, 0x6260, 0x5a20, 0x3960, 0x41a0, 0x7ae0, 0xd4e0, 0x9bc0, 0x28e0, 0x0840,
0x0000, 0x0000, 0x1060, 0x6240, 0xd4e0, 0xac00, 0x6260, 0xac00, 0xeda0, 0xd500,
0x51e0, 0x0820, 0x0000, 0x0000, 0x0000, 0x0000, 0x0000, 0x0000, 0x0000, 0x0000,
0x0000, 0x18a0, 0xa3e0, 0xf5c0, 0xfde0, 0xfde0, 0xfde0, 0xccc0, 0x3960, 0x0000,
0x0000, 0x0000, 0x0000, 0x0000, 0x0000, 0x0000, 0x0020, 0x6a80, 0xe560, 0xfde0,
0xfde0, 0xfde0, 0xfde0, 0xe540, 0x8b40, 0xbc60, 0xfe00, 0xfde0, 0xf5e0, 0x8320,
0x6a80, 0x9be0, 0x1880, 0x0000, 0x0000, 0x0000, 0x0000, 0x0000, 0x20c0, 0x8320,
0x1060, 0x0000, 0x0000, 0x0000, 0x0000, 0x3140, 0xdd20, 0x8b60, 0xbc60, 0xfde0,
0xfde0, 0xfde0, 0xfde0, 0xfde0, 0xfde0, 0xfde0, 0xfde0, 0xf5c0, 0x6260, 0x0000,
0x0000, 0x0000, 0x2900, 0x9380, 0x72c0, 0x0000, 0x0000, 0x0000, 0x0000, 0x1904,
0x8cd5, 0x9d36, 0x8cb3, 0x7bef, 0x5201, 0xe560, 0xfde0, 0xfde0, 0xfde0, 0xfde0,
0xfde0, 0xfde0, 0xfde0, 0xfde0, 0xfde0, 0xfde0, 0xfde0, 0xfde0, 0xfde0, 0xfde0,
0xfde0, 0xfde0, 0xfde0, 0xfde0, 0x6240, 0x0000, 0x0000, 0x0000, 0x0000, 0x0000,
0x0000, 0x0000, 0x0000, 0x0000, 0x0000, 0x0000, 0x0000, 0xb5b6, 0x4208, 0x738e,
0x2104, 0x0000, 0x0000, 0x4a6a, 0x8430, 0x9d14, 0x5acb, 0x0000, 0x0000, 0x0000,
0x0000, 0x0000, 0x0000, 0x0000, 0x1082, 0x2104, 0x0020, 0x0000, 0x0000, 0x0000,
0x0000, 0x0000, 0x0000, 0x0000, 0x0000, 0x0000, 0x0000, 0x0000, 0x0000, 0x0000,
0x0000, 0x0000, 0x0000, 0x0000, 0x0000, 0x0000, 0x0000, 0x0000, 0x0000, 0x0000,
0x0000, 0x0000, 0x0000, 0x0000, 0x0000, 0x0000, 0x0000, 0x0000, 0x0000, 0x0000,
0x0000, 0x0000, 0x0000, 0x0000, 0x0000, 0x0000, 0x0000, 0x0000, 0x0000, 0x0000,
0x0000, 0x0000, 0x0000, 0x0000, 0x0000, 0x0000, 0x0000, 0x0000, 0x0000, 0x0000,
0x0000, 0x0000, 0x0000, 0x0000, 0x0000, 0x0000, 0x0000, 0x0000, 0x0000, 0x0000,
0x0000, 0x0000, 0x0000, 0x0000, 0x0000, 0x0000, 0x0000, 0x0000, 0x0000, 0x0000,

0xfde0, 0xfde0, 0xfde0, 0xfde0, 0xfde0, 0xfde0, 0xfde0, 0xf5c0, 0xe560, 0xccc0,
0xb440, 0xa3e0, 0x6a80, 0x1060, 0x0000, 0x3940, 0xac20, 0xac20, 0x20c0, 0x0000,
0x0000, 0x0000, 0x18a0, 0x8300, 0xe580, 0x9360, 0x6240, 0xc4c0, 0xf5e0, 0xf5c0,
0x7ae0, 0x1080, 0x0000, 0x0000, 0x0000, 0x0000, 0x0000, 0x0000, 0x0000, 0x0000,
0x0000, 0x0820, 0x6a80, 0xdd20, 0xfde0, 0xfde0, 0xfde0, 0xc4a0, 0x3120, 0x0000,
0x0000, 0x0000, 0x0000, 0x0000, 0x0000, 0x0000, 0x0000, 0x7ac0, 0xe560, 0xfde0,
0xfde0, 0xfde0, 0xfde0, 0xfde0, 0xf5c0, 0xfdc0, 0xfde0, 0xfde0, 0xf600, 0x6a80,
0x9ba0, 0xbca0, 0x1080, 0x0000, 0x0000, 0x0000, 0x0000, 0x0000, 0x20e0, 0x3960,
0x0000, 0x0000, 0x0000, 0x0000, 0x0000, 0x49c0, 0xeda0, 0x72c0, 0xd500, 0xfde0,
0xeda0, 0xdd40, 0xfde0, 0xfde0, 0xfde0, 0xfde0, 0xfde0, 0xed60, 0x4180, 0x0000,
0x0000, 0x0000, 0x4180, 0x6260, 0x1880, 0x0000, 0x0000, 0x0000, 0x0841, 0x638f,
0x9d98, 0xa5b8, 0xa5b8, 0x9d77, 0x5221, 0xed80, 0xfde0, 0xfde0, 0xfde0, 0xfde0,
0xfde0, 0xfde0, 0xfde0, 0xfde0, 0xfde0, 0xfde0, 0xfde0, 0xfde0, 0xfde0, 0xfde0,
0xfde0, 0xfde0, 0xfde0, 0xfde0, 0xbc60, 0x9380, 0x9380, 0x9380, 0x9380, 0x9380,
0x9380, 0x9380, 0x9380, 0x9380, 0x9380, 0x9380, 0x9380, 0xdda8, 0xb484, 0x9380,
0x9380, 0x9380, 0x9380, 0xddc9, 0xbcc4, 0xcd26, 0xc4e5, 0x9380, 0x9380, 0x9380,
0x9380, 0x9380, 0x9380, 0x9380, 0x9380, 0x9380, 0x9380, 0x9380, 0x9380, 0x9380,
0x9380, 0x9380, 0x9380, 0x9380, 0x9380, 0x9380, 0x9380, 0x9380, 0x9380, 0x9380,
0x9380, 0x9380, 0x9380, 0x9380, 0x9380, 0x9380, 0x9380, 0x9380, 0x9380, 0x9380,
0x9380, 0x9380, 0x9380, 0x9380, 0x9380, 0x9380, 0x9380, 0x9380, 0x9380, 0x9380,
0x9380, 0x9380, 0x9380, 0x9380, 0x9380, 0x9380, 0x9380, 0x9380, 0x9380, 0x9380,
0x9380, 0x9380, 0x9380, 0x9380, 0x9380, 0x9380, 0x9380, 0x9380, 0x9380, 0x9380,
0x9380, 0x9380, 0x9380, 0x9380, 0x9380, 0x9380, 0x9380, 0x9380, 0x9380, 0x9380,
0x9380, 0x9380, 0x9380, 0x9380, 0x9380, 0x9380, 0x9380, 0x72c0, 0x20c0, 0x28e0,

0xfde0, 0xfde0, 0xfde0, 0xfde0, 0xfde0, 0xfde0, 0xfde0, 0xfde0, 0xfde0, 0xf5a0,
0xeda0, 0xdd40, 0x6a80, 0x1060, 0x0000, 0x20e0, 0xa3e0, 0xbc60, 0x3120, 0x0000,
0x0000, 0x0020, 0x3940, 0xa3e0, 0xdd40, 0x7ae0, 0x72a0, 0xdd20, 0xfde0, 0xfde0,
0xb440, 0x2900, 0x0000, 0x0000, 0x0000, 0x0000, 0x0000, 0x0000, 0x0000, 0x0000,
0x0000, 0x0000, 0x3140, 0xb440, 0xfdc0, 0xfde0, 0xf5e0, 0xbc80, 0x3120, 0x0000,
0x0000, 0x0000, 0x0000, 0x0000, 0x0000, 0x0000, 0x0000, 0x7b00, 0xeda0, 0xfde0,
0xfde0, 0xfde0, 0xfde0, 0xfde0, 0xfde0, 0xfde0, 0xfde0, 0xfde0, 0xdd00, 0x6260,
0xb440, 0x9ba0, 0x0840, 0x0000, 0x0000, 0x0000, 0x0000, 0x0000, 0x6aa0, 0x5a20,
0x0000, 0x0000, 0x0000, 0x0000, 0x0000, 0x49c0, 0x9bc0, 0x5a00, 0xd4e0, 0xf5a0,
0xcce0, 0x9380, 0xfde0, 0xfde0, 0xfde0, 0xfde0, 0xfde0, 0xd520, 0x20e0, 0x0000,
0x0000, 0x0000, 0x6260, 0x3960, 0x0000, 0x0000, 0x0000, 0x0000, 0x2945, 0x9536,
0xa5b8, 0x9d98, 0xa5b8, 0x8d16, 0x72a0, 0xf5c0, 0xfde0, 0xfde0, 0xfde0, 0xfde0,
0xfde0, 0xfde0, 0xfde0, 0xfde0, 0xfde0, 0xfde0, 0xfde0, 0xfde0, 0xfde0, 0xfde0,
0xfde0, 0xfde0, 0xfde0, 0xfde0, 0xfde0, 0xfde0, 0xfde0, 0xfde0, 0xfde0, 0xfde0,
0xfde0, 0xfde0, 0xfde0, 0xfde0, 0xfde0, 0xfde0, 0xfde0, 0xfde0, 0xfde0, 0xfde0,
0xfde0, 0xfde0, 0xfde0, 0xfde0, 0xfde0, 0xfde0, 0xfde0, 0xfde0, 0xfde0, 0xfde0,
0xfde0, 0xfde0, 0xfde0, 0xfde0, 0xfde0, 0xfde0, 0xfde0, 0xfde0, 0xfde0, 0xfde0,
0xfde0, 0xfde0, 0xfde0, 0xfde0, 0xfde0, 0xfde0, 0xfde0, 0xfde0, 0xfde0, 0xfde0,
0xfde0, 0xfde0, 0xfde0, 0xfde0, 0xfde0, 0xfde0, 0xfde0, 0xfde0, 0xfde0, 0xfde0,
0xfde0, 0xfde0, 0xfde0, 0xfde0, 0xfde0, 0xfde0, 0xfde0, 0xfde0, 0xfde0, 0xfde0,
0xfde0, 0xfde0, 0xfde0, 0xfde0, 0xfde0, 0xfde0, 0xfde0, 0xfde0, 0xfde0, 0xfde0,
0xfde0, 0xfde0, 0xfde0, 0xfde0, 0xfde0, 0xfde0, 0xfde0, 0xfde0, 0xfde0, 0xfde0,
0xfde0, 0xfde0, 0xfde0, 0xfde0, 0xfde0, 0xfde0, 0xfde0, 0xfde0, 0xfde0, 0xfde0,
0xfde0, 0xfde0, 0xfde0, 0xfde0, 0xfde0, 0xfde0, 0xfde0, 0xac00, 0x2900, 0x72c0,

0xfde0, 0xfde0, 0xfde0, 0xfde0, 0xfde0, 0xfde0, 0xfde0, 0xfde0, 0xfde0, 0xfde0,
0xfde0, 0xed80, 0x5200, 0x0000, 0x0000, 0x18a0, 0x9ba0, 0xc4a0, 0x3960, 0x0000,
0x0000, 0x0820, 0x51e0, 0xc4a0, 0xc4a0, 0x6a80, 0x8b60, 0xed80, 0xfde0, 0xfde0,
0xd500, 0x5a20, 0x0840, 0x0000, 0x0000, 0x0000, 0x0000, 0x0000, 0x0000, 0x0000,
0x0000, 0x0000, 0x1060, 0x8320, 0xf5a0, 0xfde0, 0xfde0, 0xc4a0, 0x28e0, 0x0000,
0x0000, 0x0000, 0x0000, 0x0000, 0x0000, 0x0000, 0x0820, 0x7ae0, 0xed80, 0xfde0,
0xfde0, 0xfde0, 0xfde0, 0xfde0, 0xfde0, 0xfde0, 0xfde0, 0xfde0, 0xb440, 0x6a80,
0xc4c0, 0x6240, 0x0000, 0x0000, 0x0000, 0x0000, 0x0000, 0x0820, 0x8320, 0x49a0,
0x0000, 0x0000, 0x0000, 0x0000, 0x0000, 0x8b40, 0x9380, 0x4180, 0x8320, 0x8300,
0x6260, 0x72c0, 0xc4a0, 0xed80, 0xfde0, 0xfde0, 0xfde0, 0xbca0, 0x1060, 0x0000,
0x0000, 0x0000, 0x51e0, 0x1060, 0x0000, 0x0000, 0x0000, 0x20c0, 0x4a68, 0xa598,
0xa5d9, 0xa5b8, 0xa598, 0x7411, 0x9ba0, 0xfde0, 0xfde0, 0xfde0, 0xfde0, 0xfde0,
0xfde0, 0xfde0, 0xfde0, 0xfde0, 0xfde0, 0xfde0, 0xfde0, 0xfde0, 0xfde0, 0xfde0,
0xfde0, 0xfde0, 0xfde0, 0xfde0, 0xfde0, 0xfde0, 0xfde0, 0xfde0, 0xfde0, 0xfde0,
0xfde0, 0xfde0, 0xfde0, 0xfde0, 0xfde0, 0xfde0, 0xfde0, 0xfde0, 0xfde0, 0xfde0,
0xfde0, 0xfde0, 0xfde0, 0xfde0, 0xfde0, 0xfde0, 0xfde0, 0xfde0, 0xfde0, 0xfde0,
0xfde0, 0xfde0, 0xfde0, 0xfde0, 0xfde0, 0xfde0, 0xfde0, 0xfde0, 0xfde0, 0xfde0,
0xfde0, 0xfde0, 0xfde0, 0xfde0, 0xfde0, 0xfde0, 0xfde0, 0xfde0, 0xfde0, 0xfde0,
0xfde0, 0xfde0, 0xfde0, 0xfde0, 0xfde0, 0xfde0, 0xfde0, 0xfde0, 0xfde0, 0xfde0,
0xfde0, 0xfde0, 0xfde0, 0xfde0, 0xfde0, 0xfde0, 0xfde0, 0xfde0, 0xfde0, 0xfde0,
0xfde0, 0xfde0, 0xfde0, 0xfde0, 0xfde0, 0xfde0, 0xfde0, 0xfde0, 0xfde0, 0xfde0,
0xfde0, 0xfde0, 0xfde0, 0xfde0, 0xfde0, 0xfde0, 0xfde0, 0xfde0, 0xfde0, 0xfde0,
0xfde0, 0xfde0, 0xfde0, 0xfde0, 0xfde0, 0xfde0, 0xfde0, 0xfde0, 0xfde0, 0xfde0,
0xfde0, 0xfde0, 0xfde0, 0xfde0, 0xfde0, 0xfde0, 0xfde0, 0x8b40, 0x20c0, 0xac21,

0xfde0, 0xfde0, 0xfde0, 0xfde0, 0xfde0, 0xfde0, 0xfde0, 0xfde0, 0xfde0, 0xfde0,
0xfde0, 0xcce0, 0x3960, 0x0000, 0x0000, 0x20a0, 0x9360, 0xccc0, 0x4180, 0x0000,
0x0000, 0x1060, 0x6aa0, 0xdd60, 0xac20, 0x5a20, 0xac00, 0xfde0, 0xfde0, 0xfde0,
0xeda0, 0x8b40, 0x18a0, 0x0000, 0x0000, 0x0000, 0x0000, 0x0000, 0x0000, 0x0000,
0x0000, 0x0000, 0x0820, 0x5a00, 0xd4e0, 0xfde0, 0xfde0, 0xc4a0, 0x2900, 0x0000,
0x0000, 0x0000, 0x0000, 0x0000, 0x0000, 0x0000, 0x0000, 0x72a0, 0xed60, 0xfde0,
0xfde0, 0xfde0, 0xfde0, 0xfde0, 0xfde0, 0xfde0, 0xfde0, 0xed80, 0x8320, 0x8b40,
0xbc80, 0x2900, 0x0000, 0x0000, 0x0000, 0x0000, 0x0000, 0x1060, 0xac00, 0x3960,
0x0000, 0x0000, 0x0000, 0x0000, 0x1080, 0xbc60, 0xb440, 0x9360, 0xeda0, 0xe560,
0x6a80, 0x72c0, 0x8b20, 0xb440, 0xfde0, 0xfde0, 0xfde0, 0xac00, 0x0820, 0x0000,
0x0000, 0x0000, 0x0820, 0x0000, 0x0000, 0x0000, 0x0840, 0x8340, 0x52cb, 0xadd9,
0xa5d9, 0xadf9, 0xa5d9, 0x52ec, 0xd4e0, 0xfde0, 0xfde0, 0xfde0, 0xfde0, 0xfde0,
0xfde0, 0xfde0, 0xfde0, 0xfde0, 0xfde0, 0xfde0, 0xfde0, 0xfde0, 0xfde0, 0xfde0,
0xfde0, 0xfde0, 0xfde0, 0xfde0, 0xfde0, 0xfde0, 0xfde0, 0xfde0, 0xfde0, 0xfde0,
0xfde0, 0xfde0, 0xfde0, 0xfde0, 0xfde0, 0xfde0, 0xfde0, 0xfde0, 0xfde0, 0xfde0,
0xfde0, 0xfde0, 0xfde0, 0xfde0, 0xfde0, 0xfde0, 0xfde0, 0xfde0, 0xfde0, 0xfde0,
0xfde0, 0xfde0, 0xfde0, 0xfde0, 0xfde0, 0xfde0, 0xfde0, 0xfde0, 0xfde0, 0xfde0,
0xfde0, 0xfde0, 0xfde0, 0xfde0, 0xfde0, 0xfde0, 0xfde0, 0xfde0, 0xfde0, 0xfde0,
0xfde0, 0xfde0, 0xfde0, 0xfde0, 0xfde0, 0xfde0, 0xfde0, 0xfde0, 0xfde0, 0xfde0,
0xfde0, 0xfde0, 0xfde0, 0xfde0, 0xfde0, 0xfde0, 0xfde0, 0xfde0, 0xfde0, 0xfde0,
0xfde0, 0xfde0, 0xfde0, 0xfde0, 0xfde0, 0xfde0, 0xfde0, 0xfde0, 0xfde0, 0xfde0,
0xfde0, 0xfde0, 0xfde0, 0xfde0, 0xfde0, 0xfde0, 0xfde0, 0xfde0, 0xfde0, 0xfde0,
0xfde0, 0xfde0, 0xfde0, 0xfde0, 0xfde0, 0xfde0, 0xfde0, 0xfde0, 0xfde0, 0xfde0,
0xfde0, 0xfde0, 0xfde0, 0xfde0, 0xfde0, 0xfde0, 0xed80, 0x6a80, 0x3120, 0xbca0,

0xfde0, 0xfde0, 0xfde0, 0xfde0, 0xfde0, 0xfde0, 0xfde0, 0xfde0, 0xfde0, 0xfde0,
0xfdc0, 0xac20, 0x18a0, 0x0000, 0x0000, 0x18a0, 0x9380, 0xc4a0, 0x4180, 0x0000,
0x0000, 0x3120, 0x9380, 0xd540, 0x8b40, 0x6aa0, 0xc4a0, 0xfe00, 0xfde0, 0xfde0,
0xf5c0, 0xbc60, 0x3120, 0x0000, 0x0000, 0x0000, 0x0000, 0x0000, 0x0000, 0x0000,
0x0000, 0x0000, 0x0000, 0x20e0, 0xa3c0, 0xf5c0, 0xfdc0, 0xcce0, 0x3940, 0x0000,
0x0000, 0x0000, 0x0000, 0x0000, 0x0000, 0x0000, 0x0000, 0x5a40, 0xe560, 0xfde0,
0xfde0, 0xfde0, 0xfde0, 0xfde0, 0xfde0, 0xfde0, 0xfde0, 0xb440, 0x6240, 0xcce0,
0x7b00, 0x0840, 0x0000, 0x0000, 0x0000, 0x0000, 0x0000, 0x3140, 0xbc80, 0x2900,
0x0000, 0x0000, 0x0000, 0x0000, 0x20c0, 0xccc0, 0x9be0, 0xb440, 0xfde0, 0xfde0,
0x7ae0, 0xd520, 0xfde0, 0xfde0, 0xfde0, 0xfde0, 0xfde0, 0x7ae0, 0x0000, 0x0000,
0x0000, 0x0000, 0x0000, 0x0000, 0x0000, 0x0000, 0x6240, 0xc4a0, 0x7c52, 0xadd9,
0xadf9, 0xadd9, 0xa5b8, 0x4227, 0xac20, 0x9bc0, 0xa3e0, 0xb420, 0xdd20, 0xfde0,
0xfde0, 0xfde0, 0xfde0, 0xfde0, 0xfde0, 0xfde0, 0xfde0, 0xfde0, 0xfde0, 0xfde0,
0xfde0, 0xfde0, 0xfde0, 0xfde0, 0xfde0, 0xfde0, 0xfde0, 0xfde0, 0xfde0, 0xfde0,
0xfde0, 0xfde0, 0xfde0, 0xfde0, 0xfde0, 0xfde0, 0xfde0, 0xfde0, 0xfde0, 0xfde0,
0xfde0, 0xfde0, 0xfde0, 0xfde0, 0xfde0, 0xfde0, 0xfde0, 0xfde0, 0xfde0, 0xfde0,
0xfde0, 0xfde0, 0xfde0, 0xfde0, 0xfde0, 0xfde0, 0xfde0, 0xfde0, 0xfde0, 0xfde0,
0xfde0, 0xfde0, 0xfde0, 0xfde0, 0xfde0, 0xfde0, 0xfde0, 0xfde0, 0xfde0, 0xfde0,
0xfde0, 0xfde0, 0xfde0, 0xfde0, 0xfde0, 0xfde0, 0xfde0, 0xfde0, 0xfde0, 0xfde0,
0xfde0, 0xfde0, 0xfde0, 0xfde0, 0xfde0, 0xfde0, 0xfde0, 0xfde0, 0xfde0, 0xfde0,
0xfde0, 0xfde0, 0xfde0, 0xfde0, 0xfde0, 0xfde0, 0xfde0, 0xfde0, 0xfde0, 0xfde0,
0xfde0, 0xfde0, 0xfde0, 0xfde0, 0xfde0, 0xfde0, 0xfde0, 0xfde0, 0xfde0, 0xfde0,
0xfde0, 0xfde0, 0xfde0, 0xfde0, 0xfde0, 0xfde0, 0xfde0, 0xfde0, 0xfde0, 0xfde0,
0xfde0, 0xfde0, 0xfde0, 0xfde0, 0xfde0, 0xfde0, 0xdd40, 0x41a0, 0x49c0, 0xdd41,

0xfde0, 0xfde0, 0xfde0, 0xfde0, 0xfde0, 0xfde0, 0xfde0, 0xfde0, 0xfde0, 0xfde0,
0xf5a0, 0x9360, 0x0000, 0x0000, 0x0000, 0x20c0, 0xa3e0, 0xbca0, 0x3940, 0x0000,
0x0000, 0x41a0, 0xbc80, 0xd500, 0x6a60, 0x8320, 0xdd20, 0xfde0, 0xfde0, 0xfde0,
0xfde0, 0xcce0, 0x5a40, 0x0820, 0x0000, 0x0000, 0x0000, 0x0000, 0x0000, 0x0000,
0x0000, 0x0000, 0x0000, 0x0840, 0x6a80, 0xeda0, 0xfde0, 0xe540, 0x3980, 0x0020,
0x0000, 0x0000, 0x0000, 0x0000, 0x0000, 0x0000, 0x0000, 0x4180, 0xd4e0, 0xfde0,
0xfde0, 0xfde0, 0xfde0, 0xfde0, 0xfde0, 0xfde0, 0xd520, 0x7ae0, 0x8b40, 0xc4a0,
0x3140, 0x0000, 0x0000, 0x0000, 0x0000, 0x0000, 0x0020, 0x7b00, 0xbc80, 0x20c0,
0x0000, 0x0000, 0x0000, 0x0000, 0x2900, 0xd520, 0x9bc0, 0xbc60, 0xfde0, 0xf5c0,
0x8300, 0xed80, 0xfde0, 0xfde0, 0xfde0, 0xfde0, 0xf5a0, 0x49c0, 0x0000, 0x0000,
0x0000, 0x0000, 0x0000, 0x0000, 0x0000, 0x0000, 0x6280, 0xac20, 0x9d56, 0xadf9,
0xadf9, 0xadd9, 0x9d77, 0x4a6a, 0x634c, 0x73ce, 0x6b6d, 0x52ca, 0x52a7, 0x6ac2,
0xbc80, 0xeda0, 0xfde0, 0xfde0, 0xfde0, 0xfde0, 0xfde0, 0xfde0, 0xfde0, 0xfde0,
0xfde0, 0xfde0, 0xfde0, 0xfde0, 0xfde0, 0xfde0, 0xfde0, 0xfde0, 0xfde0, 0xfde0,
0xfde0, 0xfde0, 0xfde0, 0xfde0, 0xfde0, 0xfde0, 0xfde0, 0xfde0, 0xfde0, 0xfde0,
0xfde0, 0xfde0, 0xfde0, 0xfde0, 0xfde0, 0xfde0, 0xfde0, 0xfde0, 0xfde0, 0xfde0,
0xfde0, 0xfde0, 0xfde0, 0xfde0, 0xfde0, 0xfde0, 0xfde0, 0xfde0, 0xfde0, 0xfde0,
0xfde0, 0xfde0, 0xfde0, 0xfde0, 0xfde0, 0xfde0, 0xfde0, 0xfde0, 0xfde0, 0xfde0,
0xfde0, 0xfde0, 0xfde0, 0xfde0, 0xfde0, 0xfde0, 0xfde0, 0xfde0, 0xfde0, 0xfde0,
0xfde0, 0xfde0, 0xfde0, 0xfde0, 0xfde0, 0xfde0, 0xfde0, 0xfde0, 0xfde0, 0xfde0,
0xfde0, 0xfde0, 0xfde0, 0xfde0, 0xfde0, 0xfde0, 0xfde0, 0xfde0, 0xfde0, 0xfde0,
0xfde0, 0xfde0, 0xfde0, 0xfde0, 0xfde0, 0xfde0, 0xfde0, 0xfde0, 0xfde0, 0xfde0,
0xfde0, 0xfde0, 0xfde0, 0xfde0, 0xfde0, 0xfde0, 0xfde0, 0xfde0, 0xfde0, 0xfde0,
0xfde0, 0xfde0, 0xfde0, 0xfde0, 0xfde0, 0xfde0, 0xccc0, 0x28e0, 0x6260, 0xf5e1,

0xfde0, 0xfde0, 0xfde0, 0xfde0, 0xfde0, 0xfde0, 0xfde0, 0xfde0, 0xfde0, 0xfde0,
0xdd20, 0x6a60, 0x0000, 0x0820, 0x0820, 0x3940, 0xac20, 0xb460, 0x3120, 0x0000,
0x0020, 0x6240, 0xd520, 0xc4c0, 0x51e0, 0x9bc0, 0xeda0, 0xfde0, 0xfde0, 0xfde0,
0xfde0, 0xed80, 0x8320, 0x1080, 0x0000, 0x0000, 0x0000, 0x0000, 0x0000, 0x0000,
0x0000, 0x0000, 0x0000, 0x0000, 0x41a0, 0xcce0, 0xfde0, 0xe560, 0x5a20, 0x0820,
0x0000, 0x0000, 0x0000, 0x0000, 0x0000, 0x0000, 0x0000, 0x1880, 0xac20, 0xf5e0,
0xfde0, 0xfdc0, 0xdd40, 0xed80, 0xfde0, 0xeda0, 0x8300, 0x72c0, 0xcd00, 0x6260,
0x0820, 0x0000, 0x0000, 0x0000, 0x0000, 0x0000, 0x20e0, 0xc4a0, 0xbc60, 0x1080,
0x0000, 0x0000, 0x0000, 0x0000, 0x2900, 0xd500, 0x9380, 0xc4a0, 0xfde0, 0xe560,
0x8320, 0xf5a0, 0xfde0, 0xfde0, 0xfde0, 0xfde0, 0xe560, 0x2920, 0x0000, 0x0000,
0x0000, 0x0000, 0x0000, 0x0000, 0x0000, 0x0000, 0x3960, 0x7b01, 0xa5b8, 0xadf9,
0xae19, 0xadf9, 0xadd9, 0xa5b8, 0xadd9, 0xa5d9, 0x8cf5, 0x8d16, 0x8d16, 0x7c73,
0x5268, 0x7ae0, 0xed80, 0xfde0, 0xfde0, 0xfde0, 0xfde0, 0xfde0, 0xfde0, 0xfde0,
0xfde0, 0xfde0, 0xfde0, 0xfde0, 0xfde0, 0xfde0, 0xfde0, 0xfde0, 0xfde0, 0xfde0,
0xfde0, 0xfde0, 0xfde0, 0xfde0, 0xfde0, 0xfde0, 0xfde0, 0xfde0, 0xfde0, 0xfde0,
0xfde0, 0xfde0, 0xfde0, 0xfde0, 0xfde0, 0xfde0, 0xfde0, 0xfde0, 0xfde0, 0xfde0,
0xfde0, 0xfde0, 0xfde0, 0xfde0, 0xfde0, 0xfde0, 0xfde0, 0xfde0, 0xfde0, 0xfde0,
0xfde0, 0xfde0, 0xfde0, 0xfde0, 0xfde0, 0xfde0, 0xfde0, 0xfde0, 0xfde0, 0xfde0,
0xfde0, 0xfde0, 0xfde0, 0xfde0, 0xfde0, 0xfde0, 0xfde0, 0xfde0, 0xfde0, 0xfde0,
0xfde0, 0xfde0, 0xfde0, 0xfde0, 0xfde0, 0xfde0, 0xfde0, 0xfde0, 0xfde0, 0xfde0,
0xfde0, 0xfde0, 0xfde0, 0xfde0, 0xfde0, 0xfde0, 0xfde0, 0xfde0, 0xfde0, 0xfde0,
0xfde0, 0xfde0, 0xfde0, 0xfde0, 0xfde0, 0xfde0, 0xfde0, 0xfde0, 0xfde0, 0xfde0,
0xfde0, 0xfde0, 0xfde0, 0xfde0, 0xfde0, 0xfde0, 0xfde0, 0xfde0, 0xfde0, 0xfde0,
0xfde0, 0xfde0, 0xfde0, 0xfde0, 0xfde0, 0xf5c0, 0xa400, 0x20e0, 0x7b00, 0xfe01,

0xfde0, 0xfde0, 0xfde0, 0xfde0, 0xfde0, 0xfde0, 0xfde0, 0xfde0, 0xfde0, 0xfde0,
0xc4a0, 0x5200, 0x8320, 0xa3c0, 0x6240, 0x7ae0, 0xc4a0, 0x9360, 0x18a0, 0x0000,
0x18a0, 0x8b40, 0xd500, 0x9ba0, 0x6a60, 0xbc80, 0xf5e0, 0xfde0, 0xfde0, 0xfde0,
0xfde0, 0xf5c0, 0xbc80, 0x2900, 0x0000, 0x0000, 0x0000, 0x0000, 0x0000, 0x0000,
0x0000, 0x0000, 0x0000, 0x0000, 0x18a0, 0xa3e0, 0xf5c0, 0xfde0, 0x7ac0, 0x1060,
0x0000, 0x0000, 0x0000, 0x0000, 0x0000, 0x0000, 0x0000, 0x0020, 0x5a20, 0xe540,
0xfde0, 0xdd40, 0x6a80, 0xa3e0, 0xc4e0, 0x8300, 0x72a0, 0xcd00, 0x9380, 0x0020,
0x0000, 0x0000, 0x0000, 0x0000, 0x0000, 0x0000, 0x6aa0, 0xeda0, 0xb460, 0x1880,
0x0000, 0x0000, 0x0000, 0x0000, 0x28e0, 0xd4e0, 0x9380, 0xbc80, 0xfde0, 0xbc80,
0x9ba0, 0xfde0, 0xfde0, 0xfde0, 0xfde0, 0xfde0, 0xccc0, 0x1880, 0x0000, 0x0000,
0x0000, 0x0000, 0x0000, 0x0000, 0x0000, 0x0000, 0x18a0, 0x5245, 0xadf9, 0xadf9,
0xadf9, 0xadf9, 0xadf9, 0xa5d9, 0xa5d9, 0xa5b8, 0x84d4, 0x9537, 0x8d36, 0x9536,
0xa5d8, 0x7c52, 0x5a43, 0xe560, 0xfde0, 0xfde0, 0xfde0, 0xfde0, 0xf5a0, 0xd4e0,
0xbc60, 0xabe0, 0xabe0, 0xb420, 0xc480, 0xe560, 0xfde0, 0xfde0, 0xfde0, 0xfde0,
0xfde0, 0xfde0, 0xfde0, 0xfde0, 0xfde0, 0xfde0, 0xfde0, 0xfde0, 0xfde0, 0xfde0,
0xfde0, 0xfde0, 0xfde0, 0xfde0, 0xfde0, 0xfde0, 0xfde0, 0xfde0, 0xfde0, 0xfde0,
0xfde0, 0xfde0, 0xfde0, 0xfde0, 0xfde0, 0xfde0, 0xfde0, 0xfde0, 0xfde0, 0xfde0,
0xfde0, 0xfde0, 0xfde0, 0xfde0, 0xfde0, 0xfde0, 0xfde0, 0xfde0, 0xfde0, 0xfde0,
0xfde0, 0xfde0, 0xfde0, 0xfde0, 0xfde0, 0xfde0, 0xfde0, 0xfde0, 0xfde0, 0xfde0,
0xfde0, 0xfde0, 0xfde0, 0xfde0, 0xfde0, 0xfde0, 0xfde0, 0xfde0, 0xfde0, 0xfde0,
0xfde0, 0xfde0, 0xfde0, 0xfde0, 0xfde0, 0xfde0, 0xfde0, 0xfde0, 0xfde0, 0xfde0,
0xfde0, 0xfde0, 0xfde0, 0xfde0, 0xfde0, 0xfde0, 0xfde0, 0xfde0, 0xfde0, 0xfde0,
0xfde0, 0xfde0, 0xfde0, 0xfde0, 0xfde0, 0xfde0, 0xfde0, 0xfde0, 0xfde0, 0xfde0,
0xfde0, 0xfde0, 0xfde0, 0xfde0, 0xfde0, 0xf5a0, 0x8300, 0x20e0, 0xac01, 0xf601,

0xfde0, 0xfde0, 0xfde0, 0xfde0, 0xfde0, 0xfde0, 0xfde0, 0xfde0, 0xfde0, 0xf5c0,
0xac00, 0x49c0, 0xd520, 0xc4c0, 0x8b40, 0xc4a0, 0xcce0, 0x5a40, 0x0840, 0x0000,
0x2900, 0xac40, 0xd520, 0x72c0, 0x8300, 0xd520, 0xf5e0, 0xfde0, 0xfde0, 0xfde0,
0xfde0, 0xfde0, 0xd500, 0x51e0, 0x0020, 0x0000, 0x0000, 0x0000, 0x0000, 0x0000,
0x0000, 0x0000, 0x0000, 0x0000, 0x0840, 0x72c0, 0xe540, 0xfde0, 0xa3e0, 0x20c0,
0x0000, 0x0000, 0x0000, 0x0000, 0x0000, 0x0000, 0x0000, 0x0000, 0x18a0, 0x8b40,
0xed80, 0xd4e0, 0x51e0, 0x6240, 0x6260, 0x9360, 0xcce0, 0x8b40, 0x18a0, 0x0000,
0x0000, 0x0000, 0x0000, 0x0000, 0x0000, 0x2900, 0xbc60, 0xfde0, 0xb440, 0x1060,
0x0000, 0x0000, 0x0000, 0x0000, 0x20c0, 0xccc0, 0xa3c0, 0xb420, 0xfdc0, 0x7b00,
0xc4a0, 0xfde0, 0xfde0, 0xfde0, 0xfde0, 0xfde0, 0xa3e0, 0x0840, 0x0000, 0x0000,
0x0000, 0x0820, 0x18a0, 0x0000, 0x0000, 0x0000, 0x0000, 0x52cb, 0xadf9, 0xadf9,
0xadf9, 0xadf9, 0xadf9, 0xa5d9, 0xa5d9, 0xa598, 0x8494, 0x8d16, 0x8d36, 0x9516,
0xb61a, 0xadd9, 0x7c31, 0x7ae1, 0xed80, 0xfde0, 0xed80, 0xac00, 0x6ac3, 0x5aa8,
0x634c, 0x73ae, 0x7bef, 0x634c, 0x5ac9, 0x62a4, 0x8b41, 0xc4a0, 0xdd20, 0xed60,
0xf5c0, 0xfdc0, 0xfde0, 0xfde0, 0xfde0, 0xfde0, 0xfde0, 0xfde0, 0xfde0, 0xfde0,
0xfde0, 0xfde0, 0xfde0, 0xfde0, 0xfde0, 0xfde0, 0xfde0, 0xfde0, 0xfde0, 0xfde0,
0xfde0, 0xfde0, 0xfde0, 0xfde0, 0xfde0, 0xfde0, 0xfde0, 0xfde0, 0xfde0, 0xfde0,
0xfde0, 0xfde0, 0xfde0, 0xfde0, 0xfde0, 0xfde0, 0xfde0, 0xfde0, 0xfde0, 0xfde0,
0xfde0, 0xfde0, 0xfde0, 0xfde0, 0xfde0, 0xfde0, 0xfde0, 0xfde0, 0xfde0, 0xfde0,
0xfde0, 0xfde0, 0xfde0, 0xfde0, 0xfde0, 0xfde0, 0xfde0, 0xfde0, 0xfde0, 0xfde0,
0xfde0, 0xfde0, 0xfde0, 0xfde0, 0xfde0, 0xfde0, 0xfde0, 0xfde0, 0xfde0, 0xfde0,
0xfde0, 0xfde0, 0xfde0, 0xfde0, 0xfde0, 0xfde0, 0xfde0, 0xfde0, 0xfde0, 0xfde0,
0xfde0, 0xfde0, 0xfde0, 0xfde0, 0xfde0, 0xfde0, 0xfde0, 0xfde0, 0xfde0, 0xfde0,
0xfde0, 0xfde0, 0xfde0, 0xfde0, 0xfde0, 0xe580, 0x5a20, 0x2900, 0xd501, 0xfe01,

0xfde0, 0xfde0, 0xfde0, 0xfde0, 0xfde0, 0xfde0, 0xfde0, 0xfde0, 0xfde0, 0xed80,
0x8300, 0x2920, 0x9bc0, 0xcd00, 0xcd00, 0xcd00, 0x7b00, 0x18a0, 0x0000, 0x0840,
0x41a0, 0xcd00, 0xc4c0, 0x5a20, 0x9ba0, 0xeda0, 0xfde0, 0xfde0, 0xfde0, 0xfde0,
0xfde0, 0xfde0, 0xf5c0, 0x72c0, 0x1060, 0x0000, 0x0000, 0x0000, 0x0000, 0x0000,
0x0000, 0x0000, 0x0000, 0x0000, 0x0000, 0x49c0, 0xc4c0, 0xfde0, 0xc4a0, 0x4180,
0x0000, 0x0000, 0x0000, 0x0000, 0x0000, 0x0000, 0x0000, 0x0000, 0x0000, 0x18a0,
0x7ae0, 0xc4a0, 0xbc80, 0xbca0, 0xd500, 0xbc80, 0x5a40, 0x1060, 0x0000, 0x0000,
0x0000, 0x0000, 0x0000, 0x0000, 0x0020, 0x7ae0, 0xed80, 0xfde0, 0xbc60, 0x1880,
0x0000, 0x0000, 0x0000, 0x0000, 0x1060, 0xb460, 0xb460, 0x9b80, 0xed80, 0x6240,
0xe560, 0xfde0, 0xfde0, 0xfde0, 0xfde0, 0xfde0, 0x7ac0, 0x0000, 0x0000, 0x0000,
0x0000, 0x4180, 0x6a80, 0x0000, 0x0000, 0x0000, 0x0020, 0x6b8f, 0xadf9, 0xadf9,
0xadd9, 0xadd9, 0xa5d9, 0xadd9, 0xa5d9, 0x9d57, 0x8493, 0x8d16, 0x8d36, 0x9516,
0xb63a, 0xadd9, 0xa5d9, 0x5aea, 0xb460, 0xdd00, 0x6282, 0x5aec, 0x8cf5, 0xa5d9,
0xa5d9, 0xa5d9, 0xa5d9, 0xadd9, 0xadd9, 0x9536, 0x73d0, 0x4a26, 0x28e0, 0x5221,
0x6aa0, 0x8b40, 0xac00, 0xccc0, 0xe580, 0xfde0, 0xfde0, 0xfde0, 0xfde0, 0xfde0,
0xfde0, 0xfde0, 0xfde0, 0xfde0, 0xfde0, 0xfde0, 0xfde0, 0xfde0, 0xfde0, 0xfde0,
0xfde0, 0xfde0, 0xfde0, 0xfde0, 0xfde0, 0xfde0, 0xfde0, 0xfde0, 0xfde0, 0xfde0,
0xfde0, 0xfde0, 0xfde0, 0xfde0, 0xfde0, 0xfde0, 0xfde0, 0xfde0, 0xfde0, 0xfde0,
0xfde0, 0xfde0, 0xfde0, 0xfde0, 0xfde0, 0xfde0, 0xfde0, 0xfde0, 0xfde0, 0xfde0,
0xfde0, 0xfde0, 0xfde0, 0xfde0, 0xfde0, 0xfde0, 0xfde0, 0xfde0, 0xfde0, 0xfde0,
0xfde0, 0xfde0, 0xfde0, 0xfde0, 0xfde0, 0xfde0, 0xfde0, 0xfde0, 0xfde0, 0xfde0,
0xfde0, 0xfde0, 0xfde0, 0xfde0, 0xfde0, 0xfde0, 0xfde0, 0xfde0, 0xfde0, 0xfde0,
0xfde0, 0xfde0, 0xfde0, 0xfde0, 0xfde0, 0xfde0, 0xfde0, 0xfde0, 0xfde0, 0xfde0,
0xfde0, 0xfde0, 0xfde0, 0xfde0, 0xfde0, 0xcce0, 0x4180, 0x49a0, 0xe581, 0xf601,

0xfde0, 0xfde0, 0xfde0, 0xfde0, 0xfde0, 0xfde0, 0xfde0, 0xfde0, 0xfde0, 0xd500,
0x49c0, 0x0000, 0x1080, 0x2920, 0x3960, 0x20c0, 0x0840, 0x0000, 0x0000, 0x18a0,
0x7ae0, 0xd520, 0x9ba0, 0x6a60, 0xbc80, 0xf5c0, 0xfde0, 0xfde0, 0xfde0, 0xfde0,
0xfde0, 0xfde0, 0xf5e0, 0xa3c0, 0x28e0, 0x0000, 0x0000, 0x0000, 0x0000, 0x0000,
0x0000, 0x0000, 0x0000, 0x0000, 0x0000, 0x20c0, 0xa3c0, 0xf5c0, 0xed80, 0x7ae0,
0x0820, 0x0000, 0x0000, 0x0000, 0x0000, 0x0000, 0x0000, 0x0000, 0x0000, 0x0000,
0x0000, 0x1880, 0x3960, 0x41a0, 0x28e0, 0x0840, 0x0000, 0x0000, 0x0000, 0x0000,
0x0000, 0x0000, 0x0000, 0x0000, 0x4180, 0xdd40, 0xfde0, 0xfde0, 0xc4c0, 0x1880,
0x0000, 0x0000, 0x0000, 0x0000, 0x0000, 0x8320, 0xdd40, 0x72a0, 0xc4e0, 0x7ae0,
0xf5c0, 0xfde0, 0xfde0, 0xf5c0, 0x9380, 0xa400, 0x41a0, 0x0000, 0x0000, 0x0000,
0x20e0, 0x5a20, 0x8b60, 0x0000, 0x0000, 0x0000, 0x0000, 0x530c, 0xa5b9, 0xa5d9,
0xa5d9, 0xadf9, 0xadd8, 0x7411, 0x5287, 0x5a83, 0x4a24, 0x52cb, 0x7c94, 0x9536,
0xb63a, 0xadd9, 0xadd9, 0x9515, 0x41e3, 0x4a25, 0x94f5, 0xa5d9, 0xa5d9, 0xa5d9,
0xa5d9, 0xa5d9, 0xa5b9, 0xa5d9, 0xa5d9, 0xa5b9, 0xadf9, 0xadd8, 0x73d0, 0x73d0,
0x9d35, 0x8451, 0x636d, 0x52aa, 0x4a46, 0x5244, 0x72c0, 0xf5a0, 0xfde0, 0xfde0,
0xfde0, 0xfde0, 0xfde0, 0xfde0, 0xfde0, 0xfde0, 0xfde0, 0xfde0, 0xfde0, 0xfde0,
0xfde0, 0xfde0, 0xfde0, 0xfde0, 0xfde0, 0xfde0, 0xfde0, 0xfde0, 0xfde0, 0xfde0,
0xfde0, 0xfde0, 0xfde0, 0xfde0, 0xfde0, 0xfde0, 0xfde0, 0xfde0, 0xfde0, 0xfde0,
0xfde0, 0xfde0, 0xfde0, 0xfde0, 0xfde0, 0xfde0, 0xfde0, 0xfde0, 0xfde0, 0xfde0,
0xfde0, 0xfde0, 0xfde0, 0xfde0, 0xfde0, 0xfde0, 0xfde0, 0xfde0, 0xfde0, 0xfde0,
0xfde0, 0xfde0, 0xfde0, 0xfde0, 0xfde0, 0xfde0, 0xfde0, 0xfde0, 0xfde0, 0xfde0,
0xfde0, 0xfde0, 0xfde0, 0xfde0, 0xfde0, 0xfde0, 0xfde0, 0xfde0, 0xfde0, 0xfde0,
0xfde0, 0xfde0, 0xfde0, 0xfde0, 0xfde0, 0xfde0, 0xfde0, 0xfde0, 0xfde0, 0xfde0,
0xfde0, 0xfde0, 0xfde0, 0xfde0, 0xfde0, 0xac20, 0x28e0, 0x7ae0, 0xeda1, 0xf601,

0xfde0, 0xfde0, 0xfde0, 0xfde0, 0xfde0, 0xfde0, 0xfde0, 0xfde0, 0xfde0, 0xc4a0,
0x3120, 0x0020, 0x0000, 0x0000, 0x0000, 0x0000, 0x0000, 0x0000, 0x0000, 0x2900,
0xa3e0, 0xd520, 0x7ac0, 0x7ac0, 0xdd20, 0xfdc0, 0xfde0, 0xfde0, 0xfde0, 0xfde0,
0xfde0, 0xfde0, 0xfde0, 0xbc80, 0x4180, 0x0020, 0x0000, 0x0000, 0x0000, 0x0000,
0x0000, 0x0000, 0x0000, 0x0000, 0x0000, 0x1060, 0x7ae0, 0xe580, 0xf5c0, 0xb440,
0x3140, 0x0000, 0x0000, 0x0000, 0x0000, 0x0000, 0x0000, 0x0000, 0x0000, 0x0000,
0x0000, 0x0000, 0x0000, 0x0000, 0x0000, 0x0000, 0x0000, 0x0000, 0x0000, 0x0000,
0x0000, 0x0000, 0x0000, 0x2900, 0xb420, 0xfde0, 0xfde0, 0xfde0, 0xd4e0, 0x28e0,
0x0000, 0x0000, 0x0000, 0x0000, 0x0000, 0x3960, 0xd500, 0x8b60, 0x72c0, 0x9360,
0xfde0, 0xfde0, 0xf5a0, 0x7b00, 0x28e0, 0xa3e0, 0x1880, 0x0000, 0x0000, 0x0000,
0x5200, 0x72c0, 0x9bc0, 0x1060, 0x0000, 0x0000, 0x0000, 0x31c7, 0xa5b8, 0xa5b8,
0xa5b8, 0xa5b8, 0x73ae, 0x7303, 0xd500, 0xe540, 0x9bc0, 0x6260, 0x4227, 0x9536,
0xb63a, 0xa5d9, 0xa5d9, 0xa5d9, 0x634e, 0x8cd4, 0xa5d9, 0xa5d9, 0xa5d9, 0xa5d9,
0xa5d9, 0xa5d9, 0xa5d9, 0xa5d9, 0xa5d9, 0xa5d9, 0xadf9, 0xb619, 0xbe3a, 0xa576,
0xbe3a, 0xbe5a, 0xbe3a, 0xb619, 0xadd8, 0xa597, 0x52a9, 0xb440, 0xfde0, 0xfde0,
0xfdc0, 0xccc0, 0x7b00, 0x8341, 0xa3e0, 0xbc60, 0xd4e0, 0xe540, 0xed80, 0xf5a0,
0xfdc0, 0xfde0, 0xfde0, 0xfde0, 0xfde0, 0xfde0, 0xfde0, 0xfde0, 0xfde0, 0xfde0,
0xfde0, 0xfde0, 0xfde0, 0xfde0, 0xfde0, 0xfde0, 0xfde0, 0xfde0, 0xfde0, 0xfde0,
0xfde0, 0xfde0, 0xfde0, 0xfde0, 0xfde0, 0xfde0, 0xfde0, 0xfde0, 0xfde0, 0xfde0,
0xfde0, 0xfde0, 0xfde0, 0xfde0, 0xfde0, 0xfde0, 0xfde0, 0xfde0, 0xfde0, 0xfde0,
0xfde0, 0xfde0, 0xfde0, 0xfde0, 0xfde0, 0xfde0, 0xfde0, 0xfde0, 0xfde0, 0xfde0,
0xfde0, 0xfde0, 0xfde0, 0xfde0, 0xfde0, 0xfde0, 0xfde0, 0xfde0, 0xfde0, 0xfde0,
0xfde0, 0xfde0, 0xfde0, 0xfde0, 0xfde0, 0xfde0, 0xfde0, 0xfde0, 0xfde0, 0xfde0,
0xfde0, 0xfde0, 0xfde0, 0xfde0, 0xf5e0, 0x8b60, 0x1060, 0xa3e1, 0xf5e1, 0xf601,

0xfde0, 0xfde0, 0xfde0, 0xfde0, 0xfde0, 0xfde0, 0xfde0, 0xfde0, 0xfde0, 0xdd20,
0xa3e0, 0x8320, 0x6a80, 0x51e0, 0x3940, 0x20e0, 0x18a0, 0x1080, 0x0840, 0x28e0,
0x6aa0, 0x8320, 0x41a0, 0x6aa0, 0xccc0, 0xe560, 0xf5c0, 0xfde0, 0xfde0, 0xfde0,
0xfde0, 0xfde0, 0xfe00, 0xdd20, 0x5a20, 0x0840, 0x0000, 0x0000, 0x0000, 0x0000,
0x0000, 0x0000, 0x0000, 0x0000, 0x0000, 0x0000, 0x5a00, 0xd500, 0xfde0, 0xe560,
0x7b00, 0x1060, 0x0000, 0x0000, 0x0000, 0x0000, 0x0000, 0x0000, 0x0000, 0x0000,
0x0000, 0x0000, 0x0000, 0x0000, 0x0000, 0x0000, 0x0000, 0x0000, 0x0000, 0x0000,
0x0000, 0x0000, 0x18a0, 0x9ba0, 0xfdc0, 0xfde0, 0xfde0, 0xfde0, 0xe540, 0x3960,
0x0000, 0x0000, 0x0000, 0x0000, 0x0000, 0x0020, 0x6240, 0xdd40, 0x7ae0, 0xac00,
0xfde0, 0xdd20, 0x6a80, 0x0820, 0x2900, 0xac00, 0x0820, 0x0000, 0x0000, 0x0000,
0x8320, 0x8b40, 0xac00, 0x20c0, 0x0000, 0x0000, 0x0000, 0x18c3, 0xa5b8, 0xa5b8,
0x9d98, 0x8493, 0x6ac3, 0xed80, 0xfde0, 0xfde0, 0xe540, 0x9380, 0x6aa1, 0x73cf,
0xadf9, 0xa5d9, 0xa5d9, 0xadd9, 0xa5b8, 0xa5d9, 0xadd9, 0xa5d9, 0xa5d9, 0xa5d9,
0xa5d9, 0xa5b8, 0xa5d9, 0xadd9, 0xa5b8, 0xa5d9, 0xadd9, 0xbe5a, 0xbe5a, 0xbe5a,
0xbe5a, 0xbe5a, 0xbe5a, 0xbe3a, 0xbe5a, 0xc67b, 0x8472, 0x6260, 0xeda0, 0xfde0,
0xbc80, 0x5202, 0x6b8e, 0x7bf0, 0x632c, 0x5288, 0x4205, 0x41a1, 0x51e0, 0x6aa0,
0x8b60, 0xb420, 0xcce0, 0xed80, 0xfde0, 0xfde0, 0xfde0, 0xfde0, 0xfde0, 0xfde0,
0xfde0, 0xfde0, 0xfde0, 0xfde0, 0xfde0, 0xfde0, 0xfde0, 0xfde0, 0xfde0, 0xfde0,
0xfde0, 0xfde0, 0xfde0, 0xfde0, 0xfde0, 0xfde0, 0xfde0, 0xfde0, 0xfde0, 0xfde0,
0xfde0, 0xfde0, 0xfde0, 0xfde0, 0xfde0, 0xfde0, 0xfde0, 0xfde0, 0xfde0, 0xfde0,
0xfde0, 0xfde0, 0xfde0, 0xfde0, 0xfde0, 0xfde0, 0xfde0, 0xfde0, 0xfde0, 0xfde0,
0xfde0, 0xfde0, 0xfde0, 0xfde0, 0xfde0, 0xfde0, 0xfde0, 0xfde0, 0xfde0, 0xfde0,
0xfde0, 0xfde0, 0xfde0, 0xfde0, 0xfde0, 0xfde0, 0xfde0, 0xfde0, 0xfde0, 0xfde0,
0xfde0, 0xfde0, 0xfde0, 0xfde0, 0xed80, 0x6aa0, 0x20c0, 0xb461, 0xf601, 0xf601,

0xfde0, 0xfde0, 0xfde0, 0xfde0, 0xfde0, 0xfde0, 0xfde0, 0xfde0, 0xfde0, 0xfde0,
0xfde0, 0xfde0, 0xf5e0, 0xf5a0, 0xeda0, 0xe560, 0xd500, 0xbc60, 0xac00, 0x9bc0,
0x9360, 0x5200, 0x3960, 0x5200, 0x6260, 0x9380, 0xdd20, 0xfde0, 0xfde0, 0xfde0,
0xfde0, 0xfde0, 0xfde0, 0xe580, 0x8b60, 0x18a0, 0x0000, 0x0000, 0x0000, 0x0000,
0x0000, 0x0000, 0x0000, 0x0000, 0x0000, 0x0000, 0x2920, 0xbc60, 0xfdc0, 0xfde0,
0xdd00, 0x51e0, 0x0020, 0x0000, 0x0000, 0x0000, 0x0000, 0x0000, 0x0000, 0x0000,
0x0000, 0x0000, 0x0000, 0x0000, 0x0000, 0x0000, 0x0000, 0x0000, 0x0000, 0x0000,
0x0000, 0x20c0, 0xac20, 0xf5c0, 0xfde0, 0xfde0, 0xfde0, 0xfde0, 0xeda0, 0x5a40,
0x0000, 0x0000, 0x0000, 0x0000, 0x0000, 0x0000, 0x0000, 0x3960, 0x49a0, 0x7b00,
0x6a60, 0x1880, 0x0000, 0x0000, 0x51e0, 0x9ba0, 0x0000, 0x0000, 0x0000, 0x0820,
0xb420, 0xac00, 0x9bc0, 0x3960, 0x0000, 0x0000, 0x0000, 0x0841, 0xa597, 0xadf9,
0xb63a, 0x6b6d, 0xb420, 0xfde0, 0xfde0, 0xfde0, 0xfe00, 0xccc0, 0x7ae0, 0x5287,
0xadd9, 0xa5d9, 0xa5d9, 0xa5d9, 0xa5d9, 0xa5d9, 0xa5d9, 0xa5d9, 0xa5d9, 0x9515,
0x6b8e, 0x5288, 0x5287, 0x632c, 0x8cd5, 0xa5b8, 0xa5b8, 0xc67b, 0xbe5a, 0xbe5a,
0xbe5a, 0xbe5a, 0xbe3a, 0xb63a, 0xc67b, 0xbe5a, 0xadd8, 0x4a47, 0xac20, 0xac00,
0x39c5, 0x7c52, 0xbe3a, 0xbe5a, 0xbe5a, 0xbe5a, 0xb5f9, 0xadb7, 0x9d15, 0x8452,
0x5aec, 0x18e3, 0x3960, 0xb420, 0xf5c0, 0xfde0, 0xfde0, 0xfde0, 0xfde0, 0xfde0,
0xfde0, 0xfde0, 0xfde0, 0xfde0, 0xfde0, 0xfde0, 0xfde0, 0xfde0, 0xfde0, 0xfde0,
0xfde0, 0xfde0, 0xfde0, 0xfde0, 0xfde0, 0xfde0, 0xfde0, 0xfde0, 0xfde0, 0xfde0,
0xfde0, 0xfde0, 0xfde0, 0xfde0, 0xfde0, 0xfde0, 0xfde0, 0xfde0, 0xfde0, 0xfde0,
0xfde0, 0xfde0, 0xfde0, 0xfde0, 0xfde0, 0xfde0, 0xfde0, 0xfde0, 0xfde0, 0xfde0,
0xfde0, 0xfde0, 0xfde0, 0xfde0, 0xfde0, 0xfde0, 0xfde0, 0xfde0, 0xfde0, 0xfde0,
0xfde0, 0xfde0, 0xfde0, 0xfde0, 0xfde0, 0xfde0, 0xfde0, 0xfde0, 0xfde0, 0xfde0,
0xfde0, 0xfde0, 0xfde0, 0xfe00, 0xd500, 0x49a0, 0x3960, 0xcce1, 0xfde1, 0xf621,

0xa3e0, 0xbc80, 0xd4e0, 0xdd40, 0xe560, 0xf5a0, 0xf5c0, 0xfdc0, 0xfde0, 0xfdc0,
0xfde0, 0xfde0, 0xfde0, 0xfde0, 0xfde0, 0xfde0, 0xfde0, 0xfde0, 0xfde0, 0xfde0,
0xed80, 0x7ae0, 0x7ae0, 0xccc0, 0xdd60, 0xed60, 0xf5a0, 0xfde0, 0xfde0, 0xfde0,
0xfde0, 0xfde0, 0xfde0, 0xf5c0, 0xb460, 0x51e0, 0x20e0, 0x20c0, 0x1060, 0x1060,
0x0840, 0x0820, 0x0020, 0x0000, 0x0000, 0x0000, 0x1880, 0x72c0, 0xcce0, 0xdd40,
0xe560, 0xb440, 0x49c0, 0x0820, 0x0000, 0x0000, 0x0000, 0x0000, 0x0000, 0x0000,
0x0000, 0x0000, 0x0000, 0x0000, 0x0000, 0x0000, 0x0000, 0x0000, 0x0000, 0x0020,
0x3960, 0xa3e0, 0xfdc0, 0xfde0, 0xfde0, 0xfde0, 0xfde0, 0xfde0, 0xfdc0, 0x8b40,
0x0820, 0x0000, 0x0000, 0x0000, 0x0000, 0x0000, 0x0000, 0x0000, 0x0000, 0x0020,
0x0000, 0x0000, 0x0000, 0x0000, 0x72c0, 0x6aa0, 0x0000, 0x0000, 0x0000, 0x20c0,
0xcce0, 0xd4e0, 0x93a0, 0x51e0, 0x0000, 0x0000, 0x0000, 0x0000, 0x94f5, 0xb619,
0xbe3a, 0x634d, 0xbc40, 0xfde0, 0xfde0, 0xfde0, 0xfde0, 0xd500, 0x8b60, 0x5245,
0xa5b8, 0xa5b8, 0xa5b8, 0xa5b8, 0xa5d9, 0xa5d9, 0xa5d9, 0xa5b8, 0x8cd5, 0x4a04,
0xa3e0, 0xd500, 0xb420, 0x7ae0, 0x4a23, 0x7c51, 0xadd8, 0xc67b, 0xbe5a, 0xbe5a,
0xbe5a, 0xbe5a, 0xbe3a, 0xbe3a, 0xc67b, 0xbe3a, 0xb61a, 0x8431, 0x3982, 0x4a26,
0x94f5, 0xb5f9, 0xbe5a, 0xbe3a, 0xbe3a, 0xbe3a, 0xbe3a, 0xb63a, 0xbe5a, 0x9d56,
0x5aeb, 0x49c1, 0xbc60, 0xf5c0, 0xfde0, 0xfde0, 0xfde0, 0xfde0, 0xfde0, 0xfde0,
0xfde0, 0xfde0, 0xfde0, 0xfde0, 0xfde0, 0xfde0, 0xfde0, 0xfde0, 0xfde0, 0xfde0,
0xfde0, 0xfde0, 0xfde0, 0xfde0, 0xfde0, 0xfde0, 0xfde0, 0xfde0, 0xfde0, 0xfde0,
0xfde0, 0xfde0, 0xfde0, 0xfde0, 0xfde0, 0xfde0, 0xfde0, 0xfde0, 0xfde0, 0xfde0,
0xfde0, 0xfde0, 0xfde0, 0xfde0, 0xfde0, 0xfde0, 0xfde0, 0xfde0, 0xfde0, 0xfde0,
0xfde0, 0xfde0, 0xfde0, 0xfde0, 0xfde0, 0xfde0, 0xfde0, 0xfde0, 0xfde0, 0xfde0,
0xfde0, 0xfde0, 0xfde0, 0xfde0, 0xfde0, 0xfde0, 0xfde0, 0xfde0, 0xfde0, 0xfde0,
0xfde0, 0xfde0, 0xfde0, 0xfde0, 0xc480, 0x28e0, 0x5200, 0xeda1, 0xf601, 0xf5e1,

0x1060, 0x18a0, 0x2900, 0x41a0, 0x5a40, 0x72c0, 0x9360, 0xa3e0, 0xb440, 0xcce0,
0xdd40, 0xe560, 0xed80, 0xf5a0, 0xf5c0, 0xfde0, 0xfde0, 0xfde0, 0xfde0, 0xfde0,
0xf5c0, 0xc4a0, 0xd500, 0xf5c0, 0xfde0, 0xfde0, 0xfde0, 0xfde0, 0xfde0, 0xfde0,
0xfde0, 0xfde0, 0xfde0, 0xfde0, 0xf5a0, 0xdd20, 0xc4a0, 0xbc60, 0xb440, 0xa3c0,
0x9380, 0x8320, 0x7ac0, 0x6a80, 0x5a20, 0x3960, 0x18a0, 0x18a0, 0x5a20, 0x6260,
0x7ac0, 0xd500, 0xc4a0, 0x6260, 0x1060, 0x0000, 0x0000, 0x0000, 0x0000, 0x0000,
0x0000, 0x0000, 0x0000, 0x0000, 0x0000, 0x0000, 0x0000, 0x0000, 0x0840, 0x72a0,
0xcce0, 0xfdc0, 0xfde0, 0xfde0, 0xfde0, 0xfde0, 0xfde0, 0xfde0, 0xfde0, 0xc4a0,
0x20e0, 0x0000, 0x0000, 0x0000, 0x0000, 0x0000, 0x0000, 0x0000, 0x0000, 0x0000,
0x0000, 0x0000, 0x0000, 0x0820, 0x9380, 0x4180, 0x0000, 0x0000, 0x0000, 0x4180,
0xe560, 0xeda0, 0x8320, 0x6aa0, 0x0000, 0x0000, 0x0000, 0x0000, 0x73f0, 0xb5f9,
0xbe5a, 0x6bd0, 0x9ba1, 0xfde0, 0xfde0, 0xfde0, 0xfde0, 0xac00, 0x8b40, 0x5ac8,
0x9d98, 0x9d78, 0x9d78, 0x9d98, 0x9d98, 0x9d98, 0xa5b8, 0x9d77, 0x4a68, 0xc4a0,
0xfde0, 0xfde0, 0xe560, 0xa400, 0x8300, 0x49e3, 0x8cb3, 0xce9b, 0xbe5a, 0xbe5a,
0xbe5a, 0xbe5a, 0xbe5a, 0xbe3a, 0xc69b, 0xb619, 0xbe3a, 0xadb7, 0x5b0d, 0xa556,
0xbe3a, 0xb619, 0xbe5a, 0xbe3a, 0xbe3a, 0xbe3a, 0xbe3a, 0xb61a, 0x9d56, 0x4207,
0x6aa0, 0xd4e0, 0xf5c0, 0xfde0, 0xfde0, 0xfde0, 0xfde0, 0xfde0, 0xfde0, 0xfde0,
0xfde0, 0xfde0, 0xfde0, 0xfde0, 0xfde0, 0xfde0, 0xfde0, 0xfde0, 0xfde0, 0xfde0,
0xfde0, 0xfde0, 0xfde0, 0xfde0, 0xfde0, 0xfde0, 0xfde0, 0xfde0, 0xfde0, 0xfde0,
0xfde0, 0xfde0, 0xfde0, 0xfde0, 0xfde0, 0xfde0, 0xfde0, 0xfde0, 0xfde0, 0xfde0,
0xfde0, 0xfde0, 0xfde0, 0xfde0, 0xfde0, 0xfde0, 0xfde0, 0xfde0, 0xfde0, 0xfde0,
0xfde0, 0xfde0, 0xfde0, 0xfde0, 0xfde0, 0xfde0, 0xfde0, 0xfde0, 0xfde0, 0xfde0,
0xfde0, 0xfde0, 0xfde0, 0xfde0, 0xfde0, 0xfde0, 0xfde0, 0xfde0, 0xfde0, 0xfde0,
0xfde0, 0xfde0, 0xfde0, 0xf5c0, 0xa3c0, 0x20c0, 0x6aa0, 0xfe02, 0xfde1, 0xf601,

0x0000, 0x0000, 0x0000, 0x0000, 0x0000, 0x0000, 0x0000, 0x0840, 0x1080, 0x20c0,
0x2900, 0x4180, 0x5200, 0x6260, 0x7ac0, 0x8b40, 0x9ba0, 0xac00, 0xbca0, 0xcce0,
0xdd00, 0xe540, 0xed80, 0xf5c0, 0xfde0, 0xfde0, 0xfde0, 0xfde0, 0xfde0, 0xfde0,
0xfde0, 0xfde0, 0xfde0, 0xfde0, 0xfde0, 0xfde0, 0xfde0, 0xfde0, 0xfde0, 0xfde0,
0xfde0, 0xfde0, 0xfde0, 0xfde0, 0xf5c0, 0xe580, 0x8b40, 0x5a00, 0xcce0, 0xe580,
0xe560, 0xf5c0, 0xfde0, 0xed80, 0xa3e0, 0x49a0, 0x18a0, 0x0840, 0x0020, 0x0000,
0x0000, 0x0000, 0x0000, 0x0000, 0x0000, 0x0840, 0x20c0, 0x6260, 0xc480, 0xf5c0,
0xfde0, 0xfde0, 0xfde0, 0xfde0, 0xfde0, 0xfde0, 0xfde0, 0xfde0, 0xfde0, 0xf5c0,
0x8320, 0x0000, 0x0000, 0x0000, 0x0000, 0x0000, 0x0000, 0x0000, 0x0000, 0x0000,
0x0000, 0x0000, 0x0000, 0x20c0, 0x9ba0, 0x1080, 0x0000, 0x0000, 0x0000, 0x72c0,
0xf5c0, 0xf5c0, 0x7b00, 0x8b40, 0x0000, 0x0000, 0x0000, 0x0000, 0x52cb, 0xb5f9,
0xbe5a, 0x9d77, 0x5266, 0xbc80, 0xf5c0, 0xbc80, 0x9ba0, 0x8b40, 0x5a43, 0x7c73,
0x9d98, 0x9d98, 0x9d98, 0x9d98, 0x9d98, 0x9d98, 0x9d98, 0x7c73, 0x72e1, 0xfde0,
0xfde0, 0xfde0, 0xfde0, 0xf5a0, 0xac00, 0x72c0, 0x632b, 0xbe5a, 0xbe3a, 0xbe5a,
0xbe5a, 0xb63a, 0xbe5a, 0xbe3a, 0xbe5a, 0xbe3a, 0xbe5a, 0xbe3a, 0xb619, 0xcebb,
0xb619, 0xb619, 0xbe5a, 0xbe5a, 0xbe3a, 0xbe3a, 0xb5f9, 0x7c11, 0x39c4, 0x9b80,
0xed80, 0xfde0, 0xfde0, 0xfde0, 0xfde0, 0xfde0, 0xfde0, 0xfde0, 0xfde0, 0xfde0,
0xfde0, 0xfde0, 0xfde0, 0xfde0, 0xfde0, 0xfde0, 0xfde0, 0xfde0, 0xfde0, 0xfde0,
0xfde0, 0xfde0, 0xfde0, 0xfde0, 0xfde0, 0xfde0, 0xfde0, 0xfde0, 0xfde0, 0xfde0,
0xfde0, 0xfde0, 0xfde0, 0xfde0, 0xfde0, 0xfde0, 0xfde0, 0xfde0, 0xfde0, 0xfde0,
0xfde0, 0xfde0, 0xfde0, 0xfde0, 0xfde0, 0xfde0, 0xfde0, 0xfde0, 0xfde0, 0xfde0,
0xfde0, 0xfde0, 0xfde0, 0xfde0, 0xfde0, 0xfde0, 0xfde0, 0xfde0, 0xfde0, 0xfde0,
0xfde0, 0xfde0, 0xfde0, 0xfde0, 0xfde0, 0xfde0, 0xfde0, 0xfde0, 0xfde0, 0xfde0,
0xfde0, 0xfde0, 0xfde0, 0xf5a0, 0x72c0, 0x20c0, 0x9380, 0xfe21, 0xf601, 0xf5e1,

0x0000, 0x0000, 0x0000, 0x0000, 0x0000, 0x0000, 0x0000, 0x0000, 0x0020, 0x0000,
0x0000, 0x0000, 0x0000, 0x0020, 0x0820, 0x1060, 0x18a0, 0x20c0, 0x20c0, 0x2900,
0x3960, 0x49c0, 0x5a00, 0x6260, 0x7ae0, 0x8b40, 0x9ba0, 0xac00, 0xb440, 0xbc80,
0xc4a0, 0xcce0, 0xd500, 0xe560, 0xed80, 0xed80, 0xf5a0, 0xf5c0, 0xf5c0, 0xf5c0,
0xf5c0, 0xfdc0, 0xfde0, 0xfde0, 0xfde0, 0xfde0, 0xd500, 0xc4a0, 0xed80, 0xfde0,
0xfde0, 0xfde0, 0xfde0, 0xfde0, 0xfde0, 0xe580, 0xbc80, 0x7b00, 0x49c0, 0x2920,
0x28e0, 0x28e0, 0x28e0, 0x49a0, 0x72c0, 0x9bc0, 0xbc60, 0xcce0, 0xdd20, 0xdd20,
0xdd20, 0xdd20, 0xf5a0, 0xfde0, 0xfde0, 0xfde0, 0xfde0, 0xfde0, 0xfde0, 0xfde0,
0xe560, 0x5200, 0x20e0, 0x18c0, 0x18c0, 0x18c0, 0x1060, 0x0000, 0x0000, 0x0000,
0x0000, 0x0000, 0x0840, 0x5a20, 0x9360, 0x0000, 0x0000, 0x0000, 0x0000, 0x9360,
0xe540, 0xfde0, 0x8320, 0xa3e0, 0x20c0, 0x18a0, 0x18a0, 0x18a0, 0x5267, 0xb5f6,
0xc657, 0xadd5, 0x9cf1, 0x62c5, 0x9ba0, 0x9ba0, 0x9380, 0x6282, 0x7bcc, 0x94f4,
0x8cd5, 0x8cd5, 0x8cd5, 0x8cd5, 0x8cd5, 0x8cd5, 0x8cd5, 0x6b8e, 0x7b00, 0xdd20,
0xdd20, 0xdd20, 0xdd20, 0xed80, 0xc4a0, 0x93a2, 0x62e9, 0xadf9, 0xb63a, 0xb63a,
0xbe5a, 0xb619, 0xb619, 0xbe3a, 0xbe5a, 0xb63a, 0xb63a, 0xb63a, 0xb63a, 0xbe5a,
0xb619, 0xb619, 0xb61a, 0xb63a, 0xb61a, 0xb619, 0x73f0, 0x5267, 0xa403, 0xedc3,
0xf5e3, 0xf5e3, 0xf5e3, 0xf5e3, 0xf5e3, 0xf5e3, 0xf5e3, 0xf5e3, 0xf5e3, 0xf5e3,
0xf5e3, 0xf5e3, 0xf5e3, 0xf5e3, 0xf5e2, 0xfde0, 0xfde0, 0xfde0, 0xfde0, 0xfde0,
0xf5c0, 0xf5a0, 0xf5c0, 0xf5c0, 0xf5e2, 0xfe03, 0xf603, 0xf5e3, 0xf603, 0xf5e3,
0xf603, 0xf603, 0xf5e3, 0xf5e3, 0xf5e3, 0xf5e3, 0xf5e2, 0xf5c2, 0xf5e3, 0xf5e3,
0xf5e3, 0xf5e3, 0xf5e3, 0xf5e3, 0xf5e3, 0xf5e3, 0xf5e3, 0xf5e2, 0xfde0, 0xfde0,
0xfde0, 0xfde0, 0xfde0, 0xfde0, 0xfde0, 0xfde0, 0xfde0, 0xfde0, 0xfde0, 0xfde0,
0xfde0, 0xfde0, 0xfde0, 0xfde0, 0xfde0, 0xfde0, 0xfde0, 0xfde0, 0xfde0, 0xf5a0,
0xe540, 0xdd20, 0xdd20, 0xcce0, 0x49c0, 0x20c0, 0xa401, 0xeda1, 0xf601, 0xf601,

0x0000, 0x0000, 0x0000, 0x0000, 0x0000, 0x0000, 0x18e3, 0x4208, 0x52aa, 0x2966,
0x0841, 0x0000, 0x0000, 0x0000, 0x0000, 0x0000, 0x0000, 0x0000, 0x0000, 0x0000,
0x0000, 0x0000, 0x0000, 0x0000, 0x0020, 0x0820, 0x1060, 0x1060, 0x1880, 0x20c0,
0x3120, 0x3140, 0x3960, 0x4180, 0x49e0, 0x6240, 0x72c0, 0x8320, 0x8b40, 0x9ba0,
0xa3e0, 0xac00, 0xbc80, 0xc4a0, 0xcce0, 0xe560, 0xed80, 0xed80, 0xed80, 0xed80,
0xf5c0, 0xfde0, 0xfde0, 0xfe00, 0xfe01, 0xfe01, 0xfe01, 0xd500, 0xbc60, 0xb440,
0xb441, 0xb441, 0xb460, 0xd540, 0xf600, 0xfe00, 0xd4e1, 0xbc80, 0xb481, 0xbc60,
0xbc60, 0xbc80, 0xe560, 0xf5e1, 0xfe00, 0xf5e0, 0xfde0, 0xf600, 0xfe00, 0xfe00,
0xfe00, 0xeda0, 0xd540, 0xd520, 0xd501, 0xd521, 0xb480, 0x9380, 0x9380, 0x9380,
0x9381, 0x9381, 0xb440, 0xe580, 0xd500, 0x93a0, 0x9381, 0x9381, 0x9381, 0xb440,
0xccc0, 0xf5c0, 0xe581, 0xe5a0, 0xcce1, 0xccc0, 0xcce0, 0xcd00, 0xd542, 0xee04,
0xee24, 0xe604, 0xee04, 0xe5c3, 0xdd62, 0xdd41, 0xdd41, 0xe5a3, 0xe5c4, 0xbcc4,
0xac64, 0xac64, 0xac64, 0xac64, 0xac64, 0xac64, 0xac64, 0xac44, 0xac01, 0xbc60,
0xbc60, 0xbc60, 0xbc61, 0xdd21, 0xe580, 0xd586, 0xcd68, 0xddca, 0xddeb, 0xddeb,
0xde0b, 0xddeb, 0xddea, 0xde0b, 0xde0b, 0xddeb, 0xde2b, 0xde0b, 0xde0b, 0xde0b,
0xd5ea, 0xd5aa, 0xd5ca, 0xd5ea, 0xd5ca, 0xcda9, 0xcd47, 0xd5a7, 0xee27, 0xe607,
0xe5e7, 0xe5e7, 0xe5e7, 0xe5e7, 0xe5e7, 0xee07, 0xe607, 0xe606, 0xee07, 0xe5e7,
0xe607, 0xe607, 0xe607, 0xee08, 0xee06, 0xf622, 0xf601, 0xfe00, 0xf600, 0xf5e0,
0xf5a1, 0xed81, 0xf5a0, 0xedc2, 0xede6, 0xee47, 0xf648, 0xee07, 0xee07, 0xee07,
0xee07, 0xee27, 0xee07, 0xee07, 0xe607, 0xee06, 0xe5e5, 0xe5c6, 0xee07, 0xee07,
0xee07, 0xee07, 0xe607, 0xee07, 0xee07, 0xee07, 0xee07, 0xee06, 0xf602, 0xfe00,
0xfe00, 0xfde1, 0xfde1, 0xfde0, 0xfde0, 0xfde0, 0xfde1, 0xfde1, 0xfde1, 0xfde0,
0xfde0, 0xfde0, 0xfde1, 0xfde1, 0xfde1, 0xfde0, 0xfde0, 0xf5e0, 0xf5e1, 0xe581,
0xcce0, 0xb480, 0xbc60, 0xb440, 0x9bc1, 0x9ba1, 0xb441, 0xe561, 0xf601, 0xfde1,

0x0000, 0x0000, 0x0000, 0x0000, 0x0000, 0x2104, 0xa514, 0x94d3, 0x94b2, 0xb596,
0x5aeb, 0x0841, 0x0000, 0x0000, 0x0000, 0x0000, 0x0000, 0x1082, 0x31a6, 0x39e7,
0x31c7, 0x2945, 0x0882, 0x0000, 0x0000, 0x0000, 0x0000, 0x0000, 0x0000, 0x0000,
0x0000, 0x0000, 0x0000, 0x0000, 0x0000, 0x0000, 0x0000, 0x0000, 0x0020, 0x0820,
0x0820, 0x0820, 0x0820, 0x1060, 0x1880, 0x20c0, 0x20e0, 0x3140, 0x3960, 0x41a0,
0x49c0, 0x5a20, 0x6aa0, 0xac20, 0x0000, 0x0000, 0x0000, 0x0000, 0x0000, 0x0000,
0x0000, 0x0000, 0x0000, 0x0000, 0x0000, 0x0000, 0x0000, 0x0000, 0x0000, 0x0000,
0x0000, 0x0000, 0x0000, 0x0000, 0x0000, 0x0000, 0x0000, 0x0000, 0x0000, 0x0000,
0x0000, 0x0000, 0x0000, 0x0000, 0x0000, 0x0000, 0x0000, 0x0000, 0x0000, 0x0000,
0x0000, 0x0000, 0x0000, 0x0000, 0x0000, 0x0000, 0x0000, 0x0000, 0x0000, 0x0000,
0x0000, 0x0000, 0x0000, 0x0000, 0x0000, 0x0000, 0x0000, 0x0000, 0x0000, 0x0000,
0x0000, 0x0000, 0x0000, 0x0000, 0x0000, 0x0000, 0x0000, 0x0000, 0x0000, 0x0000,
0x0000, 0x0000, 0x0000, 0x0000, 0x0000, 0x0000, 0x0000, 0x0000, 0x0000, 0x0000,
0x0000, 0x0000, 0x0000, 0x0000, 0x0000, 0x0000, 0x0000, 0x0000, 0x0000, 0x0000,
0x0000, 0x0000, 0x0000, 0x0000, 0x0000, 0x0000, 0x0000, 0x0000, 0x0000, 0x0000,
0x0000, 0x0000, 0x0000, 0x0000, 0x0000, 0x0000, 0x0000, 0x0000, 0x0000, 0x0000,
0x0000, 0x0000, 0x0000, 0x0000, 0x0000, 0x0000, 0x0000, 0x0000, 0x0000, 0x0000,
0x0000, 0x0000, 0x0000, 0x0000, 0x0000, 0x0000, 0x0000, 0x0000, 0x0000, 0x0000,
0x0000, 0x0000, 0x0000, 0x0000, 0x0000, 0x0000, 0x0000, 0x0000, 0x0000, 0x0000,
0x0000, 0x0000, 0x0000, 0x0000, 0x0000, 0x0000, 0x0000, 0x0000, 0x0000, 0x0000,
0x0000, 0x0000, 0x0000, 0x0000, 0x0000, 0x0000, 0x0000, 0x0000, 0x0000, 0x0000,
0x0000, 0x0000, 0x0000, 0x0000, 0x0000, 0x0000, 0x0000, 0x0000, 0x0000, 0x0000,
0x0000, 0x0000, 0x0000, 0x0000, 0x0000, 0x0000, 0x0000, 0x0000, 0x0000, 0x0000,
0x0000, 0x0000, 0x0000, 0x0000, 0x0000, 0x0000, 0x0000, 0x9bc1, 0xf5e1, 0xfe01,

0x0000, 0x0000, 0x0000, 0x0000, 0x0000, 0x4208, 0xc638, 0x632c, 0x4228, 0xbdd7,
0x7c10, 0x0841, 0x0000, 0x0000, 0x0000, 0x0000, 0x0020, 0x4229, 0xbdf7, 0xb5d7,
0x9cf3, 0xa534, 0x738e, 0x18c3, 0x0000, 0x0000, 0x0000, 0x0000, 0x0000, 0x0000,
0x0000, 0x10a2, 0x31a6, 0x4208, 0x3186, 0x10a3, 0x0000, 0x0000, 0x0000, 0x0000,
0x0000, 0x0000, 0x0000, 0x0020, 0x0841, 0x0020, 0x0000, 0x0000, 0x0000, 0x0000,
0x0000, 0x0000, 0x0020, 0x41a0, 0x0000, 0x3140, 0x4180, 0x4180, 0x4180, 0x4180,
0x4180, 0x4180, 0x4180, 0x4180, 0x4180, 0x4180, 0x4180, 0x4180, 0x4180, 0x4180,
0x4180, 0x4180, 0x4180, 0x4180, 0x4180, 0x4180, 0x4180, 0x4180, 0x4180, 0x4180,
0x4180, 0x4180, 0x4180, 0x4180, 0x4180, 0x4180, 0x4180, 0x4180, 0x4180, 0x4180,
0x4180, 0x4180, 0x4180, 0x4180, 0x4180, 0x4180, 0x4180, 0x4180, 0x4180, 0x4180,
0x4180, 0x4180, 0x4180, 0x4180, 0x4180, 0x4180, 0x4180, 0x4180, 0x4180, 0x4180,
0x4180, 0x4180, 0x4180, 0x4180, 0x4180, 0x4180, 0x4180, 0x4180, 0x4180, 0x4180,
0x4180, 0x4180, 0x4180, 0x4180, 0x4180, 0x4180, 0x4180, 0x4180, 0x4180, 0x4180,
0x4180, 0x4180, 0x4180, 0x4180, 0x4180, 0x4180, 0x4180, 0x4180, 0x4180, 0x4180,
0x4180, 0x4180, 0x4180, 0x4180, 0x4180, 0x4180, 0x4180, 0x4180, 0x4180, 0x4180,
0x4180, 0x4180, 0x4180, 0x4180, 0x4180, 0x4180, 0x4180, 0x4180, 0x4180, 0x4180,
0x4180, 0x4180, 0x4180, 0x4180, 0x4180, 0x4180, 0x4180, 0x4180, 0x4180, 0x4180,
0x4180, 0x4180, 0x4180, 0x4180, 0x4180, 0x4180, 0x4180, 0x4180, 0x4180, 0x4180,
0x4180, 0x4180, 0x4180, 0x4180, 0x4180, 0x4180, 0x4180, 0x4180, 0x4180, 0x4180,
0x4180, 0x4180, 0x4180, 0x4180, 0x4180, 0x4180, 0x4180, 0x4180, 0x4180, 0x4180,
0x4180, 0x4180, 0x4180, 0x4180, 0x4180, 0x4180, 0x4180, 0x4180, 0x4180, 0x4180,
0x4180, 0x4180, 0x4180, 0x4180, 0x4180, 0x4180, 0x4180, 0x4180, 0x4180, 0x4180,
0x4180, 0x4180, 0x4180, 0x4180, 0x4180, 0x4180, 0x4180, 0x4180, 0x4180, 0x4180,
0x4180, 0x4180, 0x4180, 0x4180, 0x4180, 0x4180, 0x4180, 0x5200, 0xa3e1, 0xdd41,

0x0000, 0x0000, 0x0000, 0x0000, 0x0000, 0x2966, 0x9cf3, 0x9cf3, 0x9cd3, 0x9cf4,
0x4228, 0x0000, 0x0000, 0x0000, 0x0000, 0x0000, 0x10a3, 0x73cf, 0xc618, 0x630c,
0x39e8, 0x9492, 0xa555, 0x31c7, 0x0000, 0x0000, 0x0000, 0x0000, 0x0000, 0x0021,
0x39e7, 0x9cd3, 0xc619, 0xbdf7, 0xad76, 0x632d, 0x0882, 0x0000, 0x0000, 0x0000,
0x0000, 0x0000, 0x10a2, 0x52cb, 0x7bef, 0x7bef, 0x52aa, 0x18c3, 0x0000, 0x0000,
0x0000, 0x0000, 0x0000, 0x0020, 0x1080, 0xd500, 0xfe00, 0xfe00, 0xfe00, 0xfe00,
0xfe00, 0xfe00, 0xfe00, 0xfe00, 0xfde0, 0xfe00, 0xfe00, 0xfe00, 0xfe00, 0xfe00,
0xfe00, 0xfe00, 0xfe00, 0xfe00, 0xfe00, 0xfe00, 0xfe00, 0xfe00, 0xfe00, 0xfe00,
0xfe00, 0xfe00, 0xfe00, 0xfe00, 0xfe00, 0xfe00, 0xfe00, 0xfe00, 0xfe00, 0xfe00,
0xfe00, 0xfe00, 0xfe00, 0xfe00, 0xfe00, 0xfe00, 0xfe00, 0xfe00, 0xfe00, 0xfe00,
0xfe00, 0xfe00, 0xfe00, 0xfe00, 0xfe00, 0xfe00, 0xfe00, 0xfe00, 0xfe00, 0xfe00,
0xfe00, 0xfe00, 0xfe00, 0xfe00, 0xfe00, 0xfe00, 0xfe00, 0xfe00, 0xfe00, 0xfe00,
0xfe00, 0xfe00, 0xfe00, 0xfe00, 0xfe00, 0xfe00, 0xfe00, 0xfe00, 0xfe00, 0xfe00,
0xfe00, 0xfe00, 0xfe00, 0xfe00, 0xfe00, 0xfe00, 0xfe00, 0xfe00, 0xfe00, 0xfe00,
0xfe00, 0xfe00, 0xfe00, 0xfe00, 0xfe00, 0xfe00, 0xfe00, 0xfe00, 0xfe00, 0xfe00,
0xfe00, 0xfe00, 0xfe00, 0xfe00, 0xfe00, 0xfe00, 0xfe00, 0xfe00, 0xfe00, 0xfe00,
0xfe00, 0xfe00, 0xfe00, 0xfe00, 0xfe00, 0xfe00, 0xfde0, 0xdd20, 0xf5c0, 0xfe00,
0xfe00, 0xfe00, 0xfe00, 0xfe00, 0xfe00, 0xfe00, 0xfe00, 0xfe00, 0xfe00, 0xfe00,
0xfe00, 0xfe00, 0xfe00, 0xfe00, 0xfe00, 0xfe00, 0xfe00, 0xfe00, 0xfe00, 0xfe00,
0xfe00, 0xfe00, 0xfe00, 0xfe00, 0xfe00, 0xfe00, 0xfe00, 0xfe00, 0xfe00, 0xfe00,
0xfe00, 0xfe00, 0xfe00, 0xfe00, 0xfe00, 0xfe00, 0xfe00, 0xfe00, 0xfe00, 0xfe00,
0xfe00, 0xfe00, 0xfe00, 0xfe00, 0xfe00, 0xfe00, 0xfe00, 0xfe00, 0xfe00, 0xfe00,
0xfe00, 0xfe00, 0xfe00, 0xfe00, 0xfe00, 0xfe00, 0xfe00, 0xfe00, 0xfe00, 0xfe00,
0xfe00, 0xfe00, 0xfe00, 0xfe00, 0xfe00, 0xfe00, 0xfe00, 0x6260, 0x0000, 0x20e0,

0x0000, 0x0000, 0x0000, 0x0000, 0x0000, 0x0000, 0x2104, 0x3a08, 0x39c7, 0x10a2,
0x0000, 0x0000, 0x0000, 0x0000, 0x0000, 0x0000, 0x31a6, 0xa555, 0xce79, 0xa514,
0x94b2, 0x9cf4, 0x632c, 0x10a3, 0x0000, 0x0000, 0x0000, 0x0000, 0x0000, 0x2104,
0xa514, 0xdefc, 0xce59, 0xc658, 0xc618, 0x8410, 0x18c3, 0x0000, 0x0000, 0x0000,
0x0000, 0x0000, 0x5aeb, 0xbdd7, 0x94b2, 0x8c71, 0xad75, 0x52aa, 0x0041, 0x0000,
0x0000, 0x0000, 0x0000, 0x0000, 0x1080, 0xd500, 0xfe00, 0xfde0, 0xfe00, 0xfde0,
0xfe00, 0xfde0, 0xfe00, 0xfde0, 0x6a60, 0xd500, 0xfe00, 0xfde0, 0xfe00, 0xfde0,
0xfe00, 0xfde0, 0xfe00, 0xfde0, 0xfde0, 0xfe00, 0xfde0, 0xfe00, 0xfde0, 0xfe00,
0xfde0, 0xfe00, 0xfde0, 0xfde0, 0xfe00, 0xfde0, 0xfe00, 0xfde0, 0xfe00, 0xfde0,
0xfe00, 0xfde0, 0xfde0, 0xfe00, 0xfde0, 0xfe00, 0xfde0, 0xfe00, 0xfde0, 0xfe00,
0xfde0, 0xfde0, 0xf5c0, 0xc4a0, 0xc4c0, 0xed80, 0xfde0, 0xfe00, 0xfde0, 0xfe00,
0xfde0, 0xfe00, 0xfde0, 0xfe00, 0xfde0, 0xfe00, 0xfde0, 0xfde0, 0xfe00, 0xfde0,
0xfe00, 0xfde0, 0xfe00, 0xfde0, 0xfe00, 0xfde0, 0xfe00, 0xfe20, 0xf5c0, 0xeda0,
0xdd40, 0xdd60, 0xed80, 0xf5c0, 0xfe20, 0xfe00, 0xfe00, 0xfde0, 0xfe00, 0xfde0,
0xfe00, 0xfde0, 0xfde0, 0xfe00, 0xfde0, 0xfe00, 0xfde0, 0xfe00, 0xfde0, 0xfe00,
0xac00, 0xf5a0, 0xfde0, 0xfe00, 0xfde0, 0xfe00, 0xfde0, 0xfde0, 0xfe00, 0xfde0,
0xfe00, 0xfde0, 0xfe00, 0xfde0, 0xfe00, 0xfde0, 0xe560, 0x3940, 0xdd20, 0xfe00,
0xfe00, 0xfde0, 0xfe00, 0xfde0, 0xfde0, 0xfe00, 0xfde0, 0xfe00, 0xfde0, 0xfe00,
0xfde0, 0xfe00, 0xfde0, 0xfde0, 0xfe00, 0xfde0, 0xfe00, 0xfde0, 0xfe00, 0xfde0,
0xfe00, 0xfde0, 0xfde0, 0xfe00, 0xfde0, 0xfe00, 0xfde0, 0xfe00, 0xfde0, 0xfe00,
0xfde0, 0xfde0, 0xfe00, 0xfde0, 0xfe00, 0xfde0, 0xfe00, 0xfde0, 0xfe00, 0xfde0,
0xfde0, 0xfe00, 0xfde0, 0xfe00, 0xfde0, 0xfe00, 0xfde0, 0xfe00, 0xfde0, 0xfde0,
0xfe00, 0xfde0, 0xfe00, 0xfde0, 0xfe00, 0xfde0, 0xfe00, 0xfde0, 0xfde0, 0xfe00,
0xfde0, 0xfe00, 0xfde0, 0xfe00, 0xfde0, 0xfe00, 0xfde0, 0xd4e0, 0x7ae0, 0x3140,

0x0840, 0x0820, 0x0020, 0x0000, 0x0000, 0x0000, 0x0000, 0x0000, 0x0000, 0x0000,
0x0000, 0x0000, 0x0000, 0x0000, 0x0000, 0x0000, 0x52ab, 0xbe18, 0x73af, 0x5aec,
0x52aa, 0x3186, 0x0861, 0x0000, 0x0000, 0x0000, 0x0000, 0x0000, 0x0000, 0x10a2,
0x6b8e, 0xad96, 0xbdf8, 0x9cf4, 0x4a69, 0x10c3, 0x0000, 0x0000, 0x0000, 0x0000,
0x0000, 0x0020, 0x8c91, 0xa534, 0x2986, 0x738e, 0xad55, 0x2986, 0x0000, 0x0000,
0x0000, 0x0000, 0x0000, 0x0000, 0x1080, 0xd500, 0xfe00, 0xfde0, 0xfe00, 0xfde0,
0xfde0, 0xfe00, 0xf5c0, 0xdd40, 0x4180, 0xb460, 0xe560, 0xe560, 0xe580, 0xe560,
0xe580, 0xe560, 0xe580, 0xe560, 0xe560, 0xe560, 0xe560, 0xe580, 0xfde0, 0xfe00,
0xfde0, 0xfde0, 0xfde0, 0xfde0, 0xfe00, 0xfde0, 0xfe00, 0xfde0, 0xfe00, 0xfde0,
0xfde0, 0xfde0, 0xfde0, 0xfe00, 0xfde0, 0xfe00, 0xfde0, 0xfe00, 0xfde0, 0xfde0,
0xfde0, 0xfde0, 0xeda0, 0x72c0, 0x5200, 0x49c0, 0x6240, 0xac00, 0xed80, 0xfe00,
0xfe00, 0xfde0, 0xfde0, 0xfe00, 0xfde0, 0xfe00, 0xfde0, 0xfe00, 0xfde0, 0xfe00,
0xfde0, 0xfde0, 0xfe00, 0xfde0, 0xfe00, 0xf5c0, 0xccc0, 0x8320, 0x5a00, 0x49c0,
0x49c0, 0x49c0, 0x49c0, 0x5a00, 0x7b00, 0xc480, 0xed80, 0xfe00, 0xfe00, 0xfde0,
0xe560, 0xe580, 0xe560, 0xe580, 0xe560, 0xe560, 0xe580, 0xe560, 0xe580, 0xe540,
0x3140, 0xc4e0, 0xe560, 0xfe00, 0xfe00, 0xfde0, 0xfde0, 0xed80, 0xe580, 0xe560,
0xe580, 0xe560, 0xe580, 0xe560, 0xe560, 0xe580, 0x9ba0, 0x41a0, 0xdd80, 0xf5c0,
0xfde0, 0xfe00, 0xfde0, 0xfe00, 0xfde0, 0xfde0, 0xfde0, 0xfde0, 0xfde0, 0xfde0,
0xfe00, 0xfde0, 0xfe00, 0xfde0, 0xfde0, 0xfde0, 0xfde0, 0xfde0, 0xfde0, 0xfe00,
0xfde0, 0xfe00, 0xfde0, 0xfde0, 0xfde0, 0xfde0, 0xfde0, 0xfde0, 0xfe00, 0xfde0,
0xfe00, 0xfde0, 0xfde0, 0xfde0, 0xfde0, 0xfde0, 0xfde0, 0xfe00, 0xfde0, 0xfe00,
0xfde0, 0xfde0, 0xfde0, 0xfde0, 0xfde0, 0xfde0, 0xfe00, 0xfde0, 0xfe00, 0xfde0,
0xfde0, 0xfde0, 0xfde0, 0xfde0, 0xfde0, 0xfe00, 0xfde0, 0xfe00, 0xfde0, 0xfde0,
0xfde0, 0xfde0, 0xfde0, 0xfde0, 0xfe00, 0xfde0, 0xfe00, 0xfde0, 0xfde0, 0xe540,

0x9380, 0x8b60, 0x8300, 0x6240, 0x4180, 0x3140, 0x28e0, 0x1080, 0x0840, 0x0000,
0x0000, 0x0000, 0x0000, 0x0000, 0x0000, 0x0020, 0x31c7, 0x5b0c, 0x10c3, 0x0020,
0x0000, 0x0000, 0x0000, 0x0000, 0x0000, 0x0000, 0x0000, 0x0000, 0x0000, 0x0000,
0x0861, 0x2145, 0x3186, 0x18e3, 0x0021, 0x0000, 0x0000, 0x0000, 0x0000, 0x0000,
0x0000, 0x1082, 0x5acb, 0x4208, 0x1082, 0x528a, 0x528a, 0x0861, 0x0000, 0x0000,
0x0000, 0x0000, 0x0000, 0x0000, 0x1080, 0xd500, 0xfe00, 0xfde0, 0xfe00, 0xfde0,
0xfde0, 0xfe00, 0xbc80, 0x2900, 0x1060, 0x3120, 0x3960, 0x3960, 0x3960, 0x3960,
0x3960, 0x3960, 0x3960, 0x3960, 0x3960, 0x3960, 0x3960, 0x3960, 0xe560, 0xfe00,
0xfe00, 0xfde0, 0xfe00, 0xfde0, 0xfe00, 0xfde0, 0xfde0, 0xfe00, 0xfde0, 0xfe00,
0xfde0, 0xfe00, 0xfde0, 0xfe00, 0xfde0, 0xfde0, 0xfe00, 0xfde0, 0xfe00, 0xfde0,
0xfe00, 0xfe20, 0xfe00, 0xfde0, 0xf5e0, 0xdd60, 0xa3e0, 0x49c0, 0x41a0, 0xbc60,
0xfe00, 0xfe00, 0xfde0, 0xfe00, 0xfde0, 0xfe00, 0xfde0, 0xfe00, 0xfde0, 0xfe00,
0xfde0, 0xfde0, 0xfe00, 0xfe00, 0xe540, 0x6a80, 0x3120, 0x7ae0, 0xb480, 0xdd80,
0xeda0, 0xedc0, 0xdd40, 0xb480, 0x8b20, 0x4180, 0x4180, 0x8320, 0xeda0, 0xcce0,
0x3140, 0x3960, 0x3960, 0x3960, 0x3960, 0x3960, 0x3960, 0x3960, 0x3960, 0x3960,
0x0840, 0x3120, 0x5200, 0xfe00, 0xfe00, 0xfde0, 0xfde0, 0x72c0, 0x3960, 0x3960,
0x3960, 0x3960, 0x3960, 0x3960, 0x3960, 0x3960, 0x18a0, 0x20c0, 0x3960, 0xa3e0,
0xfe00, 0xfe00, 0xfde0, 0xfe00, 0xfde0, 0xfde0, 0xfe00, 0xfde0, 0xfe00, 0xfde0,
0xfe00, 0xfde0, 0xfe00, 0xfde0, 0xfde0, 0xfe00, 0xfde0, 0xfe00, 0xfde0, 0xfe00,
0xfde0, 0xfe00, 0xfde0, 0xfde0, 0xfe00, 0xfde0, 0xfe00, 0xfde0, 0xfe00, 0xfde0,
0xfe00, 0xfde0, 0xfde0, 0xfe00, 0xfde0, 0xfe00, 0xfde0, 0xfe00, 0xfde0, 0xfe00,
0xfde0, 0xfde0, 0xfe00, 0xfde0, 0xfe00, 0xfde0, 0xfe00, 0xfde0, 0xfe00, 0xfde0,
0xfde0, 0xfe00, 0xfde0, 0xfe00, 0xfde0, 0xfe00, 0xfde0, 0xfe00, 0xfde0, 0xfde0,
0xfe00, 0xfde0, 0xfe00, 0xfde0, 0xfe00, 0xfde0, 0xfe00, 0xfe00, 0xfde0, 0xfe00,

0xfde0, 0xf5c0, 0xeda0, 0xe540, 0xd520, 0xe580, 0xd500, 0xc4a0, 0xb460, 0xb460,
0x9bc0, 0x8b40, 0x6aa0, 0x5200, 0x49c0, 0x4180, 0x3120, 0x20e0, 0x20c0, 0x18a0,
0x1060, 0x0020, 0x0000, 0x0000, 0x0020, 0x0020, 0x0000, 0x0000, 0x0000, 0x0000,
0x0000, 0x0000, 0x0000, 0x0000, 0x0000, 0x0000, 0x0000, 0x0000, 0x0000, 0x0000,
0x0000, 0x0000, 0x0000, 0x0000, 0x0000, 0x0000, 0x0000, 0x0000, 0x0000, 0x0000,
0x0000, 0x0000, 0x0000, 0x0000, 0x1080, 0xd500, 0xfe00, 0xfde0, 0xfe00, 0xfde0,
0xfde0, 0xfe00, 0xfde0, 0xf5a0, 0x49a0, 0xc4a0, 0xf5c0, 0xf5c0, 0xf5c0, 0xf5c0,
0xf5c0, 0xf5c0, 0xf5c0, 0xf5c0, 0xf5c0, 0xf5c0, 0xf5c0, 0xf5c0, 0xfe00, 0xfe00,
0xfe00, 0xfe00, 0xfe00, 0xfe00, 0xfde0, 0xfe00, 0xfde0, 0xfde0, 0xfe00, 0xfde0,
0xfe00, 0xfde0, 0xfe00, 0xfde0, 0xfe00, 0xfde0, 0xfde0, 0xfe00, 0xf5c0, 0xb460,
0x72c0, 0x49a0, 0x2900, 0x2900, 0x4180, 0x7ac0, 0xbc60, 0xf5c0, 0xb460, 0x4180,
0x6a60, 0xf5c0, 0xfe00, 0xfde0, 0xfe00, 0xfde0, 0xfe00, 0xfde0, 0xfe00, 0xfde0,
0xfe00, 0xfde0, 0xfe00, 0xa3e0, 0x3140, 0x8340, 0xf5e0, 0xd540, 0x9380, 0x5200,
0x3120, 0x2900, 0x3960, 0x5a00, 0x8b40, 0xd500, 0xd500, 0x72c0, 0x2920, 0x51e0,
0x5a00, 0xfde0, 0xf5c0, 0xf5c0, 0xf5c0, 0xf5c0, 0xf5c0, 0xf5c0, 0xf5c0, 0xf5c0,
0x3960, 0xdd20, 0xfde0, 0xfde0, 0xfde0, 0xfe00, 0xfe00, 0xf5c0, 0xf5c0, 0xf5c0,
0xf5c0, 0xf5c0, 0xf5c0, 0xf5c0, 0xf5c0, 0xb420, 0x49c0, 0xeda0, 0xf5c0, 0xfde0,
0xfe00, 0xfde0, 0xfe00, 0xfde0, 0xfe00, 0xfde0, 0xfe00, 0xfde0, 0xfde0, 0xfe00,
0xfde0, 0xfe00, 0xfde0, 0xfe00, 0xfde0, 0xfe00, 0xfde0, 0xfde0, 0xfe00, 0xfde0,
0xfe00, 0xfde0, 0xfe00, 0xfde0, 0xfe00, 0xfde0, 0xfde0, 0xfe00, 0xfde0, 0xfe00,
0xfde0, 0xfe00, 0xfde0, 0xfe00, 0xfde0, 0xfde0, 0xfe00, 0xfde0, 0xfe00, 0xfde0,
0xfe00, 0xfde0, 0xfe00, 0xfde0, 0xfde0, 0xfe00, 0xfde0, 0xfe00, 0xfde0, 0xfe00,
0xfde0, 0xfe00, 0xfde0, 0xfde0, 0xfe00, 0xfde0, 0xfe00, 0xfde0, 0xfe00, 0xfde0,
0xfe00, 0xfde0, 0xfde0, 0xfe00, 0xfde0, 0xfe00, 0xfde0, 0xfe00, 0xfde0, 0xfe00,

0xfe00, 0xfe00, 0xfe00, 0xfde0, 0xf5e0, 0xfdc0, 0xf5a0, 0xe560, 0xe560, 0xf5c0,
0xed80, 0xed80, 0xfdc0, 0xf5c0, 0xe580, 0xd500, 0xccc0, 0xd500, 0xccc0, 0xbc80,
0xb460, 0xb440, 0xa400, 0x9380, 0x8320, 0x72c0, 0x6a80, 0x72a0, 0x6260, 0x5a20,
0x4180, 0x3960, 0x4180, 0x41a0, 0x3960, 0x2900, 0x20e0, 0x20c0, 0x28e0, 0x20c0,
0x18a0, 0x18a0, 0x1080, 0x1080, 0x1080, 0x1080, 0x1060, 0x0840, 0x0840, 0x0840,
0x1060, 0x0840, 0x0000, 0x0020, 0x1080, 0xd500, 0xfe00, 0xfde0, 0xfe00, 0xfde0,
0xfde0, 0xfe00, 0xfe00, 0xfde0, 0x49c0, 0xccc0, 0xb460, 0x5200, 0x5200, 0x5200,
0x5200, 0x5200, 0x5200, 0x5200, 0x5200, 0x5200, 0x5200, 0x5200, 0x5200, 0x5a00,
0x72a0, 0x9bc0, 0xcce0, 0xf5e0, 0xfde0, 0xfe00, 0xfde0, 0xfe00, 0xfde0, 0xfe00,
0xfde0, 0xfde0, 0xfde0, 0xfde0, 0xfe00, 0xfde0, 0xfde0, 0xbc80, 0x51e0, 0x0860,
0x0000, 0x0000, 0x0000, 0x0000, 0x0000, 0x0000, 0x1060, 0x4180, 0xc4c0, 0xdd20,
0x6280, 0x5a20, 0xdd60, 0xfe00, 0xfde0, 0xfde0, 0xfde0, 0xfe00, 0xfde0, 0xfe00,
0xfde0, 0xfde0, 0xac00, 0x4180, 0xbc80, 0xe5a0, 0x7ae0, 0x20c0, 0x0020, 0x0000,
0x0000, 0x0000, 0x0000, 0x0000, 0x0000, 0x18a0, 0x5a20, 0xc4c0, 0xcce0, 0x6260,
0x6a80, 0xedc0, 0x6a80, 0x5200, 0x5200, 0x5200, 0x5200, 0x5200, 0x6a80, 0xe560,
0x3960, 0xdd40, 0xfe00, 0xfe00, 0xfde0, 0xfe00, 0xfde0, 0xf5c0, 0x8300, 0x5200,
0x5200, 0x5200, 0x5200, 0x5200, 0x5200, 0x2900, 0x9380, 0xfe00, 0xfe00, 0xfe00,
0xfe00, 0xfde0, 0xfe00, 0xfde0, 0xfde0, 0xfde0, 0xfde0, 0xfe00, 0xfde0, 0xfe00,
0xfde0, 0xfe00, 0xfde0, 0xfde0, 0xfde0, 0xfde0, 0xfe00, 0xfde0, 0xfe00, 0xfde0,
0xfe00, 0xfde0, 0xfde0, 0xfde0, 0xfde0, 0xfe00, 0xfde0, 0xfe00, 0xfde0, 0xfe00,
0xfde0, 0xfde0, 0xfde0, 0xfde0, 0xfe00, 0xfde0, 0xfe00, 0xfde0, 0xfe00, 0xfde0,
0xfde0, 0xfde0, 0xfde0, 0xfe00, 0xfde0, 0xfe00, 0xfde0, 0xfe00, 0xfde0, 0xfde0,
0xfde0, 0xfde0, 0xfe00, 0xfde0, 0xfe00, 0xfde0, 0xfe00, 0xfde0, 0xfde0, 0xfde0,
0xfde0, 0xfe00, 0xfde0, 0xfe00, 0xfde0, 0xfe00, 0xfde0, 0xfe00, 0xfde0, 0xfe00,

0xfe00, 0xfde0, 0xfe00, 0xfde0, 0xfe00, 0xfde0, 0xfe00, 0xfde0, 0xfe00, 0xfde0,
0xf5c0, 0xf5a0, 0xfde0, 0xed80, 0xed80, 0xfde0, 0xfe00, 0xfde0, 0xf5c0, 0xf5e0,
0xf600, 0xfe20, 0xfe00, 0xf5e0, 0xe580, 0xdd80, 0xe5a0, 0xee00, 0xee00, 0xf640,
0xf600, 0xeda0, 0xdd60, 0xd520, 0xd500, 0xe560, 0xdd40, 0xccc0, 0xbc60, 0xbc60,
0xcce0, 0xcd00, 0xb440, 0xac00, 0xb480, 0xc4a0, 0xbc80, 0x8320, 0x6a80, 0x6a80,
0x72c0, 0x7ae0, 0x72c0, 0x4180, 0x1080, 0xd500, 0xfe00, 0xfde0, 0xfe00, 0xfde0,
0xfde0, 0xfe00, 0xfe00, 0xfde0, 0x49c0, 0xccc0, 0x8b60, 0x0000, 0x0000, 0x0000,
0x0000, 0x0000, 0x0000, 0x0000, 0x0000, 0x0000, 0x0000, 0x0000, 0x0000, 0x0000,
0x0000, 0x0000, 0x18a0, 0x6260, 0xeda0, 0xfe00, 0xfe00, 0xfde0, 0xfde0, 0xfe00,
0xfde0, 0xfe00, 0xfde0, 0xfe00, 0xfde0, 0xfe20, 0x93a0, 0x1080, 0x0000, 0x0000,
0x0000, 0x0000, 0x0000, 0x0000, 0x0000, 0x0000, 0x0000, 0x0000, 0x1880, 0x9bc0,
0xf600, 0x6aa0, 0x5a20, 0xeda0, 0xfe00, 0xfde0, 0xfe00, 0xfde0, 0xfe00, 0xfde0,
0xfe20, 0xbc80, 0x3120, 0xd520, 0xdd60, 0x51e0, 0x0000, 0x0000, 0x0000, 0x0000,
0x0000, 0x0000, 0x0000, 0x0000, 0x0000, 0x0000, 0x0000, 0x1080, 0x9bc0, 0xedc0,
0xdd40, 0xe540, 0x20c0, 0x0000, 0x0000, 0x0000, 0x0000, 0x0000, 0x20c0, 0xdd20,
0x3960, 0xdd40, 0xfe00, 0xfde0, 0xfe00, 0xfde0, 0xfe00, 0xcce0, 0x1080, 0x0000,
0x0000, 0x0000, 0x0000, 0x0000, 0x0000, 0x20c0, 0xdd20, 0xfe00, 0xfe00, 0xfe00,
0xfde0, 0xfe00, 0xfde0, 0xfe00, 0xfde0, 0xfde0, 0xfe00, 0xfde0, 0xfe00, 0xfde0,
0xfe00, 0xfde0, 0xfe00, 0xfde0, 0xfde0, 0xfe00, 0xfde0, 0xfe00, 0xfde0, 0xfe00,
0xfde0, 0xfe00, 0xfde0, 0xfde0, 0xfe00, 0xfde0, 0xfe00, 0xfde0, 0xfe00, 0xfde0,
0xfe00, 0xfde0, 0xfde0, 0xfe00, 0xfde0, 0xfe00, 0xfde0, 0xfe00, 0xfde0, 0xfe00,
0xfde0, 0xfde0, 0xfe00, 0xfde0, 0xfe00, 0xfde0, 0xfe00, 0xfde0, 0xfe00, 0xfde0,
0xfde0, 0xfe00, 0xfde0, 0xfe00, 0xfde0, 0xfe00, 0xfde0, 0xfe00, 0xfde0, 0xfde0,
0xfe00, 0xfde0, 0xfe00, 0xfde0, 0xfe00, 0xfde0, 0xfe00, 0xfde0, 0xfde0, 0xfe00,

0xfe00, 0xfe00, 0xfde0, 0xfe00, 0xfde0, 0xfde0, 0xfe00, 0xfde0, 0xfe00, 0xfde0,
0xfe00, 0xfde0, 0xfe00, 0xfde0, 0xfe00, 0xfde0, 0xeda0, 0xe5a0, 0xfe00, 0xf600,
0xdd80, 0xac20, 0x6a80, 0x3140, 0x3140, 0x41a0, 0x6a80, 0xac00, 0xe5a0, 0xfe60,
0xfe40, 0xfe60, 0xfe40, 0xfe60, 0xfe20, 0xfe00, 0xfe00, 0xfe00, 0xfe00, 0xfde0,
0xfe00, 0xfe40, 0xfe60, 0xfe60, 0xfe80, 0xf5e0, 0x9380, 0x18a0, 0x0000, 0x0000,
0x0000, 0x0000, 0x0000, 0x0020, 0x1080, 0xd500, 0xfe00, 0xfde0, 0xfe00, 0xfde0,
0xfde0, 0xfe00, 0xfde0, 0xfde0, 0x49c0, 0xccc0, 0x9380, 0x0000, 0x0000, 0x0000,
0x0000, 0x0000, 0x0000, 0x0000, 0x0000, 0x0000, 0x0000, 0x0000, 0x0000, 0x0000,
0x0000, 0x0000, 0x0000, 0x0000, 0x3120, 0xd500, 0xfe00, 0xfe00, 0xfde0, 0xfde0,
0xfe00, 0xfde0, 0xfe00, 0xfde0, 0xfe00, 0x9380, 0x0000, 0x0000, 0x0000, 0x0000,
0x0000, 0x0000, 0x0000, 0x0000, 0x0000, 0x0000, 0x0000, 0x0000, 0x0000, 0x0840,
0x8b40, 0xf600, 0x6aa0, 0x6260, 0xfe00, 0xfe00, 0xfde0, 0xfe00, 0xfde0, 0xfe00,
0xd500, 0x3960, 0xbc80, 0xdd40, 0x3120, 0x0000, 0x0000, 0x0000, 0x0000, 0x0000,
0x0000, 0x0000, 0x0000, 0x0000, 0x0000, 0x0000, 0x0000, 0x0000, 0x0000, 0x6a80,
0xed80, 0xe580, 0x20c0, 0x0000, 0x0000, 0x0000, 0x0000, 0x0000, 0x20c0, 0xdd20,
0x3960, 0xdd40, 0xfe00, 0xfde0, 0xfe00, 0xfde0, 0xfe20, 0x7ae0, 0x0000, 0x0000,
0x0000, 0x0000, 0x0000, 0x0000, 0x0000, 0x7ac0, 0xfde0, 0xfe00, 0xfde0, 0xfe00,
0xfde0, 0xfe00, 0xfde0, 0xfe00, 0xfde0, 0xfe00, 0xfde0, 0xfde0, 0xfe00, 0xfde0,
0xfe00, 0xfde0, 0xfe00, 0xfde0, 0xfe00, 0xfde0, 0xfde0, 0xfe00, 0xfde0, 0xfe00,
0xfde0, 0xfe00, 0xfde0, 0xfe00, 0xfde0, 0xfde0, 0xfe00, 0xfde0, 0xfe00, 0xfde0,
0xfe00, 0xfde0, 0xfe00, 0xfde0, 0xfde0, 0xfe00, 0xfde0, 0xfe00, 0xfde0, 0xfe00,
0xfde0, 0xfe00, 0xfde0, 0xfde0, 0xfe00, 0xfde0, 0xfe00, 0xfde0, 0xfe00, 0xfde0,
0xfe00, 0xfde0, 0xfde0, 0xfe00, 0xfde0, 0xfe00, 0xfde0, 0xfe00, 0xfde0, 0xfe00,
0xfde0, 0xfde0, 0xfe00, 0xfde0, 0xfe00, 0xfde0, 0xfe00, 0xfde0, 0xfde0, 0xfe00,

0xfe00, 0xfe00, 0xfe00, 0xfe40, 0xfe00, 0xfe00, 0xfde0, 0xfe00, 0xfde0, 0xfe00,
0xfde0, 0xfe00, 0xfde0, 0xfde0, 0xfe00, 0xfde0, 0xfe20, 0xfe40, 0xfe00, 0xbc80,
0x5a20, 0x18a0, 0x1880, 0x0840, 0x0000, 0x0020, 0x0820, 0x1080, 0x49c0, 0xac00,
0xf620, 0xfe80, 0xfe80, 0xfe40, 0xfe40, 0xfe20, 0xfe00, 0xfe00, 0xfde0, 0xfe00,
0xfe00, 0xfe40, 0xfe40, 0xfe80, 0xfe60, 0xac00, 0x20e0, 0x0000, 0x0000, 0x0000,
0x0000, 0x0000, 0x0000, 0x3960, 0x1080, 0xd500, 0xfe00, 0xfde0, 0xfe00, 0xfde0,
0xfde0, 0xfe00, 0xfe00, 0xfde0, 0x49c0, 0xccc0, 0x8b60, 0x0000, 0x0000, 0x0000,
0x0000, 0x0000, 0x0000, 0x0000, 0x0000, 0x0000, 0x0000, 0x0000, 0x0000, 0x0000,
0x0000, 0x0000, 0x0000, 0x0000, 0x0000, 0x49e0, 0xed80, 0xfe00, 0xfde0, 0xfde0,
0xfde0, 0xfe00, 0xfde0, 0xfe00, 0xb440, 0x1080, 0x0000, 0x0000, 0x0000, 0x0000,
0x0000, 0x0000, 0x0000, 0x0000, 0x0000, 0x0000, 0x0000, 0x0000, 0x0000, 0x0000,
0x0840, 0xbc80, 0xdd40, 0x49a0, 0xbc40, 0xfe00, 0xfe00, 0xfde0, 0xfe00, 0xfde0,
0x6240, 0x8b40, 0xedc0, 0x49a0, 0x0000, 0x0000, 0x0000, 0x0000, 0x0000, 0x0000,
0x0000, 0x0000, 0x0000, 0x0000, 0x0000, 0x0000, 0x0000, 0x0000, 0x0000, 0x0020,
0x72a0, 0xe580, 0x20c0, 0x0000, 0x0000, 0x0000, 0x0000, 0x0000, 0x20c0, 0xdd20,
0x3960, 0xdd40, 0xfe00, 0xfde0, 0xfe00, 0xfde0, 0xe560, 0x2920, 0x0000, 0x0000,
0x0000, 0x0000, 0x0000, 0x0000, 0x0020, 0xd4e0, 0xfe00, 0xfe00, 0xfde0, 0xfe00,
0xfde0, 0xfde0, 0xfde0, 0xfde0, 0xfe00, 0xfde0, 0xfe00, 0xfde0, 0xfe00, 0xfde0,
0xfde0, 0xfde0, 0xfde0, 0xfe00, 0xfde0, 0xfe00, 0xfde0, 0xfe00, 0xfde0, 0xfde0,
0xfde0, 0xfde0, 0xfe00, 0xfde0, 0xfe00, 0xfde0, 0xfe00, 0xfde0, 0xfde0, 0xfde0,
0xfde0, 0xfe00, 0xfde0, 0xfe00, 0xfde0, 0xfe00, 0xfde0, 0xfde0, 0xfde0, 0xfde0,
0xfe00, 0xfde0, 0xfe00, 0xfde0, 0xfe00, 0xfde0, 0xfde0, 0xfde0, 0xfde0, 0xfe00,
0xfde0, 0xfe00, 0xfde0, 0xfe00, 0xfde0, 0xfde0, 0xfde0, 0xfde0, 0xfe00, 0xfde0,
0xfe00, 0xfde0, 0xfe00, 0xfde0, 0xfde0, 0xfde0, 0xfde0, 0xfe00, 0xfde0, 0xfe00,

0xfe00, 0xfe20, 0xfe40, 0xfe40, 0xfe40, 0xfe20, 0xfe00, 0xfe00, 0xfde0, 0xfe00,
0xfde0, 0xfe00, 0xfde0, 0xfde0, 0xfe00, 0xfe00, 0xfe40, 0xfe40, 0xac00, 0x3120,
0x0000, 0x0000, 0x0000, 0x0000, 0x0000, 0x0840, 0x0820, 0x0000, 0x1080, 0x20e0,
0x9360, 0xede0, 0xfe60, 0xfe40, 0xfe00, 0xfe20, 0xfe20, 0xfe00, 0xfe00, 0xfe00,
0xfe20, 0xfe20, 0xfe80, 0xfe60, 0xe560, 0x3940, 0x0000, 0x0000, 0x0000, 0x0000,
0x0000, 0x0000, 0x0000, 0x5a40, 0x1080, 0xd500, 0xfe00, 0xfde0, 0xfe00, 0xfde0,
0xfde0, 0xfe00, 0xfde0, 0xfde0, 0x49c0, 0xccc0, 0x9380, 0x0000, 0x0000, 0x0000,
0x0000, 0x0000, 0x0000, 0x0000, 0x0000, 0x0000, 0x0000, 0x0000, 0x0000, 0x0000,
0x0000, 0x0000, 0x0000, 0x0000, 0x0000, 0x0020, 0x8b20, 0xfe00, 0xfe00, 0xfde0,
0xfe00, 0xfde0, 0xfe00, 0xe5a0, 0x3140, 0x0000, 0x0000, 0x0000, 0x0000, 0x0000,
0x0000, 0x0000, 0x0000, 0x0000, 0x0000, 0x0000, 0x0000, 0x0000, 0x0000, 0x0000,
0x0000, 0x3940, 0xe580, 0xbc80, 0x41a0, 0xed80, 0xfe00, 0xfde0, 0xfe00, 0xc4a0,
0x3960, 0xe580, 0x8b60, 0x0000, 0x0000, 0x0000, 0x0000, 0x0000, 0x0000, 0x0000,
0x0000, 0x0000, 0x0000, 0x0000, 0x0000, 0x0000, 0x0000, 0x0000, 0x0000, 0x0000,
0x4180, 0xdd80, 0x20c0, 0x0000, 0x0000, 0x0000, 0x0000, 0x0000, 0x20c0, 0xdd20,
0x3960, 0xdd40, 0xfe00, 0xfde0, 0xfe00, 0xfe00, 0xac00, 0x0840, 0x0000, 0x0000,
0x0000, 0x0000, 0x0000, 0x0000, 0x41a0, 0xfe00, 0xfe00, 0xfde0, 0xfe00, 0xfde0,
0xfe00, 0xfde0, 0xfe00, 0xfde0, 0xfe00, 0xfde0, 0xfde0, 0xfe00, 0xfde0, 0xfe00,
0xfde0, 0xfe00, 0xfde0, 0xfe00, 0xfde0, 0xfde0, 0xfe00, 0xfde0, 0xfe00, 0xfde0,
0xfe00, 0xfde0, 0xfe00, 0xfde0, 0xfde0, 0xfe00, 0xfde0, 0xfe00, 0xfde0, 0xfe00,
0xfde0, 0xfe00, 0xfde0, 0xfde0, 0xfe00, 0xfde0, 0xfe00, 0xfde0, 0xfe00, 0xfde0,
0xfe00, 0xfde0, 0xfde0, 0xfe00, 0xfde0, 0xfe00, 0xfde0, 0xfe00, 0xfde0, 0xfe00,
0xfde0, 0xfde0, 0xfe00, 0xfde0, 0xfe00, 0xfde0, 0xfe00, 0xfde0, 0xfe00, 0xfde0,
0xfde0, 0xfe00, 0xfde0, 0xfe00, 0xfde0, 0xfe00, 0xfde0, 0xfe00, 0xfde0, 0xfe00,

0x6260, 0x72a0, 0x8b40, 0xc4c0, 0xede0, 0xfe20, 0xfe20, 0xfe00, 0xfe00, 0xfde0,
0xfe00, 0xfde0, 0xfe00, 0xfde0, 0xfe00, 0xfe60, 0xfe20, 0xb460, 0x1080, 0x0000,
0x0000, 0x0000, 0x0000, 0x0000, 0x0000, 0x0000, 0x0000, 0x0000, 0x0000, 0x0000,
0x0840, 0x72a0, 0xdd40, 0xf600, 0xf620, 0xf5c0, 0xf5e0, 0xfe00, 0xfe00, 0xfe20,
0xfe40, 0xfe40, 0xfe60, 0xf600, 0x7ae0, 0x0000, 0x0000, 0x0000, 0x0000, 0x0000,
0x0000, 0x0000, 0x0000, 0x5a60, 0x1080, 0xd500, 0xfe00, 0xfde0, 0xfe00, 0xfde0,
0xfde0, 0xfe00, 0xfe00, 0xfde0, 0x49c0, 0xccc0, 0x8b60, 0x0000, 0x0000, 0x0000,
0x0000, 0x0000, 0x0000, 0x0000, 0x0000, 0x0000, 0x0000, 0x0000, 0x0000, 0x0000,
0x0000, 0x0000, 0x0000, 0x0000, 0x0000, 0x0000, 0x0840, 0xe560, 0xfe00, 0xfde0,
0xfe00, 0xfde0, 0xfe00, 0x72a0, 0x0000, 0x0000, 0x0000, 0x0000, 0x0000, 0x0000,
0x0000, 0x0000, 0x0000, 0x0000, 0x0000, 0x0000, 0x0000, 0x0000, 0x0000, 0x0000,
0x0000, 0x0000, 0x72c0, 0xfe00, 0x49c0, 0xa3e0, 0xfe00, 0xfe00, 0xeda0, 0x41a0,
0xb480, 0xcce0, 0x1880, 0x0000, 0x0000, 0x0000, 0x0000, 0x0000, 0x0000, 0x0000,
0x0000, 0x0000, 0x0000, 0x0000, 0x0000, 0x0000, 0x0000, 0x0000, 0x0000, 0x0000,
0x4180, 0xdd80, 0x20c0, 0x0000, 0x0000, 0x0000, 0x0000, 0x0000, 0x20c0, 0xdd20,
0x3960, 0xdd40, 0xfe00, 0xfde0, 0xfe00, 0xfe20, 0x49a0, 0x0000, 0x0000, 0x0000,
0x0000, 0x0000, 0x0000, 0x0840, 0xac00, 0xfe00, 0xfe00, 0xfde0, 0xfe00, 0xfde0,
0xfe00, 0xfde0, 0xfe00, 0xfde0, 0xfde0, 0xfe00, 0xfde0, 0xfe00, 0xfde0, 0xfe00,
0xfde0, 0xfe00, 0xfde0, 0xfde0, 0xfe00, 0xfde0, 0xfe00, 0xfde0, 0xfe00, 0xfde0,
0xfe00, 0xfde0, 0xfde0, 0xfe00, 0xfde0, 0xfe00, 0xfde0, 0xfe00, 0xfde0, 0xfe00,
0xfde0, 0xfde0, 0xfe00, 0xfde0, 0xfe00, 0xfde0, 0xfe00, 0xfde0, 0xfe00, 0xfde0,
0xfde0, 0xfe00, 0xfde0, 0xfe00, 0xfde0, 0xfe00, 0xfde0, 0xfe00, 0xfde0, 0xfde0,
0xfe00, 0xfde0, 0xfe00, 0xfde0, 0xfe00, 0xfde0, 0xfe00, 0xfde0, 0xfde0, 0xfe00,
0xfde0, 0xfe00, 0xfde0, 0xfe00, 0xfde0, 0xfe00, 0xfde0, 0xfde0, 0xfe00, 0xfde0,

0x0020, 0x0020, 0x0020, 0x18a0, 0x6a80, 0xcce0, 0xfe20, 0xfe20, 0xfe00, 0xfe00,
0xfde0, 0xfe00, 0xfde0, 0xfe00, 0xfe00, 0xfe40, 0xd500, 0x3940, 0x0000, 0x0000,
0x0000, 0x0000, 0x0000, 0x0000, 0x0000, 0x0000, 0x0000, 0x0000, 0x0000, 0x0000,
0x0000, 0x1060, 0x8320, 0xfe20, 0xfe40, 0xf620, 0xfe00, 0xf600, 0xed80, 0xede0,
0xfe00, 0xfe20, 0xfe20, 0xcce0, 0x20e0, 0x0000, 0x0000, 0x0000, 0x0000, 0x0000,
0x0000, 0x0000, 0x0000, 0x5a60, 0x1080, 0xd500, 0xfe00, 0xfde0, 0xfe00, 0xfde0,
0xfde0, 0xfe00, 0xfde0, 0xfde0, 0x49c0, 0xccc0, 0x9380, 0x0000, 0x0000, 0x0000,
0x0000, 0x0000, 0x0000, 0x0000, 0x0000, 0x0000, 0x0000, 0x0000, 0x0000, 0x0000,
0x0000, 0x0000, 0x0000, 0x0000, 0x0000, 0x0000, 0x0000, 0x8b40, 0xfde0, 0xfe00,
0xfde0, 0xfe00, 0xe560, 0x1060, 0x0000, 0x0000, 0x0000, 0x0000, 0x0000, 0x0000,
0x0000, 0x0000, 0x0000, 0x0000, 0x0000, 0x0000, 0x0000, 0x0000, 0x0000, 0x0000,
0x0000, 0x0000, 0x20c0, 0xcd20, 0xac00, 0x5200, 0xf5c0, 0xfe00, 0xb440, 0x41a0,
0xf5e0, 0x6a80, 0x0000, 0x0000, 0x0000, 0x0000, 0x0000, 0x0000, 0x0000, 0x0000,
0x0000, 0x0000, 0x0000, 0x0000, 0x0000, 0x0000, 0x0000, 0x0000, 0x0000, 0x0000,
0x4180, 0xdd80, 0x20c0, 0x0000, 0x0000, 0x0000, 0x0000, 0x0000, 0x20c0, 0xdd20,
0x3960, 0xdd40, 0xfe00, 0xfde0, 0xfe00, 0xdd40, 0x0820, 0x0000, 0x0000, 0x0000,
0x0000, 0x0000, 0x0000, 0x3140, 0xe560, 0xfe00, 0xfe00, 0xfde0, 0xfde0, 0xfde0,
0xfde0, 0xfe00, 0xfde0, 0xfe00, 0xfde0, 0xfe00, 0xfde0, 0xfde0, 0xfde0, 0xfde0,
0xfe00, 0xfde0, 0xfe00, 0xfde0, 0xfe00, 0xfde0, 0xfde0, 0xfde0, 0xfde0, 0xfe00,
0xfde0, 0xfe00, 0xfde0, 0xfe00, 0xfde0, 0xfde0, 0xfde0, 0xfde0, 0xfe00, 0xfde0,
0xfe00, 0xfde0, 0xfe00, 0xfde0, 0xfde0, 0xfde0, 0xfde0, 0xfe00, 0xfde0, 0xfe00,
0xfde0, 0xfe00, 0xfde0, 0xfde0, 0xfde0, 0xfde0, 0xfe00, 0xfde0, 0xfe00, 0xfde0,
0xfe00, 0xfde0, 0xfde0, 0xfde0, 0xfde0, 0xfe00, 0xfde0, 0xfe00, 0xfde0, 0xfe00,
0xfde0, 0xfde0, 0xfde0, 0xfde0, 0xfe00, 0xfde0, 0xfe00, 0xfde0, 0xfde0, 0xfde0,

0x0000, 0x0000, 0x0000, 0x0000, 0x0000, 0x3960, 0xd500, 0xfe20, 0xfe20, 0xfe00,
0xfe00, 0xfde0, 0xfe00, 0xfe00, 0xfe60, 0xf5e0, 0x72c0, 0x0000, 0x0000, 0x0000,
0x0000, 0x0000, 0x0000, 0x0000, 0x0000, 0x0000, 0x0000, 0x0000, 0x0000, 0x0000,
0x0000, 0x0000, 0x1060, 0xccc0, 0xfe40, 0xfe60, 0xfe20, 0xfe40, 0xfe20, 0xfe40,
0xfe00, 0xf620, 0xf600, 0x8b60, 0x1060, 0x0020, 0x0000, 0x0000, 0x0000, 0x0000,
0x0000, 0x0000, 0x0000, 0x5a40, 0x1080, 0xd500, 0xfe00, 0xfde0, 0xfe00, 0xfde0,
0xfde0, 0xfe00, 0xfde0, 0xfde0, 0x49c0, 0xcd00, 0x9360, 0x0000, 0x0000, 0x0000,
0x0000, 0x0000, 0x0000, 0x0000, 0x0000, 0x0000, 0x0000, 0x0000, 0x0000, 0x0000,
0x0000, 0x0000, 0x0000, 0x0000, 0x0000, 0x0000, 0x0000, 0x41a0, 0xed80, 0xfe00,
0xfde0, 0xfde0, 0x8b20, 0x0000, 0x0000, 0x0000, 0x0000, 0x0000, 0x0000, 0x0000,
0x0000, 0x0000, 0x0000, 0x0000, 0x0000, 0x0000, 0x0000, 0x0000, 0x0000, 0x0000,
0x0000, 0x0000, 0x0000, 0x7ae0, 0xede0, 0x41a0, 0xc4a0, 0xfe00, 0x6260, 0x9b80,
0xd520, 0x20c0, 0x0000, 0x0000, 0x0000, 0x0000, 0x0000, 0x0000, 0x0000, 0x0000,
0x0000, 0x0000, 0x0000, 0x0000, 0x0000, 0x0000, 0x0000, 0x0000, 0x0000, 0x0000,
0x4180, 0xdd80, 0x20c0, 0x0000, 0x0000, 0x0000, 0x0000, 0x0000, 0x20c0, 0xdd20,
0x3960, 0xdd40, 0xfe00, 0xfde0, 0xfde0, 0x8b60, 0x0000, 0x0000, 0x0000, 0x0000,
0x0000, 0x0000, 0x0000, 0x8300, 0xfe00, 0xfe00, 0xfde0, 0xfe00, 0xfde0, 0xfe00,
0xfde0, 0xfe00, 0xfde0, 0xfde0, 0xfe00, 0xfde0, 0xfe00, 0xfde0, 0xfe00, 0xfde0,
0xfe00, 0xfde0, 0xfde0, 0xfe00, 0xfde0, 0xfe00, 0xfde0, 0xfe00, 0xfde0, 0xfe00,
0xfde0, 0xfde0, 0xfe00, 0xfde0, 0xfe00, 0xfde0, 0xfe00, 0xfde0, 0xfe00, 0xfde0,
0xfde0, 0xfe00, 0xfde0, 0xfe00, 0xfde0, 0xfe00, 0xfde0, 0xfe00, 0xfde0, 0xfde0,
0xfe00, 0xfde0, 0xfe00, 0xfde0, 0xfe00, 0xfde0, 0xfe00, 0xfde0, 0xfde0, 0xfe00,
0xfde0, 0xfe00, 0xfde0, 0xfe00, 0xfde0, 0xfe00, 0xfde0, 0xfde0, 0xfe00, 0xfde0,
0xfe00, 0xfde0, 0xfe00, 0xfde0, 0xfe00, 0xfde0, 0xfde0, 0xfde0, 0xfde0, 0xfe00,

0x0000, 0x0000, 0x0000, 0x0000, 0x0000, 0x0000, 0x3980, 0xd500, 0xfe40, 0xfe00,
0xfe00, 0xfde0, 0xfe00, 0xfe20, 0xfe20, 0xbca0, 0x1080, 0x0000, 0x0000, 0x0000,
0x0000, 0x0000, 0x0000, 0x0000, 0x0000, 0x0000, 0x0000, 0x0000, 0x0000, 0x0000,
0x0000, 0x0000, 0x0000, 0x4180, 0xe580, 0xfe40, 0xfe40, 0xfe00, 0xfe40, 0xfe20,
0xfe60, 0xfe80, 0xe5a0, 0x3140, 0x0000, 0x0000, 0x0840, 0x1060, 0x0020, 0x0020,
0x0840, 0x0840, 0x3140, 0x9380, 0x1080, 0xd500, 0xfe00, 0xfde0, 0xfe00, 0xfde0,
0xfde0, 0xfe00, 0xfde0, 0xfe00, 0xd500, 0xf5a0, 0x8b60, 0x0000, 0x0000, 0x0000,
0x0000, 0x0000, 0x0000, 0x0000, 0x0000, 0x0000, 0x0000, 0x0000, 0x0000, 0x0000,
0x0000, 0x0000, 0x0000, 0x0000, 0x0000, 0x0000, 0x0000, 0x0840, 0xccc0, 0xfe00,
0xfe00, 0xe540, 0x2900, 0x0000, 0x0000, 0x0000, 0x0000, 0x0000, 0x0000, 0x0000,
0x0000, 0x0000, 0x0000, 0x0000, 0x0000, 0x0000, 0x0000, 0x0000, 0x0000, 0x0000,
0x0000, 0x0000, 0x0000, 0x1880, 0xf5c0, 0x8b60, 0x6a80, 0xd540, 0x49a0, 0xe5c0,
0x72c0, 0x0000, 0x0000, 0x0000, 0x0000, 0x0000, 0x0000, 0x0000, 0x0000, 0x0000,
0x0000, 0x0000, 0x0000, 0x0000, 0x0000, 0x0000, 0x0000, 0x0000, 0x0000, 0x0000,
0x4180, 0xdd80, 0x20c0, 0x0000, 0x0000, 0x0000, 0x0000, 0x0000, 0x20c0, 0xdd20,
0x3960, 0xdd40, 0xfe00, 0xfe00, 0xe580, 0x3140, 0x0000, 0x0000, 0x0000, 0x0000,
0x0000, 0x0000, 0x20c0, 0xdd40, 0xfe00, 0xfe00, 0xfde0, 0xfe00, 0xfde0, 0xfde0,
0xfe00, 0xfde0, 0xfe00, 0xfde0, 0xfe00, 0xfde0, 0xfe00, 0xfde0, 0xfde0, 0xfe00,
0xfde0, 0xfe00, 0xfde0, 0xfe00, 0xfde0, 0xfe00, 0xfde0, 0xfde0, 0xfe00, 0xfde0,
0xfe00, 0xfde0, 0xfe00, 0xfde0, 0xfe00, 0xfde0, 0xfde0, 0xfe00, 0xfde0, 0xfe00,
0xfde0, 0xfe00, 0xfde0, 0xfe00, 0xfde0, 0xfde0, 0xfe00, 0xfde0, 0xfe00, 0xfde0,
0xfe00, 0xfde0, 0xfe00, 0xfde0, 0xfde0, 0xfe00, 0xfde0, 0xfe00, 0xfde0, 0xfe00,
0xfde0, 0xfe00, 0xfde0, 0xfde0, 0xfe00, 0xfde0, 0xfe00, 0xfde0, 0xfe00, 0xfde0,
0xfe00, 0xfde0, 0xfde0, 0xfe00, 0xfde0, 0xfe00, 0xfde0, 0xfe00, 0xfde0, 0xfe00,

0x0000, 0x0000, 0x0000, 0x0000, 0x0000, 0x0000, 0x0000, 0x6a80, 0xf5c0, 0xfe40,
0xfe00, 0xfe00, 0xfe00, 0xfe40, 0xfe20, 0x6260, 0x0000, 0x0000, 0x0000, 0x0000,
0x0000, 0x0000, 0x0000, 0x0000, 0x0000, 0x0000, 0x0000, 0x0000, 0x0000, 0x0000,
0x0000, 0x0000, 0x0000, 0x0840, 0x9380, 0xf620, 0xfe60, 0xfe20, 0xfe60, 0xfe40,
0xfe60, 0xfe80, 0xb440, 0x1060, 0x0000, 0x0000, 0x0000, 0x0000, 0x0000, 0x0020,
0x2900, 0xa3c0, 0xdd40, 0xedc0, 0x1080, 0xd500, 0xfe00, 0xfde0, 0xfe00, 0xfde0,
0xfde0, 0xfe00, 0xfde0, 0xfe00, 0xfe00, 0xfe00, 0x8b60, 0x0000, 0x0000, 0x0000,
0x0000, 0x0000, 0x0000, 0x0000, 0x0840, 0x0840, 0x0840, 0x0840, 0x0000, 0x0000,
0x0000, 0x0000, 0x0000, 0x0000, 0x0000, 0x0000, 0x0000, 0x0000, 0xa3c0, 0xfe00,
0xfe00, 0xac00, 0x0000, 0x0000, 0x0000, 0x0000, 0x0000, 0x0000, 0x0000, 0x0000,
0x1060, 0x51e0, 0xa3e0, 0x9bc0, 0x5a20, 0x0840, 0x0000, 0x0000, 0x0000, 0x0000,
0x0000, 0x0000, 0x0000, 0x0000, 0xac20, 0xd4e0, 0x3140, 0x8b40, 0x72a0, 0xf5e0,
0x20e0, 0x0000, 0x0000, 0x0000, 0x0000, 0x0000, 0x0000, 0x0000, 0x0000, 0x0000,
0x28e0, 0x6260, 0x72e0, 0x49e0, 0x1880, 0x0000, 0x0000, 0x0000, 0x0000, 0x0000,
0x4180, 0xdd80, 0x20c0, 0x0000, 0x0000, 0x0000, 0x0000, 0x0000, 0x20c0, 0xdd20,
0x3960, 0xdd40, 0xfe00, 0xfe00, 0xac20, 0x0020, 0x0000, 0x0000, 0x0000, 0x0000,
0x0000, 0x0000, 0x6a60, 0xf5e0, 0xfe00, 0xfde0, 0xfe00, 0xfde0, 0xfde0, 0xfde0,
0xfde0, 0xfe00, 0xfde0, 0xfe00, 0xfde0, 0xfe00, 0xfde0, 0xfde0, 0xfde0, 0xfde0,
0xfe00, 0xfde0, 0xfe00, 0xfde0, 0xfe00, 0xfde0, 0xfde0, 0xfde0, 0xfde0, 0xfe00,
0xfde0, 0xfe00, 0xfde0, 0xfe00, 0xfde0, 0xfde0, 0xfde0, 0xfde0, 0xfe00, 0xfde0,
0xfe00, 0xfde0, 0xfe00, 0xfde0, 0xfde0, 0xfde0, 0xfde0, 0xfe00, 0xfde0, 0xfe00,
0xfde0, 0xfe00, 0xfde0, 0xfde0, 0xfde0, 0xfde0, 0xfe00, 0xfde0, 0xfe00, 0xfde0,
0xfe00, 0xfde0, 0xfde0, 0xfde0, 0xfde0, 0xfe00, 0xfde0, 0xfe00, 0xfde0, 0xfe00,
0xfde0, 0xfde0, 0xfde0, 0xfde0, 0xfe00, 0xfde0, 0xfe00, 0xfde0, 0xfde0, 0xfde0,

0x0000, 0x0000, 0x0000, 0x0000, 0x0000, 0x0000, 0x0000, 0x1880, 0xb440, 0xfe00,
0xfe40, 0xfde0, 0xfe20, 0xfe20, 0xdd60, 0x20c0, 0x0000, 0x0000, 0x0000, 0x0000,
0x0000, 0x0000, 0x0000, 0x0000, 0x0840, 0x1880, 0x1060, 0x0000, 0x0000, 0x0000,
0x0000, 0x0000, 0x0000, 0x0000, 0x3960, 0xd540, 0xfe80, 0xfe60, 0xfe40, 0xfe80,
0xfe80, 0xfe40, 0x7ae0, 0x0820, 0x0000, 0x0000, 0x0000, 0x0000, 0x0000, 0x28e0,
0xb440, 0xfe20, 0xfe60, 0xfe20, 0x1080, 0xd500, 0xfe00, 0xfde0, 0xfe00, 0xfde0,
0xfde0, 0xfe00, 0xfde0, 0xfe00, 0xfde0, 0xfe00, 0x8b60, 0x0000, 0x0000, 0x0000,
0x0000, 0x0000, 0x0000, 0x49e0, 0xac40, 0xac20, 0xac20, 0xac20, 0x8320, 0x28e0,
0x0000, 0x0000, 0x0000, 0x0000, 0x0000, 0x0000, 0x0000, 0x0000, 0x72e0, 0xfe20,
0xfe00, 0x6260, 0x0000, 0x0000, 0x0000, 0x0000, 0x0000, 0x0000, 0x0000, 0x0840,
0x9380, 0xf5e0, 0xdd40, 0xedc0, 0xfe00, 0x9360, 0x0840, 0x0000, 0x0000, 0x0000,
0x0000, 0x0000, 0x0000, 0x0000, 0x6240, 0xe5c0, 0x49c0, 0x18c0, 0xb440, 0xc4e0,
0x0000, 0x0000, 0x0000, 0x0000, 0x0000, 0x0000, 0x0000, 0x0000, 0x0000, 0x72a0,
0xdd40, 0xfe20, 0xfe00, 0xfde0, 0xccc0, 0x3120, 0x0000, 0x0000, 0x0000, 0x0000,
0x4180, 0xdd80, 0x20c0, 0x0000, 0x0000, 0x0000, 0x0000, 0x0000, 0x20c0, 0xdd20,
0x3960, 0xdd40, 0xfe00, 0xfe00, 0x5a20, 0x0000, 0x0000, 0x0000, 0x0000, 0x0000,
0x0000, 0x0000, 0xc4c0, 0xfe00, 0xfe00, 0xfde0, 0xfe00, 0xfde0, 0xfde0, 0xfe00,
0xfde0, 0xfe00, 0xfde0, 0xfe00, 0xfde0, 0xfe00, 0xfde0, 0xfde0, 0xfe00, 0xfde0,
0xfe00, 0xfde0, 0xfe00, 0xfde0, 0xfe00, 0xfde0, 0xfde0, 0xfe00, 0xfde0, 0xfe00,
0xfde0, 0xfe00, 0xfde0, 0xfe00, 0xfde0, 0xfde0, 0xfe00, 0xfde0, 0xfe00, 0xfde0,
0xfe00, 0xfde0, 0xfe00, 0xfde0, 0xfde0, 0xfe00, 0xfde0, 0xfe00, 0xfde0, 0xfe00,
0xfde0, 0xfe00, 0xfde0, 0xfde0, 0xfe00, 0xfde0, 0xfe00, 0xfde0, 0xfe00, 0xfde0,
0xfe00, 0xfde0, 0xfde0, 0xfe00, 0xfde0, 0xfe00, 0xfde0, 0xfe00, 0xfde0, 0xfe00,
0xfde0, 0xfde0, 0xfe00, 0xfde0, 0xfe00, 0xfde0, 0xfe00, 0xfde0, 0xfe00, 0xfde0,

0x0000, 0x0000, 0x0000, 0x0000, 0x0000, 0x0000, 0x0000, 0x0000, 0x51e0, 0xedc0,
0xfe20, 0xfe00, 0xfe00, 0xfe20, 0x9ba0, 0x0020, 0x0000, 0x0000, 0x0000, 0x0000,
0x0000, 0x1060, 0x6260, 0xc4c0, 0xe580, 0xe580, 0xc4a0, 0x6a80, 0x1080, 0x0000,
0x0000, 0x0000, 0x0000, 0x0000, 0x0840, 0x8320, 0xfe20, 0xfe40, 0xe560, 0xdd60,
0xfe60, 0xee00, 0x49c0, 0x0000, 0x0000, 0x0000, 0x0000, 0x0000, 0x1060, 0x9ba0,
0xfe20, 0xfe20, 0xfe20, 0xfe00, 0x1080, 0xd500, 0xfe00, 0xfde0, 0xfe00, 0xfde0,
0xfde0, 0xfe00, 0xfde0, 0xfe00, 0xfde0, 0xfe00, 0x9360, 0x0000, 0x0000, 0x0000,
0x0000, 0x0000, 0x0000, 0x3120, 0x72c0, 0x72a0, 0x72a0, 0x7ae0, 0xbc80, 0xe580,
0x49c0, 0x0000, 0x0000, 0x0000, 0x0000, 0x0000, 0x0000, 0x0000, 0x5a20, 0xfe00,
0xe580, 0x2900, 0x0000, 0x0000, 0x0000, 0x0000, 0x0000, 0x0000, 0x0000, 0x8340,
0xfde0, 0xfde0, 0x20e0, 0x2900, 0x8b40, 0xfe00, 0x8b40, 0x0000, 0x0000, 0x0000,
0x0000, 0x0000, 0x0000, 0x0000, 0x20e0, 0xdd40, 0x9380, 0x20e0, 0xdd80, 0x7ae0,
0x0000, 0x0000, 0x0000, 0x0000, 0x0000, 0x0000, 0x0000, 0x0020, 0x7ae0, 0xfe00,
0xf5c0, 0xac20, 0xcce0, 0xfe00, 0xfe00, 0xed80, 0x49e0, 0x0000, 0x0000, 0x0000,
0x4180, 0xdd80, 0x20c0, 0x0000, 0x0000, 0x0000, 0x0000, 0x0000, 0x20c0, 0xdd20,
0x3960, 0xdd40, 0xfe00, 0xcd00, 0x18a0, 0x0000, 0x0000, 0x0000, 0x0000, 0x0000,
0x0000, 0x41a0, 0xfe20, 0xfe00, 0xfe00, 0xfe00, 0xfe00, 0xfe20, 0xfde0, 0xfe00,
0xfde0, 0xfde0, 0xfe00, 0xfde0, 0xfe00, 0xfde0, 0xfe00, 0xfde0, 0xfe00, 0xfde0,
0xfde0, 0xfe00, 0xfde0, 0xfe00, 0xfde0, 0xfe00, 0xfde0, 0xfe00, 0xfde0, 0xfde0,
0xfe00, 0xfde0, 0xfe00, 0xfde0, 0xfe00, 0xfde0, 0xfe00, 0xfde0, 0xfde0, 0xfe00,
0xfde0, 0xfe00, 0xfde0, 0xfe00, 0xfde0, 0xfe00, 0xfde0, 0xfde0, 0xfe00, 0xfde0,
0xfe00, 0xfde0, 0xfe00, 0xfde0, 0xfe00, 0xfde0, 0xfde0, 0xfe00, 0xfde0, 0xfe00,
0xfde0, 0xfe00, 0xfde0, 0xfe00, 0xfde0, 0xfde0, 0xfe00, 0xfde0, 0xfe00, 0xfde0,
0xfe00, 0xfde0, 0xfe00, 0xfde0, 0xfde0, 0xfe00, 0xfde0, 0xfe00, 0xfde0, 0xfe00,

0x0000, 0x0000, 0x0000, 0x0000, 0x0000, 0x0000, 0x0000, 0x0000, 0x1080, 0xc4a0,
0xfe20, 0xfe20, 0xfe40, 0xedc0, 0x6240, 0x0000, 0x0000, 0x0000, 0x0000, 0x0000,
0x0840, 0x8300, 0xe5a0, 0xfe60, 0xfe80, 0xfe60, 0xfe40, 0xed80, 0x8b40, 0x1080,
0x0000, 0x0000, 0x0000, 0x0000, 0x0000, 0x3940, 0xeda0, 0xfe40, 0xeda0, 0xdd40,
0xfe40, 0xdd60, 0x20e0, 0x0000, 0x0000, 0x0000, 0x0000, 0x0000, 0x41a0, 0xe560,
0xfe40, 0xfe00, 0xfe20, 0xf600, 0x1080, 0xd500, 0xfe00, 0xfde0, 0xfe00, 0xfde0,
0xfde0, 0xfe00, 0xfde0, 0xfe00, 0xfde0, 0xfe00, 0x9360, 0x0000, 0x0000, 0x0000,
0x0000, 0x0000, 0x0000, 0x49a0, 0xac00, 0xac00, 0xac00, 0x93a0, 0x3960, 0x93a0,
0xc4c0, 0x0020, 0x0000, 0x0000, 0x0000, 0x0000, 0x0000, 0x0000, 0x51e0, 0xfde0,
0xbc80, 0x1060, 0x0000, 0x0000, 0x0000, 0x0000, 0x0000, 0x0000, 0x28e0, 0xf5a0,
0xfe00, 0xfde0, 0x3940, 0xac20, 0x41a0, 0xac00, 0xdd60, 0x3140, 0x0000, 0x0000,
0x0000, 0x0000, 0x0000, 0x0000, 0x0840, 0xbc80, 0xdd40, 0x8b20, 0xe580, 0x49a0,
0x0000, 0x0000, 0x0000, 0x0000, 0x0000, 0x0000, 0x0000, 0x41a0, 0xe580, 0xed80,
0x6a80, 0x5200, 0xd500, 0xfe00, 0xfe00, 0xfe00, 0xdd20, 0x4180, 0x0000, 0x0000,
0x4180, 0xdd80, 0x20c0, 0x0000, 0x0000, 0x0000, 0x0000, 0x0000, 0x20c0, 0xdd20,
0x3960, 0xdd40, 0xfe00, 0x8300, 0x0000, 0x0000, 0x0000, 0x0000, 0x0000, 0x0000,
0x0000, 0x41a0, 0x8340, 0x8320, 0x8320, 0x8320, 0x8320, 0x8320, 0xc4a0, 0xfe00,
0xfde0, 0xfe00, 0xfde0, 0xfe00, 0xfde0, 0xfde0, 0xfde0, 0xfde0, 0xfde0, 0xfde0,
0xfe00, 0xfde0, 0xfe00, 0xfde0, 0xfde0, 0xfde0, 0xfde0, 0xfde0, 0xfde0, 0xfe00,
0xfde0, 0xfe00, 0xfde0, 0xfde0, 0xfde0, 0xfde0, 0xfde0, 0xfde0, 0xfe00, 0xfde0,
0xfe00, 0xfde0, 0xfde0, 0xfde0, 0xfde0, 0xfde0, 0xfde0, 0xfe00, 0xfde0, 0xfe00,
0xfde0, 0xfde0, 0xfde0, 0xfde0, 0xfde0, 0xfde0, 0xfe00, 0xfde0, 0xfe00, 0xfde0,
0xfde0, 0xfde0, 0xfde0, 0xfde0, 0xfde0, 0xfe00, 0xfde0, 0xfe00, 0xfde0, 0xfde0,
0xfde0, 0xfde0, 0xfde0, 0xfde0, 0xfe00, 0xfde0, 0xfe00, 0xfde0, 0xfde0, 0xfe00,

0x0820, 0x0000, 0x0000, 0x0000, 0x0000, 0x0000, 0x0000, 0x0000, 0x0000, 0x8320,
0xf620, 0xfe40, 0xfe40, 0xdd40, 0x3140, 0x0000, 0x0000, 0x0000, 0x0000, 0x0000,
0x3980, 0xe5a0, 0xfe40, 0xfe60, 0xfe00, 0xfe20, 0xfe40, 0xfe40, 0xedc0, 0x6a60,
0x0000, 0x0000, 0x0000, 0x0000, 0x0000, 0x0840, 0xb440, 0xfe60, 0xfe40, 0xf600,
0xfe60, 0xcce0, 0x0020, 0x0000, 0x0000, 0x0000, 0x0000, 0x0000, 0x9380, 0xfe40,
0xfe40, 0xfe40, 0xfe40, 0xf600, 0x1080, 0xd500, 0xfe00, 0xfde0, 0xfe00, 0xfde0,
0xfde0, 0xfe00, 0xfde0, 0xfe00, 0xfde0, 0xfe00, 0x9360, 0x0000, 0x0000, 0x0000,
0x0000, 0x0000, 0x0000, 0x6aa0, 0xfe00, 0xfe20, 0xfe00, 0xfe20, 0xc4a0, 0x4180,
0xe580, 0x3120, 0x0000, 0x0000, 0x0000, 0x0000, 0x0000, 0x0000, 0x3960, 0xedc0,
0x8b40, 0x0000, 0x0000, 0x0000, 0x0000, 0x0000, 0x0000, 0x0000, 0x8320, 0xfe00,
0xfe00, 0xfde0, 0x3960, 0xdd40, 0xccc0, 0x3140, 0xe560, 0x8b60, 0x0000, 0x0000,
0x0000, 0x0000, 0x0000, 0x0000, 0x0000, 0x8b40, 0xfe00, 0xfe00, 0xdd40, 0x18a0,
0x0000, 0x0000, 0x0000, 0x0000, 0x0000, 0x0000, 0x0820, 0xb440, 0xfe00, 0x7b00,
0x6260, 0xedc0, 0xfe00, 0xfde0, 0xfe00, 0xfde0, 0xfe00, 0xcce0, 0x0840, 0x0000,
0x4180, 0xdd80, 0x20c0, 0x0000, 0x0000, 0x0000, 0x0000, 0x0000, 0x20c0, 0xdd20,
0x3960, 0xdd40, 0xfe00, 0x2900, 0x0000, 0x0000, 0x0000, 0x0000, 0x0000, 0x0000,
0x0862, 0x31c7, 0x39c7, 0x39e7, 0x39c7, 0x39c7, 0x39c7, 0x10a2, 0x8340, 0xfe00,
0xfe00, 0xfde0, 0xfe00, 0xfde0, 0xfde0, 0xfe00, 0xfde0, 0xfe00, 0xfde0, 0xfe00,
0xfde0, 0xfe00, 0xfde0, 0xfde0, 0xfe00, 0xfde0, 0xfe00, 0xfde0, 0xfe00, 0xfde0,
0xfe00, 0xfde0, 0xfde0, 0xfe00, 0xfde0, 0xfe00, 0xfde0, 0xfe00, 0xfde0, 0xfe00,
0xfde0, 0xfde0, 0xfe00, 0xfde0, 0xfe00, 0xfde0, 0xfe00, 0xfde0, 0xfe00, 0xfde0,
0xfde0, 0xfe00, 0xfde0, 0xfe00, 0xfde0, 0xfe00, 0xfde0, 0xfe00, 0xfde0, 0xfde0,
0xfe00, 0xfde0, 0xfe00, 0xfde0, 0xfe00, 0xfde0, 0xfe00, 0xfde0, 0xfde0, 0xfe00,
0xfde0, 0xfe00, 0xfde0, 0xfe00, 0xfde0, 0xfe00, 0xfde0, 0xfde0, 0xfe00, 0xfde0,

0xbca0, 0x9380, 0x3140, 0x0000, 0x0000, 0x0000, 0x0000, 0x0000, 0x0000, 0x49c0,
0xede0, 0xfe40, 0xfe40, 0xbc80, 0x1080, 0x0000, 0x0000, 0x0000, 0x0000, 0x1060,
0xa3e0, 0xfe60, 0xfe40, 0xfe00, 0xfde0, 0xfe40, 0xfe00, 0xfe60, 0xfe40, 0xe580,
0x18a0, 0x0000, 0x0000, 0x0000, 0x0000, 0x0000, 0x6260, 0xf5e0, 0xfe20, 0xfe40,
0xfe20, 0xac00, 0x0000, 0x0000, 0x0000, 0x0000, 0x0000, 0x1060, 0xdd40, 0xfe40,
0xfe60, 0xfe00, 0xfe40, 0xf5e0, 0x1080, 0xd500, 0xfe00, 0xfde0, 0xfde0, 0xd500,
0xbca0, 0xe580, 0xfe00, 0xfe00, 0xfde0, 0xfe00, 0x8b60, 0x0000, 0x0000, 0x0000,
0x0000, 0x0000, 0x0000, 0x6aa0, 0xfe00, 0xfe00, 0xfde0, 0xfe00, 0xfe00, 0x5200,
0xb460, 0x6260, 0x0000, 0x0000, 0x0000, 0x0000, 0x0000, 0x0000, 0x3960, 0xede0,
0x5200, 0x0000, 0x0000, 0x0000, 0x0000, 0x0000, 0x0000, 0x18a0, 0xd520, 0xfe00,
0xfe00, 0xfde0, 0x3960, 0xdd40, 0xfe20, 0x5a20, 0x9bc0, 0xe5a0, 0x0820, 0x0000,
0x0000, 0x0000, 0x0000, 0x0000, 0x0000, 0x51e0, 0xfe00, 0xfe00, 0xb440, 0x0820,
0x0000, 0x0000, 0x0000, 0x0000, 0x0000, 0x0000, 0x49c0, 0xedc0, 0xdd60, 0x3120,
0xdd40, 0xfe00, 0xfe00, 0xfde0, 0xfe00, 0xfde0, 0xfe00, 0xfe00, 0x9360, 0x0820,
0x4180, 0xdd80, 0x20c0, 0x0000, 0x0000, 0x0000, 0x0000, 0x0000, 0x20c0, 0xdd20,
0x3960, 0xdd40, 0xbc80, 0x0000, 0x0000, 0x0000, 0x0000, 0x0000, 0x0000, 0x0000,
0x5b2d, 0xbe5a, 0xb63a, 0xb63a, 0xbe5a, 0xbe5a, 0xbe3a, 0x4249, 0x8340, 0xfe00,
0xfe00, 0xfde0, 0xfde0, 0xfe00, 0xfde0, 0xfe00, 0xfde0, 0xfe00, 0xfde0, 0xfe00,
0xfde0, 0xfde0, 0xfe00, 0xfde0, 0xfe00, 0xfde0, 0xfe00, 0xfde0, 0xfe00, 0xfde0,
0xfde0, 0xfe00, 0xfde0, 0xfe00, 0xfde0, 0xfe00, 0xfde0, 0xfe00, 0xfde0, 0xfde0,
0xfe00, 0xfde0, 0xfe00, 0xfde0, 0xfe00, 0xfde0, 0xfe00, 0xfde0, 0xfde0, 0xfe00,
0xfde0, 0xfe00, 0xfde0, 0xfe00, 0xfde0, 0xfe00, 0xfde0, 0xfde0, 0xfe00, 0xfde0,
0xfe00, 0xfde0, 0xfe00, 0xfde0, 0xfe00, 0xfde0, 0xfde0, 0xfe00, 0xfde0, 0xfe00,
0xfde0, 0xfe00, 0xfde0, 0xfe00, 0xfde0, 0xfde0, 0xfe00, 0xfde0, 0xfe00, 0xfde0,

0xfe60, 0xf620, 0xd500, 0x20c0, 0x0000, 0x0000, 0x0000, 0x0000, 0x0000, 0x20e0,
0xdd80, 0xfe40, 0xfe40, 0x9ba0, 0x0000, 0x0000, 0x0000, 0x0000, 0x0000, 0x3120,
0xe560, 0xfe40, 0xfe20, 0xfe00, 0xfde0, 0xfe40, 0xfe40, 0xfe40, 0xfe60, 0xfe60,
0x72a0, 0x0000, 0x0000, 0x0000, 0x0000, 0x0000, 0x3120, 0xdd60, 0xfe00, 0xfe40,
0xfe20, 0x8320, 0x0000, 0x0000, 0x0000, 0x0000, 0x0000, 0x3960, 0xf5c0, 0xfe40,
0xfe40, 0xfe00, 0xfe40, 0xf5c0, 0x1080, 0xd500, 0xfe00, 0xfde0, 0xe5c0, 0x41a0,
0x1880, 0x3120, 0x9ba0, 0xf5c0, 0xfde0, 0xfe00, 0x8b60, 0x0000, 0x0000, 0x0000,
0x0000, 0x0000, 0x0000, 0x6aa0, 0xfe00, 0xfe00, 0xfde0, 0xfde0, 0xfe00, 0x72a0,
0x9bc0, 0x8300, 0x0000, 0x0000, 0x0000, 0x0000, 0x0000, 0x0000, 0x3960, 0xede0,
0x2900, 0x0000, 0x0000, 0x0000, 0x0000, 0x0000, 0x0000, 0x49a0, 0xf5e0, 0xfde0,
0xfe00, 0xfde0, 0x3960, 0xdd40, 0xfe00, 0xac20, 0x5a20, 0xf5e0, 0x3960, 0x0000,
0x0000, 0x0000, 0x0000, 0x0000, 0x0000, 0x3120, 0xeda0, 0xfe20, 0x8b60, 0x0000,
0x0000, 0x0000, 0x0000, 0x0000, 0x0000, 0x0000, 0x9ba0, 0xfe00, 0x8340, 0x7ae0,
0xfde0, 0xfe00, 0xfde0, 0xfe00, 0xfde0, 0xfe00, 0xfde0, 0xfe00, 0xeda0, 0x49c0,
0x4180, 0xdd80, 0x20c0, 0x0000, 0x0000, 0x0000, 0x0000, 0x0000, 0x20c0, 0xdd20,
0x3960, 0xd540, 0x6260, 0x0000, 0x0000, 0x0000, 0x0000, 0x0000, 0x0000, 0x1082,
0x84b4, 0xa5b8, 0xa5b8, 0xa5b8, 0xa5b8, 0xa5b8, 0xa5b8, 0x39e8, 0x8340, 0xfe00,
0xfe00, 0xfde0, 0xfde0, 0xfe00, 0xfde0, 0xfe00, 0xfde0, 0xfe00, 0xfde0, 0xfe00,
0xfde0, 0xfde0, 0xfe00, 0xfde0, 0xfe00, 0xfde0, 0xfe00, 0xfde0, 0xfe00, 0xfde0,
0xfde0, 0xfe00, 0xfde0, 0xfe00, 0xfde0, 0xfe00, 0xfde0, 0xfe00, 0xfde0, 0xfde0,
0xfe00, 0xfde0, 0xfe00, 0xfde0, 0xfe00, 0xfde0, 0xfe00, 0xfde0, 0xfde0, 0xfe00,
0xfde0, 0xfe00, 0xfde0, 0xfe00, 0xfde0, 0xfe00, 0xfde0, 0xfde0, 0xfe00, 0xfde0,
0xfe00, 0xfde0, 0xfe00, 0xfde0, 0xfe00, 0xfde0, 0xfde0, 0xfe00, 0xfde0, 0xfe00,
0xfde0, 0xfe00, 0xfde0, 0xfe00, 0xfde0, 0xfde0, 0xfe00, 0xfde0, 0xfe00, 0xfde0,

0xfe80, 0xfe80, 0xfe80, 0x9360, 0x0820, 0x0000, 0x0000, 0x0000, 0x0000, 0x1080,
0xccc0, 0xfe40, 0xfe20, 0x72c0, 0x0000, 0x0000, 0x0000, 0x0000, 0x0000, 0x6260,
0xf600, 0xfe20, 0xfe00, 0xfe00, 0xfde0, 0xfe20, 0xfe60, 0xfe40, 0xfe60, 0xfe80,
0xc480, 0x18c0, 0x0000, 0x0000, 0x0000, 0x0000, 0x1060, 0xb420, 0xfe20, 0xfe40,
0xf620, 0x72a0, 0x0000, 0x0000, 0x0000, 0x0000, 0x0000, 0x6240, 0xfe00, 0xfe40,
0xfe00, 0xfe00, 0xfe40, 0xf5c0, 0x1080, 0xd500, 0xfe00, 0xfde0, 0xe580, 0x3120,
0x5a20, 0x3960, 0x0820, 0x8300, 0xed80, 0xfde0, 0x8b60, 0x0000, 0x0000, 0x0000,
0x0000, 0x0000, 0x0000, 0x6aa0, 0xfe00, 0xfe00, 0xfde0, 0xfde0, 0xfe20, 0x8340,
0x8b40, 0x8b20, 0x0000, 0x0000, 0x0000, 0x0000, 0x0000, 0x0000, 0x3960, 0xe560,
0x1060, 0x0000, 0x0000, 0x0000, 0x0000, 0x0000, 0x0000, 0x7ae0, 0xfe00, 0xfe00,
0xfde0, 0xfde0, 0x3960, 0xdd40, 0xfe00, 0xdd60, 0x4180, 0xdd60, 0x7ae0, 0x0000,
0x0000, 0x0000, 0x0000, 0x0000, 0x0000, 0x18a0, 0xd520, 0xfe00, 0x6a60, 0x0000,
0x0000, 0x0000, 0x0000, 0x0000, 0x0000, 0x0020, 0xdd40, 0xedc0, 0x3980, 0xcce0,
0xfe00, 0xfe00, 0xfde0, 0xfe00, 0xfde0, 0xfde0, 0xfe00, 0xfde0, 0xfe00, 0xcce0,
0x9380, 0xe560, 0x20c0, 0x0000, 0x0000, 0x0000, 0x0000, 0x0000, 0x20c0, 0xdd20,
0x3960, 0xbc80, 0x20c0, 0x0000, 0x0000, 0x0000, 0x0000, 0x0000, 0x0000, 0x3a08,
0xa598, 0xa5b8, 0xa5b8, 0xa5b8, 0xa5b8, 0xa5b8, 0xa5b8, 0x3a09, 0x8340, 0xfe00,
0xfe00, 0xfde0, 0xfde0, 0xfe00, 0xfde0, 0xfe00, 0xfde0, 0xfe00, 0xfde0, 0xfe00,
0xfde0, 0xfde0, 0xfe00, 0xfde0, 0xfe00, 0xfde0, 0xfe00, 0xfde0, 0xfe00, 0xfde0,
0xfde0, 0xfe00, 0xfde0, 0xfe00, 0xfde0, 0xfe00, 0xfde0, 0xfe00, 0xfde0, 0xfde0,
0xfe00, 0xfde0, 0xfe00, 0xfde0, 0xfe00, 0xfde0, 0xfe00, 0xfde0, 0xfde0, 0xfe00,
0xfde0, 0xfe00, 0xfde0, 0xfe00, 0xfde0, 0xfe00, 0xfde0, 0xfde0, 0xfe00, 0xfde0,
0xfe00, 0xfde0, 0xfe00, 0xfde0, 0xfe00, 0xfde0, 0xfde0, 0xfe00, 0xfde0, 0xfe00,
0xfde0, 0xfe00, 0xfde0, 0xfe00, 0xfde0, 0xfde0, 0xfe00, 0xfde0, 0xfe00, 0xfde0,

0xfe40, 0xfe40, 0xfe80, 0xd560, 0x2900, 0x0000, 0x0000, 0x0000, 0x0000, 0x0840,
0x9bc0, 0xfe40, 0xf600, 0x49e0, 0x0000, 0x0000, 0x0000, 0x0000, 0x0820, 0x9ba0,
0xfe20, 0xfe20, 0xfe00, 0xfe00, 0xfde0, 0xfe00, 0xfe40, 0xfe20, 0xfe40, 0xfe80,
0xede0, 0x5200, 0x0000, 0x0000, 0x0000, 0x0000, 0x0000, 0x7ae0, 0xf600, 0xfe40,
0xedc0, 0x5a20, 0x0000, 0x0000, 0x0000, 0x0000, 0x0820, 0x8320, 0xfe20, 0xfe40,
0xfe00, 0xfe80, 0xfe20, 0xf5c0, 0x1080, 0xd500, 0xfe00, 0xfde0, 0xe5a0, 0x3960,
0x3140, 0x8300, 0x49a0, 0x0020, 0x8b40, 0xed80, 0x8b40, 0x0000, 0x0000, 0x0000,
0x0000, 0x0000, 0x0000, 0x6aa0, 0xfe00, 0xfe00, 0xfde0, 0xfe00, 0xfe00, 0x8320,
0x9380, 0x8b20, 0x0000, 0x0000, 0x0000, 0x0000, 0x0000, 0x0000, 0x49c0, 0xd4e0,
0x0000, 0x0000, 0x0000, 0x0000, 0x0000, 0x0000, 0x0000, 0xb420, 0xfe00, 0xfe00,
0xfe00, 0xfde0, 0x3960, 0xdd40, 0xfe00, 0xfe00, 0x5a20, 0xac20, 0xac20, 0x0820,
0x0000, 0x0000, 0x0000, 0x0000, 0x0000, 0x1060, 0xbca0, 0xf5c0, 0x3980, 0x0000,
0x0000, 0x0000, 0x0000, 0x0000, 0x0000, 0x3120, 0xfe00, 0xccc0, 0x3960, 0xfe00,
0xfe00, 0xfe00, 0xfde0, 0xfde0, 0xfe00, 0xfde0, 0xfe00, 0xfde0, 0xfe00, 0xfe00,
0xfe00, 0xe580, 0x20c0, 0x0000, 0x0000, 0x0000, 0x0000, 0x0000, 0x20c0, 0xdd20,
0x3980, 0x72a0, 0x0000, 0x0000, 0x0000, 0x0000, 0x0000, 0x0000, 0x0000, 0x8493,
0xadd9, 0xa5d9, 0xa5d9, 0xadd9, 0xa5d9, 0xa5d9, 0xa5d9, 0x3a08, 0x8340, 0xfe00,
0xfde0, 0xfe00, 0xfde0, 0xfe00, 0xfde0, 0xfe00, 0xfde0, 0xfe00, 0xfde0, 0xfde0,
0xfe00, 0xfde0, 0xfe00, 0xfde0, 0xfe00, 0xfde0, 0xfe00, 0xfde0, 0xfde0, 0xfe00,
0xfde0, 0xfe00, 0xfde0, 0xfe00, 0xfde0, 0xfe00, 0xfde0, 0xfde0, 0xfe00, 0xfde0,
0xfe00, 0xfde0, 0xfe00, 0xfde0, 0xfe00, 0xfde0, 0xfde0, 0xfe00, 0xfde0, 0xfe00,
0xfde0, 0xfe00, 0xfde0, 0xfe00, 0xfde0, 0xfde0, 0xfe00, 0xfde0, 0xfe00, 0xfde0,
0xfe00, 0xfde0, 0xfe00, 0xfde0, 0xfde0, 0xfe00, 0xfde0, 0xfe00, 0xfde0, 0xfe00,
0xfde0, 0xfe00, 0xfde0, 0xfde0, 0xfe00, 0xfde0, 0xfe00, 0xfde0, 0xfde0, 0xfe00,

0xfe20, 0xfe20, 0xfe60, 0xedc0, 0x49e0, 0x0000, 0x0000, 0x0000, 0x0000, 0x0020,
0x8b60, 0xfe40, 0xe5a0, 0x41a0, 0x0000, 0x0000, 0x0000, 0x0000, 0x1060, 0xac40,
0xfe40, 0xfe00, 0xfe00, 0xfe00, 0xfde0, 0xfe00, 0xfe20, 0xfe40, 0xfe20, 0xfe40,
0xfe60, 0x8b60, 0x0020, 0x0000, 0x0000, 0x0000, 0x0000, 0x49c0, 0xe5a0, 0xfe40,
0xeda0, 0x51e0, 0x0000, 0x0000, 0x0000, 0x0000, 0x0840, 0x9ba0, 0xfe40, 0xfe40,
0xf600, 0xfe40, 0xfe00, 0xf5c0, 0x1080, 0xd500, 0xfe00, 0xfde0, 0xfde0, 0x9380,
0x0840, 0x6240, 0x9ba0, 0x1880, 0x2920, 0xbc80, 0x8300, 0x0000, 0x0000, 0x0000,
0x0000, 0x0000, 0x0000, 0x6aa0, 0xfe00, 0xfe00, 0xfde0, 0xfe00, 0xfe00, 0x72a0,
0xa3c0, 0x7ae0, 0x0000, 0x0000, 0x0000, 0x0000, 0x0000, 0x0000, 0x5200, 0xbc60,
0x0000, 0x0000, 0x0000, 0x0000, 0x0000, 0x0000, 0x0860, 0xccc0, 0xfe00, 0xfe00,
0xfde0, 0xfde0, 0x3960, 0xdd40, 0xfe00, 0xfe00, 0x8300, 0x8b40, 0xcce0, 0x1880,
0x0000, 0x0000, 0x0000, 0x0000, 0x0000, 0x0840, 0xa3e0, 0xedc0, 0x2900, 0x0000,
0x0000, 0x0000, 0x0000, 0x0000, 0x0000, 0x6240, 0xfe40, 0xa3c0, 0x5a20, 0xfe00,
0xfe00, 0xfde0, 0xfe00, 0xfde0, 0xfe00, 0xfde0, 0xfe00, 0xfde0, 0xfde0, 0xfe00,
0xfe00, 0xe540, 0x20c0, 0x0000, 0x0000, 0x0000, 0x0000, 0x0000, 0x20c0, 0xdd20,
0x2900, 0x18a0, 0x0000, 0x0000, 0x0000, 0x0000, 0x0000, 0x0000, 0x0000, 0x9d77,
0xa598, 0xa598, 0xa5b8, 0x9d98, 0x9d98, 0xa5b8, 0xa5b8, 0x39e8, 0x8340, 0xfe00,
0xfde0, 0xfe00, 0xfde0, 0xfe00, 0xfde0, 0xfe00, 0xfde0, 0xfe00, 0xfde0, 0xfde0,
0xfe00, 0xfde0, 0xfe00, 0xfde0, 0xfe00, 0xfde0, 0xfe00, 0xfde0, 0xfde0, 0xfe00,
0xfde0, 0xfe00, 0xfde0, 0xfe00, 0xfde0, 0xfe00, 0xfde0, 0xfde0, 0xfe00, 0xfde0,
0xfe00, 0xfde0, 0xfe00, 0xfde0, 0xfe00, 0xfde0, 0xfde0, 0xfe00, 0xfde0, 0xfe00,
0xfde0, 0xfe00, 0xfde0, 0xfe00, 0xfde0, 0xfde0, 0xfe00, 0xfde0, 0xfe00, 0xfde0,
0xfe00, 0xfde0, 0xfe00, 0xfde0, 0xfde0, 0xfe00, 0xfde0, 0xfe00, 0xfde0, 0xfe00,
0xfde0, 0xfe00, 0xfde0, 0xfde0, 0xfe00, 0xfde0, 0xfe00, 0xfde0, 0xfde0, 0xfe00,

0xfe00, 0xfe20, 0xfe40, 0xf5e0, 0x6aa0, 0x0000, 0x0000, 0x0000, 0x0000, 0x0020,
0x7ae0, 0xf640, 0xdd40, 0x3940, 0x0000, 0x0000, 0x0000, 0x0000, 0x18a0, 0xc4c0,
0xfe40, 0xfe00, 0xfe00, 0xfe00, 0xfde0, 0xfe00, 0xfe00, 0xfe40, 0xfe40, 0xfe40,
0xfe60, 0xbc60, 0x18a0, 0x0000, 0x0000, 0x0000, 0x0000, 0x2900, 0xcce0, 0xfe60,
0xe580, 0x4180, 0x0000, 0x0000, 0x0000, 0x0000, 0x1060, 0xac00, 0xfe60, 0xfe40,
0xfe00, 0xfe20, 0xfe00, 0xf5e0, 0x1080, 0xd500, 0xfe00, 0xfde0, 0xfe00, 0xed80,
0x3140, 0x28e0, 0xac20, 0x51e0, 0x0840, 0x8320, 0x7ae0, 0x0000, 0x0000, 0x0000,
0x0000, 0x0000, 0x0000, 0x6aa0, 0xfe00, 0xfe00, 0xfde0, 0xfe00, 0xfe00, 0x5a20,
0xb460, 0x5a40, 0x0000, 0x0000, 0x0000, 0x0000, 0x0000, 0x0000, 0x6260, 0x9be0,
0x0000, 0x0000, 0x0000, 0x0000, 0x0000, 0x0000, 0x28e0, 0xdd40, 0xfe00, 0xfe00,
0xfe00, 0xfde0, 0x3960, 0xdd40, 0xfe00, 0xfe20, 0xa3e0, 0x6a80, 0xe5a0, 0x20e0,
0x0000, 0x0000, 0x0000, 0x0000, 0x0000, 0x0000, 0x8b60, 0xdd60, 0x20c0, 0x0000,
0x0000, 0x0000, 0x0000, 0x0000, 0x0000, 0x8b40, 0xfe40, 0x7ae0, 0x9360, 0xfe00,
0xfe00, 0xfde0, 0xfe00, 0xfde0, 0xfde0, 0xfe00, 0xfde0, 0xfe00, 0xfde0, 0xfe00,
0xfe00, 0xe580, 0x20c0, 0x0000, 0x0000, 0x0000, 0x0000, 0x0000, 0x20c0, 0xdd20,
0x20c0, 0x0000, 0x0000, 0x0000, 0x0000, 0x0000, 0x0000, 0x0000, 0x0000, 0xa597,
0xa5d9, 0xa5d9, 0xa5d9, 0xa5d9, 0xadd9, 0xa5d9, 0xadd9, 0x3a08, 0x8340, 0xfe00,
0xfde0, 0xfe00, 0xfde0, 0xfe00, 0xfde0, 0xfe00, 0xfde0, 0xfe00, 0xfde0, 0xfde0,
0xfe00, 0xfde0, 0xfe00, 0xfde0, 0xfe00, 0xfde0, 0xfe00, 0xfde0, 0xfde0, 0xfe00,
0xfde0, 0xfe00, 0xfde0, 0xfe00, 0xfde0, 0xfe00, 0xfde0, 0xfde0, 0xfe00, 0xfde0,
0xfe00, 0xfde0, 0xfe00, 0xfde0, 0xfe00, 0xfde0, 0xfde0, 0xfe00, 0xfde0, 0xfe00,
0xfde0, 0xfe00, 0xfde0, 0xfe00, 0xfde0, 0xfde0, 0xfe00, 0xfde0, 0xfe00, 0xfde0,
0xfe00, 0xfde0, 0xfe00, 0xfde0, 0xfde0, 0xfe00, 0xfde0, 0xfe00, 0xfde0, 0xfe00,
0xfde0, 0xfe00, 0xfde0, 0xfde0, 0xfe00, 0xfde0, 0xfe00, 0xfde0, 0xfde0, 0xfe00,

0xfe20, 0xfe40, 0xfe00, 0xfe00, 0x8300, 0x0000, 0x0000, 0x0000, 0x0000, 0x0020,
0x72c0, 0xfde0, 0xd520, 0x28e0, 0x0000, 0x0000, 0x0000, 0x0000, 0x20e0, 0xd500,
0xfe00, 0xfe00, 0xfe00, 0xfe00, 0xfde0, 0xfe00, 0xfe00, 0xfe20, 0xfe20, 0xf5e0,
0xfe80, 0xe5a0, 0x3960, 0x0000, 0x0000, 0x0000, 0x0000, 0x1080, 0xac00, 0xfe80,
0xe5c0, 0x3960, 0x0000, 0x0000, 0x0000, 0x0000, 0x1080, 0xbc80, 0xfe40, 0xfe00,
0xfe20, 0xfe00, 0xfe00, 0xfe00, 0x1080, 0xd500, 0xfe00, 0xfde0, 0xfe00, 0xf5c0,
0xac20, 0x1080, 0x6260, 0x6240, 0x0820, 0x6a80, 0x6240, 0x0000, 0x0000, 0x0000,
0x0000, 0x0000, 0x0000, 0x6aa0, 0xfe00, 0xfe00, 0xfde0, 0xfde0, 0xd520, 0x41a0,
0xe580, 0x28e0, 0x0000, 0x0000, 0x0000, 0x0000, 0x0000, 0x0000, 0x8b40, 0x8320,
0x0000, 0x0000, 0x0000, 0x0000, 0x0000, 0x0000, 0x3960, 0xedc0, 0xfde0, 0xfde0,
0xfe00, 0xfde0, 0x3960, 0xdd40, 0xfe00, 0xfe00, 0xc480, 0x49e0, 0xf5e0, 0x3960,
0x0000, 0x0000, 0x0000, 0x0000, 0x0000, 0x0000, 0x72c0, 0xcd00, 0x1880, 0x0000,
0x0000, 0x0000, 0x0000, 0x0000, 0x0840, 0xb440, 0xfde0, 0x5a20, 0xb440, 0xfe00,
0xfde0, 0xfe00, 0xfde0, 0xfe00, 0xfde0, 0xfe00, 0xfde0, 0xfde0, 0xfe00, 0xfde0,
0xfe00, 0xe540, 0x20c0, 0x0000, 0x0000, 0x0000, 0x0000, 0x0000, 0x20c0, 0xdd20,
0x20c0, 0x0000, 0x0000, 0x0000, 0x0000, 0x0000, 0x0000, 0x20c0, 0x3120, 0xa5b8,
0xadf9, 0xadf9, 0xadf9, 0xadf9, 0xb61a, 0xadf9, 0xadf9, 0x3a08, 0x8340, 0xfe00,
0xfe00, 0xfe00, 0xfe00, 0xfe00, 0xfe00, 0xfe20, 0xfde0, 0xfe20, 0xfde0, 0xfe00,
0xfde0, 0xfe00, 0xfde0, 0xfde0, 0xfe00, 0xfde0, 0xfe00, 0xfde0, 0xfe00, 0xfde0,
0xfe00, 0xfde0, 0xfde0, 0xfe00, 0xfde0, 0xfe00, 0xfde0, 0xfe00, 0xfde0, 0xfe20,
0xfe00, 0xfe00, 0xfe00, 0xfe00, 0xfe00, 0xfe00, 0xfe00, 0xfde0, 0xfe00, 0xfe00,
0xfe00, 0xfe00, 0xfde0, 0xfe00, 0xfde0, 0xfe00, 0xfde0, 0xfe00, 0xfe00, 0xfe00,
0xfe00, 0xfde0, 0xfe00, 0xfde0, 0xfe00, 0xfde0, 0xfe00, 0xfe00, 0xfe00, 0xfe00,
0xfde0, 0xfe00, 0xfde0, 0xfe00, 0xfde0, 0xfe00, 0xfe00, 0xfe00, 0xfde0, 0xfe00,

0xfe20, 0xfe40, 0xfe20, 0xfe00, 0x9380, 0x0000, 0x0000, 0x0000, 0x0000, 0x0020,
0x6aa0, 0xfe20, 0xd500, 0x18a0, 0x0000, 0x0000, 0x0000, 0x0000, 0x3120, 0xe540,
0xfe00, 0xfe00, 0xfe00, 0xfe00, 0xfde0, 0xfe00, 0xfe00, 0xfe20, 0xfe20, 0xeda0,
0xfe80, 0xf620, 0x5a20, 0x0000, 0x0000, 0x0000, 0x0000, 0x0020, 0x8b40, 0xfe80,
0xe5e0, 0x3940, 0x0000, 0x0000, 0x0000, 0x0000, 0x1080, 0xbca0, 0xfe60, 0xfe00,
0xfe00, 0xfe40, 0xfe00, 0xfe20, 0x1080, 0xd500, 0xfe00, 0xfde0, 0xfe00, 0xfde0,
0xed60, 0x5200, 0x18a0, 0x3120, 0x0840, 0x6a60, 0x5a20, 0x0000, 0x0000, 0x0000,
0x0000, 0x0000, 0x0000, 0x6aa0, 0xfe20, 0xf5c0, 0xedc0, 0xe580, 0x6260, 0x8300,
0xc4a0, 0x0000, 0x0000, 0x0000, 0x0000, 0x0000, 0x0000, 0x0000, 0xb420, 0x72c0,
0x0000, 0x0000, 0x0000, 0x0000, 0x0000, 0x0000, 0x49a0, 0xeda0, 0xfe00, 0xfde0,
0xfe00, 0xfde0, 0x3960, 0xdd40, 0xfe00, 0xfe00, 0xd4e0, 0x4180, 0xf600, 0x49e0,
0x0000, 0x0000, 0x0000, 0x0000, 0x0000, 0x0000, 0x6a80, 0xbcc0, 0x1060, 0x0000,
0x0000, 0x0000, 0x0000, 0x0000, 0x1060, 0xbcc0, 0xf5c0, 0x49c0, 0xcce0, 0xfe00,
0xfde0, 0xfde0, 0xfde0, 0xfe00, 0xfde0, 0xfe00, 0xfde0, 0xfe00, 0xfde0, 0xfde0,
0xfde0, 0xe580, 0x20c0, 0x0000, 0x0000, 0x0000, 0x0000, 0x0000, 0x20c0, 0xc4a0,
0x0840, 0x0000, 0x0000, 0x0000, 0x0000, 0x0000, 0x0000, 0x72a0, 0x49c0, 0xa5b8,
0xadf9, 0xadf9, 0xadf9, 0xadf9, 0xadf9, 0xadf9, 0xadf9, 0x3a09, 0x8340, 0xf5e0,
0xdd20, 0xac00, 0x8320, 0x6260, 0x49a0, 0x49c0, 0x5200, 0x72c0, 0xa3c0, 0xccc0,
0xeda0, 0xfe00, 0xfe00, 0xfde0, 0xfe00, 0xfde0, 0xfde0, 0xfde0, 0xfde0, 0xfe00,
0xfde0, 0xfe00, 0xfde0, 0xfe00, 0xfde0, 0xfe00, 0xf5c0, 0xdd40, 0xb440, 0x8b40,
0x6260, 0x49c0, 0x49c0, 0x49e0, 0x72a0, 0x9380, 0xbc80, 0xe580, 0xe580, 0xdd40,
0xdd40, 0xdd40, 0xdd40, 0xdd40, 0xdd40, 0xdd40, 0xdd40, 0xdd40, 0xdd40, 0xdd40,
0xe560, 0xfde0, 0xfde0, 0xfe00, 0xfde0, 0xfe00, 0xfde0, 0xf5c0, 0xdd40, 0xdd40,
0xdd40, 0xdd40, 0xdd40, 0xdd40, 0xdd40, 0xdd40, 0xdd40, 0xf5a0, 0xfe00, 0xfde0,

0xfe00, 0xfe20, 0xfe20, 0xfe20, 0xac00, 0x0000, 0x0000, 0x0000, 0x0000, 0x0000,
0x6aa0, 0xfe80, 0xcd00, 0x18a0, 0x0000, 0x0000, 0x0000, 0x0000, 0x3140, 0xe580,
0xfe60, 0xfe00, 0xfe00, 0xfe00, 0xfde0, 0xfe00, 0xfe20, 0xfde0, 0xfe20, 0xf5c0,
0xfe60, 0xfe40, 0x8320, 0x0000, 0x0000, 0x0000, 0x0000, 0x0000, 0x6260, 0xfe40,
0xe5c0, 0x3960, 0x0000, 0x0000, 0x0000, 0x0000, 0x1880, 0xbca0, 0xfe60, 0xfe00,
0xf5c0, 0xfe00, 0xfe00, 0xfe00, 0x1080, 0xd500, 0xfe00, 0xfde0, 0xfe00, 0xfde0,
0xfdc0, 0xb440, 0x1060, 0x0000, 0x1880, 0x72c0, 0x5200, 0x0000, 0x0000, 0x0000,
0x0000, 0x0000, 0x0000, 0x6aa0, 0xf600, 0x6240, 0x4180, 0x3120, 0x6240, 0xdd40,
0x5a00, 0x0000, 0x0000, 0x0000, 0x0000, 0x0000, 0x0000, 0x1080, 0xd4e0, 0x6260,
0x0000, 0x0000, 0x0000, 0x0000, 0x0000, 0x0000, 0x5a20, 0xf5c0, 0xfe00, 0xfde0,
0xfe00, 0xfde0, 0x3960, 0xdd40, 0xfe00, 0xfe00, 0xdd20, 0x3140, 0xfe20, 0x5a20,
0x0000, 0x0000, 0x0000, 0x0000, 0x0000, 0x0000, 0x5a20, 0xb480, 0x0840, 0x0000,
0x0000, 0x0000, 0x0000, 0x0000, 0x18a0, 0xd4e0, 0xed80, 0x49c0, 0xe560, 0xfe00,
0xfde0, 0xfe00, 0xfe00, 0xfe00, 0xfde0, 0xfe00, 0xfde0, 0xfe00, 0xfde0, 0xfde0,
0xfe00, 0xe540, 0x20c0, 0x0000, 0x0000, 0x0000, 0x0000, 0x0000, 0x20c0, 0x7b00,
0x0000, 0x0000, 0x0000, 0x0000, 0x0000, 0x0000, 0x1060, 0xbca0, 0x49c0, 0xadb8,
0xae1a, 0xae19, 0xae19, 0xae19, 0xae19, 0xae19, 0xadf9, 0x4229, 0x5200, 0x5a20,
0x20c0, 0x10c3, 0x39e8, 0x426a, 0x4a8b, 0x4aab, 0x52cc, 0x424a, 0x1904, 0x18a0,
0x41a0, 0x9bc0, 0xf5c0, 0xfe00, 0xfe00, 0xfde0, 0xfe00, 0xfde0, 0xfe00, 0xfde0,
0xfde0, 0xfe00, 0xfde0, 0xfe00, 0xfde0, 0xbc80, 0x6260, 0x20e0, 0x18c2, 0x31c7,
0x52cb, 0x5aec, 0x5b0c, 0x5aec, 0x4aab, 0x2945, 0x1081, 0x3120, 0x3140, 0x20c0,
0x20c0, 0x20c0, 0x20c0, 0x20c0, 0x20c0, 0x20c0, 0x20c0, 0x20c0, 0x20c0, 0x20c0,
0x3960, 0xd500, 0xfe00, 0xfe00, 0xfde0, 0xfde0, 0xf5e0, 0x8320, 0x20c0, 0x20c0,
0x20c0, 0x20c0, 0x20c0, 0x20c0, 0x20c0, 0x20c0, 0x20c0, 0xac00, 0xfde0, 0xfe00,

0xfe00, 0xfe20, 0xfe40, 0xfe40, 0xac20, 0x0000, 0x0000, 0x0000, 0x0000, 0x0000,
0x8320, 0xfe40, 0xc500, 0x18a0, 0x0000, 0x0000, 0x0000, 0x0000, 0x3960, 0xdd80,
0xfe40, 0xfe00, 0xfe00, 0xfe00, 0xfde0, 0xfe00, 0xfe00, 0xfe00, 0xfe00, 0xfe00,
0xfe40, 0xfe60, 0xac00, 0x0840, 0x0000, 0x0000, 0x0000, 0x0000, 0x49a0, 0xede0,
0xe5c0, 0x4180, 0x0000, 0x0000, 0x0000, 0x0000, 0x1080, 0xb440, 0xfe40, 0xfde0,
0xeda0, 0xfe40, 0xfe00, 0xfe00, 0x1080, 0xd500, 0xfe00, 0xfde0, 0xfe00, 0xfde0,
0xfde0, 0xed80, 0x51e0, 0x0000, 0x3120, 0x72c0, 0x5a40, 0x0000, 0x0000, 0x0000,
0x0000, 0x0000, 0x0000, 0x6aa0, 0xede0, 0x41a0, 0xc4c0, 0xed80, 0xdd60, 0x6a80,
0x0000, 0x0000, 0x0000, 0x0000, 0x0000, 0x0000, 0x0000, 0x41a0, 0xe580, 0x51e0,
0x0000, 0x0000, 0x0000, 0x0000, 0x0000, 0x0000, 0x6a80, 0xfde0, 0xfe00, 0xfde0,
0xfe00, 0xfde0, 0x3960, 0xdd40, 0xfe00, 0xfe00, 0xdd60, 0x3140, 0xfe00, 0x72a0,
0x0000, 0x0000, 0x0000, 0x0000, 0x0000, 0x0000, 0x49c0, 0xac40, 0x0820, 0x0000,
0x0000, 0x0000, 0x0000, 0x0000, 0x20c0, 0xdd60, 0xd540, 0x49a0, 0xeda0, 0xfe00,
0xfe00, 0xf5a0, 0xa3e0, 0xf5c0, 0xfe00, 0xfde0, 0xfe00, 0xfde0, 0xfe00, 0xfde0,
0xfe00, 0xe540, 0x20c0, 0x0000, 0x0000, 0x0000, 0x0000, 0x0000, 0x0840, 0x18a0,
0x0000, 0x0000, 0x0000, 0x0000, 0x0000, 0x0000, 0x5a20, 0xe5a0, 0x49c0, 0xadb8,
0xb61a, 0xadf9, 0xadf9, 0xadf9, 0xadf9, 0xadf9, 0xadf9, 0x3a09, 0x10a3, 0x52cb,
0x94f5, 0xadf9, 0xadf9, 0x84b4, 0x8d16, 0x9557, 0x9557, 0x9557, 0x9d78, 0x84b4,
0x6b8e, 0x2966, 0x20e0, 0xa3c0, 0xf5c0, 0xfe00, 0xfe00, 0xfde0, 0xfde0, 0xfe00,
0xfde0, 0xfe00, 0xfde0, 0xbc60, 0x4180, 0x18c3, 0x4a8a, 0x8cb4, 0xadf9, 0xae1a,
0xae19, 0xa5d9, 0xb63a, 0xb61a, 0xa5d9, 0xbe3a, 0xadb8, 0x8452, 0x3a29, 0x1082,
0x31a7, 0x94d3, 0x94d4, 0x94d4, 0x94f4, 0x94d4, 0x94d4, 0x94d4, 0x9d15, 0xa555,
0x4208, 0x49e0, 0xfe00, 0xfe00, 0xfde0, 0xfe00, 0xbc80, 0x18a1, 0x8452, 0x94f4,
0x94d4, 0x94f4, 0x94d4, 0x94d4, 0x94d4, 0x94f4, 0x8cb3, 0xd587, 0xfde0, 0xfe00,

0xfe20, 0xfe40, 0xfe40, 0xfe80, 0x93a0, 0x0820, 0x0000, 0x0000, 0x0000, 0x0000,
0x8b60, 0xfe00, 0xc4a0, 0x20c0, 0x0000, 0x0000, 0x0000, 0x0000, 0x3960, 0xdd60,
0xfe40, 0xfe00, 0xfe00, 0xfe00, 0xfde0, 0xfde0, 0xfe20, 0xfe00, 0xfe00, 0xfe20,
0xfe40, 0xfe60, 0xc4a0, 0x1080, 0x0000, 0x0000, 0x0000, 0x0000, 0x3120, 0xe5a0,
0xe5e0, 0x41a0, 0x0000, 0x0000, 0x0000, 0x0000, 0x1060, 0xb420, 0xfe40, 0xfe20,
0xf5c0, 0xfe40, 0xfe20, 0xfe20, 0x1080, 0xd500, 0xfe00, 0xfde0, 0xfe00, 0xfde0,
0xfde0, 0xeda0, 0x49c0, 0x0000, 0x3960, 0x8300, 0x6a80, 0x0000, 0x0000, 0x0000,
0x0000, 0x0000, 0x0000, 0x2920, 0x6a80, 0x20e0, 0x5a40, 0x49c0, 0x20c0, 0x0000,
0x0000, 0x0000, 0x0000, 0x0000, 0x0000, 0x0000, 0x0000, 0x8b20, 0xf5c0, 0x5a00,
0x0000, 0x0000, 0x0000, 0x0000, 0x0000, 0x0000, 0x72c0, 0xfde0, 0xfe00, 0xfde0,
0xfe00, 0xfde0, 0x3960, 0xdd40, 0xfe00, 0xfde0, 0xe5a0, 0x3960, 0xedc0, 0x72c0,
0x0000, 0x0000, 0x0000, 0x0000, 0x0000, 0x0000, 0x41a0, 0xa3c0, 0x0820, 0x0000,
0x0000, 0x0000, 0x0000, 0x0000, 0x20e0, 0xe560, 0xcce0, 0x51e0, 0xedc0, 0xfe00,
0xfe00, 0xe540, 0x49a0, 0xeda0, 0xfe00, 0xfde0, 0xfe00, 0xfde0, 0xfe00, 0xfde0,
0xfe00, 0xe540, 0x20c0, 0x0000, 0x0000, 0x0000, 0x0000, 0x0000, 0x0000, 0x0000,
0x0000, 0x0000, 0x0000, 0x0000, 0x0000, 0x0000, 0xb440, 0xf5e0, 0x49c0, 0xadb8,
0xadf9, 0xae19, 0xadf9, 0xb61a, 0xadf9, 0xadf9, 0xadf9, 0x634e, 0x94f5, 0xadd9,
0xae1a, 0xadd9, 0xa5d9, 0x8473, 0x8cf6, 0x9537, 0x9537, 0x8d37, 0x9577, 0x8d16,
0xb63a, 0xadd8, 0x6b8f, 0x18e2, 0x6260, 0xdd20, 0xfe00, 0xfe00, 0xfde0, 0xfde0,
0xfe00, 0xf5a0, 0x7b00, 0x2922, 0x4a8a, 0x9536, 0xa5d9, 0xadf9, 0xa5d9, 0xadd9,
0xadf9, 0xa5d9, 0xadf9, 0xadd9, 0xa5b8, 0xadf9, 0xb619, 0xb5f9, 0xadf9, 0xad76,
0x4229, 0x9d15, 0xc67b, 0xc67b, 0xc67b, 0xc67b, 0xbe5a, 0xbe5a, 0xc69b, 0xcedc,
0x9515, 0x18c2, 0xb480, 0xfe00, 0xfe00, 0xeda0, 0x49e0, 0x4a8b, 0xc69b, 0xbe7b,
0xbe7b, 0xc69b, 0xbe5a, 0xc67b, 0xbe5a, 0xc67b, 0xb63a, 0xa445, 0xf5a0, 0xfe00,

0xfe60, 0xfe40, 0xfe60, 0xfe60, 0x7b00, 0x0020, 0x0000, 0x0000, 0x0000, 0x0840,
0xa3e0, 0xfe00, 0xc4a0, 0x18a0, 0x0000, 0x0000, 0x0000, 0x0000, 0x3960, 0xdd60,
0xfe40, 0xfe00, 0xfde0, 0xfe00, 0xfe00, 0xfde0, 0xfe00, 0xfe00, 0xfe20, 0xfe40,
0xfe40, 0xfe60, 0xd540, 0x20c0, 0x0000, 0x0000, 0x0000, 0x0000, 0x18a0, 0xd500,
0xedc0, 0x49e0, 0x0000, 0x0000, 0x0000, 0x0000, 0x1060, 0xa400, 0xfe80, 0xfe40,
0xf600, 0xfe40, 0xfe20, 0xfe20, 0x1080, 0xd500, 0xfe00, 0xfde0, 0xfe00, 0xfde0,
0xfe00, 0xd500, 0x18a0, 0x0000, 0x20c0, 0x8b60, 0x72c0, 0x0000, 0x0000, 0x0000,
0x0000, 0x0000, 0x0000, 0x0000, 0x0000, 0x0000, 0x0000, 0x0000, 0x0000, 0x0000,
0x0000, 0x0000, 0x0000, 0x0000, 0x0000, 0x0000, 0x0020, 0xdd20, 0xf5e0, 0x51e0,
0x0000, 0x0000, 0x0000, 0x0000, 0x0000, 0x0000, 0x72c0, 0xfde0, 0xfe00, 0xfe00,
0xfe00, 0xfe00, 0x3960, 0xdd60, 0xfe00, 0xfe00, 0xe5a0, 0x3960, 0xf5e0, 0x72e0,
0x0000, 0x0000, 0x0000, 0x0000, 0x0000, 0x0000, 0x41a0, 0xa3c0, 0x0020, 0x0000,
0x0000, 0x0000, 0x0000, 0x0000, 0x28e0, 0xeda0, 0xc4e0, 0x5a20, 0xf600, 0xfe00,
0xfe00, 0xe560, 0x49a0, 0xedc0, 0xfe00, 0xfe00, 0xfe00, 0xfe00, 0xfde0, 0xfde0,
0xfe00, 0xe580, 0x20c0, 0x0000, 0x0000, 0x0000, 0x0000, 0x0000, 0x0000, 0x0000,
0x0000, 0x0000, 0x0000, 0x0000, 0x0000, 0x0000, 0xbc60, 0xf5e0, 0x49c0, 0xadb8,
0xadf9, 0xae19, 0xae19, 0xb619, 0xae19, 0xadf9, 0xadf9, 0xadf9, 0xadf9, 0xadd9,
0xadf9, 0xadf9, 0xa5d9, 0x8473, 0x8cf6, 0x9537, 0x9557, 0x9537, 0x9557, 0x8cf5,
0xb63a, 0xbe5a, 0xadf9, 0x8cf5, 0x2986, 0x3140, 0xe580, 0xfe00, 0xfe00, 0xfde0,
0xeda0, 0x6260, 0x18e3, 0x7c32, 0xadf9, 0xadf9, 0xadd9, 0xa5d9, 0xadd9, 0xa5d9,
0xadd9, 0xa5d9, 0xadf9, 0xadd9, 0xadd9, 0xa5b8, 0xadd9, 0xadf9, 0xb63a, 0xcedc,
0xbe19, 0x9d35, 0xbe5a, 0xbe7a, 0xc67a, 0xc67b, 0xbe5a, 0xbe5a, 0xbe7a, 0xcebc,
0xb639, 0x5b0d, 0x3960, 0xe560, 0xfe00, 0x9380, 0x2124, 0x9d56, 0xc67b, 0xbe5a,
0xbe5a, 0xbe5a, 0xbe3a, 0xbe5a, 0xbe3a, 0xc67b, 0x8c92, 0x20c0, 0x8b60, 0xdd40,

0xfe40, 0xfe60, 0xfe80, 0xe5a0, 0x41a0, 0x0000, 0x0000, 0x0000, 0x0000, 0x18a0,
0xbc80, 0xfe60, 0xccc0, 0x18a0, 0x0000, 0x0000, 0x0000, 0x0000, 0x3960, 0xdd20,
0xfe00, 0xfe00, 0xfe00, 0xfe00, 0xfe00, 0xfde0, 0xfe20, 0xfe00, 0xfe20, 0xfe80,
0xf5e0, 0xfe60, 0xe5c0, 0x2900, 0x0000, 0x0000, 0x0000, 0x0000, 0x1060, 0xbca0,
0xeda0, 0x5a20, 0x0000, 0x0000, 0x0000, 0x0000, 0x0820, 0x9360, 0xf640, 0xf620,
0xe580, 0xf600, 0xedc0, 0xf5e0, 0x1080, 0xd500, 0xfe00, 0xfde0, 0xfe00, 0xfde0,
0xfe00, 0x9380, 0x0000, 0x20c0, 0x1060, 0x72c0, 0x72c0, 0x0000, 0x0000, 0x0000,
0x0000, 0x0000, 0x0000, 0x0000, 0x0000, 0x0000, 0x0000, 0x0000, 0x0000, 0x0000,
0x0000, 0x0000, 0x0000, 0x0000, 0x0000, 0x0000, 0x6240, 0xfe20, 0xf5c0, 0x5a00,
0x0000, 0x0000, 0x0000, 0x0000, 0x0000, 0x0000, 0x8340, 0xfe00, 0xfe00, 0xc4a0,
0x8b40, 0x8320, 0x18a0, 0x72c0, 0x8b40, 0x8b40, 0x8300, 0x20c0, 0x8320, 0x3960,
0x0000, 0x0000, 0x0000, 0x0000, 0x0000, 0x0000, 0x20c0, 0x5200, 0x0000, 0x0000,
0x0000, 0x0000, 0x0000, 0x0000, 0x1080, 0x8300, 0x6a80, 0x2900, 0x8320, 0x8b40,
0x8b40, 0x7b00, 0x20e0, 0x8320, 0x8b40, 0x9360, 0xed80, 0xfde0, 0xfe00, 0xfde0,
0xfde0, 0xe540, 0x20c0, 0x0000, 0x0000, 0x0000, 0x0000, 0x0000, 0x0000, 0x0000,
0x0000, 0x0000, 0x0000, 0x0000, 0x0000, 0x0000, 0x5a20, 0xe5c0, 0x49c0, 0xadb8,
0xadf9, 0xadf9, 0xae19, 0xb619, 0xae19, 0xae19, 0xb619, 0xadf9, 0xadf9, 0xadd9,
0xadf9, 0xadd9, 0xa5d9, 0x8473, 0x8cd5, 0x9537, 0x9537, 0x9537, 0x9557, 0x8cf5,
0xb63a, 0xbe3a, 0xadf9, 0xa5d9, 0xadb8, 0x4249, 0x3960, 0xdd40, 0xfe00, 0xeda0,
0x51e0, 0x2145, 0x9d77, 0xadf9, 0xadf9, 0xa5d9, 0xadd9, 0xadd9, 0xadd9, 0xadd9,
0xadf9, 0xa5b9, 0xadd9, 0xa5d9, 0xae19, 0xadf9, 0xa5d9, 0xb5f9, 0xb63a, 0xcebc,
0xbe5a, 0xc67b, 0xc67b, 0xbe5a, 0xc67b, 0xbe5a, 0xbe5a, 0xbe5a, 0xc69b, 0xcebb,
0xb63a, 0xb61a, 0x2125, 0x8320, 0xe560, 0x18c1, 0x7c11, 0xb61a, 0xc67b, 0xbe5a,
0xbe5a, 0xbe5a, 0xbe5a, 0xbe5a, 0xbe3a, 0xadb8, 0x2125, 0x6329, 0x2964, 0x2920,

0xe5c0, 0xccc0, 0xccc0, 0xc4a1, 0x9bc1, 0x9381, 0x9380, 0x9380, 0x9380, 0x9bc0,
0xbca0, 0xc4e0, 0xbc80, 0x9ba0, 0x93a0, 0x9381, 0x9381, 0x9381, 0x9be0, 0xc480,
0xc4c0, 0xc4e0, 0xc4c1, 0xccc0, 0xc4e0, 0xc4c0, 0xc4e0, 0xc4e0, 0xc4e0, 0xc500,
0xc4c0, 0xc4c0, 0xbcc0, 0x9be0, 0x9381, 0x9381, 0x9380, 0x9380, 0x9ba0, 0xbc80,
0xc4a1, 0xac00, 0x9380, 0x9380, 0x9380, 0x9381, 0x9381, 0xb421, 0xc4c0, 0xc4c0,
0xbca0, 0xc4a1, 0xc481, 0xc4a0, 0x1080, 0xd500, 0xfe00, 0xfde0, 0xfe00, 0xfde0,
0xfe00, 0x5a20, 0x0000, 0x6240, 0x1080, 0x4180, 0x6a80, 0x0000, 0x0000, 0x0000,
0x0000, 0x0000, 0x0000, 0x0000, 0x0000, 0x0000, 0x0000, 0x0000, 0x0000, 0x0000,
0x0000, 0x0000, 0x0000, 0x0000, 0x0000, 0x20c0, 0xc4e0, 0xfe00, 0xf5c0, 0x5200,
0x0000, 0x0000, 0x0000, 0x0000, 0x0000, 0x0000, 0x8320, 0xfe00, 0xfe00, 0xc4a0,
0x8320, 0x8320, 0x18c0, 0x7ae0, 0x8340, 0x8340, 0x7b00, 0x18a0, 0x8300, 0x3960,
0x0000, 0x0000, 0x0000, 0x0000, 0x0000, 0x0000, 0x20c0, 0x5200, 0x0000, 0x0000,
0x0000, 0x0000, 0x0000, 0x0000, 0x1060, 0x7ae0, 0x6280, 0x2900, 0x8320, 0x8340,
0x8340, 0x7ae0, 0x20e0, 0x7b00, 0x8340, 0x8b40, 0xed60, 0xfde0, 0xfe00, 0xfde0,
0xfe00, 0xe560, 0x20c0, 0x0000, 0x0000, 0x0000, 0x0000, 0x0000, 0x0000, 0x0000,
0x0000, 0x0000, 0x0000, 0x0000, 0x0000, 0x0000, 0x20c0, 0xcd00, 0x49c0, 0xadb8,
0xadf9, 0xadf9, 0xae19, 0xb619, 0xadf9, 0xadf9, 0xb619, 0xadf9, 0xadf9, 0xadf9,
0xadf9, 0xadd9, 0xa5d9, 0x8473, 0x84b4, 0x8d36, 0x9537, 0x8d37, 0x9557, 0x8cf5,
0xb63a, 0xbe3a, 0xadf9, 0xa5d9, 0xadf9, 0xa598, 0x31a7, 0x6260, 0xedc0, 0x6260,
0x3186, 0x9515, 0xadf9, 0xadd9, 0xadf9, 0xadd9, 0xa5d9, 0xadd9, 0xa5d9, 0xa5d9,
0xadf9, 0xa5d9, 0xadf9, 0xadd9, 0xa5b8, 0xadf9, 0xadf9, 0xadf9, 0xb63a, 0xcebc,
0xbe5a, 0xc67b, 0xbe5a, 0xbe5a, 0xc67b, 0xbe7a, 0xbe3a, 0xbe3a, 0xc67b, 0xcebc,
0xb63a, 0xb63a, 0x94d3, 0x2921, 0x41a0, 0x4a49, 0xb619, 0xadf9, 0xc67b, 0xbe5a,
0xbe5a, 0xbe5a, 0xbe5a, 0xbe5a, 0xb63a, 0x5aec, 0x3960, 0xcd03, 0xa403, 0x93a1,

0x9be0, 0x0000, 0x0000, 0x0000, 0x0000, 0x0000, 0x0000, 0x0000, 0x0000, 0x0000,
0x0000, 0x0000, 0x0000, 0x0000, 0x0000, 0x0000, 0x0000, 0x0000, 0x0000, 0x0000,
0x0000, 0x0000, 0x0000, 0x0000, 0x0000, 0x0000, 0x0000, 0x0000, 0x0000, 0x0000,
0x0000, 0x0000, 0x0000, 0x0000, 0x0000, 0x0000, 0x0000, 0x0000, 0x0000, 0x0000,
0x0000, 0x0000, 0x0000, 0x0000, 0x0000, 0x0000, 0x0000, 0x0000, 0x0000, 0x0000,
0x0000, 0x0000, 0x0000, 0x0840, 0x1080, 0xd500, 0xfe00, 0xfde0, 0xfe00, 0xfde0,
0xed80, 0x2900, 0x20c0, 0x7ae0, 0x4180, 0x1060, 0x5a00, 0x0000, 0x0000, 0x0000,
0x0000, 0x0000, 0x0000, 0x0000, 0x0000, 0x0000, 0x0000, 0x0000, 0x0000, 0x0000,
0x0000, 0x0000, 0x0000, 0x0000, 0x0000, 0x8300, 0xfde0, 0xfe00, 0xf5c0, 0x5200,
0x0000, 0x0000, 0x0000, 0x0000, 0x0000, 0x0000, 0x72c0, 0xfde0, 0xfe00, 0xfe00,
0xfe00, 0xfe00, 0x3960, 0xdd60, 0xfe00, 0xfe20, 0xe5a0, 0x3960, 0xede0, 0x72e0,
0x0000, 0x0000, 0x0000, 0x0000, 0x0000, 0x0000, 0x41a0, 0x9bc0, 0x0020, 0x0000,
0x0000, 0x0000, 0x0000, 0x0000, 0x28e0, 0xeda0, 0xc4a0, 0x5a00, 0xf5e0, 0xfe20,
0xfe20, 0xe560, 0x49c0, 0xf5c0, 0xfe00, 0xfe20, 0xfe00, 0xfe00, 0xfde0, 0xfe00,
0xfde0, 0xe560, 0x20c0, 0x0000, 0x0000, 0x0000, 0x0000, 0x0000, 0x0000, 0x0000,
0x0000, 0x0000, 0x0000, 0x0000, 0x0000, 0x0000, 0x0000, 0x9360, 0x51e0, 0xadb8,
0xadf9, 0xadf9, 0xae19, 0xae19, 0xae19, 0xadf9, 0xae19, 0xadf9, 0xadf9, 0xadd9,
0xadf9, 0xadd9, 0xa5d9, 0x8473, 0x84b4, 0x8d37, 0x8d37, 0x8d37, 0x9557, 0x8cf5,
0xb63a, 0xbe5a, 0xadf9, 0xa5d9, 0xadf9, 0xadd9, 0x9515, 0x2103, 0x5a20, 0x18c2,
0x8cb4, 0xae19, 0xa5d9, 0xadd9, 0xadf9, 0xa5d9, 0xa5d9, 0xadd9, 0xadd9, 0xa5d9,
0xadd9, 0xa5d9, 0xadf9, 0xadf9, 0xa5b8, 0xa5d9, 0xadf9, 0xadf9, 0xb63a, 0xcebc,
0xbe5a, 0xbe5a, 0xbe5a, 0xbe5a, 0xc67b, 0xc67b, 0xbe5a, 0xbe5a, 0xc67b, 0xcebc,
0xb63a, 0xb619, 0xcebb, 0x4229, 0x0841, 0xadb7, 0xc69b, 0xb5f9, 0xc67b, 0xbe5a,
0xbe5a, 0xbe5a, 0xbe5a, 0xbe5a, 0x94f5, 0x20e2, 0xb460, 0x5a40, 0x0000, 0x0000,

0x49c0, 0x20e0, 0x72c0, 0x72a0, 0x72a0, 0x72a0, 0x72c0, 0x72c0, 0x72c0, 0x72a0,
0x72a0, 0x72c0, 0x72c0, 0x72c0, 0x72c0, 0x72a0, 0x72a0, 0x72a0, 0x72c0, 0x72c0,
0x72c0, 0x72a0, 0x72a0, 0x72a0, 0x72c0, 0x72c0, 0x72c0, 0x72a0, 0x72a0, 0x72a0,
0x72c0, 0x72c0, 0x72c0, 0x72a0, 0x72a0, 0x72a0, 0x72c0, 0x72c0, 0x72c0, 0x72a0,
0x72a0, 0x72a0, 0x72c0, 0x72c0, 0x72c0, 0x72a0, 0x72a0, 0x72a0, 0x72c0, 0x72c0,
0x72c0, 0x72a0, 0x72a0, 0x72e5, 0x1080, 0xd500, 0xfe00, 0xfde0, 0xfe00, 0xfde0,
0xcce0, 0x1880, 0x41a0, 0x8b40, 0x8320, 0x1060, 0x20c0, 0x0000, 0x0000, 0x0000,
0x0000, 0x0000, 0x0000, 0x0000, 0x0000, 0x0000, 0x0000, 0x0000, 0x0000, 0x0000,
0x0000, 0x0000, 0x0000, 0x0000, 0x5a40, 0xeda0, 0xfe00, 0xfe00, 0xf5c0, 0x5200,
0x0000, 0x0000, 0x0000, 0x0000, 0x0000, 0x0000, 0x72c0, 0xfde0, 0xfe00, 0xfde0,
0xfe00, 0xfde0, 0x3960, 0xdd40, 0xfe00, 0xfe00, 0xe5a0, 0x3940, 0xf5e0, 0x72c0,
0x0000, 0x0000, 0x0000, 0x0000, 0x0000, 0x0000, 0x41a0, 0xa3c0, 0x0820, 0x0000,
0x0000, 0x0000, 0x0000, 0x0000, 0x20e0, 0xe560, 0xcd00, 0x51e0, 0xf5a0, 0xfe00,
0xfe00, 0xe560, 0x49a0, 0xeda0, 0xfe00, 0xfde0, 0xfe00, 0xfde0, 0xfe00, 0xfde0,
0xfe00, 0xe540, 0x20c0, 0x0000, 0x0000, 0x0000, 0x0000, 0x0000, 0x0000, 0x0000,
0x0000, 0x0000, 0x0000, 0x0000, 0x0000, 0x0000, 0x0000, 0x3120, 0x3960, 0xadb8,
0xadf9, 0xadf9, 0xadf9, 0xb619, 0xae19, 0xadf9, 0xadf9, 0xadf9, 0xadf9, 0xadf9,
0xadf9, 0xadf9, 0xadd9, 0x8473, 0x8d16, 0x9557, 0x8d37, 0x9537, 0x9537, 0x8cd5,
0xb63a, 0xbe5a, 0xadf9, 0xadd9, 0xadf9, 0xadf9, 0xadf9, 0x73d0, 0x0020, 0x73f0,
0xadf9, 0xadf9, 0xadf9, 0xadd9, 0xadf9, 0xa5d9, 0xadd9, 0xa5d9, 0xadd9, 0xadd9,
0xadf9, 0xadf9, 0xadf9, 0xadf9, 0xae19, 0xadd9, 0xadd9, 0xadf9, 0xb63a, 0xcedc,
0xc67b, 0xbe5a, 0xc67b, 0xbe5a, 0xc67b, 0xc67b, 0xbe3a, 0xbe3a, 0xc67b, 0xcebb,
0xb619, 0xb619, 0xd6fc, 0x9d56, 0x73d0, 0xcedc, 0xc67b, 0xadf9, 0xc67b, 0xbe5a,
0xbe3a, 0xbe5a, 0xbe3a, 0xbe39, 0x2965, 0x72c0, 0xfe00, 0xa3e0, 0x4180, 0x0000,

0x0000, 0x5200, 0xfe00, 0xfe00, 0xfe00, 0xfe00, 0xfe00, 0xfe00, 0xfe00, 0xfe00,
0xf5c0, 0xe540, 0xfe00, 0xfe00, 0xfe00, 0xfe00, 0xfe00, 0xfe00, 0xfe00, 0xfe00,
0xfe00, 0xfe00, 0xfe00, 0xfe00, 0xfe00, 0xfe00, 0xfe00, 0xfe00, 0xfe00, 0xfe00,
0xfe00, 0xfe00, 0xfe00, 0xfe00, 0xfe00, 0xfe00, 0xfe00, 0xfe00, 0xfe00, 0xfe00,
0xfe00, 0xfe00, 0xfe00, 0xfe00, 0xfe00, 0xfe00, 0xfe00, 0xfe00, 0xfe00, 0xfe00,
0xfe00, 0xfe00, 0xfe00, 0xf66b, 0x1080, 0xd500, 0xfe00, 0xfde0, 0xfe00, 0xfde0,
0xa3e0, 0x1060, 0x6240, 0x9380, 0xbc60, 0x4180, 0x1060, 0x3120, 0x3120, 0x1080,
0x0000, 0x0000, 0x0000, 0x0000, 0x0000, 0x0000, 0x0000, 0x0000, 0x0000, 0x0000,
0x0000, 0x0000, 0x0000, 0x0840, 0xe560, 0xfe00, 0xfe00, 0xfde0, 0xf5c0, 0x5a00,
0x0000, 0x0000, 0x0000, 0x0000, 0x0000, 0x0000, 0x6aa0, 0xfde0, 0xfe00, 0xfde0,
0xfe00, 0xfde0, 0xc480, 0xf5c0, 0xfe00, 0xfde0, 0xdd40, 0x3140, 0xf600, 0x6aa0,
0x0000, 0x0000, 0x0000, 0x0000, 0x0000, 0x0000, 0x49c0, 0xac40, 0x0820, 0x0000,
0x0000, 0x0000, 0x0000, 0x0000, 0x20c0, 0xdd20, 0xd540, 0x49c0, 0xeda0, 0xfde0,
0xfe00, 0xe560, 0x49a0, 0xeda0, 0xfe00, 0xfde0, 0xfe00, 0xfde0, 0xfe00, 0xfde0,
0xfe00, 0xe540, 0x20c0, 0x0000, 0x0000, 0x0000, 0x0000, 0x0000, 0x0000, 0x0000,
0x0000, 0x0000, 0x0000, 0x0000, 0x0000, 0x0000, 0x0000, 0x0020, 0x0840, 0xadb8,
0xadf9, 0xadf9, 0xadf9, 0xb619, 0xadf9, 0xadf9, 0xadf9, 0xb619, 0xa5d9, 0xadf9,
0xadd9, 0xadd8, 0x9515, 0x5b2d, 0x638f, 0x6b8f, 0x7c73, 0x8d16, 0x8d16, 0x84d5,
0xb61a, 0xbe3a, 0xadf9, 0xadd9, 0xadf9, 0xadf9, 0xadf9, 0xa597, 0x52ab, 0xadb8,
0xadd9, 0xadd9, 0xadf9, 0xadf9, 0xadf9, 0xa5d9, 0xa5d9, 0xadd9, 0xadf9, 0xa5b8,
0x9536, 0x7411, 0x7411, 0x7432, 0x9d56, 0xa5b8, 0xa5d9, 0xadd9, 0xb619, 0xcebb,
0xc67b, 0xbe5a, 0xc67b, 0xbe5a, 0xbe7a, 0xbe5a, 0xc67b, 0xbe5a, 0xbe7b, 0xcedc,
0xbe3a, 0xae19, 0xcebc, 0xbe5a, 0xadf9, 0xcedc, 0xc69b, 0xb5f9, 0xbe5a, 0xbe7a,
0xbe5a, 0xbe5a, 0xbe5a, 0x73cf, 0x2921, 0xd520, 0xfe00, 0xfe00, 0x8b40, 0x0000,

0x0000, 0x5200, 0xfe00, 0xfe00, 0xfde0, 0xfde0, 0xfe00, 0xfde0, 0xfe00, 0xfde0,
0xcce0, 0x5a40, 0xfe00, 0xfe00, 0xfde0, 0xfe00, 0xfde0, 0xfe00, 0xfde0, 0xfde0,
0xfe00, 0xfde0, 0xfe00, 0xfde0, 0xfe00, 0xfde0, 0xfe00, 0xfde0, 0xfde0, 0xfe00,
0xfde0, 0xfe00, 0xfde0, 0xfe00, 0xfde0, 0xfe00, 0xfde0, 0xfde0, 0xfe00, 0xfde0,
0xfe00, 0xfde0, 0xfe00, 0xfde0, 0xfe00, 0xfde0, 0xfde0, 0xfe00, 0xfe00, 0xd500,
0x93a0, 0xc480, 0xed80, 0xf66a, 0x1080, 0xd500, 0xfe00, 0xfde0, 0xfe00, 0xfde0,
0x8b20, 0x0840, 0x6a80, 0x9bc0, 0xd500, 0x5a20, 0x49c0, 0xdd80, 0xedc0, 0xc4c0,
0x49c0, 0x0000, 0x0000, 0x0000, 0x0000, 0x0000, 0x0000, 0x0000, 0x0000, 0x0000,
0x0000, 0x0000, 0x0000, 0x0000, 0xc4a0, 0xfe00, 0xfe00, 0xfde0, 0xfde0, 0x6260,
0x0000, 0x0000, 0x0000, 0x0000, 0x0000, 0x0000, 0x5a20, 0xf5e0, 0xfe00, 0xfde0,
0xfe00, 0xfde0, 0xfe00, 0xfe00, 0xfde0, 0xfe00, 0xdd20, 0x3140, 0xfe20, 0x5a20,
0x0000, 0x0000, 0x0000, 0x0000, 0x0000, 0x0000, 0x5a20, 0xac60, 0x0840, 0x0000,
0x0000, 0x0000, 0x0000, 0x0000, 0x18a0, 0xd520, 0xe560, 0x49c0, 0xe560, 0xfe00,
0xfe00, 0xe560, 0x49a0, 0xeda0, 0xfe00, 0xfde0, 0xfe00, 0xfde0, 0xfe00, 0xfde0,
0xfe00, 0xe540, 0x20c0, 0x0000, 0x0000, 0x0000, 0x0000, 0x0000, 0x0000, 0x0000,
0x0000, 0x0000, 0x0000, 0x0000, 0x0000, 0x0000, 0x0000, 0x0000, 0x0000, 0xadb8,
0xadfa, 0xadf9, 0xadf9, 0xadf9, 0xadf9, 0xadf9, 0xae19, 0xadf9, 0xadd9, 0xadf9,
0x9d56, 0x424a, 0x18e3, 0x18a0, 0x2900, 0x20c0, 0x18c2, 0x3a09, 0x7c73, 0x8cf5,
0xb63a, 0xbe5a, 0xa5d9, 0xadd9, 0xadf9, 0xadf9, 0xadf9, 0xadf9, 0xadf9, 0xadd9,
0xa5d9, 0xadf9, 0xadd9, 0xadf9, 0xadf9, 0xa5d9, 0xa5d9, 0xadf9, 0x84b4, 0x39e8,
0x10a3, 0x18a0, 0x2900, 0x20c0, 0x18e4, 0x4aab, 0x9d77, 0xb5f9, 0xb619, 0xc69b,
0xc67b, 0xc67a, 0xc67b, 0xbe5a, 0xc67b, 0xbe5a, 0xc67b, 0xbe5a, 0xbe5a, 0xc69b,
0xbe5a, 0xbe5a, 0xc69b, 0xbe5a, 0xb63a, 0xc69b, 0xc67a, 0xbe3a, 0xbe5a, 0xbe5a,
0xbe5a, 0xbe5a, 0xa597, 0x18e4, 0x9bc1, 0xfde0, 0xfe00, 0xfe00, 0x8b40, 0x0000,

0x0000, 0x5200, 0xfe00, 0xfde0, 0xfe00, 0xfde0, 0xfe00, 0xfde0, 0xfe00, 0xd4e0,
0x9ba0, 0x3960, 0xc4e0, 0xc4c0, 0xc4a0, 0xc4e0, 0xc4c0, 0xc4c0, 0xc4c0, 0xc4c0,
0xc4c0, 0xc4a0, 0xc4e0, 0xc4a0, 0xdd40, 0xfde0, 0xfde0, 0xfe00, 0xfde0, 0xfe00,
0xfde0, 0xfe00, 0xfde0, 0xfde0, 0xfe00, 0xfde0, 0xfe00, 0xfde0, 0xfe00, 0xfde0,
0xfe00, 0xfde0, 0xfde0, 0xfe00, 0xfde0, 0xfe00, 0xfde0, 0xfe00, 0xfde0, 0xd500,
0x7ae0, 0x5a20, 0x3960, 0x734a, 0x1080, 0xd500, 0xfe00, 0xfde0, 0xfe00, 0xfe00,
0x6240, 0x0840, 0x6a80, 0xa3e0, 0x49c0, 0x0820, 0x5a20, 0xa3e0, 0x49c0, 0xc4a0,
0xedc0, 0x49c0, 0x0000, 0x0000, 0x0000, 0x0000, 0x0000, 0x0000, 0x0000, 0x0000,
0x0000, 0x0000, 0x0000, 0x0000, 0x6240, 0xf5e0, 0xfe00, 0xfde0, 0xfde0, 0x7ac0,
0x0000, 0x0000, 0x0000, 0x0000, 0x0000, 0x0000, 0x41a0, 0xedc0, 0xfe00, 0xfde0,
0xfe00, 0xfde0, 0xfe00, 0xfde0, 0xfe00, 0xfe00, 0xcce0, 0x4180, 0xf620, 0x49c0,
0x0000, 0x0000, 0x0000, 0x0000, 0x0000, 0x0000, 0x6a80, 0xbcc0, 0x1060, 0x0000,
0x0000, 0x0000, 0x0000, 0x0000, 0x1080, 0xc4c0, 0xf5c0, 0x49c0, 0xcce0, 0xfe00,
0xfe00, 0xe540, 0x49a0, 0xeda0, 0xfe00, 0xfde0, 0xfe00, 0xfde0, 0xfe00, 0xfde0,
0xfe00, 0xe540, 0x20c0, 0x0000, 0x0000, 0x0000, 0x0000, 0x0000, 0x0000, 0x0000,
0x2900, 0x0020, 0x0000, 0x0000, 0x0000, 0x0000, 0x0000, 0x0000, 0x0000, 0xa597,
0xae1a, 0xadf9, 0xadf9, 0xadf9, 0xae19, 0xadf9, 0xadf9, 0xb619, 0xb61a, 0x73f0,
0x10a2, 0x6260, 0xc4c0, 0xf5c0, 0xc4a0, 0x9ba0, 0x8b60, 0x51e0, 0x10a1, 0x638f,
0xbe3a, 0xbe3a, 0xadf9, 0xadd9, 0xadd9, 0xadd9, 0xadf9, 0xadf9, 0xadd9, 0xadd9,
0xadf9, 0xadd9, 0xadf9, 0xadd9, 0xadf9, 0xadd9, 0xadd9, 0x636e, 0x1080, 0x6aa0,
0xd500, 0xf5c0, 0xac20, 0x9ba0, 0x8b40, 0x49a0, 0x18c2, 0x8cb4, 0xb63a, 0xcebb,
0xbe5a, 0xbe5a, 0xc67b, 0xbe5a, 0xc67b, 0xbe3a, 0xbe5a, 0xbe7a, 0xbe5a, 0xbe5a,
0xbe5a, 0xbe7a, 0xbe3a, 0xbe5a, 0xbe5a, 0xbe5a, 0xbe5a, 0xbe7a, 0xc67b, 0xbe5a,
0xbe5a, 0xbe3a, 0x4249, 0x49c0, 0xfe00, 0xfe00, 0xfe00, 0xfde0, 0x8b40, 0x0000,

0x0000, 0x5200, 0xfe00, 0xfde0, 0xfe00, 0xfde0, 0xfe00, 0xfde0, 0xfe20, 0x72c0,
0x3980, 0x18a0, 0x5200, 0x5200, 0x5200, 0x5200, 0x5200, 0x5200, 0x5200, 0x5200,
0x5200, 0x5200, 0x5200, 0x5200, 0x8b40, 0xf5c0, 0xfe00, 0xfe00, 0xfde0, 0xfde0,
0xfe00, 0xfde0, 0xfe00, 0xfde0, 0xfde0, 0xfde0, 0xfde0, 0xfde0, 0xfde0, 0xfe00,
0xfde0, 0xfe00, 0xfde0, 0xfde0, 0xfde0, 0xfe00, 0xfde0, 0xedc0, 0xdd40, 0xdd20,
0xdd20, 0xe5a0, 0xdd60, 0xc529, 0x1080, 0xd500, 0xfe00, 0xfde0, 0xfe00, 0xfe40,
0x5200, 0x0820, 0x6a80, 0x5a40, 0x20c0, 0x72c0, 0x8b40, 0xbc60, 0x0840, 0x4180,
0xe580, 0xac40, 0x0000, 0x0820, 0x1080, 0x0020, 0x0840, 0x0000, 0x0000, 0x0000,
0x0000, 0x0000, 0x0000, 0x0000, 0x20c0, 0xd520, 0xfe00, 0xfde0, 0xfde0, 0x8b40,
0x0000, 0x0000, 0x0000, 0x0000, 0x0000, 0x0000, 0x3960, 0xed80, 0xfe00, 0xfde0,
0xfe00, 0xfde0, 0xfe00, 0xfde0, 0xfe00, 0xfe00, 0xbc80, 0x49e0, 0xede0, 0x3140,
0x0000, 0x0000, 0x0000, 0x0000, 0x0000, 0x0000, 0x7ac0, 0xc500, 0x1080, 0x0000,
0x0000, 0x0000, 0x0000, 0x0000, 0x0840, 0xb440, 0xfde0, 0x6240, 0xb440, 0xfe00,
0xfe00, 0xe560, 0x49a0, 0xeda0, 0xfe00, 0xfde0, 0xfe00, 0xfde0, 0xfe00, 0xfde0,
0xfe00, 0xe540, 0x20c0, 0x0000, 0x0000, 0x0000, 0x0000, 0x0000, 0x0000, 0x0000,
0xb440, 0x20c0, 0x0000, 0x0000, 0x0000, 0x0000, 0x0000, 0x0000, 0x0000, 0x73f1,
0xadf9, 0xadf9, 0xadf9, 0xadf9, 0xadf9, 0xadf9, 0xadf9, 0xadf9, 0x8cb3, 0x2124,
0x8361, 0xf5e0, 0xfe00, 0xfe00, 0xbc60, 0x8b40, 0x8b40, 0x8b40, 0x72a0, 0x18a1,
0x9d36, 0xb63a, 0xadf9, 0xadd9, 0xadd9, 0xadd9, 0xadf9, 0xadf9, 0xadd9, 0xadd9,
0xadd9, 0xa5d9, 0xadd9, 0xa5d9, 0xadd9, 0xadf9, 0x73d0, 0x18a1, 0xac00, 0xf5c0,
0xfe00, 0xf5c0, 0xac00, 0x8b60, 0x8b60, 0x8b40, 0x72a0, 0x2103, 0x9d56, 0xcebb,
0xbe7a, 0xbe7a, 0xc67b, 0xbe5a, 0xc67b, 0xbe3a, 0xbe5a, 0xbe5a, 0xbe5a, 0xc67b,
0xbe5a, 0xbe3a, 0xbe5a, 0xbe5a, 0xbe5a, 0xbe5a, 0xbe5a, 0xbe5a, 0xbe5a, 0xbe5a,
0xbe5a, 0x7c31, 0x2921, 0xc4a0, 0xfe00, 0xfe00, 0xfde0, 0xfe00, 0x8b40, 0x0000,

0x0000, 0x5200, 0xfe00, 0xfde0, 0xfe00, 0xfde0, 0xfe00, 0xfde0, 0xfe00, 0xfde0,
0xc4a0, 0x49c0, 0xfde0, 0xf5c0, 0xf5c0, 0xf5c0, 0xf5c0, 0xf5c0, 0xf5c0, 0xf5c0,
0xf5c0, 0xf5c0, 0xf5c0, 0xf5c0, 0xfde0, 0xfe00, 0xfe00, 0xfe00, 0xfe20, 0xfe00,
0xfde0, 0xfe00, 0xfde0, 0xfe00, 0xfde0, 0xfe00, 0xfde0, 0xfe00, 0xfde0, 0xfde0,
0xfe00, 0xfde0, 0xfe00, 0xfde0, 0xfe00, 0xcce0, 0x72c0, 0x4180, 0x20e0, 0x18a0,
0x20c0, 0x3960, 0x6a60, 0xb4c9, 0x1080, 0xd500, 0xfe00, 0xfde0, 0xfe00, 0xfe40,
0x41a0, 0x0000, 0x5200, 0x6a80, 0x8b40, 0xac00, 0x8b60, 0xdd40, 0x3960, 0x0840,
0xcce0, 0xe580, 0x0840, 0x5200, 0xbca0, 0x4180, 0x8b60, 0x0020, 0x0000, 0x0000,
0x0000, 0x0000, 0x0000, 0x0000, 0x0000, 0x93a0, 0xfe00, 0xfe00, 0xfe00, 0xa3c0,
0x0000, 0x0000, 0x0000, 0x0000, 0x0000, 0x0000, 0x28e0, 0xe540, 0xfe00, 0xfde0,
0xfe00, 0xfde0, 0xfe00, 0xfde0, 0xfe00, 0xfe00, 0xac00, 0x6a80, 0xe5a0, 0x20e0,
0x0000, 0x0000, 0x0000, 0x0000, 0x0000, 0x0020, 0x8b60, 0xd540, 0x18a0, 0x0000,
0x0000, 0x0000, 0x0000, 0x0000, 0x0000, 0x8b40, 0xfe20, 0x72c0, 0x9380, 0xfe00,
0xfe00, 0xe560, 0x49a0, 0xeda0, 0xfe00, 0xfde0, 0xfe00, 0xfde0, 0xfe00, 0xfde0,
0xfe00, 0xe540, 0x20c0, 0x0000, 0x0000, 0x0000, 0x0000, 0x0000, 0x0000, 0x0820,
0xed80, 0x5a00, 0x0000, 0x0000, 0x0000, 0x0000, 0x0000, 0x0000, 0x0000, 0x39e8,
0xa5b8, 0xa5b8, 0xa5b9, 0xa5b9, 0xa5b9, 0xa5b8, 0xa5d9, 0xadf9, 0x2145, 0x6ac2,
0xf600, 0xfde0, 0xfde0, 0xfe00, 0xfe00, 0xeda0, 0xac40, 0x7ae0, 0x8b60, 0x6260,
0x4229, 0xb619, 0xa5d9, 0xadd9, 0xadd9, 0xadd9, 0xadf9, 0xa5d9, 0xa5d9, 0xa5d9,
0xadd9, 0xadd9, 0xa5d9, 0xa5d9, 0xadd9, 0x9d56, 0x2944, 0x8b40, 0xfe00, 0xfe00,
0xfe00, 0xfde0, 0xfde0, 0xed80, 0xac00, 0x8320, 0x9380, 0x51e0, 0x4aab, 0xce9b,
0xbe5a, 0xbe5a, 0xbe5a, 0xbe5a, 0xbe5a, 0xb61a, 0xbe3a, 0xadf9, 0xb63a, 0xbe3a,
0xb63a, 0xb63a, 0xb61a, 0xb63a, 0xb61a, 0xb63a, 0xbe3a, 0xb63a, 0xb63a, 0xb63a,
0xb619, 0x1904, 0x8300, 0xfde0, 0xfe00, 0xfe00, 0xfde0, 0xfe20, 0x8b40, 0x0000,

0x0000, 0x5200, 0xfe00, 0xfde0, 0xfe00, 0xfde0, 0xfe00, 0xfde0, 0xfe00, 0xfe00,
0xcca0, 0x49c0, 0xf5e0, 0x49e0, 0x20c0, 0x20c0, 0x20c0, 0x20c0, 0x20c0, 0x20c0,
0x20c0, 0x20c0, 0x20c0, 0x20c0, 0x20c0, 0x20c0, 0x2900, 0x51e0, 0x7ae0, 0xc4c0,
0xfe00, 0xfde0, 0xfe00, 0xfde0, 0xfe00, 0xfde0, 0xfde0, 0xfe00, 0xfde0, 0xfe00,
0xfde0, 0xfe00, 0xfe00, 0xdd20, 0x6a60, 0x0020, 0x0000, 0x0000, 0x0000, 0x0000,
0x0000, 0x0000, 0x0000, 0x3185, 0x1080, 0xd500, 0xfe00, 0xfde0, 0xfe00, 0xfe00,
0x5a00, 0x0000, 0x2900, 0xa3e0, 0xbc60, 0xb420, 0x72c0, 0xc4a0, 0x8340, 0x0820,
0xc4a0, 0xe580, 0x0840, 0x6240, 0xed80, 0x49e0, 0xd540, 0x3960, 0x0000, 0x0000,
0x0000, 0x0000, 0x0000, 0x0000, 0x0000, 0x3960, 0xf5c0, 0xfde0, 0xfe00, 0xbc80,
0x0000, 0x0000, 0x0000, 0x0000, 0x0000, 0x0000, 0x1060, 0xccc0, 0xfe00, 0xfde0,
0xfe00, 0xfde0, 0xfe00, 0xfde0, 0xfe00, 0xfe00, 0x7b00, 0x8b40, 0xcd00, 0x1880,
0x0000, 0x0000, 0x0000, 0x0000, 0x0000, 0x0840, 0xac00, 0xeda0, 0x20e0, 0x0000,
0x0000, 0x0000, 0x0000, 0x0000, 0x0000, 0x6260, 0xfe20, 0x9bc0, 0x5a40, 0xfe20,
0xfe00, 0xe540, 0x49a0, 0xeda0, 0xfe00, 0xfde0, 0xfe00, 0xfde0, 0xfe00, 0xfde0,
0xfe00, 0xe540, 0x20c0, 0x0000, 0x0000, 0x0000, 0x0000, 0x0000, 0x0840, 0x28e0,
0x9ba0, 0xb440, 0x0020, 0x0000, 0x0000, 0x0000, 0x0000, 0x0000, 0x0000, 0x0861,
0x84b4, 0xa5d9, 0xa5d9, 0xa5d9, 0xa5b8, 0xa5b8, 0xa5d9, 0x8472, 0x28e0, 0xdd60,
0xfe00, 0xfde0, 0xfe00, 0xfde0, 0xfe00, 0xfde0, 0xfe20, 0xac40, 0x8320, 0x9bc0,
0x18a1, 0x8cb4, 0xadf9, 0xadf9, 0xadf9, 0xadd9, 0xadf9, 0xadd9, 0xadd9, 0xadd9,
0xadd9, 0xadd9, 0xadf9, 0xadd9, 0xae19, 0x636e, 0x3161, 0xeda0, 0xfe00, 0xfe00,
0xfde0, 0xfe00, 0xfde0, 0xfe00, 0xfe20, 0xbc60, 0x8300, 0x8b40, 0x2942, 0x9d56,
0xbe7a, 0xbe5a, 0xbe5a, 0xbe5a, 0xc69b, 0xb619, 0xb63a, 0x8c93, 0x9d56, 0xb63a,
0xbe5a, 0xb61a, 0xbe3a, 0xadf9, 0xb63a, 0xb619, 0xb63a, 0xbe3a, 0xb619, 0xb619,
0x52ec, 0x4180, 0xed80, 0xfe00, 0xfe00, 0xfde0, 0xfe00, 0xfe00, 0x8b40, 0x0000,

0x0000, 0x5200, 0xfe00, 0xfde0, 0xfe00, 0xfde0, 0xfe00, 0xfde0, 0xfe00, 0xfe00,
0xcca0, 0x49c0, 0xf5e0, 0x3120, 0x0000, 0x0000, 0x0000, 0x0000, 0x0000, 0x0000,
0x0000, 0x0000, 0x0000, 0x0000, 0x0000, 0x0000, 0x0000, 0x0000, 0x0000, 0x1080,
0x7ae0, 0xe560, 0xfe00, 0xfde0, 0xfde0, 0xfde0, 0xfe00, 0xfde0, 0xfe00, 0xfde0,
0xfde0, 0xfe00, 0xcce0, 0x3140, 0x0000, 0x0000, 0x0000, 0x0000, 0x0000, 0x0000,
0x0000, 0x0000, 0x0000, 0x49e1, 0x1080, 0xd500, 0xfe00, 0xfde0, 0xfe00, 0xfe00,
0x7ae0, 0x0000, 0x0840, 0x8b40, 0xc4a0, 0xe540, 0x8300, 0x7b00, 0xcce0, 0x2920,
0xdd60, 0xb440, 0x0000, 0x5a20, 0xed80, 0x49e0, 0xe580, 0x8320, 0x0000, 0x0000,
0x0000, 0x0000, 0x0000, 0x0000, 0x0000, 0x1060, 0xbc60, 0xfe00, 0xfe00, 0xd520,
0x0000, 0x0000, 0x0000, 0x0000, 0x0000, 0x0000, 0x0000, 0xabe0, 0xfe00, 0xfde0,
0xfde0, 0xfde0, 0xfe00, 0xfde0, 0xfe00, 0xfde0, 0x5200, 0xb440, 0xac20, 0x0840,
0x0000, 0x0000, 0x0000, 0x0000, 0x0000, 0x1060, 0xc4c0, 0xf5c0, 0x3940, 0x0000,
0x0000, 0x0000, 0x0000, 0x0000, 0x0000, 0x2900, 0xfe00, 0xcce0, 0x3960, 0xfe00,
0xfe00, 0xe560, 0x49a0, 0xeda0, 0xfe00, 0xfde0, 0xfe00, 0xfde0, 0xfe00, 0xfde0,
0xfde0, 0xe580, 0x20c0, 0x0000, 0x0000, 0x0000, 0x0000, 0x0000, 0x20c0, 0xa3c0,
0x49c0, 0xd540, 0x2920, 0x0000, 0x0000, 0x0000, 0x0000, 0x0000, 0x0000, 0x0000,
0x52ec, 0xa5b8, 0xa5b8, 0x9d98, 0x9d98, 0xa5b8, 0xa5d9, 0x52ec, 0x5a20, 0xf5c0,
0xfe00, 0xfde0, 0xfe00, 0xfde0, 0xfe00, 0xfde0, 0xfe00, 0xeda0, 0x8b20, 0xa3c0,
0x41a0, 0x636e, 0xadd9, 0xa5b8, 0xa5b8, 0xa5b8, 0xa5b8, 0xa5b8, 0xa5b8, 0xa5b8,
0xa5b8, 0xa5b8, 0xa5b8, 0xa5b8, 0xa5d9, 0x39c7, 0x72e2, 0xfe00, 0xfe00, 0xfde0,
0xfe00, 0xfde0, 0xfde0, 0xfde0, 0xfe00, 0xed80, 0x9380, 0x9380, 0x3140, 0x6baf,
0xadf9, 0xadf9, 0xadf9, 0xadf9, 0xb61a, 0xa5d9, 0xb619, 0x73f1, 0x426a, 0xadf9,
0xadd9, 0xadd9, 0xa5b8, 0xa598, 0xa5b8, 0xadb8, 0xadb8, 0xa5b8, 0xadd8, 0x8cd4,
0x18c2, 0xbca0, 0xfe00, 0xfe00, 0xfde0, 0xfde0, 0xfde0, 0xfe00, 0x8b40, 0x0000,

0x0840, 0x5200, 0xfe00, 0xfde0, 0xfe00, 0xfde0, 0xfe00, 0xfde0, 0xfe00, 0xfde0,
0xcca0, 0x49c0, 0xf5e0, 0x3140, 0x0000, 0x0000, 0x0000, 0x0000, 0x0000, 0x0000,
0x0000, 0x0000, 0x0000, 0x0000, 0x0000, 0x0000, 0x0000, 0x0000, 0x0000, 0x0000,
0x0000, 0x6240, 0xf5a0, 0xfe00, 0xfde0, 0xfe00, 0xfde0, 0xfe00, 0xfde0, 0xfe00,
0xfe00, 0xe580, 0x20e0, 0x0000, 0x0000, 0x0000, 0x0000, 0x0000, 0x0000, 0x0000,
0x0000, 0x0000, 0x0000, 0x18c0, 0x1080, 0xd500, 0xfe00, 0xfde0, 0xfe00, 0xfe00,
0xb460, 0x1060, 0x0000, 0x4180, 0xc480, 0xf5c0, 0x8b40, 0x3960, 0xe560, 0xbc60,
0xe580, 0x41a0, 0x0000, 0x6240, 0xed80, 0x49e0, 0xed80, 0xd500, 0x0020, 0x0000,
0x0000, 0x0000, 0x0000, 0x0000, 0x0000, 0x0000, 0x6a80, 0xfe20, 0xfe00, 0xed80,
0x1060, 0x0000, 0x0000, 0x0000, 0x0000, 0x0000, 0x0000, 0x72c0, 0xfe00, 0xfe00,
0xfde0, 0xfe00, 0xfde0, 0xfe00, 0xfde0, 0xe580, 0x4180, 0xdd60, 0x72c0, 0x0000,
0x0000, 0x0000, 0x0000, 0x0000, 0x0000, 0x18a0, 0xd520, 0xfde0, 0x5a20, 0x0000,
0x0000, 0x0000, 0x0000, 0x0000, 0x0000, 0x0000, 0xe560, 0xeda0, 0x4180, 0xdd40,
0xfe00, 0xe540, 0x49a0, 0xeda0, 0xfe00, 0xfde0, 0xfe00, 0xfde0, 0xfe00, 0xcce0,
0x8320, 0xe580, 0x20c0, 0x0000, 0x0000, 0x0000, 0x0000, 0x0000, 0x20c0, 0xd520,
0x3140, 0xd500, 0x72c0, 0x0000, 0x0000, 0x0000, 0x0000, 0x0000, 0x0000, 0x0000,
0x2145, 0xa598, 0xadf9, 0xadd9, 0xae19, 0xb63a, 0xc69b, 0x4229, 0x7b20, 0xfe00,
0xfe00, 0xfde0, 0xfe00, 0xfde0, 0xfe00, 0xfde0, 0xfe00, 0xfde0, 0x9380, 0xa3c0,
0x5a40, 0x52ab, 0xa5d9, 0x9d98, 0x9d78, 0x9d78, 0x9d78, 0x9d98, 0x9d78, 0x9d78,
0x9d78, 0x9d78, 0x9d78, 0x9d98, 0xa5b9, 0x2145, 0x9bc0, 0xfe00, 0xfe00, 0xfde0,
0xfe00, 0xfde0, 0xfe00, 0xfde0, 0xfe00, 0xf5c0, 0x9ba0, 0x9bc0, 0x49c0, 0x52ec,
0x9536, 0x9536, 0x9537, 0x8d36, 0x9d77, 0x8cf5, 0x8d36, 0x636e, 0x0020, 0x7c73,
0x9536, 0x8cf6, 0x84b4, 0x7c53, 0x7c73, 0x8494, 0x8494, 0x7c53, 0x7c73, 0x2986,
0x5200, 0xfe20, 0xfe00, 0xfde0, 0xfe00, 0xfde0, 0xfe00, 0xfde0, 0x8b40, 0x0000,

0x72c0, 0x5200, 0xfe00, 0xfde0, 0xfe00, 0xfde0, 0xfe00, 0xfde0, 0xfe00, 0xfe00,
0xcca0, 0x49c0, 0xf5e0, 0x2920, 0x0000, 0x0000, 0x0000, 0x0000, 0x0000, 0x0000,
0x0000, 0x0000, 0x0000, 0x0000, 0x0000, 0x0000, 0x0000, 0x0000, 0x0000, 0x0000,
0x0000, 0x0000, 0x6aa0, 0xfe00, 0xfe00, 0xfde0, 0xfe00, 0xfde0, 0xfe00, 0xfde0,
0xed80, 0x49c0, 0x0000, 0x0000, 0x0000, 0x0000, 0x0000, 0x0000, 0x0000, 0x0000,
0x0000, 0x0000, 0x0000, 0x0000, 0x1080, 0xd500, 0xfe00, 0xfde0, 0xfe00, 0xfde0,
0xf5a0, 0x6240, 0x0000, 0x0000, 0x18a0, 0x6a80, 0x7ac0, 0xa3e0, 0xf5c0, 0xdd20,
0x49c0, 0x0000, 0x0000, 0x6a60, 0xeda0, 0x49e0, 0xeda0, 0xfe00, 0x49a0, 0x0000,
0x0000, 0x0000, 0x0000, 0x0000, 0x0000, 0x0000, 0x1060, 0xf5a0, 0xfe00, 0xfe20,
0x3120, 0x0000, 0x0000, 0x0000, 0x0000, 0x0000, 0x0000, 0x3960, 0xf5c0, 0xfde0,
0xfe00, 0xfde0, 0xfde0, 0xfe00, 0xfe00, 0xa3e0, 0x5a20, 0xfde0, 0x3140, 0x0000,
0x0000, 0x0000, 0x0000, 0x0000, 0x0000, 0x3940, 0xf5a0, 0xfe20, 0x8340, 0x0000,
0x0000, 0x0000, 0x0000, 0x0000, 0x0000, 0x0000, 0x93a0, 0xfe00, 0x8300, 0x7ae0,
0xfe00, 0xe560, 0x49a0, 0xeda0, 0xfe00, 0xfde0, 0xfe00, 0xfde0, 0xf5c0, 0x41a0,
0x4180, 0xdd80, 0x20c0, 0x0000, 0x0000, 0x0000, 0x0000, 0x0000, 0x20c0, 0xdd60,
0x72a0, 0x8340, 0xd520, 0x0020, 0x0000, 0x0000, 0x0000, 0x0000, 0x0000, 0x0000,
0x0841, 0x7c32, 0xb619, 0xae1a, 0xb619, 0xb63a, 0xbe5a, 0x4a6a, 0x72a0, 0xfde0,
0xfe00, 0xfde0, 0xfe00, 0xfde0, 0xfe00, 0xfde0, 0xfde0, 0xfde0, 0x8b40, 0xa3c0,
0x5a20, 0x5aec, 0xadd9, 0xa5b8, 0xa5b8, 0xa5b8, 0x9d98, 0xa5b8, 0x9d98, 0xa5b8,
0xa5b8, 0xa5b8, 0xa5b8, 0x9d98, 0xa5d9, 0x2145, 0x9380, 0xfe00, 0xfe00, 0xfde0,
0xfe00, 0xfde0, 0xfe00, 0xfde0, 0xfe00, 0xeda0, 0x9380, 0x9ba0, 0x4180, 0x5b4e,
0xadf9, 0xa5d9, 0xa5d9, 0xadd9, 0xbe3a, 0xa5b8, 0xa5d9, 0x6bd0, 0x10c3, 0x9d77,
0xadd9, 0x9d98, 0x9d77, 0x8d16, 0x9557, 0x9d98, 0x9d78, 0x9557, 0x9d98, 0x5b2d,
0x20c0, 0xed80, 0xfe00, 0xfde0, 0xfe00, 0xfde0, 0xfe00, 0xfe00, 0x8b40, 0x0000,

0x9bc0, 0x5200, 0xfe00, 0xfde0, 0xfe00, 0xfde0, 0xfe00, 0xfde0, 0xfe00, 0xfde0,
0xcca0, 0x49c0, 0xf5e0, 0x3140, 0x0000, 0x0000, 0x0000, 0x0000, 0x0000, 0x0000,
0x0000, 0x0000, 0x0000, 0x0000, 0x0000, 0x0000, 0x0000, 0x0000, 0x0000, 0x0000,
0x0000, 0x0000, 0x0840, 0xc4a0, 0xfe00, 0xfe00, 0xfde0, 0xfde0, 0xfde0, 0xfe00,
0x8b60, 0x0020, 0x0000, 0x0000, 0x0000, 0x0000, 0x0000, 0x0000, 0x0000, 0x0000,
0x0000, 0x0000, 0x0000, 0x0000, 0x1080, 0xd500, 0xfe00, 0xfde0, 0xfe00, 0xfde0,
0xfde0, 0xcce0, 0x6240, 0x18a0, 0x0840, 0x1060, 0x51e0, 0x9ba0, 0xbc60, 0xac00,
0x0840, 0x0000, 0x0000, 0x6a80, 0xedc0, 0x49e0, 0xed80, 0xfe00, 0x9ba0, 0x0820,
0x0000, 0x0000, 0x0000, 0x0000, 0x0000, 0x0000, 0x0000, 0xa3e0, 0xfe00, 0xfe00,
0x5a40, 0x0000, 0x0000, 0x0000, 0x0000, 0x0000, 0x0000, 0x1880, 0xccc0, 0xfe00,
0xfe00, 0xfde0, 0xe5a0, 0xfde0, 0xfe20, 0x51e0, 0xac00, 0xdd60, 0x0020, 0x0000,
0x0000, 0x0000, 0x0000, 0x0000, 0x0000, 0x5a20, 0xfe00, 0xfe00, 0xac20, 0x0020,
0x0000, 0x0000, 0x0000, 0x0000, 0x0000, 0x0000, 0x49c0, 0xeda0, 0xdd40, 0x3140,
0xdd60, 0xe560, 0x49a0, 0xeda0, 0xfe00, 0xfde0, 0xfe00, 0xfe00, 0x9380, 0x0840,
0x4180, 0xdd80, 0x20c0, 0x0000, 0x0000, 0x0000, 0x0000, 0x0000, 0x20c0, 0xdd20,
0xbc80, 0x51e0, 0xede0, 0x3960, 0x0000, 0x0000, 0x0000, 0x0000, 0x0000, 0x0000,
0x0000, 0x3a29, 0xb63a, 0xadf9, 0xb63a, 0xb63a, 0xc67b, 0x73f0, 0x4180, 0xedc0,
0xfe00, 0xfde0, 0xfe00, 0xfde0, 0xfe00, 0xfde0, 0xfe00, 0xcd00, 0x8b20, 0xa3e0,
0x3140, 0x6baf, 0xadd8, 0xa5b8, 0x9d98, 0xa5b8, 0xa5b8, 0xa5b8, 0xa598, 0xa5b8,
0x9d98, 0xa5b8, 0x9d98, 0xa5b8, 0xa5b8, 0x424a, 0x5a20, 0xfde0, 0xfe00, 0xfde0,
0xfe00, 0xfde0, 0xfe00, 0xfde0, 0xfe00, 0xd500, 0x8b20, 0x9380, 0x3141, 0x73f1,
0xa5d9, 0xa5d9, 0xa5b8, 0xa5d9, 0xb61a, 0xa598, 0xa5d9, 0x73f1, 0x636f, 0xa5b8,
0xa5d9, 0x9d98, 0x9557, 0x8d16, 0x8d37, 0x9d78, 0x9d78, 0x9577, 0x9d98, 0x9516,
0x2986, 0x7ae0, 0xf5c0, 0xfe00, 0xfde0, 0xfe00, 0xfde0, 0xfe20, 0x8b40, 0x0000,

0x9be0, 0x5200, 0xfe00, 0xfde0, 0xfe00, 0xfde0, 0xfe00, 0xfde0, 0xfe00, 0xfde0,
0xcca0, 0x49c0, 0xf5e0, 0x2920, 0x0000, 0x0000, 0x0000, 0x0000, 0x0000, 0x0000,
0x0000, 0x0000, 0x0000, 0x0000, 0x0000, 0x0000, 0x0000, 0x0000, 0x0000, 0x0000,
0x0000, 0x0000, 0x0000, 0x5a00, 0xf5c0, 0xfe00, 0xfde0, 0xfe00, 0xfe00, 0xdd20,
0x20e0, 0x0000, 0x0000, 0x0000, 0x0000, 0x0000, 0x0000, 0x0000, 0x0000, 0x0000,
0x0000, 0x0000, 0x0000, 0x0000, 0x1080, 0xd500, 0xfe00, 0xfde0, 0xfe00, 0xfde0,
0xfde0, 0xf5a0, 0xcca0, 0x8320, 0x6a80, 0x72a0, 0x49c0, 0x0000, 0x49c0, 0xd540,
0x18a0, 0x0000, 0x0000, 0x6aa0, 0xedc0, 0x49e0, 0xed80, 0xfe00, 0xdd20, 0x18c0,
0x0000, 0x0000, 0x0000, 0x0000, 0x0000, 0x0000, 0x0000, 0x49c0, 0xeda0, 0xfe00,
0x9360, 0x0000, 0x0000, 0x0000, 0x0000, 0x0000, 0x0000, 0x0000, 0x7b00, 0xfe00,
0xfe00, 0xfde0, 0x5200, 0xe560, 0xc4a0, 0x4180, 0xe5a0, 0x8340, 0x0000, 0x0000,
0x0000, 0x0000, 0x0000, 0x0000, 0x0000, 0x9360, 0xfe00, 0xfe00, 0xd500, 0x1080,
0x0000, 0x0000, 0x0000, 0x0000, 0x0000, 0x0000, 0x0840, 0xb440, 0xfe00, 0x6a80,
0x7ae0, 0xe560, 0x49a0, 0xeda0, 0xfe00, 0xfde0, 0xfe00, 0xdd40, 0x1880, 0x0000,
0x4180, 0xdd80, 0x20c0, 0x0000, 0x0000, 0x0000, 0x0000, 0x0000, 0x20c0, 0xdd40,
0xf5a0, 0x49a0, 0xc4c0, 0x8b40, 0x0000, 0x0000, 0x0000, 0x0000, 0x0000, 0x0000,
0x0000, 0x0841, 0xa5b8, 0xadf9, 0xbe3a, 0xb61a, 0xc69b, 0x9d56, 0x1081, 0xbc80,
0xfe00, 0xfe00, 0xfde0, 0xfe00, 0xfde0, 0xfe00, 0xedc0, 0x8300, 0x8320, 0xa3e0,
0x10a2, 0x94f5, 0xa5d9, 0x9d98, 0xa598, 0x9d98, 0xa598, 0x9d98, 0xa5b8, 0x9d98,
0xa5b8, 0xa5b8, 0x9d98, 0x9d98, 0xa598, 0x7411, 0x2901, 0xd500, 0xfe00, 0xfe00,
0xfde0, 0xfde0, 0xfe00, 0xfe00, 0xe580, 0x8b40, 0x7ae0, 0x8b40, 0x2124, 0x9d57,
0xadf9, 0xadd9, 0xa5d9, 0xa5b9, 0xbe3a, 0x9d98, 0xa5b8, 0x8cd4, 0x9d77, 0xa5b8,
0xa5b8, 0x9d98, 0x9557, 0x8d16, 0x9557, 0x9578, 0x9578, 0x9577, 0x9d78, 0x9d98,
0x7412, 0x1060, 0xc4a0, 0xfe00, 0xfe00, 0xfde0, 0xfe00, 0xfe00, 0x8b40, 0x0000,

0x9be0, 0x5200, 0xfe00, 0xfde0, 0xfe00, 0xfde0, 0xfe00, 0xfde0, 0xfe00, 0xfde0,
0xcca0, 0x49c0, 0xf5c0, 0x3140, 0x0000, 0x0000, 0x0000, 0x0000, 0x0000, 0x0000,
0x0000, 0x0000, 0x0000, 0x0000, 0x0000, 0x0000, 0x0000, 0x0000, 0x0000, 0x0000,
0x0000, 0x0000, 0x0000, 0x1060, 0xc4a0, 0xfe00, 0xfe00, 0xfde0, 0xfe00, 0x72a0,
0x0000, 0x0000, 0x0000, 0x0000, 0x0000, 0x0000, 0x0000, 0x0000, 0x0000, 0x0000,
0x0000, 0x0000, 0x0000, 0x0000, 0x1080, 0xd500, 0xfe00, 0xfde0, 0xfe00, 0xfde0,
0xfde0, 0xfde0, 0xeda0, 0xd500, 0xbc60, 0xac20, 0x5a40, 0x0000, 0x1060, 0xed80,
0x4180, 0x0000, 0x0000, 0x6aa0, 0xedc0, 0x49e0, 0xed80, 0xfe00, 0xfe00, 0x6a60,
0x0000, 0x0000, 0x0000, 0x0000, 0x0000, 0x0000, 0x0000, 0x0840, 0xc4a0, 0xfe00,
0xc4a0, 0x1080, 0x0000, 0x0000, 0x0000, 0x0000, 0x0000, 0x0000, 0x1060, 0xeda0,
0xfe00, 0xfde0, 0x3940, 0xa400, 0x2920, 0xc4a0, 0xd540, 0x20e0, 0x0000, 0x0000,
0x0000, 0x0000, 0x0000, 0x0000, 0x0840, 0xc480, 0xfe00, 0xfe00, 0xed80, 0x4180,
0x0000, 0x0000, 0x0000, 0x0000, 0x0000, 0x0000, 0x0000, 0x3960, 0xe580, 0xeda0,
0x5a20, 0x49a0, 0x49a0, 0xeda0, 0xfe00, 0xfe00, 0xe540, 0x3960, 0x0000, 0x0000,
0x4180, 0xdd80, 0x20c0, 0x0000, 0x0000, 0x0000, 0x0000, 0x0000, 0x20c0, 0xdd20,
0xfe00, 0x8b40, 0x72c0, 0xd540, 0x20c0, 0x0000, 0x0000, 0x0000, 0x0000, 0x0000,
0x0000, 0x0000, 0x6baf, 0xadf9, 0xb63a, 0xb61a, 0xc69b, 0xb61a, 0x4aab, 0x3960,
0xe540, 0xfe00, 0xfde0, 0xfe00, 0xdd20, 0xac00, 0x7b00, 0x8320, 0xa3c0, 0x3120,
0x5b2d, 0xa5b8, 0x9d98, 0xa5b9, 0xa598, 0xa5b8, 0xa5b8, 0xa5b8, 0xa5b8, 0x9d98,
0xa598, 0xa598, 0xa5b8, 0x9d98, 0xa5b8, 0xa598, 0x3a09, 0x41a0, 0xf5e0, 0xfe00,
0xfde0, 0xfde0, 0xd4e0, 0xb420, 0x8300, 0x8b40, 0xa3e0, 0x20e0, 0x638e, 0xadd9,
0xa5d9, 0xadf9, 0xadd9, 0xa5b9, 0xbe3a, 0x9d98, 0x9d98, 0xa5b8, 0xa5b8, 0xa5b8,
0xa5b8, 0x9d98, 0x9557, 0x8d16, 0x9578, 0x9557, 0x9578, 0x9577, 0x9577, 0x9577,
0x9d98, 0x426a, 0x49a0, 0xedc0, 0xfe00, 0xfe00, 0xfde0, 0xfe00, 0x8b40, 0x0000,

0x9ba0, 0x5200, 0xfe00, 0xfde0, 0xfe00, 0xfde0, 0xfe00, 0xfde0, 0xfe00, 0xfde0,
0xcce0, 0x5a40, 0xf600, 0x3140, 0x0000, 0x0000, 0x0000, 0x0000, 0x0000, 0x0000,
0x0000, 0x0000, 0x0000, 0x0000, 0x0000, 0x0000, 0x0000, 0x0000, 0x0000, 0x0000,
0x0000, 0x0000, 0x0000, 0x0000, 0x8300, 0xfe00, 0xfe00, 0xfde0, 0xed80, 0x18a0,
0x0000, 0x0000, 0x0000, 0x0000, 0x0000, 0x0000, 0x0000, 0x0000, 0x0000, 0x0000,
0x0000, 0x0000, 0x0000, 0x0000, 0x1080, 0xd500, 0xfe00, 0xfde0, 0xfe00, 0xfde0,
0xfde0, 0xfe00, 0xfde0, 0xfdc0, 0xeda0, 0xed80, 0x8320, 0x0000, 0x0000, 0xc4c0,
0x72c0, 0x0000, 0x0000, 0x6aa0, 0xedc0, 0x49e0, 0xed80, 0xfe00, 0xfe00, 0xb420,
0x0820, 0x0000, 0x0000, 0x0000, 0x0000, 0x0000, 0x0000, 0x0000, 0x72c0, 0xfe00,
0xeda0, 0x3120, 0x0000, 0x0000, 0x0000, 0x0000, 0x0000, 0x0000, 0x0000, 0x72c0,
0xf5c0, 0xfde0, 0x3120, 0x4180, 0x9ba0, 0xf5e0, 0x6aa0, 0x0000, 0x0000, 0x0000,
0x0000, 0x0000, 0x0000, 0x0000, 0x2920, 0xe580, 0xfe00, 0xfe00, 0xfde0, 0x72c0,
0x0000, 0x0000, 0x0000, 0x0000, 0x0000, 0x0000, 0x0000, 0x0000, 0x5a40, 0xf5e0,
0xed80, 0x9ba0, 0x49a0, 0xeda0, 0xfe00, 0xdd40, 0x5a00, 0x0000, 0x0000, 0x0000,
0x4180, 0xdd80, 0x20c0, 0x0000, 0x0000, 0x0000, 0x0000, 0x0000, 0x20c0, 0xdd20,
0xfe00, 0xccc0, 0x3140, 0xf5e0, 0x5200, 0x0000, 0x0000, 0x0000, 0x0000, 0x0000,
0x0000, 0x0000, 0x31a6, 0xa5b8, 0xbe3a, 0xb61a, 0xc69b, 0xb619, 0x9536, 0x39e7,
0x4180, 0xcd00, 0xf5e0, 0xfe00, 0xbc60, 0x8b40, 0x8b40, 0x9ba0, 0x3981, 0x39e8,
0x9d98, 0x9d98, 0x9d98, 0xa5b8, 0xa5b8, 0x9d98, 0xa5b8, 0x9d98, 0xa598, 0xa598,
0x9d98, 0xa5b8, 0x9d98, 0xa5b8, 0xa5b8, 0x9d98, 0x8cf5, 0x2986, 0x5a20, 0xd500,
0xfde0, 0xeda0, 0x9ba0, 0x9360, 0x9360, 0x8b60, 0x3140, 0x4aab, 0xa598, 0xa5d9,
0xa5d9, 0xa5d9, 0xadf9, 0xa5b8, 0xbe3a, 0xa598, 0x9d98, 0xa5b8, 0xa5b8, 0xa5b8,
0xa5b9, 0x9d98, 0x9557, 0x8d16, 0x9557, 0x9557, 0x9577, 0x9577, 0x9578, 0x9578,
0x9577, 0x8cd5, 0x2124, 0x8b60, 0xfe00, 0xfe00, 0xfde0, 0xfe00, 0x8b40, 0x0000,

0x9bc0, 0x5200, 0xfe00, 0xfde0, 0xfe00, 0xfde0, 0xfe00, 0xfde0, 0xfe00, 0xfde0,
0xf5c0, 0xe540, 0xf5c0, 0x3140, 0x0000, 0x0000, 0x0000, 0x0000, 0x0000, 0x0000,
0x0000, 0x0000, 0x0000, 0x0000, 0x0000, 0x0000, 0x0000, 0x0000, 0x0000, 0x0000,
0x0000, 0x0000, 0x0000, 0x0000, 0x3960, 0xf5c0, 0xfe00, 0xfe00, 0x9ba0, 0x0000,
0x0000, 0x0000, 0x0000, 0x0000, 0x0000, 0x0000, 0x0000, 0x0000, 0x0000, 0x0000,
0x0000, 0x0000, 0x0000, 0x0000, 0x1080, 0xd500, 0xfe00, 0xfde0, 0xfe00, 0xfde0,
0xfde0, 0xfe00, 0xfde0, 0xfe00, 0xfde0, 0xfe00, 0x9360, 0x0000, 0x0000, 0x93a0,
0xa3c0, 0x0000, 0x0000, 0x6aa0, 0xedc0, 0x49e0, 0xed80, 0xfe00, 0xfe00, 0xe560,
0x3120, 0x0000, 0x0000, 0x0000, 0x0000, 0x0000, 0x0000, 0x0000, 0x2900, 0xe560,
0xfe20, 0x6a80, 0x0000, 0x0000, 0x0000, 0x0000, 0x0000, 0x0000, 0x0000, 0x0840,
0x8320, 0xf5e0, 0xd540, 0xe580, 0xfe00, 0x8300, 0x0840, 0x0000, 0x0000, 0x0000,
0x0000, 0x0000, 0x0000, 0x0000, 0x6240, 0xfde0, 0xfe00, 0xfde0, 0xfe00, 0xb440,
0x0000, 0x0000, 0x0000, 0x0000, 0x0000, 0x0000, 0x0000, 0x0000, 0x0000, 0x6240,
0xdd40, 0xe5a0, 0x49c0, 0xedc0, 0xcce0, 0x3960, 0x0000, 0x0000, 0x0000, 0x0000,
0x4180, 0xdd80, 0x20c0, 0x0000, 0x0000, 0x0000, 0x0000, 0x0000, 0x20c0, 0xdd20,
0xfe00, 0xeda0, 0x41a0, 0xcce0, 0xac00, 0x0000, 0x0000, 0x0000, 0x0000, 0x0000,
0x0000, 0x0000, 0x0841, 0x8c93, 0xbe5a, 0xb61a, 0xc69b, 0xb619, 0xa5b9, 0x9d77,
0x4249, 0x18a0, 0x6240, 0x9bc0, 0x9360, 0x8300, 0x5a20, 0x18a0, 0x4a6a, 0x9d57,
0xa5b8, 0xa598, 0xa5b8, 0xa5b8, 0x9d98, 0xa5b8, 0x9d98, 0xa598, 0xa598, 0x9d98,
0xa5b8, 0x9d98, 0xa5b8, 0x9d98, 0xa5b8, 0x9d98, 0xa5b8, 0x9515, 0x31a6, 0x20e0,
0x6260, 0x8b60, 0x6aa0, 0x7b00, 0x51e0, 0x18a0, 0x4a8b, 0xadd8, 0xa5d9, 0x9d98,
0xa5d9, 0xa5b8, 0x9d98, 0xa5b8, 0xb61a, 0x9d98, 0xa5b9, 0xa598, 0xa5b8, 0x9d98,
0xa5b8, 0xa5b8, 0x9557, 0x8d16, 0x9557, 0x9d77, 0x9577, 0x9557, 0x9d78, 0x9578,
0x9577, 0x9d78, 0x636e, 0x18a0, 0xe560, 0xfe00, 0xfe00, 0xfe20, 0x8b40, 0x0000,

0x9b80, 0x5200, 0xfe00, 0xfde0, 0xfe00, 0xfde0, 0xfe00, 0xfde0, 0xfe00, 0xfde0,
0xfe00, 0xfe00, 0xf5c0, 0x3120, 0x0000, 0x0000, 0x0000, 0x0000, 0x0000, 0x0000,
0x1060, 0x1080, 0x1080, 0x1080, 0x1060, 0x0000, 0x0000, 0x0000, 0x0000, 0x0000,
0x0000, 0x0000, 0x0000, 0x0000, 0x20c0, 0xdd20, 0xfe00, 0xedc0, 0x41a0, 0x0000,
0x0000, 0x0000, 0x0000, 0x0000, 0x0000, 0x0000, 0x0000, 0x3960, 0xac20, 0xdd60,
0xbca0, 0x5200, 0x0020, 0x0000, 0x1080, 0xd500, 0xfe00, 0xfde0, 0xfe00, 0xfde0,
0xfde0, 0xfe00, 0xfde0, 0xfe00, 0xfde0, 0xfe00, 0x8b60, 0x0000, 0x0000, 0x6260,
0xc4c0, 0x0840, 0x0000, 0x6aa0, 0xedc0, 0x49e0, 0xed80, 0xfe00, 0xfe00, 0xfde0,
0x8320, 0x0000, 0x0000, 0x0000, 0x0000, 0x0000, 0x0000, 0x0000, 0x0820, 0x9bc0,
0xfe00, 0xbc60, 0x0820, 0x0000, 0x0000, 0x0000, 0x0000, 0x0000, 0x0000, 0x0000,
0x0000, 0x3120, 0x8300, 0x7ae0, 0x3960, 0x0000, 0x0000, 0x0000, 0x0000, 0x0000,
0x0000, 0x0000, 0x0000, 0x0000, 0xbc60, 0xfe00, 0xfe00, 0xfde0, 0xfe00, 0xf5c0,
0x18a0, 0x0000, 0x0000, 0x0000, 0x0000, 0x0000, 0x0000, 0x0000, 0x0000, 0x0000,
0x0840, 0x3960, 0x1880, 0x3140, 0x0000, 0x0000, 0x0000, 0x0000, 0x0000, 0x0000,
0x4180, 0xdd80, 0x20c0, 0x0000, 0x0000, 0x0000, 0x0000, 0x0000, 0x20c0, 0xdd20,
0xfe00, 0xfe00, 0x9bc0, 0x6a80, 0xe560, 0x3120, 0x0000, 0x0000, 0x0000, 0x0000,
0x0000, 0x0000, 0x0000, 0x52ab, 0xbe5a, 0xb61a, 0xc69b, 0xb61a, 0xa5b9, 0xadf9,
0xae1a, 0x8cb4, 0x4aab, 0x31c7, 0x2966, 0x31a7, 0x4a8b, 0x8493, 0xa5d9, 0x9d98,
0xa5b8, 0xa5b8, 0x9d98, 0x9d98, 0xa598, 0xa598, 0x9d98, 0xa598, 0x9516, 0xa5b8,
0xa598, 0xa598, 0x9d98, 0xa5b8, 0x9d98, 0xa5b8, 0x9d98, 0x9d98, 0xa5b8, 0x7c52,
0x4249, 0x29a7, 0x2986, 0x29a7, 0x52cc, 0x8cf5, 0xa5b8, 0xae19, 0xadf9, 0x9d98,
0xadd9, 0xb61a, 0x9d98, 0xa5b8, 0xae19, 0x9d98, 0xa5b8, 0xa5b8, 0xa5b8, 0xa5d9,
0x9d98, 0xa5b8, 0x9d77, 0x8d16, 0x9578, 0x9d78, 0x9d78, 0x9577, 0x9578, 0x9578,
0x9578, 0x9578, 0x9557, 0x3a08, 0x6260, 0xf5c0, 0xfe00, 0xfe00, 0x8b40, 0x0000,

0x9380, 0x5200, 0xfe00, 0xfde0, 0xfe00, 0xfde0, 0xfe00, 0xfde0, 0xfe00, 0xfde0,
0xfe00, 0xfde0, 0xf5c0, 0x3120, 0x0000, 0x0000, 0x0000, 0x0000, 0x0000, 0x0860,
0x9bc0, 0xccc0, 0xccc0, 0xccc0, 0xccc0, 0x9380, 0x2900, 0x0000, 0x0000, 0x0000,
0x0000, 0x0000, 0x0000, 0x0000, 0x1060, 0xc4c0, 0xfe00, 0xd4e0, 0x1880, 0x0000,
0x0000, 0x0000, 0x0000, 0x0000, 0x0000, 0x0000, 0x5200, 0xe580, 0xdd40, 0xac20,
0xd520, 0xedc0, 0x7ae0, 0x0020, 0x1080, 0xd500, 0xfe00, 0xfde0, 0xfe00, 0xfde0,
0xfde0, 0xfe00, 0xfde0, 0xfe00, 0xfde0, 0xfe00, 0x8b60, 0x0000, 0x0000, 0x49c0,
0xcd20, 0x18a0, 0x0000, 0x6aa0, 0xedc0, 0x49e0, 0xed80, 0xfe00, 0xfde0, 0xfe00,
0xd500, 0x0020, 0x0000, 0x0000, 0x0000, 0x0000, 0x0000, 0x0000, 0x0000, 0x41a0,
0xfe20, 0xe560, 0x3960, 0x0000, 0x0000, 0x0000, 0x0000, 0x0000, 0x0000, 0x0000,
0x0000, 0x0000, 0x0000, 0x0000, 0x0000, 0x0000, 0x0000, 0x0000, 0x0000, 0x0000,
0x0000, 0x0000, 0x0000, 0x20e0, 0xf5c0, 0xfe00, 0xfe00, 0xfde0, 0xfe00, 0xfe00,
0x6260, 0x0000, 0x0000, 0x0000, 0x0000, 0x0000, 0x0000, 0x0000, 0x0000, 0x0000,
0x0000, 0x0000, 0x0000, 0x0000, 0x0000, 0x0000, 0x0000, 0x0000, 0x0000, 0x0000,
0x4180, 0xdd80, 0x20c0, 0x0000, 0x0000, 0x0000, 0x0000, 0x0000, 0x20c0, 0xdd20,
0xfe00, 0xfe00, 0xe540, 0x3140, 0xdd60, 0x7ae0, 0x0000, 0x0000, 0x0000, 0x0000,
0x0000, 0x0000, 0x0000, 0x1904, 0xa5b8, 0xb61a, 0xc69b, 0xb619, 0xa5b8, 0xadf9,
0xadf9, 0xadf9, 0xa5d9, 0xadf9, 0x9536, 0x9d98, 0xa5b8, 0x9d98, 0xa598, 0x9d98,
0x9d98, 0xa5b8, 0xa5b8, 0x9d98, 0xa598, 0xa598, 0xa5b8, 0x8cf5, 0x2145, 0x9536,
0xa5b8, 0xa598, 0xa598, 0x9d98, 0xa5b8, 0x9d98, 0xa5b8, 0x9d98, 0xa5b8, 0xa5b8,
0x9d98, 0x9d77, 0x9d57, 0x9d77, 0x9d98, 0xadd9, 0x9d98, 0xadf9, 0xadf9, 0xa5d9,
0xa5b9, 0xadf9, 0xa5d9, 0xa5b8, 0xb61a, 0xa5b8, 0xa5d9, 0xa5b8, 0xa5b8, 0xadf9,
0x9d77, 0x9d78, 0x9557, 0x84f5, 0x8cd5, 0x9d78, 0x9578, 0x9577, 0x9d78, 0x9d78,
0x9578, 0x9577, 0x9578, 0x84b4, 0x10a1, 0xac20, 0xfe00, 0xfe00, 0x8b40, 0x0000,

0x9380, 0x5200, 0xfe00, 0xfde0, 0xfe00, 0xfde0, 0xfe00, 0xfde0, 0xfe00, 0xfde0,
0xfe00, 0xfde0, 0xf5c0, 0x3120, 0x0000, 0x0000, 0x0000, 0x0000, 0x0000, 0x0020,
0x3960, 0x49c0, 0x49c0, 0x49c0, 0x6260, 0xc4c0, 0xd520, 0x1060, 0x0000, 0x0000,
0x0000, 0x0000, 0x0000, 0x0000, 0x0840, 0xb440, 0xfe00, 0x9bc0, 0x0000, 0x0000,
0x0000, 0x0000, 0x0000, 0x0000, 0x0000, 0x20e0, 0xd520, 0xfe00, 0xabe0, 0x20e0,
0x3120, 0xbc60, 0xedc0, 0x41a0, 0x1080, 0xd500, 0xfe00, 0xfde0, 0xfe00, 0xfde0,
0xfde0, 0xfe00, 0xfde0, 0xfe00, 0xfde0, 0xfe00, 0x8b60, 0x0000, 0x0000, 0x3980,
0xd500, 0x3120, 0x0000, 0x6aa0, 0xedc0, 0x49e0, 0xed80, 0xfe00, 0xfde0, 0xfe00,
0xfe00, 0x3960, 0x0000, 0x0000, 0x0000, 0x0000, 0x0000, 0x0000, 0x0000, 0x0820,
0xdd20, 0xfde0, 0x8b40, 0x0000, 0x0000, 0x0000, 0x0000, 0x0000, 0x0000, 0x0000,
0x0000, 0x0000, 0x0000, 0x0000, 0x0000, 0x0000, 0x0000, 0x0000, 0x0000, 0x0000,
0x0000, 0x0000, 0x0000, 0x7ae0, 0xfe00, 0xfe00, 0xfde0, 0xfe00, 0xfde0, 0xfe00,
0xbc60, 0x1060, 0x0000, 0x0000, 0x0000, 0x0000, 0x0000, 0x0000, 0x0000, 0x0000,
0x0000, 0x0000, 0x0000, 0x0000, 0x0000, 0x0000, 0x0000, 0x0000, 0x0000, 0x0000,
0x4180, 0xdd80, 0x20c0, 0x0000, 0x0000, 0x0000, 0x0000, 0x0000, 0x20c0, 0xdd20,
0xfe00, 0xfe00, 0xfe00, 0x49e0, 0xb440, 0xcce0, 0x0000, 0x0000, 0x0000, 0x0000,
0x0000, 0x0000, 0x0000, 0x0041, 0x7c31, 0xb61a, 0xc69b, 0xb619, 0xa5b8, 0xadf9,
0xadf9, 0xadd9, 0xa5d9, 0xb63a, 0x9d77, 0x9d98, 0x9d98, 0x9d98, 0xa598, 0x9d98,
0x9d98, 0xa5b8, 0xa5b8, 0xa598, 0xa598, 0x9d98, 0xa5b8, 0x52ab, 0x0000, 0x426a,
0x9d77, 0x9d98, 0xa598, 0x9d98, 0x9d98, 0xa598, 0xa5b8, 0x9d98, 0xa5b8, 0xa5b8,
0xa598, 0xa5b8, 0xa5b8, 0xa5b8, 0xa598, 0xa5b8, 0x9d78, 0xa5d9, 0xa5d9, 0xa5d9,
0xa5b8, 0xa5d9, 0xa5b8, 0xa5d9, 0xb61a, 0x9d78, 0xa5b8, 0xa5d9, 0x9d78, 0xa5b8,
0x9d78, 0x9d77, 0x9d78, 0x5b4e, 0x3186, 0x9537, 0x9557, 0x9577, 0x9537, 0x9557,
0x9d98, 0x9557, 0x9537, 0x9d78, 0x4aac, 0x3960, 0xeda0, 0xfe00, 0x8b40, 0x0000,

0x8b40, 0x5200, 0xfe00, 0xfde0, 0xfe00, 0xfde0, 0xfe00, 0xfde0, 0xfe00, 0xfde0,
0xfe00, 0xfde0, 0xf5c0, 0x3140, 0x0000, 0x0000, 0x0000, 0x0000, 0x0000, 0x1060,
0xac00, 0xdd40, 0xdd40, 0xdd20, 0xa400, 0x3140, 0xbca0, 0x8300, 0x0000, 0x0000,
0x0000, 0x0000, 0x0000, 0x0000, 0x0820, 0xa3c0, 0xfe00, 0x5a40, 0x0000, 0x0000,
0x0000, 0x0000, 0x0000, 0x0000, 0x0000, 0xa3c0, 0xfe00, 0xfe00, 0xa3e0, 0x72c0,
0xcd00, 0x3120, 0xccc0, 0x8b60, 0x1080, 0xd500, 0xfe00, 0xfde0, 0xfe00, 0xfde0,
0xfde0, 0xfe00, 0xfde0, 0xfe00, 0xfde0, 0xfe00, 0x9360, 0x0020, 0x1880, 0x3960,
0xcd20, 0x3120, 0x0000, 0x6aa0, 0xedc0, 0x49e0, 0xed80, 0xfe00, 0xfde0, 0xfe00,
0xfe00, 0x9ba0, 0x0020, 0x0000, 0x0000, 0x0000, 0x0000, 0x0000, 0x0000, 0x0000,
0x7ae0, 0xfde0, 0xf5c0, 0x20c0, 0x0000, 0x0000, 0x0000, 0x0000, 0x0000, 0x0000,
0x0000, 0x0000, 0x0000, 0x0000, 0x0000, 0x0000, 0x0000, 0x0000, 0x0000, 0x0000,
0x0000, 0x0000, 0x2900, 0xdd40, 0xfe00, 0xfe00, 0xfde0, 0xfde0, 0xfe00, 0xfe00,
0xf5c0, 0x5200, 0x0000, 0x0000, 0x0000, 0x0000, 0x0000, 0x0000, 0x0000, 0x0000,
0x0000, 0x0000, 0x0000, 0x0000, 0x0000, 0x0000, 0x0000, 0x0000, 0x0000, 0x0000,
0x4180, 0xdd80, 0x20c0, 0x0000, 0x0000, 0x0000, 0x0000, 0x0000, 0x20c0, 0xdd20,
0xfe00, 0xfe00, 0xfe00, 0x9ba0, 0x6240, 0xfe20, 0x3960, 0x0000, 0x0000, 0x0000,
0x0000, 0x0000, 0x0000, 0x0000, 0x31a7, 0xbe5a, 0xc67b, 0xb619, 0x9d98, 0xadf9,
0xadd9, 0xadf9, 0xa5b8, 0xb61a, 0x9d77, 0x9d98, 0xa5b8, 0x9d98, 0x9d98, 0x9d98,
0xa5b8, 0x9d98, 0xa5b8, 0xa5b8, 0x9d98, 0xa5b8, 0x73d0, 0x2101, 0x9ba0, 0x18a1,
0x5b4e, 0xa5b8, 0x9d98, 0xa5b8, 0xa5b8, 0xa5b8, 0x9d98, 0x9d98, 0x9d98, 0x9d98,
0xa5b8, 0x9d78, 0xadf9, 0xadf9, 0x9d77, 0xa598, 0x9d78, 0xa5d9, 0xadf9, 0xa5d9,
0xa5b9, 0xa5b8, 0xa5d9, 0xadd9, 0xbe3a, 0xa5b8, 0x9d98, 0xa5d9, 0xadd9, 0x9d78,
0xa5d8, 0xa5b8, 0x8cd4, 0x18e3, 0x0840, 0x5b2d, 0x9537, 0xa5b8, 0x9d77, 0x9537,
0x9d78, 0xa5b8, 0x9537, 0x9557, 0x9516, 0x2965, 0x7ae0, 0xfe00, 0x8b40, 0x0000,

0x8b40, 0x5200, 0xfe00, 0xfde0, 0xfe00, 0xfde0, 0xfe00, 0xfe00, 0xfe00, 0xfde0,
0xfde0, 0xfde0, 0xf5c0, 0x3140, 0x0000, 0x0000, 0x0000, 0x0000, 0x0000, 0x1060,
0xc4a0, 0xfe00, 0xfe00, 0xfe00, 0xfe00, 0x9380, 0x6240, 0xc4c0, 0x1080, 0x0000,
0x0000, 0x0000, 0x0000, 0x0000, 0x0020, 0x8b40, 0xedc0, 0x2900, 0x0000, 0x0000,
0x0000, 0x0000, 0x0000, 0x0000, 0x18a0, 0xeda0, 0xfe00, 0xfe00, 0xa3e0, 0x6aa0,
0xfe00, 0x8b40, 0x6a60, 0x9bc0, 0x1080, 0xd500, 0xfe00, 0xfde0, 0xfe00, 0xfde0,
0xfde0, 0xfe00, 0xfde0, 0xfe00, 0xfde0, 0xfe00, 0x8b40, 0x6a80, 0xd500, 0x6a60,
0xd540, 0x3120, 0x0000, 0x6a80, 0xedc0, 0x49e0, 0xed80, 0xfe00, 0xfde0, 0xfe00,
0xfe00, 0xdd40, 0x20c0, 0x0000, 0x0000, 0x0000, 0x0000, 0x0000, 0x0000, 0x0000,
0x3140, 0xe580, 0xfe00, 0x8b40, 0x0820, 0x0000, 0x0000, 0x0000, 0x0000, 0x0000,
0x0000, 0x0000, 0x0000, 0x0000, 0x0000, 0x0000, 0x0000, 0x0000, 0x0000, 0x0000,
0x0000, 0x0000, 0x8b40, 0xfde0, 0xfe00, 0xfde0, 0xfde0, 0xfde0, 0xfe00, 0xfde0,
0xfe00, 0xbc80, 0x1080, 0x0000, 0x0000, 0x0000, 0x0000, 0x0000, 0x0000, 0x0000,
0x0000, 0x0000, 0x0000, 0x0000, 0x0000, 0x0000, 0x0000, 0x0000, 0x0000, 0x0000,
0x4180, 0xdd80, 0x20c0, 0x0000, 0x0000, 0x0000, 0x0000, 0x0000, 0x20c0, 0xdd20,
0xfe00, 0xfe00, 0xfde0, 0xdd60, 0x41a0, 0xdd60, 0x8320, 0x0000, 0x0000, 0x0000,
0x0000, 0x0000, 0x0000, 0x0000, 0x0841, 0x9d77, 0xc69b, 0xadf9, 0xa5b8, 0xadf9,
0xadd9, 0xadd9, 0xa5d9, 0xb63a, 0x9d77, 0x9d98, 0x9d98, 0x9d98, 0x9d98, 0xa598,
0x9d98, 0x9d98, 0x9d98, 0xa5b8, 0xa5b8, 0x8494, 0x18c2, 0x8b60, 0xfe00, 0xa3e0,
0x2102, 0x6b8f, 0xa5b8, 0xa5b8, 0x9d98, 0x9d98, 0xa5b8, 0x9d98, 0x9d98, 0xa598,
0xa598, 0x9d78, 0xa5d9, 0xadf9, 0x9d77, 0xadd9, 0x9d78, 0xadd9, 0xa5b8, 0xadf9,
0xadd9, 0xa5b8, 0xadd9, 0xa5d9, 0xb63a, 0xa5b8, 0xa598, 0xadd9, 0xa5d9, 0x9d98,
0xadd9, 0xadd9, 0x424a, 0x41a0, 0x6a80, 0x18e3, 0x7c73, 0xa5d9, 0x9d98, 0x9537,
0x9d98, 0xa598, 0x9577, 0x9577, 0xa5b8, 0x7411, 0x18a1, 0xe560, 0x8b40, 0x0000,

0x8b40, 0x5200, 0xfe00, 0xfde0, 0xfde0, 0xf5a0, 0x9ba0, 0xb460, 0xf5a0, 0xfe00,
0xfde0, 0xfe00, 0xf5c0, 0x3140, 0x0000, 0x0000, 0x0000, 0x0000, 0x0000, 0x1060,
0xc4a0, 0xfe00, 0xfe00, 0xfde0, 0xfe00, 0xd500, 0x3140, 0xdd60, 0x20c0, 0x0000,
0x0000, 0x0000, 0x0000, 0x0000, 0x0000, 0x8b40, 0xcd20, 0x1880, 0x0000, 0x0000,
0x0000, 0x0000, 0x0000, 0x0000, 0x5a40, 0xfe20, 0xfe00, 0xfe00, 0xa3e0, 0x6aa0,
0xfe00, 0xdd60, 0x4180, 0x7b00, 0x1080, 0xd500, 0xfe00, 0xfde0, 0xfe00, 0xfde0,
0xfde0, 0xfe00, 0xfde0, 0xfe00, 0xfde0, 0xfe00, 0x8b40, 0xa3e0, 0xc4c0, 0xa400,
0xd500, 0x1880, 0x0000, 0x6a80, 0xedc0, 0x49e0, 0xed80, 0xfe00, 0xfde0, 0xfe00,
0xfe00, 0xfde0, 0x5a20, 0x0000, 0x0000, 0x0000, 0x0000, 0x0000, 0x0000, 0x0000,
0x0820, 0xb420, 0xfe00, 0xeda0, 0x3960, 0x0000, 0x0000, 0x0000, 0x0000, 0x0000,
0x0000, 0x0000, 0x0000, 0x0000, 0x0000, 0x0000, 0x0000, 0x0000, 0x0000, 0x0000,
0x0000, 0x3960, 0xe560, 0xfe00, 0xfe00, 0xfde0, 0xfde0, 0xfe00, 0xfde0, 0xfe00,
0xfde0, 0xf5e0, 0x72c0, 0x0000, 0x0000, 0x0000, 0x0000, 0x0000, 0x0000, 0x0000,
0x0000, 0x0000, 0x0000, 0x0000, 0x0000, 0x0000, 0x0000, 0x0000, 0x0000, 0x0000,
0x4180, 0xdd80, 0x20c0, 0x0000, 0x0000, 0x0000, 0x0000, 0x0000, 0x20c0, 0xdd20,
0xfe00, 0xfe00, 0xfde0, 0xfde0, 0x5a20, 0xa3c0, 0xcd00, 0x18a0, 0x0000, 0x0000,
0x0000, 0x0000, 0x0000, 0x0000, 0x0000, 0x6b8e, 0xcebc, 0xadf9, 0xa5b8, 0xadd9,
0xadd9, 0xadd9, 0xadd9, 0xb63a, 0x9d78, 0x9d98, 0xa5b8, 0x9d98, 0xa5b8, 0x9d98,
0x9d98, 0xa598, 0xa5b8, 0xa5b8, 0x8473, 0x2124, 0x72c0, 0xf5c0, 0xfe00, 0xfde0,
0x9360, 0x1081, 0x6bd0, 0xa5b8, 0xa5b8, 0xa5b8, 0xa5b8, 0xa5b8, 0xa598, 0xa5b8,
0x9d98, 0x9d98, 0xa598, 0xa5d9, 0x9d78, 0x9d98, 0x9d98, 0xa5b9, 0xa5b8, 0xa5d9,
0xa5b8, 0xadd9, 0xadf9, 0xa5d9, 0xa5d9, 0x9d98, 0xa5b8, 0xa5d9, 0xa5b8, 0x9d78,
0xa5d9, 0x8cd4, 0x18a0, 0x9380, 0x9ba0, 0x20e0, 0x3a29, 0x9d98, 0x9d78, 0x9537,
0x9d78, 0x9d78, 0x9d78, 0x9d78, 0x9d78, 0x9d57, 0x3a29, 0xabe0, 0x8b40, 0x0000,

0x8b20, 0x5200, 0xfe00, 0xfde0, 0xfe00, 0xb460, 0x0020, 0x0840, 0x18c0, 0xac20,
0xf5c0, 0xfde0, 0xf5c0, 0x3120, 0x0000, 0x0000, 0x0000, 0x0000, 0x0000, 0x1060,
0xc4a0, 0xfde0, 0xfde0, 0xfe00, 0xfde0, 0xe540, 0x3120, 0xf5c0, 0x2900, 0x0000,
0x0000, 0x0000, 0x0000, 0x0000, 0x0000, 0x8b60, 0xb460, 0x0840, 0x0000, 0x0000,
0x0000, 0x0000, 0x0000, 0x0840, 0xac20, 0xfe00, 0xfde0, 0xfe00, 0xa3e0, 0x6aa0,
0xfe00, 0xfe00, 0x72c0, 0x3960, 0x1080, 0xd500, 0xfe00, 0xfde0, 0xfe00, 0xfde0,
0xfde0, 0xfe00, 0xfde0, 0xfe00, 0xfde0, 0xfe00, 0x8b40, 0x51e0, 0xd540, 0xd560,
0x5a20, 0x0000, 0x0000, 0x6aa0, 0xedc0, 0x49e0, 0xed80, 0xfe00, 0xfde0, 0xfe00,
0xfde0, 0xfe00, 0xb440, 0x0820, 0x0000, 0x0000, 0x0000, 0x0000, 0x0000, 0x0000,
0x0000, 0x5200, 0xfde0, 0xfe00, 0xccc0, 0x18a0, 0x0000, 0x0000, 0x0000, 0x0000,
0x0000, 0x0000, 0x0000, 0x0000, 0x0000, 0x0000, 0x0000, 0x0000, 0x0000, 0x0000,
0x1080, 0xd500, 0xfe00, 0xfe00, 0xfde0, 0xfe00, 0xfde0, 0xfde0, 0xfe00, 0xfde0,
0xfe00, 0xfe00, 0xf5c0, 0x3980, 0x0000, 0x0000, 0x0000, 0x0000, 0x0000, 0x0000,
0x0000, 0x0000, 0x0000, 0x0000, 0x0000, 0x0000, 0x0000, 0x0000, 0x0000, 0x1060,
0x9380, 0xe580, 0x20c0, 0x0000, 0x0000, 0x0000, 0x0000, 0x0000, 0x20c0, 0xdd20,
0xfe00, 0xfe00, 0xfde0, 0xfe00, 0xb420, 0x49c0, 0xf600, 0x5200, 0x0000, 0x0000,
0x0000, 0x0000, 0x0000, 0x0000, 0x0000, 0x2965, 0xb618, 0x9515, 0xa5b9, 0xa5b8,
0xa5b9, 0xa5d9, 0xa5b8, 0xae19, 0x9557, 0x9d98, 0x9d78, 0x9d98, 0x9d98, 0x9d98,
0x9d98, 0xa5b8, 0x9d77, 0x636e, 0x18c2, 0x7ae0, 0xfe00, 0xfe00, 0xfe00, 0xfe00,
0xfde0, 0xb440, 0x18c0, 0x4229, 0x8cf5, 0x9d98, 0x9d98, 0x9d98, 0x9d78, 0x9d77,
0x9d98, 0xa5b8, 0x9d77, 0x9d77, 0xadd9, 0x9557, 0x9537, 0x8d37, 0x8d37, 0x9557,
0x6bd0, 0x73f1, 0x9537, 0x9557, 0x8d16, 0x8cd5, 0x8cf5, 0x8d16, 0x84d5, 0x8d16,
0x84b4, 0x2124, 0x72c0, 0x9360, 0x8b40, 0xbc80, 0x2901, 0x5b2e, 0x7c93, 0x7c73,
0x84d5, 0x7c73, 0x84b5, 0x7c73, 0x7c53, 0x7c73, 0x7c53, 0xac21, 0x8b40, 0x0000,

0x8b20, 0x5200, 0xfe00, 0xfde0, 0xfe00, 0xb440, 0x18a0, 0x72c0, 0x3120, 0x1880,
0x9380, 0xf5a0, 0xf5c0, 0x3120, 0x0000, 0x0000, 0x0000, 0x0000, 0x0000, 0x1060,
0xc4a0, 0xfde0, 0xfde0, 0xfe00, 0xfde0, 0xe5a0, 0x3960, 0xe560, 0x2900, 0x0000,
0x0000, 0x0000, 0x0000, 0x0000, 0x0020, 0x9380, 0x8b40, 0x0000, 0x0000, 0x0000,
0x0000, 0x0000, 0x0000, 0x18a0, 0xcce0, 0xfe00, 0xfe00, 0xfde0, 0xa3e0, 0x6aa0,
0xfe00, 0xfe00, 0xac00, 0x20c0, 0x1080, 0xd500, 0xfe00, 0xfde0, 0xfe00, 0xfde0,
0xfde0, 0xfe00, 0xfde0, 0xfe00, 0xfde0, 0xfe00, 0x9360, 0x0820, 0x18a0, 0x18a0,
0x0000, 0x0000, 0x0000, 0x6aa0, 0xedc0, 0x51e0, 0xed80, 0xfe00, 0xfde0, 0xfde0,
0xfde0, 0xfe00, 0xe560, 0x3140, 0x0000, 0x0000, 0x0000, 0x0000, 0x0000, 0x0000,
0x0000, 0x18a0, 0xcd00, 0xfde0, 0xf5e0, 0xb460, 0x1060, 0x0000, 0x0000, 0x0000,
0x0000, 0x0000, 0x0000, 0x0000, 0x0000, 0x0000, 0x0000, 0x0000, 0x0000, 0x18a0,
0xa3c0, 0xfe00, 0xfe00, 0xfde0, 0xfe00, 0xfde0, 0xfe00, 0xfde0, 0xfde0, 0xfde0,
0xfde0, 0xfe00, 0xfe00, 0xd520, 0x3140, 0x0000, 0x0000, 0x0000, 0x0000, 0x0000,
0x0000, 0x0000, 0x0000, 0x0000, 0x0000, 0x0000, 0x0000, 0x0000, 0x20c0, 0xa3e0,
0xf5e0, 0xe580, 0x20c0, 0x0000, 0x0000, 0x0000, 0x0000, 0x0000, 0x20c0, 0xdd20,
0xfe00, 0xfe00, 0xfde0, 0xfe20, 0xe560, 0x3140, 0xe580, 0xa400, 0x0000, 0x0000,
0x0000, 0x0000, 0x0000, 0x0000, 0x0000, 0x0841, 0x8cb3, 0x528a, 0x5b0d, 0x9515,
0xa5b8, 0xadd9, 0xa5b8, 0xb619, 0x9557, 0x9d78, 0x9d78, 0x9d98, 0x9d98, 0x9d98,
0x9d77, 0x7c31, 0x39e8, 0x3120, 0x9bc0, 0xf5c0, 0xfe00, 0xfe00, 0xfde0, 0xfe00,
0xfe00, 0xfe00, 0xc4a0, 0x49e0, 0x2103, 0x634e, 0x8cf5, 0x9d77, 0x9d98, 0x9d78,
0x9d98, 0xadd9, 0x9d77, 0x9d77, 0xadd9, 0x9536, 0x9557, 0x9537, 0x7c73, 0x4a8b,
0x2966, 0x8494, 0x8cf6, 0x9d77, 0x8d16, 0x84d5, 0x9557, 0x9536, 0x8d16, 0x9d57,
0x5b2d, 0x2920, 0x9ba0, 0x9bc0, 0xac00, 0xfe00, 0x8b40, 0x18e3, 0x7c73, 0x84b4,
0x8d16, 0x84d5, 0x84d5, 0x8d16, 0x84b4, 0x8494, 0x8cf6, 0xcd67, 0x8b40, 0x0000,

0x8b40, 0x5200, 0xfe00, 0xfde0, 0xfe00, 0xc4a0, 0x0000, 0x5a00, 0x8300, 0x20c0,
0x18c0, 0xb440, 0xed80, 0x3120, 0x0000, 0x0000, 0x0000, 0x0000, 0x0000, 0x1060,
0xc4a0, 0xfde0, 0xfde0, 0xfe00, 0xfde0, 0xe580, 0x3140, 0xeda0, 0x2900, 0x0000,
0x0000, 0x0000, 0x0000, 0x0000, 0x0820, 0xa3e0, 0x6a80, 0x0000, 0x0000, 0x0000,
0x0000, 0x0000, 0x0000, 0x2900, 0xeda0, 0xfe00, 0xfe00, 0xfe00, 0xa3e0, 0x6aa0,
0xfe00, 0xfe00, 0xd500, 0x20c0, 0x1080, 0xd500, 0xfe00, 0xfde0, 0xfe00, 0xfde0,
0xfde0, 0xfe00, 0xfde0, 0xfe00, 0xfde0, 0xfe00, 0x9360, 0x0000, 0x0000, 0x0000,
0x0000, 0x0000, 0x0000, 0x41a0, 0x9ba0, 0x3140, 0x93a0, 0xbc80, 0xfe00, 0xfde0,
0xfe00, 0xfde0, 0xfe00, 0x7ae0, 0x0000, 0x0000, 0x0000, 0x0000, 0x0000, 0x0000,
0x0000, 0x0000, 0x49a0, 0x72a0, 0x6aa0, 0xcd00, 0xac00, 0x18a0, 0x0000, 0x0000,
0x0000, 0x0000, 0x0000, 0x0000, 0x0000, 0x0000, 0x0000, 0x0000, 0x1880, 0xac00,
0xfe00, 0xfe00, 0xfe00, 0xfde0, 0xfde0, 0xfe00, 0xfde0, 0xfe00, 0xfde0, 0xfe00,
0xfde0, 0xfe00, 0xfde0, 0xfe00, 0xd500, 0x3980, 0x0000, 0x0000, 0x0000, 0x0000,
0x0000, 0x0000, 0x0000, 0x0000, 0x0000, 0x0000, 0x0000, 0x2900, 0xc4a0, 0xfde0,
0xfe00, 0xe540, 0x20c0, 0x0000, 0x0000, 0x0000, 0x0000, 0x0000, 0x20c0, 0xdd20,
0xfe00, 0xfe00, 0xc480, 0x8360, 0x8340, 0x2900, 0x6260, 0x72c0, 0x0840, 0x0000,
0x0000, 0x0000, 0x0000, 0x0000, 0x0000, 0x0000, 0x2125, 0x18c3, 0x0020, 0x1904,
0x4aab, 0x8472, 0x9d56, 0xadd8, 0x9557, 0x9d78, 0x9d77, 0x9557, 0x84b4, 0x5b4d,
0x2987, 0x1081, 0x6261, 0xdd20, 0xfe00, 0xfde0, 0xfe00, 0xfde0, 0xfe00, 0xfde0,
0xfde0, 0xfe00, 0xfe00, 0xeda0, 0x9bc0, 0x20e0, 0x18e3, 0x4249, 0x73f0, 0x9516,
0x9d77, 0x9d77, 0xa5b8, 0x9d98, 0x9d97, 0x84b4, 0x5b4e, 0x31e8, 0x10a2, 0x0000,
0x18e3, 0x31e8, 0x31c8, 0x3a09, 0x3a09, 0x31c7, 0x31e8, 0x3a09, 0x3a09, 0x31a7,
0x18c2, 0x8321, 0x8b40, 0x8b40, 0xeda0, 0xfe00, 0xed60, 0x4180, 0x2125, 0x31c8,
0x31e9, 0x3a09, 0x31a7, 0x31e8, 0x31e8, 0x31c7, 0x31c7, 0xb4a3, 0x8b40, 0x0000,

0x8b40, 0x5200, 0xfe00, 0xfde0, 0xfe00, 0xfde0, 0x51e0, 0x1880, 0x8300, 0x8300,
0x0840, 0x51e0, 0xd500, 0x2900, 0x0000, 0x0000, 0x0000, 0x0000, 0x0000, 0x1060,
0xc4a0, 0xfe00, 0xfde0, 0xfe00, 0xfe00, 0xdd40, 0x3120, 0xe560, 0x20e0, 0x0000,
0x0000, 0x0000, 0x0000, 0x0000, 0x0840, 0xb440, 0x49c0, 0x0000, 0x0000, 0x0000,
0x0000, 0x0000, 0x0000, 0x51e0, 0xfde0, 0xfe00, 0xfe00, 0xfe00, 0xa3e0, 0x6aa0,
0xfe00, 0xfe00, 0xe580, 0x3960, 0x1080, 0xd500, 0xfe00, 0xfde0, 0xfe00, 0xfde0,
0xfde0, 0xfe00, 0xfde0, 0xfe00, 0xfde0, 0xfe00, 0xbc60, 0x6240, 0x6240, 0x6240,
0x6240, 0x6240, 0x6240, 0x6a80, 0x72a0, 0x20c0, 0x6a80, 0x9bc0, 0xfe00, 0xfe00,
0xfde0, 0xfde0, 0xfe00, 0xdd40, 0x6240, 0x6240, 0x6240, 0x6240, 0x6240, 0x6240,
0x6240, 0x5200, 0x18a0, 0xa3e0, 0xa400, 0xdd40, 0xfe00, 0xdd20, 0x6a80, 0x1060,
0x0000, 0x0000, 0x0000, 0x0000, 0x0000, 0x0000, 0x1060, 0x5a20, 0xe540, 0xfe00,
0xfe00, 0xfde0, 0xfe00, 0xfde0, 0xfe00, 0xfde0, 0xfe00, 0xfde0, 0xdd20, 0xbc80,
0xbc60, 0xbca0, 0xbc60, 0xbca0, 0xbca0, 0xbc80, 0x49c0, 0x0000, 0x0000, 0x0000,
0x0000, 0x0000, 0x0000, 0x0000, 0x0000, 0x3120, 0x9360, 0xf5a0, 0xfe00, 0xfe00,
0xfe00, 0xed80, 0x72c0, 0x6240, 0x6240, 0x6240, 0x6240, 0x6240, 0x72c0, 0xeda0,
0xfde0, 0xfde0, 0xb440, 0x72c0, 0x72c0, 0x6a80, 0x1880, 0x6a80, 0x6a60, 0x6240,
0x6240, 0x6240, 0x6240, 0x6240, 0x6240, 0x6240, 0x6260, 0x6a80, 0xb440, 0xb420,
0x6240, 0x3120, 0x1060, 0x18c1, 0x2923, 0x2123, 0x2103, 0x0840, 0x20c0, 0x49a0,
0x8b60, 0xdd40, 0xfe20, 0xfe00, 0xfe00, 0xfde0, 0xfde0, 0xfe00, 0xfde0, 0xfe00,
0xfde0, 0xfe00, 0xfde0, 0xfe00, 0xfe00, 0xf600, 0xbc80, 0x6a80, 0x3140, 0x1080,
0x18a1, 0x2923, 0x2944, 0x2103, 0x1060, 0x18a0, 0x4180, 0x8300, 0x9380, 0x7b00,
0x7ae0, 0x72c0, 0x72c0, 0x72c0, 0x72c0, 0x72c0, 0x72c0, 0x72c0, 0x72c0, 0x72c0,
0x9380, 0xdd40, 0xe560, 0xe560, 0xfe00, 0xfe00, 0xfe00, 0xd520, 0x72c0, 0x72c0,
0x72c0, 0x72c0, 0x72c0, 0x72c0, 0x72c0, 0x72c0, 0x72c0, 0xccc0, 0x8b40, 0x0000,

0x8b80, 0x5200, 0xfe00, 0xfde0, 0xfe00, 0xfde0, 0xbc60, 0x20c0, 0x49c0, 0xac20,
0x18a0, 0x20c0, 0xb420, 0x2900, 0x0000, 0x0000, 0x0000, 0x0000, 0x0000, 0x1060,
0xc4a0, 0xfe00, 0xfde0, 0xfe00, 0xfe00, 0xcca0, 0x4180, 0xd520, 0x18a0, 0x0000,
0x0000, 0x0000, 0x0000, 0x0000, 0x1060, 0xbcc0, 0x3120, 0x0000, 0x0000, 0x0000,
0x0000, 0x0000, 0x0000, 0x72c0, 0xfe00, 0xfe00, 0xfde0, 0xfe00, 0xa3e0, 0x6aa0,
0xfe00, 0xfe00, 0xf5e0, 0x51e0, 0x72e0, 0xc4a0, 0x6a80, 0x6a80, 0x6a80, 0x6a80,
0x6a80, 0x6a80, 0x72a0, 0xedc0, 0xbc80, 0x6a80, 0x6a60, 0x6260, 0x6260, 0x6260,
0x6260, 0x72c0, 0xedc0, 0xe560, 0x8320, 0xb420, 0xf5c0, 0xfde0, 0xfe00, 0xfde0,
0xfe00, 0xfde0, 0xfe00, 0xfe00, 0xf5c0, 0xf5c0, 0xf5c0, 0xf5e0, 0xc480, 0x6260,
0x6260, 0x5a40, 0x18a0, 0x5a40, 0x6aa0, 0xa3e0, 0xd4e0, 0x72a0, 0x6260, 0x3980,
0x20c0, 0x1060, 0x0840, 0x0840, 0x18a0, 0x4a05, 0xa4ee, 0xc5ae, 0xd60e, 0xd60e,
0xd5ee, 0xd60e, 0xd60e, 0xcdcd, 0x7ac0, 0xe580, 0xfe00, 0xfe00, 0xd500, 0xac00,
0xac20, 0xac20, 0xac20, 0xac20, 0xac20, 0xac20, 0xac00, 0x9bc0, 0x9ba0, 0x9ba0,
0x9ba0, 0x9ba0, 0x9bc0, 0xabe0, 0xbc80, 0xe560, 0xfde0, 0xfe00, 0xfe00, 0xfde0,
0xfe00, 0xfde0, 0xf5c0, 0xf5c0, 0xf5c0, 0xf5c0, 0xf5c0, 0xf5c0, 0xf5c0, 0xfde0,
0xfde0, 0xfde0, 0xfde0, 0xfde0, 0xfde0, 0xf5c0, 0xa3e0, 0xed80, 0xf5c0, 0xf5c0,
0xf5c0, 0xf5c0, 0xf5c0, 0xf5c0, 0xf5c0, 0xf5c0, 0xf5c0, 0xfde0, 0xfde0, 0xfde0,
0xf5e0, 0xe560, 0xd500, 0xd4e0, 0xd4e0, 0xd4e0, 0xd4e0, 0xd4e0, 0xdd40, 0xeda0,
0xfde0, 0xfe00, 0xfe00, 0xfde0, 0xfde0, 0xfde0, 0xfe00, 0xfe00, 0xfe00, 0xfe00,
0xfde0, 0xfe00, 0xfde0, 0xfe00, 0xfde0, 0xfde0, 0xfe00, 0xfde0, 0xe560, 0xd500,
0xd4e0, 0xd4e0, 0xd4e0, 0xd4e0, 0xd4e0, 0xdd20, 0xed80, 0xfde0, 0xfde0, 0xfde0,
0xfde0, 0xfde0, 0xfde0, 0xfde0, 0xfde0, 0xfde0, 0xfde0, 0xfde0, 0xfde0, 0xfde0,
0xfde0, 0xfe00, 0xfe00, 0xfe00, 0xfe00, 0xfde0, 0xfe00, 0xfde0, 0xfde0, 0xfde0,
0xfde0, 0xfde0, 0xfde0, 0xfde0, 0xfde0, 0xfde0, 0xfde0, 0xfe00, 0x8b40, 0x0000,

0x9380, 0x5200, 0xfe00, 0xfde0, 0xfe00, 0xfde0, 0xeda0, 0x72c0, 0x0820, 0x9360,
0x20c0, 0x1080, 0x9ba0, 0x18c0, 0x0000, 0x0000, 0x0000, 0x0000, 0x0000, 0x1060,
0xc4a0, 0xfe00, 0xfde0, 0xfe00, 0xfe00, 0x8320, 0x7ae0, 0xac20, 0x0840, 0x0000,
0x0000, 0x0000, 0x0000, 0x0000, 0x18c0, 0xd500, 0x20c0, 0x0000, 0x0000, 0x0000,
0x0000, 0x0000, 0x0000, 0x8b60, 0xfe20, 0xfe00, 0xfde0, 0xfe00, 0xa3e0, 0x6aa0,
0xfe00, 0xfe00, 0xfde0, 0x6a80, 0xac00, 0xbc80, 0x0840, 0x0000, 0x0000, 0x0000,
0x0000, 0x0000, 0x0000, 0xdd60, 0x7ae0, 0x0000, 0x0000, 0x0000, 0x0000, 0x0000,
0x0000, 0x20e0, 0xfe20, 0xccc0, 0x4180, 0xfe00, 0xfe00, 0xfde0, 0xfe00, 0xfde0,
0xfe00, 0xfde0, 0xfde0, 0xfe00, 0xfde0, 0xfe00, 0xfde0, 0xfe00, 0x9bc0, 0x0000,
0x0000, 0x0000, 0x0000, 0x0000, 0x0000, 0x6240, 0xac20, 0x0840, 0x0000, 0x0000,
0x0000, 0x0000, 0x0000, 0x0000, 0x5a20, 0x4229, 0xadd9, 0xadf9, 0xadf9, 0xadf9,
0xadf9, 0xadf9, 0xadf9, 0xa597, 0x1080, 0xd540, 0xfe00, 0xfe00, 0xfe20, 0xfe00,
0xfe20, 0xfe00, 0xfe20, 0xfe00, 0xfe00, 0xfe00, 0xfe00, 0xfe00, 0xfde0, 0xfe00,
0xfde0, 0xfe00, 0xfde0, 0xfe00, 0xfde0, 0xfde0, 0xfe00, 0xfde0, 0xfe00, 0xfde0,
0xfe00, 0xfde0, 0xfe00, 0xfde0, 0xfe00, 0xfe00, 0xfe00, 0xfe20, 0xfe00, 0xfe20,
0xfe00, 0xfe20, 0xfe00, 0xfe00, 0xfe00, 0xfe00, 0xfe00, 0xfe00, 0xfe00, 0xfe00,
0xfe00, 0xfe00, 0xfe00, 0xfe00, 0xfe00, 0xfe00, 0xfe00, 0xfe00, 0xfde0, 0xfe00,
0xfde0, 0xfe00, 0xfde0, 0xfe00, 0xfe00, 0xfe00, 0xfe00, 0xfe00, 0xfe00, 0xfe00,
0xfe00, 0xfe00, 0xfe00, 0xfe00, 0xfe00, 0xfe00, 0xe580, 0xf5e0, 0xfe00, 0xfde0,
0xfde0, 0xfe00, 0xfde0, 0xfde0, 0xfe00, 0xfde0, 0xfe00, 0xfde0, 0xfe00, 0xfde0,
0xfe00, 0xfde0, 0xfde0, 0xfe00, 0xfde0, 0xfe00, 0xfde0, 0xfe00, 0xfde0, 0xfe00,
0xfde0, 0xfde0, 0xfe00, 0xfde0, 0xfe00, 0xfde0, 0xfe00, 0xfde0, 0xfe00, 0xfde0,
0xfde0, 0xfe00, 0xfde0, 0xfe00, 0xfde0, 0xfe00, 0xfde0, 0xfe00, 0xfde0, 0xfde0,
0xfe00, 0xfde0, 0xfe00, 0xfde0, 0xfe00, 0xfde0, 0xfe00, 0xfe00, 0x8b40, 0x0000,

0x9be0, 0x5200, 0xfe00, 0xfde0, 0xfe00, 0xfde0, 0xfde0, 0xcce0, 0x2900, 0x20e0,
0x0840, 0x20e0, 0x8b40, 0x18a0, 0x0000, 0x0000, 0x0000, 0x0000, 0x0000, 0x1060,
0xc4c0, 0xf5a0, 0xe560, 0xd520, 0x93c0, 0x4180, 0xdd40, 0x41a0, 0x0000, 0x0000,
0x0000, 0x0000, 0x0000, 0x0000, 0x3120, 0xf5a0, 0x0820, 0x0000, 0x0000, 0x0000,
0x0000, 0x0000, 0x0000, 0xa3c0, 0xfe00, 0xfe00, 0xfde0, 0xfe00, 0xa3e0, 0x6aa0,
0xfe00, 0xfe00, 0xfe00, 0x8b20, 0x8340, 0xd500, 0x1880, 0x0000, 0x0000, 0x0000,
0x0000, 0x0000, 0x0000, 0xcd00, 0x6280, 0x0000, 0x0000, 0x0000, 0x0000, 0x0000,
0x0000, 0x4180, 0xfe20, 0xbc60, 0x5a20, 0xfe20, 0xfe00, 0xfde0, 0xfe00, 0xfde0,
0xfe00, 0xfde0, 0xfde0, 0xfe00, 0xfde0, 0xfe00, 0xfde0, 0xfe20, 0x9bc0, 0x0000,
0x0000, 0x0000, 0x0000, 0x0000, 0x0000, 0x6240, 0x7ae0, 0x0000, 0x0000, 0x0000,
0x0000, 0x0000, 0x0000, 0x20c0, 0xb440, 0x4229, 0xadf9, 0xadf9, 0xae19, 0xae19,
0xae19, 0xae19, 0xadf9, 0xa5b8, 0x1080, 0xd520, 0xd520, 0x9ba0, 0x6260, 0x4180,
0x20c0, 0x1080, 0x1080, 0x2900, 0x51e0, 0x8300, 0xbc60, 0xed80, 0xfe20, 0xfde0,
0xfe00, 0xfde0, 0xfe00, 0xfde0, 0xfe00, 0xfde0, 0xfe00, 0xfde0, 0xfde0, 0xfe00,
0xfde0, 0xfe00, 0xfe00, 0xdd60, 0xa3e0, 0x72a0, 0x41a0, 0x20c0, 0x1080, 0x1080,
0x28e0, 0x49c0, 0x6aa0, 0xac00, 0xd520, 0xc4a0, 0xbc60, 0xbc60, 0xbc60, 0xbc60,
0xbc60, 0xbc60, 0xbc60, 0xbc60, 0xbc60, 0xbc60, 0xbc60, 0xdd40, 0xfe00, 0xfde0,
0xfe00, 0xfde0, 0xfde0, 0xfe00, 0xccc0, 0xbc60, 0xbc60, 0xbc60, 0xbc60, 0xbc60,
0xbc60, 0xbc60, 0xbc60, 0xbc60, 0xbc60, 0xc4a0, 0x41a0, 0x20c0, 0x6a80, 0xb460,
0xb440, 0xb440, 0xdd00, 0xf5c0, 0xfde0, 0xfe00, 0xfde0, 0xfe00, 0xfde0, 0xfe00,
0xfde0, 0xfe00, 0xfde0, 0xfde0, 0xfe00, 0xfde0, 0xfe00, 0xfde0, 0xfe00, 0xfde0,
0xfe00, 0xfde0, 0xfde0, 0xfe00, 0xfde0, 0xfe00, 0xfde0, 0xfe00, 0xfde0, 0xfe00,
0xfde0, 0xfde0, 0xfe00, 0xfde0, 0xfe00, 0xfde0, 0xfe00, 0xfde0, 0xfe00, 0xfde0,
0xfde0, 0xfe00, 0xfde0, 0xfe00, 0xfde0, 0xfe00, 0xfde0, 0xfe00, 0x8b40, 0x0000,

0x9ba0, 0x5200, 0xfe00, 0xfde0, 0xfe00, 0xfde0, 0xfde0, 0xf5a0, 0x8320, 0x0000,
0x0000, 0x4180, 0x8b40, 0x18a0, 0x0000, 0x0000, 0x0000, 0x0000, 0x0000, 0x1060,
0xc4c0, 0xac20, 0x3980, 0x41a0, 0x5a20, 0xbc80, 0xb440, 0x0020, 0x0000, 0x0000,
0x0000, 0x0000, 0x0000, 0x0000, 0x5a40, 0xf5c0, 0x0020, 0x0000, 0x0000, 0x0000,
0x0000, 0x0000, 0x0020, 0xb420, 0xfe00, 0xfe00, 0xfde0, 0xfe00, 0xa3e0, 0x6aa0,
0xfe00, 0xfe00, 0xfe00, 0x9ba0, 0x7b00, 0xdd20, 0x18a0, 0x0000, 0x0000, 0x0000,
0x0000, 0x0000, 0x0000, 0xbcc0, 0x5220, 0x0000, 0x0000, 0x0000, 0x0000, 0x0000,
0x0000, 0x5a20, 0xfe00, 0xa3e0, 0x72a0, 0xfe00, 0xfe00, 0xfde0, 0xfde0, 0xfde0,
0xfe00, 0xfde0, 0xfde0, 0xfde0, 0xfde0, 0xfde0, 0xfde0, 0xfe00, 0x9bc0, 0x0000,
0x0000, 0x0000, 0x0000, 0x0000, 0x0000, 0x5200, 0x2900, 0x0000, 0x0000, 0x0000,
0x0000, 0x0000, 0x0000, 0x6260, 0xd520, 0x4229, 0xb5f9, 0xadf9, 0xadf9, 0xadf9,
0xae19, 0xae19, 0xae19, 0xa5b8, 0x0820, 0x49e0, 0x2921, 0x2965, 0x4249, 0x638f,
0x634e, 0x63b0, 0x6bd0, 0x6bd0, 0x52cc, 0x31c7, 0x2102, 0x4180, 0x9360, 0xe560,
0xfde0, 0xfe00, 0xfde0, 0xfde0, 0xfe00, 0xfde0, 0xfe00, 0xfde0, 0xfe00, 0xfde0,
0xf5c0, 0xbc80, 0x6a80, 0x3141, 0x2965, 0x4229, 0x6b8e, 0x7c11, 0x7c31, 0x8452,
0x7411, 0x636e, 0x4229, 0x2944, 0x2901, 0x1080, 0x1060, 0x2102, 0x2122, 0x2122,
0x2123, 0x2123, 0x2122, 0x2122, 0x2122, 0x2923, 0x2102, 0x41c1, 0xf5c0, 0xfe00,
0xfde0, 0xfe00, 0xfde0, 0xd520, 0x20e0, 0x2102, 0x2122, 0x2122, 0x2122, 0x2122,
0x2122, 0x2122, 0x2923, 0x2102, 0x18c1, 0x28e0, 0x1080, 0x20e0, 0x18a0, 0x18c0,
0x49c0, 0x7ae0, 0x9ba0, 0xa3e0, 0xc4a0, 0xed80, 0xfde0, 0xfe00, 0xfde0, 0xfe00,
0xfde0, 0xfde0, 0xfde0, 0xfde0, 0xfe00, 0xfde0, 0xfe00, 0xfde0, 0xfe00, 0xfde0,
0xfde0, 0xfde0, 0xfde0, 0xfe00, 0xfde0, 0xfe00, 0xfde0, 0xfe00, 0xfde0, 0xfde0,
0xfde0, 0xfde0, 0xfe00, 0xfde0, 0xfe00, 0xfde0, 0xfe00, 0xfde0, 0xfde0, 0xfde0,
0xfde0, 0xfe00, 0xfde0, 0xfe00, 0xfde0, 0xfe00, 0xfde0, 0xfe00, 0x8b40, 0x0000,

0x9380, 0x5200, 0xfe00, 0xfde0, 0xfe00, 0xfde0, 0xfe00, 0xfde0, 0xd500, 0x0840,
0x0840, 0x5200, 0x8b60, 0x18c0, 0x0000, 0x0000, 0x0000, 0x0000, 0x0000, 0x1060,
0xc4c0, 0x9ba0, 0x8320, 0xeda0, 0xed80, 0x9be0, 0x20c0, 0x0000, 0x0000, 0x0000,
0x0000, 0x0000, 0x0000, 0x0000, 0x9bc0, 0xdd40, 0x0000, 0x0000, 0x0000, 0x0000,
0x0000, 0x0000, 0x0840, 0xc4a0, 0xfe00, 0xfe00, 0xfde0, 0xfe00, 0xa3e0, 0x6aa0,
0xfe00, 0xfe00, 0xfe00, 0xac20, 0x6a80, 0xdd60, 0x28e0, 0x0000, 0x0000, 0x0000,
0x0000, 0x0000, 0x0000, 0xac20, 0x49c0, 0x0000, 0x0000, 0x0000, 0x0000, 0x0000,
0x0000, 0x6260, 0xfe40, 0x9380, 0x7ae0, 0xfe20, 0xfe00, 0xfe00, 0xac00, 0xbc80,
0xfe00, 0xfe00, 0xfde0, 0xfe00, 0xfde0, 0xfde0, 0xfe00, 0xfe00, 0x9bc0, 0x0000,
0x0000, 0x0000, 0x0000, 0x0000, 0x0000, 0x18a0, 0x0000, 0x0000, 0x0000, 0x0000,
0x0000, 0x0000, 0x0840, 0xbc80, 0xd520, 0x4229, 0xadf9, 0xae19, 0xadf9, 0xadf9,
0xadf9, 0xadf9, 0xadf9, 0xa5b8, 0x0020, 0x3a08, 0x8473, 0xa5b8, 0xadf9, 0xa5b8,
0x7c52, 0x9537, 0x9557, 0x9537, 0x9577, 0x9d77, 0x8493, 0x6b8f, 0x2125, 0x3960,
0xac20, 0xfe00, 0xfe00, 0xfde0, 0xfe00, 0xfde0, 0xfe00, 0xfde0, 0xfe00, 0xe560,
0x6aa0, 0x1081, 0x3a08, 0x7c31, 0xa5b8, 0xadf9, 0xb61a, 0xa5d9, 0xadf9, 0xb63a,
0xadf9, 0xadd9, 0xb63a, 0xadb7, 0x7c31, 0x4249, 0x0021, 0x6baf, 0xad97, 0xa576,
0xa576, 0xa597, 0xa576, 0xa576, 0xa556, 0xb5f8, 0xa555, 0x18c3, 0xa3e0, 0xfe00,
0xfe00, 0xfde0, 0xf5e0, 0x6240, 0x4229, 0xad97, 0xa576, 0xad97, 0xa576, 0xa576,
0xa576, 0xa556, 0xadd7, 0x9515, 0x3a08, 0x0840, 0x6240, 0xc480, 0x8b60, 0x3940,
0x0840, 0x1060, 0x3960, 0x72c0, 0x9ba0, 0xc4a0, 0xf5c0, 0xfe00, 0xfde0, 0xfde0,
0xfe00, 0xfde0, 0xfe00, 0xfde0, 0xfe00, 0xfde0, 0xfde0, 0xfe00, 0xfde0, 0xfe00,
0xfde0, 0xfe00, 0xfde0, 0xfe00, 0xfde0, 0xfde0, 0xfe00, 0xfde0, 0xfe00, 0xfde0,
0xfe00, 0xfde0, 0xfe00, 0xfde0, 0xfde0, 0xfe00, 0xfde0, 0xfe00, 0xfde0, 0xfe00,
0xfde0, 0xfe00, 0xfde0, 0xfde0, 0xfe00, 0xfde0, 0xfe00, 0xfe00, 0x8b40, 0x0000,

0x9bc0, 0x5200, 0xfe00, 0xfde0, 0xfe00, 0xfde0, 0xfe00, 0xfde0, 0xc4a0, 0x0000,
0x0840, 0x5200, 0xa3e0, 0x20e0, 0x0000, 0x0000, 0x0000, 0x0000, 0x0000, 0x0000,
0x2900, 0x20c0, 0x20c0, 0x28e0, 0x0840, 0x0000, 0x0000, 0x0000, 0x0000, 0x0000,
0x0000, 0x0000, 0x0000, 0x20c0, 0xdd40, 0xe560, 0x0020, 0x0000, 0x0000, 0x0000,
0x0000, 0x0000, 0x0840, 0xc4a0, 0xfe00, 0xfe00, 0xfde0, 0xfe00, 0xa3e0, 0x6aa0,
0xfe00, 0xfe00, 0xfe00, 0xb460, 0x6260, 0xdd80, 0x2900, 0x0000, 0x0000, 0x0000,
0x0000, 0x0000, 0x0000, 0xa3e0, 0x49a0, 0x0000, 0x0000, 0x0000, 0x0000, 0x0000,
0x0000, 0x72c0, 0xfe00, 0x8300, 0x9360, 0xfe00, 0xfe00, 0xfe00, 0x7ae0, 0xa3c0,
0xfe00, 0xfe00, 0xfde0, 0xfe00, 0xfde0, 0xfe00, 0xfde0, 0xfe00, 0x9bc0, 0x0000,
0x0000, 0x0000, 0x0000, 0x0000, 0x0000, 0x0000, 0x0000, 0x0000, 0x0000, 0x0000,
0x0000, 0x0000, 0x4180, 0xedc0, 0xd540, 0x4229, 0xadf9, 0xadf9, 0xae19, 0xb61a,
0xae19, 0xae19, 0xadf9, 0xadd8, 0x7c31, 0xadf9, 0xadf9, 0xadf9, 0xadd9, 0x9d98,
0x7c32, 0x8d36, 0x9557, 0x8d16, 0x8d37, 0x9557, 0x9556, 0xbe5a, 0xb61a, 0x632d,
0x18c2, 0x6260, 0xf5a0, 0xfe00, 0xfde0, 0xfe00, 0xfde0, 0xfe00, 0xac00, 0x2900,
0x31c7, 0x9515, 0xae1a, 0xadd9, 0xa5d9, 0xadd9, 0xa5d9, 0xadf9, 0xadd9, 0xadf9,
0xa5d9, 0xa5b8, 0xadf9, 0xbe3a, 0x9d98, 0xd6fc, 0x9d14, 0x52ec, 0xadd8, 0xbe5a,
0xbe5a, 0xc67b, 0xbe5a, 0xbe5a, 0xb63a, 0xce9b, 0xc69b, 0x7c10, 0x20e0, 0xd540,
0xfe00, 0xfe00, 0xa3e0, 0x10a2, 0xadb8, 0xc67b, 0xbe5a, 0xbe5a, 0xbe7a, 0xbe3a,
0xbe5a, 0xb63a, 0xc69b, 0x7c32, 0x1081, 0x18a0, 0xb440, 0xfde0, 0xfde0, 0xf5a0,
0xc480, 0x72c0, 0x28e0, 0x0840, 0x18a0, 0x5a20, 0xa400, 0xd520, 0xccc0, 0xc4a0,
0xe560, 0xf5c0, 0xfde0, 0xfe00, 0xfde0, 0xfe00, 0xfde0, 0xfe00, 0xfde0, 0xfe00,
0xfde0, 0xfde0, 0xfe00, 0xfde0, 0xfe00, 0xfde0, 0xfe00, 0xfde0, 0xfe00, 0xfde0,
0xfde0, 0xfe00, 0xfde0, 0xfe00, 0xfde0, 0xfe00, 0xfde0, 0xfe00, 0xfde0, 0xfde0,
0xfe00, 0xfde0, 0xfe00, 0xfde0, 0xfe00, 0xfde0, 0xfe00, 0xfe00, 0x8b40, 0x0000,

0x9b80, 0x5200, 0xfe00, 0xfde0, 0xfe00, 0xfde0, 0xfe00, 0xfde0, 0x7ae0, 0x0000,
0x0020, 0x4180, 0xb440, 0x20e0, 0x0000, 0x0000, 0x0000, 0x0000, 0x0000, 0x0000,
0x0000, 0x0000, 0x0000, 0x0000, 0x0000, 0x0000, 0x0000, 0x0000, 0x0000, 0x0000,
0x0000, 0x0000, 0x0000, 0x6a80, 0xf5c0, 0xe560, 0x0000, 0x0000, 0x0000, 0x0000,
0x0000, 0x0000, 0x0860, 0xccc0, 0xfe00, 0xfe00, 0xf5c0, 0xf5c0, 0xa3c0, 0x6aa0,
0xf5e0, 0xf5c0, 0xf5e0, 0xac40, 0x6260, 0xdd60, 0x2900, 0x0000, 0x0000, 0x0000,
0x0000, 0x0000, 0x0000, 0xa3e0, 0x41a0, 0x0000, 0x0000, 0x0000, 0x0000, 0x0000,
0x0000, 0x72c0, 0xfe20, 0x72e0, 0x9380, 0xf600, 0xf5c0, 0xf600, 0x7ac0, 0x9bc0,
0xf5e0, 0xf5c0, 0xfde0, 0xfe00, 0xfde0, 0xfde0, 0xfde0, 0xfe20, 0x9bc0, 0x0000,
0x0000, 0x0000, 0x0000, 0x0000, 0x0000, 0x0000, 0x0000, 0x0000, 0x0000, 0x0000,
0x0000, 0x0000, 0x2900, 0xdd60, 0xd540, 0x4229, 0xadf9, 0xadf9, 0xae19, 0xae19,
0xb619, 0xae19, 0xadf9, 0xb61a, 0xadd9, 0xadf9, 0xadf9, 0xadd9, 0xadf9, 0x9d98,
0x7c32, 0x9536, 0x9557, 0x8d16, 0x9557, 0x9557, 0x9556, 0xbe5a, 0xb61a, 0xadd9,
0x8493, 0x2965, 0x5a20, 0xe5a0, 0xfe00, 0xfde0, 0xf5e0, 0xa3e0, 0x18e2, 0x5b2d,
0xa598, 0xadd9, 0xadf9, 0xadd9, 0xa5d9, 0xadd9, 0xa5d9, 0xa5d9, 0xadd9, 0xadf9,
0xadd9, 0xadd9, 0xa5b9, 0xb61a, 0xa598, 0xcedc, 0xc67b, 0xb5f9, 0xadd8, 0xbe5a,
0xbe7a, 0xc67b, 0xbe5a, 0xbe5a, 0xbe5a, 0xcebb, 0xc69b, 0xb5f9, 0x31a6, 0x6a80,
0xfde0, 0xe540, 0x3140, 0x634e, 0xb63a, 0xbe7a, 0xbe3a, 0xbe5a, 0xbe5a, 0xbe3a,
0xbe5a, 0xbe3a, 0xc67a, 0x2945, 0x1080, 0x3120, 0xf5a0, 0xfde0, 0xfde0, 0xfde0,
0xfde0, 0xeda0, 0xcce0, 0x9360, 0x49c0, 0x1080, 0x1060, 0x3960, 0x7ae0, 0x9be0,
0xac00, 0xbc80, 0xdd20, 0xf5a0, 0xfde0, 0xfde0, 0xfde0, 0xfde0, 0xfe00, 0xfde0,
0xfe00, 0xfde0, 0xfe00, 0xfde0, 0xfde0, 0xfde0, 0xfde0, 0xfe00, 0xfde0, 0xfe00,
0xfde0, 0xfe00, 0xfde0, 0xfde0, 0xfde0, 0xfde0, 0xfe00, 0xfde0, 0xfe00, 0xfde0,
0xfe00, 0xfde0, 0xfde0, 0xfde0, 0xfde0, 0xfe00, 0xfde0, 0xfe00, 0x8b40, 0x0000,

0x9b80, 0x5200, 0xfe00, 0xfde0, 0xfe00, 0xfde0, 0xfe00, 0xeda0, 0x3960, 0x1060,
0x20c0, 0x1080, 0xac20, 0x2900, 0x0000, 0x0000, 0x0000, 0x0000, 0x0000, 0x0000,
0x0000, 0x0000, 0x0000, 0x0000, 0x0000, 0x0000, 0x0000, 0x0000, 0x0000, 0x0000,
0x0000, 0x0000, 0x0820, 0xcd00, 0xfe00, 0xe540, 0x0000, 0x0000, 0x0000, 0x0000,
0x0000, 0x0000, 0x1080, 0xd540, 0xfe00, 0xf5c0, 0x7b00, 0x6240, 0x3960, 0x28e0,
0x6240, 0x6240, 0x6240, 0x49a0, 0x28e0, 0x5a00, 0x0840, 0x0000, 0x0000, 0x0000,
0x0000, 0x0000, 0x0000, 0x3960, 0x1880, 0x0000, 0x0000, 0x0000, 0x0000, 0x0000,
0x0000, 0x2900, 0x6260, 0x2900, 0x3940, 0x6240, 0x6240, 0x6240, 0x3120, 0x3980,
0x6240, 0x6240, 0x9360, 0xfde0, 0xfde0, 0xfde0, 0xfe00, 0xfe00, 0x9bc0, 0x0000,
0x0000, 0x0000, 0x0000, 0x0000, 0x0000, 0x0000, 0x0000, 0x0000, 0x0000, 0x0000,
0x0000, 0x0000, 0x0000, 0xac20, 0xd540, 0x4229, 0xadf9, 0xadd9, 0xae19, 0xae1a,
0xae19, 0xae19, 0xae19, 0xb63a, 0xa5d9, 0xadf9, 0xadf9, 0xadf9, 0xadf9, 0x9d98,
0x7c31, 0x8d16, 0x9557, 0x8d16, 0x9537, 0x9557, 0x9556, 0xbe5a, 0xb61a, 0xadd9,
0xadf9, 0x9d56, 0x2104, 0x6a80, 0xf5c0, 0xfe20, 0xa400, 0x1080, 0x73f0, 0xadf9,
0xadd9, 0xadf9, 0xadd9, 0xadd9, 0xadd9, 0xadd9, 0xadf9, 0xa5d9, 0xa5d9, 0xadf9,
0xa5b8, 0xadf9, 0xadd9, 0xb63a, 0xa598, 0xcedc, 0xbe7a, 0xc67b, 0xc67b, 0xbe5a,
0xbe5a, 0xc67b, 0xbe3a, 0xbe5a, 0xbe5a, 0xcebb, 0xc69b, 0xb619, 0x94d4, 0x2102,
0xc4a0, 0x72c0, 0x31a6, 0xadb8, 0xbe3a, 0xc67a, 0xbe5a, 0xbe5a, 0xbe5a, 0xbe5a,
0xbe5a, 0xb63a, 0x73f0, 0x1060, 0x2900, 0x7ae0, 0xfe00, 0xfde0, 0xfde0, 0xfde0,
0xfde0, 0xfde0, 0xfde0, 0xf5c0, 0xe540, 0xac00, 0x6240, 0x20e0, 0x0020, 0x18a0,
0x5200, 0x9380, 0xac20, 0xbc80, 0xf5c0, 0xfde0, 0xfe00, 0xfde0, 0xfe00, 0xfde0,
0xfde0, 0xfe00, 0xfde0, 0xfe00, 0xfde0, 0xfe00, 0xfde0, 0xfe00, 0xfde0, 0xfde0,
0xfe00, 0xfde0, 0xfe00, 0xfde0, 0xfe00, 0xfde0, 0xfe00, 0xfde0, 0xfde0, 0xfe00,
0xfde0, 0xfe00, 0xfde0, 0xfe00, 0xfde0, 0xfe00, 0xfde0, 0xfe00, 0x8b40, 0x0000,

0x6240, 0x5200, 0xfe00, 0xfde0, 0xfe00, 0xfde0, 0xfe00, 0xcce0, 0x1080, 0x3940,
0x5200, 0x0020, 0x72c0, 0x20c0, 0x0000, 0x0000, 0x0000, 0x0000, 0x0000, 0x0000,
0x0000, 0x0000, 0x0000, 0x0000, 0x0000, 0x0000, 0x0000, 0x0000, 0x0000, 0x0000,
0x0000, 0x0000, 0x6aa0, 0xfe20, 0xfde0, 0xe540, 0x0000, 0x0000, 0x0000, 0x0000,
0x0000, 0x0000, 0x1060, 0xd500, 0xfe00, 0xfde0, 0xc4a0, 0xb460, 0x72c0, 0x5200,
0xb480, 0xb460, 0xbc60, 0x7b00, 0x41a0, 0xa3e0, 0x20c0, 0x0000, 0x0000, 0x0000,
0x0000, 0x0000, 0x0000, 0x7ae0, 0x3120, 0x0000, 0x0000, 0x0000, 0x0000, 0x0000,
0x0000, 0x5200, 0xb480, 0x5200, 0x6a80, 0xb480, 0xb460, 0xb480, 0x5a20, 0x72c0,
0xb480, 0xb440, 0xccc0, 0xfde0, 0xfe00, 0xfe00, 0xfde0, 0xfe00, 0x9bc0, 0x0000,
0x0000, 0x0000, 0x0000, 0x0000, 0x0000, 0x0000, 0x0000, 0x0000, 0x0000, 0x0000,
0x0000, 0x0000, 0x0000, 0x49e0, 0xd520, 0x4229, 0xadf9, 0xadf9, 0xae19, 0xae19,
0xb619, 0xae19, 0xadf9, 0xbe3a, 0xa5b9, 0xadf9, 0xadd9, 0xadf9, 0xadd9, 0x9d98,
0x7411, 0x8cf6, 0x8d16, 0x9557, 0x8d37, 0x9557, 0x9556, 0xbe5a, 0xb61a, 0xadd9,
0xadf9, 0xadf9, 0x9515, 0x2944, 0x8b40, 0xbc80, 0x18c1, 0x73d0, 0xae1a, 0xa5d9,
0xadd9, 0xadf9, 0xadd9, 0xa5d9, 0xadd9, 0xa5d9, 0xa5b9, 0xadf9, 0xa5d9, 0xadf9,
0xa5d9, 0xa5b8, 0xadd9, 0xb63a, 0x9d98, 0xcedc, 0xbe5a, 0xc67b, 0xbe7a, 0xbe5a,
0xc67a, 0xc67b, 0xbe5a, 0xbe3a, 0xbe3a, 0xce9b, 0xc69b, 0xb5f9, 0xc69b, 0x6b6e,
0x20c0, 0x10a1, 0xa555, 0xb61a, 0xbe3a, 0xc67b, 0xbe5a, 0xbe3a, 0xbe5a, 0xbe3a,
0xbe7a, 0x9515, 0x18c2, 0x4180, 0x3960, 0xc4a0, 0xfe00, 0xfde0, 0xfde0, 0xfde0,
0xfde0, 0xfde0, 0xfde0, 0xfde0, 0xdd20, 0xc480, 0xeda0, 0xd500, 0x8b40, 0x41a0,
0x1880, 0x0020, 0x2900, 0x6aa0, 0xc4c0, 0xf5c0, 0xfde0, 0xfe00, 0xfde0, 0xfe00,
0xfde0, 0xfde0, 0xfe00, 0xfde0, 0xfe00, 0xfde0, 0xfe00, 0xfde0, 0xfe00, 0xfde0,
0xfde0, 0xfe00, 0xfde0, 0xfe00, 0xfde0, 0xfe00, 0xfde0, 0xfe00, 0xfde0, 0xfde0,
0xfe00, 0xfde0, 0xfe00, 0xfde0, 0xfe00, 0xfde0, 0xfe00, 0xfe00, 0x8b40, 0x0000,

0x0860, 0x5200, 0xfe00, 0xfde0, 0xfe00, 0xfde0, 0xfe00, 0xa3e0, 0x0000, 0x5a40,
0x72c0, 0x20e0, 0x3960, 0x20c0, 0x0000, 0x0000, 0x0000, 0x0000, 0x0000, 0x0000,
0x0000, 0x0000, 0x0000, 0x0000, 0x0000, 0x0000, 0x0000, 0x0000, 0x0000, 0x0000,
0x0000, 0x3120, 0xdd20, 0xfe00, 0xfe00, 0xe540, 0x0000, 0x0000, 0x0000, 0x0000,
0x0000, 0x0000, 0x0840, 0xccc0, 0xfe00, 0xfe00, 0xfe00, 0xfe00, 0xa3e0, 0x72a0,
0xfe20, 0xfe00, 0xfe20, 0xb460, 0x6260, 0xdd80, 0x2900, 0x0000, 0x0000, 0x0000,
0x0000, 0x0000, 0x0000, 0xa3e0, 0x41a0, 0x0000, 0x0000, 0x0000, 0x0000, 0x0000,
0x0000, 0x7ac0, 0xfe20, 0x72c0, 0x9380, 0xfe20, 0xfe00, 0xfe20, 0x7ae0, 0xa3c0,
0xfe20, 0xfe00, 0xfe00, 0xfde0, 0xfe00, 0xfde0, 0xfe00, 0xfe00, 0x9bc0, 0x0000,
0x0000, 0x0000, 0x0000, 0x0000, 0x0000, 0x0000, 0x0000, 0x0000, 0x0000, 0x0000,
0x0000, 0x0000, 0x0000, 0x18a0, 0xb420, 0x4229, 0xadf9, 0xadf9, 0xae19, 0xae19,
0xae19, 0xae19, 0xadf9, 0xb63a, 0xa5d9, 0xadf9, 0xadf9, 0xadf9, 0xadd9, 0x9d98,
0x7411, 0x8d16, 0x8d16, 0x9557, 0x8d37, 0x9d57, 0x9536, 0xbe5a, 0xb61a, 0xadd9,
0xadf9, 0xadf9, 0xadf9, 0x7c11, 0x18c1, 0x2900, 0x52ec, 0xadd9, 0xadf9, 0xadd9,
0xadd9, 0xadf9, 0xa5d9, 0xadd9, 0xadd9, 0xadd9, 0xa5b9, 0xadf9, 0xa5d9, 0xadf9,
0xadf9, 0xa5b9, 0xadd9, 0xb63a, 0xa598, 0xd6dc, 0xbe5a, 0xbe5a, 0xbe7a, 0xbe5a,
0xc67a, 0xc67b, 0xbe7a, 0xbe5a, 0xbe5a, 0xce9b, 0xc69b, 0xb619, 0xc69b, 0xb5d8,
0x2125, 0x52ec, 0xcebb, 0xb63a, 0xbe3a, 0xc67a, 0xbe5a, 0xbe3a, 0xbe5a, 0xbe5a,
0xbe3a, 0x4249, 0x3980, 0x3140, 0x6240, 0xf5c0, 0xfde0, 0xfde0, 0xfde0, 0xfde0,
0xfde0, 0xfe00, 0xd500, 0xc480, 0x8300, 0x9380, 0xf5c0, 0xfde0, 0xf5c0, 0xe540,
0xac00, 0x6240, 0x28e0, 0x1080, 0x20e0, 0x5a40, 0xa400, 0xe560, 0xfde0, 0xfde0,
0xfe00, 0xfde0, 0xfe00, 0xfde0, 0xfe00, 0xfde0, 0xfde0, 0xfde0, 0xfde0, 0xfe00,
0xfde0, 0xfe00, 0xfde0, 0xfe00, 0xfde0, 0xfde0, 0xfde0, 0xfde0, 0xfe00, 0xfde0,
0xfe00, 0xfde0, 0xfe00, 0xfde0, 0xfde0, 0xfde0, 0xfde0, 0xfe00, 0x8b40, 0x0000,

0x52aa, 0x5200, 0xfe00, 0xfde0, 0xfe00, 0xfde0, 0xfe00, 0x72c0, 0x0020, 0x7ae0,
0x9380, 0x6260, 0x0840, 0x0840, 0x0000, 0x0000, 0x0000, 0x0000, 0x0000, 0x0000,
0x0000, 0x0000, 0x0000, 0x0000, 0x0000, 0x0000, 0x0000, 0x0000, 0x0000, 0x0000,
0x1080, 0xbc60, 0xfe00, 0xfe00, 0xfe00, 0xdd40, 0x0020, 0x0000, 0x0000, 0x0000,
0x0000, 0x0000, 0x0840, 0xc4a0, 0xfe00, 0xfde0, 0xfe00, 0xfe00, 0xa3e0, 0x6aa0,
0xfe00, 0xfe00, 0xfe00, 0xb460, 0x6240, 0xdd80, 0x2900, 0x0000, 0x0000, 0x0000,
0x0000, 0x0000, 0x0000, 0xa3e0, 0x49a0, 0x0000, 0x0000, 0x0000, 0x0000, 0x0000,
0x0000, 0x72c0, 0xfe00, 0x8340, 0x8b20, 0xfe00, 0xfe00, 0xfe20, 0x7ae0, 0xa3c0,
0xfe00, 0xfe00, 0xfde0, 0xfe00, 0xfde0, 0xfe00, 0xfde0, 0xfe00, 0x9bc0, 0x0000,
0x0000, 0x0000, 0x0000, 0x0000, 0x0000, 0x0000, 0x0000, 0x0000, 0x0000, 0x0000,
0x0000, 0x0000, 0x0000, 0x0000, 0x5a40, 0x4229, 0xadf9, 0xadf9, 0xae19, 0xadf9,
0xb619, 0xae19, 0xadf9, 0xb63a, 0xa5d9, 0xadf9, 0xadf9, 0xadf9, 0xadf9, 0x9d98,
0x7c52, 0x9557, 0x9537, 0x9537, 0x9537, 0x8d16, 0x9537, 0xbe5a, 0xb619, 0xadf9,
0xadf9, 0xadf9, 0xadf9, 0xadd8, 0x4249, 0x2145, 0x9d77, 0xadf9, 0xadf9, 0xadf9,
0xadd9, 0xadf9, 0xa5d9, 0xa5d9, 0xa5d9, 0xa5d9, 0xadd9, 0xadf9, 0xadf9, 0xae19,
0xadf9, 0xadf9, 0xa5d9, 0xb61a, 0xa597, 0xcedc, 0xc67b, 0xc67a, 0xbe7a, 0xbe5a,
0xbe5a, 0xc67b, 0xbe5a, 0xbe5a, 0xbe3a, 0xc69b, 0xc67b, 0xadf9, 0xc69b, 0xc69b,
0x7c51, 0xadd8, 0xd6dc, 0xb63a, 0xb61a, 0xc67b, 0xbe5a, 0xbe3a, 0xbe5a, 0xbe5a,
0x8431, 0x20e1, 0x7b00, 0x3120, 0xa3c0, 0xfe00, 0xfde0, 0xfde0, 0xfde0, 0xfde0,
0xfde0, 0xfe00, 0xac00, 0x51e0, 0x28e0, 0x9380, 0xe560, 0xfde0, 0xfde0, 0xfde0,
0xfde0, 0xf5a0, 0xccc0, 0x8320, 0x3140, 0x0840, 0x1080, 0x41a0, 0x8b60, 0xcd00,
0xf5e0, 0xfde0, 0xfde0, 0xfde0, 0xfe00, 0xfde0, 0xfe00, 0xfde0, 0xfe00, 0xfde0,
0xfe00, 0xfde0, 0xfde0, 0xfe00, 0xfde0, 0xfe00, 0xfde0, 0xfe00, 0xfde0, 0xfe00,
0xfde0, 0xfde0, 0xfe00, 0xfde0, 0xfe00, 0xfde0, 0xfe00, 0xfe00, 0x8b40, 0x0000,

0x8c72, 0x5200, 0xfe00, 0xfde0, 0xfe00, 0xfde0, 0xfde0, 0x4180, 0x18a0, 0x8b60,
0xac00, 0xc4a0, 0x0820, 0x3960, 0x5a20, 0x49c0, 0x1880, 0x0000, 0x0000, 0x0000,
0x0000, 0x0000, 0x0000, 0x0000, 0x0000, 0x0000, 0x0000, 0x0000, 0x0000, 0x0000,
0x6a80, 0xfde0, 0xfe00, 0xfde0, 0xfe00, 0xed80, 0x0000, 0x0000, 0x0000, 0x0000,
0x0000, 0x0000, 0x0840, 0xbc80, 0xfe00, 0xfe00, 0xfde0, 0xfe00, 0xf5a0, 0xeda0,
0xfe00, 0xfde0, 0xfe00, 0x9bc0, 0x72c0, 0xdd60, 0x20c0, 0x0000, 0x0000, 0x0000,
0x0000, 0x0000, 0x0000, 0xb480, 0x5200, 0x0000, 0x0000, 0x0000, 0x0000, 0x0000,
0x0000, 0x6240, 0xfe20, 0x9380, 0x7ae0, 0xfe20, 0xfe00, 0xfe00, 0x7ae0, 0xa3c0,
0xfe00, 0xfe00, 0xfde0, 0xfe00, 0xfde0, 0xfe00, 0xfde0, 0xfe00, 0x9bc0, 0x0000,
0x0000, 0x0000, 0x0000, 0x0000, 0x0000, 0x0000, 0x0000, 0x0000, 0x0000, 0x0000,
0x0000, 0x0000, 0x0000, 0x0000, 0x0820, 0x4229, 0xadf9, 0xadf9, 0xadf9, 0xae19,
0xae19, 0xadf9, 0xadf9, 0xb63a, 0xa5d9, 0xadd9, 0xae1a, 0xadf9, 0x9515, 0x6baf,
0x3a08, 0x426a, 0x52ec, 0x7c73, 0x8cf5, 0x8d16, 0x9537, 0xbe3a, 0xb619, 0xadd9,
0xadf9, 0xadd9, 0xadf9, 0xadf9, 0x9515, 0x8472, 0xadd9, 0xadd9, 0xadf9, 0xadd9,
0xadd9, 0xadf9, 0xadd9, 0xa5d9, 0xadd9, 0xadf9, 0x94f5, 0x638f, 0x52cc, 0x52cc,
0x6bb0, 0x9515, 0xa5d9, 0xb61a, 0x9d98, 0xc69b, 0xc67b, 0xc67b, 0xbe5a, 0xc67b,
0xbe5a, 0xbe5a, 0xbe5a, 0xbe5a, 0xbe3a, 0xc69b, 0xcebb, 0xb619, 0xbe5a, 0xc69b,
0xb63a, 0xbe3a, 0xd6dc, 0xbe3a, 0xb61a, 0xbe5a, 0xbe7a, 0xbe5a, 0xbe7a, 0xb5f9,
0x18c3, 0x8b41, 0x8b40, 0x51e0, 0xdd20, 0xfde0, 0xfde0, 0xfde0, 0xfde0, 0xfde0,
0xfde0, 0xfde0, 0xf5c0, 0x9360, 0x41a0, 0x6260, 0x6240, 0x8b40, 0xcce0, 0xeda0,
0xfde0, 0xfde0, 0xfde0, 0xfde0, 0xed60, 0xb420, 0x6a60, 0x20c0, 0x0840, 0x18a0,
0x6260, 0xac20, 0xdd60, 0xfe00, 0xfe00, 0xfde0, 0xfde0, 0xfe00, 0xfde0, 0xfe00,
0xfde0, 0xfe00, 0xfde0, 0xfe00, 0xfde0, 0xfde0, 0xfe00, 0xfde0, 0xfe00, 0xfde0,
0xfe00, 0xfde0, 0xfe00, 0xfde0, 0xfde0, 0xfe00, 0xfde0, 0xfe20, 0x8b40, 0x0000,

0x8451, 0x5200, 0xfe00, 0xfde0, 0xfe00, 0xfde0, 0xed80, 0x3120, 0x20c0, 0x8b60,
0xbc60, 0xa3e0, 0x0840, 0xa3e0, 0xdd80, 0xe5a0, 0xc4c0, 0x3980, 0x0000, 0x0000,
0x0000, 0x0000, 0x0000, 0x0000, 0x0000, 0x0000, 0x0000, 0x0000, 0x0000, 0x0000,
0x3120, 0xe540, 0xfe00, 0xfde0, 0xfde0, 0xfde0, 0x0000, 0x0000, 0x0000, 0x0000,
0x0000, 0x0000, 0x0020, 0xac20, 0xfe00, 0xfe00, 0xfde0, 0xfde0, 0xfe00, 0xfe00,
0xfe00, 0xfde0, 0xfe00, 0x9360, 0x7b00, 0xd500, 0x18a0, 0x0000, 0x0000, 0x0000,
0x0000, 0x0000, 0x0000, 0xc4c0, 0x5220, 0x0000, 0x0000, 0x0000, 0x0000, 0x0000,
0x0000, 0x51e0, 0xfe20, 0xac00, 0x6a80, 0xfe00, 0xfe00, 0xfe20, 0x7ae0, 0xa3c0,
0xfe00, 0xfe00, 0xfde0, 0xfe00, 0xfde0, 0xfe00, 0xfde0, 0xfe00, 0x9bc0, 0x0000,
0x0000, 0x0000, 0x0000, 0x0000, 0x0000, 0x0000, 0x0000, 0x0000, 0x0000, 0x0000,
0x0000, 0x0000, 0x0000, 0x0000, 0x0000, 0x4229, 0xadf9, 0xadf9, 0xadf9, 0xadf9,
0xadf9, 0xadf9, 0xadf9, 0xb619, 0xadf9, 0xadf9, 0xa597, 0x52cc, 0x2923, 0x3961,
0x5200, 0x49c0, 0x3960, 0x2102, 0x3a09, 0x7c73, 0x9557, 0xbe5a, 0xb61a, 0xa5d9,
0xadf9, 0xa5d9, 0xadf9, 0xadf9, 0xadf9, 0xadf9, 0xadd9, 0xadf9, 0xadd9, 0xadd9,
0xadd9, 0xadf9, 0xa5d9, 0xadd9, 0x9516, 0x4a6a, 0x2102, 0x3960, 0x51e0, 0x49c0,
0x3140, 0x2923, 0x4a8a, 0xadb8, 0xa598, 0xce9b, 0xc67b, 0xc67b, 0xbe5a, 0xbe7a,
0xc67b, 0xbe5a, 0xbe5a, 0xc67b, 0xbe5a, 0xbe5a, 0xc69b, 0xb63a, 0xc67b, 0xbe5a,
0xbe5a, 0xbe5a, 0xc67b, 0xbe5a, 0xbe5a, 0xbe5a, 0xbe5a, 0xbe3a, 0xbe5a, 0x5b2d,
0x41a0, 0xd520, 0x5a20, 0x8b60, 0xf5e0, 0xfde0, 0xfde0, 0xfde0, 0xfde0, 0xfde0,
0xfde0, 0xfde0, 0xe560, 0x72a0, 0x9bc0, 0xdd20, 0xb440, 0x8320, 0x6a80, 0x7ae0,
0xac20, 0xdd40, 0xf5c0, 0xfde0, 0xfde0, 0xfde0, 0xeda0, 0xc4a0, 0x8300, 0x4180,
0x1080, 0x1880, 0x41a0, 0x8b80, 0xcd00, 0xedc0, 0xf5e0, 0xed80, 0xf5a0, 0xfde0,
0xfde0, 0xfe00, 0xfde0, 0xfde0, 0xfde0, 0xfde0, 0xfe00, 0xfde0, 0xfe00, 0xfde0,
0xfe00, 0xfde0, 0xfde0, 0xfde0, 0xfde0, 0xfe00, 0xfde0, 0xfe00, 0x8b40, 0x0000,

0x7bf0, 0x5200, 0xfe00, 0xfde0, 0xfe00, 0xfe00, 0xdd20, 0x18c0, 0x20e0, 0x9360,
0x8320, 0x1060, 0x1080, 0xa3e0, 0x6240, 0x5200, 0xdd40, 0xd520, 0x0840, 0x0000,
0x0000, 0x0000, 0x0000, 0x0000, 0x0000, 0x0000, 0x0000, 0x0000, 0x0000, 0x0000,
0x0020, 0xac20, 0xfe00, 0xfe00, 0xfde0, 0xfde0, 0x1880, 0x0000, 0x0000, 0x0000,
0x0000, 0x0000, 0x0000, 0x9bc0, 0xfe00, 0xfe00, 0xfde0, 0xfe00, 0xfde0, 0xfe00,
0xfde0, 0xfe00, 0xfde0, 0x7ae0, 0x93c0, 0xccc0, 0x1060, 0x0000, 0x0000, 0x0000,
0x0000, 0x0000, 0x0000, 0xd520, 0x6280, 0x0000, 0x0000, 0x0000, 0x0000, 0x0000,
0x0000, 0x3960, 0xfe20, 0xc480, 0x49e0, 0xfe00, 0xfe00, 0xfe00, 0x7ae0, 0xa3c0,
0xfe00, 0xfe00, 0xfde0, 0xfe00, 0xfde0, 0xfe00, 0xfde0, 0xfe00, 0x9bc0, 0x0000,
0x0000, 0x0000, 0x0000, 0x0000, 0x0000, 0x0000, 0x18a0, 0x2900, 0x0000, 0x0000,
0x0000, 0x0000, 0x0000, 0x0000, 0x0000, 0x3a08, 0xadf9, 0xae19, 0xadf9, 0xadf9,
0xae19, 0xae19, 0xadf9, 0xb61a, 0xb619, 0x9d77, 0x39e7, 0x3141, 0xac20, 0xeda0,
0xf5a0, 0xa3e0, 0x8b40, 0x8320, 0x41a0, 0x18c3, 0x94f5, 0xbe5a, 0xb61a, 0xadf9,
0xadf9, 0xadd9, 0xadf9, 0xadf9, 0xadd9, 0xadf9, 0xa5d9, 0xadf9, 0xadd9, 0xadf9,
0xadd9, 0xadf9, 0xadf9, 0x9d36, 0x1904, 0x41a0, 0xbc60, 0xf5e0, 0xdd40, 0x9bc0,
0x8b40, 0x8300, 0x3980, 0x31a7, 0x8d15, 0xcebb, 0xc67b, 0xbe5a, 0xbe5a, 0xc67b,
0xc67b, 0xc67b, 0xbe5a, 0xbe5a, 0xc67b, 0xbe5a, 0xbe7a, 0xbe5a, 0xbe5a, 0xbe3a,
0xbe7a, 0xbe5a, 0xbe5a, 0xbe5a, 0xc67b, 0xc67a, 0xbe5a, 0xbe5a, 0x94f4, 0x10a2,
0xc480, 0xbca0, 0x49a0, 0xccc0, 0xfde0, 0xfde0, 0xfde0, 0xfde0, 0xfde0, 0xfde0,
0xfde0, 0xfde0, 0xbc80, 0x6260, 0xd500, 0x9ba0, 0x9380, 0xc4a0, 0xc480, 0x9380,
0x6a80, 0x6aa0, 0x9ba0, 0xcce0, 0xf5a0, 0xfde0, 0xfde0, 0xfde0, 0xfdc0, 0xdd40,
0x9ba0, 0x51e0, 0x18a0, 0x0840, 0x28e0, 0x6a80, 0xb460, 0xb460, 0xb420, 0xd4e0,
0xf5c0, 0xfde0, 0xfe00, 0xfde0, 0xfe00, 0xfde0, 0xfe00, 0xfde0, 0xfde0, 0xfe00,
0xfde0, 0xfe00, 0xfde0, 0xfe00, 0xfde0, 0xfe00, 0xfde0, 0xfe00, 0x8b40, 0x0000,

0x73ae, 0x5200, 0xfe00, 0xfde0, 0xfe00, 0xfe00, 0xcd20, 0x18a0, 0x1880, 0x8320,
0x20e0, 0x5200, 0x9360, 0xc480, 0x8b20, 0x0000, 0x72c0, 0xfe40, 0x6240, 0x0000,
0x20c0, 0x18a0, 0x18a0, 0x1060, 0x0000, 0x0000, 0x0000, 0x0000, 0x0000, 0x0000,
0x0000, 0x49c0, 0xf5c0, 0xfe00, 0xfde0, 0xfde0, 0x28e0, 0x0000, 0x0000, 0x0000,
0x0000, 0x0000, 0x0000, 0x8320, 0xfe00, 0xfe00, 0xfde0, 0xfe00, 0xfde0, 0xfe00,
0xfde0, 0xfe00, 0xf5e0, 0x5a40, 0xb480, 0xb460, 0x0000, 0x0000, 0x0000, 0x0000,
0x0000, 0x0000, 0x0000, 0xdd60, 0x7b00, 0x0000, 0x0000, 0x0000, 0x0000, 0x0000,
0x0000, 0x20c0, 0xfde0, 0xd500, 0x3960, 0xfe00, 0xfe00, 0xfe20, 0x7ae0, 0xa3c0,
0xfe00, 0xfe00, 0xfde0, 0xfe00, 0xfde0, 0xfe00, 0xfde0, 0xfe00, 0x9bc0, 0x0000,
0x0000, 0x0000, 0x0000, 0x0000, 0x0000, 0x0000, 0x6260, 0xa3c0, 0x0000, 0x0000,
0x0000, 0x0000, 0x0000, 0x0000, 0x0000, 0x10a3, 0x9515, 0xadf9, 0xadd9, 0xadd9,
0xadd9, 0xadd9, 0xadf9, 0xadf9, 0xa5b8, 0x3a08, 0x41c2, 0xedc0, 0xfe00, 0xfde0,
0xf5c0, 0xac00, 0x9360, 0x7ae0, 0x9360, 0x6260, 0x2145, 0xadb8, 0xadf9, 0xadf9,
0xadd9, 0xadd9, 0xadd9, 0xadf9, 0xa5d9, 0xadd9, 0xadf9, 0xadd9, 0xa5d9, 0xadd9,
0xa5d9, 0xadf9, 0x9d57, 0x2145, 0x6a80, 0xf5a0, 0xfe00, 0xfe00, 0xe540, 0xabe0,
0x9380, 0x8320, 0x9380, 0x51e0, 0x31a6, 0xc67a, 0xbe7a, 0xbe7a, 0xbe5a, 0xc67b,
0xbe5a, 0xbe5a, 0xbe5a, 0xbe5a, 0xbe3a, 0xbe5a, 0xbe5a, 0xbe5a, 0xb63a, 0xbe5a,
0xbe3a, 0xbe5a, 0xbe5a, 0xbe5a, 0xb63a, 0xbe5a, 0xbe5a, 0xb5f8, 0x31a6, 0x72a0,
0xfde0, 0x72e0, 0x6a80, 0xf5c0, 0xfde0, 0xfde0, 0xfde0, 0xfde0, 0xfde0, 0xfde0,
0xfde0, 0xf5c0, 0x7ae0, 0x8b60, 0xd500, 0x20c0, 0x0840, 0x2900, 0x6aa0, 0xb420,
0xccc0, 0xac20, 0x7ae0, 0x6240, 0x7b00, 0xb440, 0xdd40, 0xfde0, 0xfde0, 0xfde0,
0xfde0, 0xf5c0, 0xd4e0, 0x8300, 0x3960, 0x1060, 0x0860, 0x3960, 0x72c0, 0x9ba0,
0xa3e0, 0xbc60, 0xe560, 0xfde0, 0xfde0, 0xfe00, 0xfde0, 0xfe00, 0xfde0, 0xfde0,
0xfe00, 0xfde0, 0xfe00, 0xfde0, 0xfe00, 0xfde0, 0xfe00, 0xfe00, 0x8b40, 0x0000,

0x6b6e, 0x5200, 0xfe00, 0xfde0, 0xfe00, 0xfde0, 0xcd00, 0x1880, 0x0820, 0x7ae0,
0x8320, 0xac20, 0x9380, 0xa3e0, 0xd500, 0x0000, 0x4180, 0xf5e0, 0x8b40, 0x1060,
0xac20, 0x8b40, 0x8320, 0x72a0, 0x0000, 0x0000, 0x0000, 0x0000, 0x0000, 0x0000,
0x0000, 0x18a0, 0xcd00, 0xfde0, 0xfe00, 0xfe00, 0x4180, 0x0000, 0x0000, 0x0000,
0x0000, 0x0000, 0x0000, 0x6a60, 0xfe00, 0xfe00, 0xfde0, 0xfe00, 0xfde0, 0xfe00,
0xfde0, 0xfe00, 0xf5a0, 0x49c0, 0xd540, 0x9bc0, 0x0000, 0x0000, 0x0000, 0x0000,
0x0000, 0x0000, 0x1080, 0xedc0, 0x9380, 0x0000, 0x0000, 0x0000, 0x0000, 0x0000,
0x0000, 0x0840, 0xe560, 0xe580, 0x3140, 0xed80, 0xfe00, 0xfe00, 0x7ae0, 0xa3c0,
0xfe00, 0xfe00, 0xfde0, 0xfe00, 0xfde0, 0xfe00, 0xfde0, 0xfe00, 0x9bc0, 0x0000,
0x0000, 0x0000, 0x0000, 0x0000, 0x0000, 0x0000, 0x5200, 0xd500, 0x20e0, 0x0000,
0x0000, 0x0000, 0x0000, 0x0000, 0x0000, 0x0000, 0x636e, 0xadf9, 0xa5d9, 0xa5d9,
0xa5d9, 0xa5d9, 0xa5b8, 0xadd9, 0x73f0, 0x2921, 0xcd21, 0xfe00, 0xfde0, 0xfde0,
0xfe00, 0xfde0, 0xedc0, 0x9bc0, 0x8320, 0x9ba0, 0x3120, 0x6baf, 0xb63a, 0xa5d9,
0xadd9, 0xadd9, 0xadd9, 0xadd9, 0xa5d9, 0xa5d9, 0xa5d9, 0xadf9, 0xa5d9, 0xa5d9,
0xa5d9, 0xadf9, 0x5b4d, 0x3120, 0xeda0, 0xfe00, 0xfe00, 0xfde0, 0xfde0, 0xfde0,
0xed80, 0xa400, 0x8b40, 0x9360, 0x3141, 0x8451, 0xc67b, 0xbe5a, 0xbe3a, 0xbe5a,
0xc67b, 0xbe5a, 0xb61a, 0xb619, 0xadb8, 0xbe3a, 0xb63a, 0xb63a, 0xb63a, 0xb63a,
0xb61a, 0xb61a, 0xb63a, 0xbe3a, 0xb63a, 0xb61a, 0xbe5a, 0x636e, 0x3141, 0xdd20,
0xdd20, 0x49a0, 0xac20, 0xfde0, 0xfde0, 0xfde0, 0xfde0, 0xfde0, 0xfde0, 0xfde0,
0xfde0, 0xdd20, 0x6240, 0xbc60, 0x9ba0, 0x0000, 0x0000, 0x0000, 0x0020, 0x20a0,
0x51e0, 0x9ba0, 0xc4a0, 0xbc60, 0x8b40, 0x6260, 0x7ae0, 0xeda0, 0xfde0, 0xfde0,
0xfde0, 0xfde0, 0xfde0, 0xf5a0, 0xdd20, 0xa3e0, 0x5a00, 0x20c0, 0x1060, 0x2900,
0x6240, 0x9360, 0xbc80, 0xeda0, 0xf5a0, 0xeda0, 0xfde0, 0xfde0, 0xfe00, 0xfde0,
0xfe00, 0xfde0, 0xfde0, 0xfde0, 0xfde0, 0xfe00, 0xfde0, 0xfe00, 0x8b40, 0x0000,

0x4227, 0x5200, 0xfe00, 0xfde0, 0xfe00, 0xfe00, 0xd500, 0x18a0, 0x0000, 0x6260,
0xac20, 0xb460, 0xb440, 0x6260, 0xedc0, 0x28e0, 0x4180, 0xf600, 0x8320, 0x1060,
0xb440, 0x9380, 0x9380, 0xc4e0, 0x0000, 0x0000, 0x0000, 0x0000, 0x0000, 0x0000,
0x0000, 0x0000, 0x8320, 0xfe00, 0xfe00, 0xfe20, 0x5a20, 0x0000, 0x0000, 0x0000,
0x0000, 0x0000, 0x0000, 0x4180, 0xf5c0, 0xfe00, 0xfde0, 0xfe00, 0xfde0, 0xfe00,
0xfde0, 0xfe00, 0xe540, 0x3960, 0xedc0, 0x72e0, 0x0000, 0x0000, 0x0000, 0x0000,
0x0000, 0x0000, 0x20e0, 0xfe00, 0xac20, 0x0000, 0x0000, 0x0000, 0x0000, 0x0000,
0x0000, 0x0000, 0xc4a0, 0xf600, 0x49c0, 0xbca0, 0xfe00, 0xfe00, 0x7ae0, 0xa3c0,
0xfe00, 0xfe00, 0xfde0, 0xfe00, 0xfde0, 0xfe00, 0xfde0, 0xfe00, 0x9bc0, 0x0000,
0x0000, 0x0000, 0x0000, 0x0000, 0x0000, 0x3120, 0x3140, 0xd500, 0x6260, 0x0000,
0x0000, 0x0000, 0x0000, 0x0000, 0x0000, 0x0000, 0x2986, 0xa5b8, 0xa5b8, 0xa5d9,
0xa5d9, 0xa5b8, 0xa5b8, 0xadf9, 0x31c7, 0x7ae0, 0xfe00, 0xfe00, 0xfde0, 0xfe00,
0xfde0, 0xfe00, 0xfde0, 0xf600, 0x9380, 0x7ae0, 0x8320, 0x3185, 0xadd8, 0xadf9,
0xadf9, 0xadf9, 0xadf9, 0xadf9, 0xadf9, 0xadf9, 0xadf9, 0xadf9, 0xadf9, 0xadf9,
0xadf9, 0xadd8, 0x2945, 0x9361, 0xfe00, 0xfe00, 0xfe00, 0xfde0, 0xfe00, 0xfde0,
0xfe00, 0xf5e0, 0x9b80, 0x8b40, 0x72a0, 0x31a7, 0xc67b, 0xbe5a, 0xbe3a, 0xbe5a,
0xbe5a, 0xbe5a, 0xb619, 0xadd8, 0x6b8f, 0xbe3a, 0xbe3a, 0xb63a, 0xb61a, 0xb619,
0xadf9, 0xb63a, 0xb619, 0xb63a, 0xb63a, 0xb619, 0xa5b8, 0x10a2, 0x9bc0, 0xfe00,
0x9ba0, 0x5a00, 0xdd40, 0xfde0, 0xfde0, 0xfde0, 0xfde0, 0xfde0, 0xfde0, 0xfde0,
0xfde0, 0xa3c0, 0x72c0, 0xcce0, 0x49c0, 0x0000, 0x0000, 0x0000, 0x0000, 0x0000,
0x0000, 0x0840, 0x3120, 0x72c0, 0xc480, 0xdd20, 0xccc0, 0xf5c0, 0xfde0, 0xfde0,
0xfde0, 0xfde0, 0xfde0, 0xfde0, 0xfde0, 0xfde0, 0xed80, 0xc480, 0x7ae0, 0x3120,
0x0840, 0x1060, 0x49e0, 0x9ba0, 0xccc0, 0xac20, 0xc480, 0xe560, 0xfde0, 0xfe00,
0xfde0, 0xfe00, 0xfde0, 0xfde0, 0xfe00, 0xfde0, 0xfe00, 0xfe00, 0x8b40, 0x0000,

0x8b60, 0x5200, 0xfe00, 0xfde0, 0xfe00, 0xfe00, 0xeda0, 0x3940, 0x0000, 0x2900,
0xa3c0, 0xd500, 0xed80, 0x3960, 0xbc60, 0x8300, 0x8b40, 0xfe20, 0x3940, 0x0840,
0xb420, 0x9380, 0x9360, 0xfe00, 0x3120, 0x0000, 0x0000, 0x0000, 0x0000, 0x0000,
0x0000, 0x0000, 0x20e0, 0xf5c0, 0xfe00, 0xfe00, 0x7ac0, 0x0000, 0x0000, 0x0000,
0x0000, 0x0000, 0x0000, 0x20c0, 0xdd40, 0xfe00, 0xfde0, 0xfe00, 0xfde0, 0xfe00,
0xfde0, 0xfe00, 0xc4a0, 0x4180, 0xfe00, 0x49c0, 0x0000, 0x0000, 0x0000, 0x0000,
0x0000, 0x0000, 0x41a0, 0xfe40, 0xc4a0, 0x0840, 0x0000, 0x0000, 0x0000, 0x0000,
0x0000, 0x0000, 0x8300, 0xfe00, 0x8b60, 0x7b00, 0xfde0, 0xfe20, 0x7ae0, 0xa3c0,
0xfe00, 0xfe00, 0xfde0, 0xfe00, 0xfde0, 0xfe00, 0xf5c0, 0xfe00, 0x9bc0, 0x0000,
0x0000, 0x0000, 0x0000, 0x0000, 0x0000, 0x6a60, 0x72a0, 0x9380, 0xc4c0, 0x0000,
0x0000, 0x0000, 0x0000, 0x0000, 0x0000, 0x0000, 0x0861, 0x7c52, 0xa5b8, 0xa5b8,
0xa598, 0xa598, 0xa5d9, 0xadd8, 0x1081, 0xbc60, 0xfe00, 0xfe00, 0xfde0, 0xfe00,
0xfde0, 0xfe00, 0xfde0, 0xfe00, 0xd4e0, 0x8320, 0x9ba0, 0x2942, 0x94f4, 0x9d98,
0x9d98, 0x9d98, 0x9d98, 0x9d98, 0x9d98, 0x9d98, 0x9d98, 0x9d98, 0x9d98, 0x9d98,
0x9d98, 0x8473, 0x2922, 0xcd01, 0xfe00, 0xfe00, 0xfde0, 0xfe00, 0xfde0, 0xfde0,
0xfe00, 0xfde0, 0xccc0, 0x8320, 0x9380, 0x1060, 0xa597, 0xa5b8, 0xa5d8, 0xa5b8,
0xadd8, 0xadd9, 0xa598, 0xa598, 0x31c7, 0x73f0, 0xa598, 0xa5b8, 0xa5b8, 0x9d57,
0x9d56, 0x9d57, 0x9d77, 0x9d57, 0x9d57, 0x9d77, 0x4229, 0x6240, 0xf5e0, 0xf5c0,
0x49c0, 0x9380, 0xf5c0, 0xfde0, 0xfde0, 0xfde0, 0xfde0, 0xfde0, 0xfde0, 0xfde0,
0xe560, 0x6240, 0xb440, 0xac20, 0x1080, 0x0000, 0x0000, 0x0000, 0x0000, 0x0000,
0x0000, 0x0000, 0x0000, 0x0020, 0x1080, 0x41a0, 0x8b40, 0xd500, 0xfde0, 0xfde0,
0xfde0, 0xfde0, 0xfde0, 0xfde0, 0xfde0, 0xfde0, 0xfde0, 0xfde0, 0xfde0, 0xdd20,
0xa3e0, 0x5a20, 0x20c0, 0x0820, 0x18c0, 0x6240, 0x9360, 0xa3c0, 0xb420, 0xd4e0,
0xf5c0, 0xfde0, 0xfde0, 0xfe00, 0xfde0, 0xfe00, 0xfde0, 0xfe20, 0x8b40, 0x0000,

0x1880, 0x5200, 0xfe00, 0xfde0, 0xfe00, 0xfde0, 0xfde0, 0x7ae0, 0x0000, 0x0020,
0x5a20, 0xc4a0, 0xeda0, 0x3960, 0x8b40, 0xe540, 0xe580, 0x9ba0, 0x0000, 0x1060,
0xbc60, 0x9380, 0x9360, 0xfe00, 0x8320, 0x0020, 0x0000, 0x0000, 0x0000, 0x0000,
0x0000, 0x0000, 0x0000, 0xbc80, 0xfe00, 0xfe00, 0x9ba0, 0x0020, 0x0000, 0x0000,
0x0000, 0x0000, 0x0000, 0x1060, 0xbca0, 0xfde0, 0xfe00, 0xfde0, 0xfde0, 0xfde0,
0xfde0, 0xfe20, 0x9380, 0x72a0, 0xdd60, 0x20e0, 0x0000, 0x0000, 0x0000, 0x0000,
0x0000, 0x0000, 0x6260, 0xfe00, 0xdd40, 0x20c0, 0x0000, 0x0000, 0x0000, 0x0000,
0x0000, 0x0000, 0x49c0, 0xedc0, 0xcce0, 0x41a0, 0xeda0, 0xfe00, 0x7ae0, 0xa3c0,
0xfe00, 0xfe00, 0xfde0, 0xfe00, 0xfde0, 0xf5c0, 0x6a80, 0xb460, 0x9bc0, 0x0000,
0x0000, 0x0000, 0x0000, 0x0000, 0x0000, 0x6240, 0xbc80, 0x5200, 0xf5c0, 0x2900,
0x0000, 0x0000, 0x0000, 0x0000, 0x0000, 0x0000, 0x0000, 0x4a8b, 0xb61a, 0xadf9,
0xadf9, 0xb619, 0xc67a, 0xbe18, 0x1060, 0xd520, 0xfde0, 0xfe00, 0xfde0, 0xfe00,
0xfde0, 0xfde0, 0xfde0, 0xfde0, 0xe540, 0x8b40, 0xa3c0, 0x2942, 0x8493, 0xa5b8,
0x9d98, 0x9d98, 0x9d98, 0x9d98, 0x9d98, 0x9d98, 0x9d98, 0x9d98, 0x9d98, 0x9d98,
0x9d98, 0x7c52, 0x3142, 0xdd60, 0xfe00, 0xfe00, 0xfde0, 0xfde0, 0xfde0, 0xfde0,
0xfe00, 0xfe00, 0xdd20, 0x8b40, 0x9380, 0x1880, 0x9516, 0x9d77, 0x9d77, 0x9557,
0x9d78, 0x9d77, 0x9536, 0x8d16, 0x2986, 0x31a7, 0x9516, 0x9557, 0x8d16, 0x8494,
0x7c93, 0x8cd5, 0x8cd5, 0x84b4, 0x84b4, 0x73d0, 0x0862, 0xbc80, 0xfe00, 0xccc0,
0x3940, 0xd4e0, 0xfde0, 0xfde0, 0xfde0, 0xfde0, 0xfde0, 0xfde0, 0xfde0, 0xfde0,
0xbc60, 0x6260, 0xd500, 0x6a80, 0x0000, 0x0000, 0x0000, 0x0000, 0x0000, 0x0000,
0x0000, 0x0000, 0x0000, 0x0000, 0x0000, 0x0000, 0x1080, 0x4180, 0x9360, 0xd520,
0xfde0, 0xfde0, 0xfde0, 0xfde0, 0xfde0, 0xfde0, 0xfde0, 0xfde0, 0xfde0, 0xfde0,
0xfde0, 0xed80, 0xb440, 0x72c0, 0x3140, 0x1880, 0x18a0, 0x4180, 0x7ae0, 0xa3c0,
0xd500, 0xfde0, 0xfde0, 0xfe00, 0xfde0, 0xfe00, 0xfde0, 0xfe00, 0x8b40, 0x0000,

0x0000, 0x5200, 0xfe00, 0xfde0, 0xfe00, 0xfde0, 0xfe00, 0xd500, 0x3120, 0x0000,
0x0000, 0x20e0, 0x5200, 0x8b40, 0xdd40, 0xfde0, 0x8b60, 0x1060, 0x0000, 0x1060,
0xbc60, 0x9380, 0x9360, 0xfe00, 0xcd00, 0x18a0, 0x0000, 0x0000, 0x0000, 0x0000,
0x0000, 0x0000, 0x0000, 0x6260, 0xf5c0, 0xfe00, 0xbca0, 0x1060, 0x0000, 0x0000,
0x0000, 0x0000, 0x0000, 0x0000, 0x8320, 0xfe00, 0xfe00, 0xfde0, 0xfe00, 0xfde0,
0xfe00, 0xf5c0, 0x51e0, 0xb460, 0xb420, 0x0860, 0x0000, 0x0000, 0x0000, 0x0000,
0x0000, 0x0000, 0x9380, 0xfe00, 0xedc0, 0x3960, 0x0000, 0x0000, 0x0000, 0x0000,
0x0000, 0x0000, 0x18a0, 0xd520, 0xfde0, 0x3140, 0xc4a0, 0xfe20, 0x7ae0, 0xa3c0,
0xfe00, 0xfe00, 0xfde0, 0xfe00, 0xfe00, 0xb440, 0x0840, 0xa420, 0x9bc0, 0x0000,
0x0000, 0x0000, 0x0000, 0x0000, 0x0000, 0x6240, 0xedc0, 0x41a0, 0xcd00, 0x7ae0,
0x0000, 0x0000, 0x0000, 0x0000, 0x0000, 0x0000, 0x0000, 0x10a3, 0xadf9, 0xae19,
0xb61a, 0xb619, 0xbe5a, 0xb619, 0x1061, 0xc480, 0xfe00, 0xfe00, 0xfde0, 0xfe00,
0xfde0, 0xfde0, 0xfe00, 0xfe00, 0xd500, 0x8320, 0xa3c0, 0x3142, 0x8cd4, 0xa5d9,
0x9d98, 0xa5b8, 0x9d98, 0xa598, 0xa5b8, 0x9d98, 0xa5b8, 0xa5b8, 0x9d98, 0xa5b8,
0x9d98, 0x8473, 0x2921, 0xd520, 0xfe00, 0xfe00, 0xfde0, 0xfde0, 0xfe00, 0xfde0,
0xfe00, 0xfe00, 0xccc0, 0x8320, 0x9ba0, 0x0840, 0xa5b8, 0xadf9, 0xa5b9, 0xa5d9,
0xadf9, 0xb619, 0x9d98, 0x9d98, 0x31a7, 0x5b2d, 0xa5d8, 0xa5b8, 0x9d78, 0x8d16,
0x8d36, 0x9557, 0x9d98, 0x9577, 0x9557, 0x9d57, 0x31c7, 0x6a80, 0xed80, 0x7ae0,
0x6a80, 0xeda0, 0xfde0, 0xfde0, 0xfde0, 0xfde0, 0xfde0, 0xfde0, 0xfde0, 0xfde0,
0xa3e0, 0x93a0, 0xccc0, 0x2900, 0x0000, 0x0000, 0x0000, 0x0000, 0x0000, 0x0000,
0x0000, 0x0000, 0x0000, 0x0000, 0x0000, 0x0000, 0x0000, 0x0000, 0x1080, 0x5a20,
0xd520, 0xfde0, 0xfde0, 0xfde0, 0xfde0, 0xfde0, 0xfde0, 0xfde0, 0xfde0, 0xfde0,
0xfde0, 0xfde0, 0xfde0, 0xfde0, 0xdd20, 0x9360, 0x41a0, 0x1060, 0x1060, 0x3120,
0x72a0, 0xc4a0, 0xe580, 0xf5a0, 0xf5c0, 0xfde0, 0xfde0, 0xfe20, 0x8b40, 0x0000,

0x0000, 0x5200, 0xfe00, 0xfde0, 0xfe00, 0xfde0, 0xfe00, 0xf5a0, 0xccc0, 0x51e0,
0x20e0, 0x18a0, 0x2900, 0x6260, 0x5a20, 0xdd40, 0x5200, 0x0000, 0x0000, 0x1060,
0xbcc0, 0x9380, 0x9360, 0xfe00, 0xfe00, 0x5200, 0x0000, 0x0000, 0x0000, 0x0000,
0x0000, 0x0000, 0x0000, 0x18a0, 0xd500, 0xfe00, 0xe540, 0x20c0, 0x0000, 0x0000,
0x0000, 0x0000, 0x0000, 0x0000, 0x3140, 0xfe00, 0xfe00, 0xfde0, 0xeda0, 0xdd40,
0xfe00, 0xb460, 0x51e0, 0xf600, 0x6260, 0x0000, 0x0000, 0x0000, 0x0000, 0x0000,
0x0000, 0x1060, 0xbc80, 0xfe00, 0xf5c0, 0x6260, 0x0000, 0x0000, 0x0000, 0x0000,
0x0000, 0x0000, 0x0000, 0x8320, 0xfe20, 0x9360, 0x5a40, 0xf600, 0x7ae0, 0xa3c0,
0xfe00, 0xfe00, 0xfde0, 0xfe00, 0xe540, 0x3120, 0x0000, 0xa420, 0x9bc0, 0x0000,
0x0000, 0x0000, 0x0000, 0x0000, 0x0000, 0x6240, 0xfe20, 0x8300, 0x7b00, 0xcd20,
0x1880, 0x0000, 0x0000, 0x0000, 0x0000, 0x0000, 0x0000, 0x0000, 0x7c11, 0xb61a,
0xb619, 0xb63a, 0xbe5a, 0xce9b, 0x3186, 0x8320, 0xfe00, 0xfe00, 0xfde0, 0xfe00,
0xfde0, 0xfe00, 0xfde0, 0xf600, 0x9380, 0x7ae0, 0x9380, 0x2965, 0x9d77, 0xa5b8,
0xa5b8, 0xa598, 0xa5b8, 0xa5b8, 0xa5b8, 0x9d98, 0xa598, 0xa598, 0x9d98, 0x9d98,
0xa5b8, 0x9536, 0x2124, 0xa3c0, 0xfe00, 0xfe00, 0xfde0, 0xfe00, 0xfde0, 0xfde0,
0xfe00, 0xf5e0, 0x9380, 0x8b40, 0x8300, 0x2145, 0xa5d9, 0xa5d9, 0xa5d9, 0xa5b8,
0xadf9, 0xadf9, 0x9d98, 0x9d98, 0x52cb, 0xa5b9, 0xa5b8, 0xa5b9, 0x9d98, 0x8d37,
0x8d16, 0x9557, 0x9d78, 0x9d78, 0x9577, 0xa5b8, 0x8cd4, 0x18a1, 0x9360, 0x3980,
0xbc60, 0xfde0, 0xfde0, 0xfde0, 0xfde0, 0xfde0, 0xfde0, 0xfde0, 0xfde0, 0xfde0,
0xeda0, 0xeda0, 0x8b20, 0x0820, 0x0000, 0x0000, 0x0000, 0x0000, 0x0000, 0x0000,
0x0000, 0x0000, 0x0000, 0x0000, 0x0000, 0x0000, 0x0000, 0x0000, 0x0000, 0x0020,
0x5a00, 0xdd20, 0xfde0, 0xfde0, 0xfde0, 0xfde0, 0xfde0, 0xfde0, 0xfde0, 0xfde0,
0xfde0, 0xfde0, 0xfde0, 0xfde0, 0xfde0, 0xfde0, 0xf5c0, 0xccc0, 0x7ac0, 0x3120,
0x0840, 0x1880, 0x49c0, 0x9380, 0xcce0, 0xed80, 0xf5c0, 0xfde0, 0x8b20, 0x0000,

0x0000, 0x5200, 0xfe00, 0xfde0, 0xfe00, 0xfde0, 0xfe00, 0xfde0, 0xed80, 0xbc60,
0x8b40, 0x7ae0, 0x8300, 0x18a0, 0x0000, 0xa400, 0x9bc0, 0x0000, 0x0000, 0x1060,
0xc4c0, 0x9380, 0x9360, 0xfe00, 0xfe00, 0xa3e0, 0x0000, 0x0000, 0x0000, 0x0000,
0x0000, 0x0000, 0x0000, 0x0000, 0x8b40, 0xfe00, 0xfde0, 0x4180, 0x0000, 0x0000,
0x0000, 0x0000, 0x0000, 0x0000, 0x0000, 0xcca0, 0xfe00, 0xfe00, 0xabe0, 0x7ae0,
0xf5e0, 0x49a0, 0xac00, 0xedc0, 0x1080, 0x0000, 0x0000, 0x0000, 0x0000, 0x0000,
0x0000, 0x20e0, 0xdd40, 0xfe00, 0xfe00, 0x9380, 0x0000, 0x0000, 0x0000, 0x0000,
0x0000, 0x0000, 0x0000, 0x2900, 0xdd20, 0xed80, 0x51e0, 0x9bc0, 0x7ae0, 0xa3c0,
0xfe00, 0xfe00, 0xfde0, 0xfde0, 0x6240, 0x0000, 0x0000, 0xa420, 0x9bc0, 0x0000,
0x0000, 0x0000, 0x0000, 0x0000, 0x0000, 0x6240, 0xfe20, 0xcca0, 0x3960, 0xf5c0,
0x49c0, 0x0000, 0x0000, 0x0000, 0x0000, 0x0000, 0x0000, 0x0000, 0x3a08, 0xadf9,
0xb619, 0xb63a, 0xbe3a, 0xcebb, 0x636e, 0x3140, 0xe540, 0xfe00, 0xfde0, 0xfde0,
0xfde0, 0xfde0, 0xedc0, 0xa3e0, 0x8320, 0xa3e0, 0x41a0, 0x4aab, 0xa5d9, 0xa5d9,
0xa5b8, 0xa598, 0xa5b8, 0x9d98, 0xa5b8, 0x9d98, 0xa598, 0xa5b8, 0x9d98, 0x9d98,
0x9d98, 0xa5b8, 0x4aab, 0x4180, 0xf5c0, 0xfe00, 0xfde0, 0xfe00, 0xfde0, 0xfde0,
0xed80, 0xac00, 0x8320, 0x9380, 0x3961, 0x5b2d, 0xadf9, 0xadd9, 0xadd9, 0xa5b9,
0xadf9, 0xb619, 0x9d78, 0x9d98, 0x9536, 0xa5b9, 0xa5b8, 0xa5b8, 0x9d78, 0x8d37,
0x8d37, 0x9577, 0x9577, 0x9578, 0x9557, 0x9d78, 0x9d98, 0x5b0a, 0x49c0, 0x49a0,
0xeda0, 0xfde0, 0xfde0, 0xfde0, 0xfde0, 0xfde0, 0xfde0, 0xfde0, 0xfde0, 0xfde0,
0xfde0, 0xe560, 0x4180, 0x0000, 0x0000, 0x0000, 0x0000, 0x0000, 0x0000, 0x0000,
0x0000, 0x0000, 0x0000, 0x0000, 0x0000, 0x0000, 0x0000, 0x0000, 0x0000, 0x0000,
0x0840, 0x8320, 0xf5c0, 0xfde0, 0xfde0, 0xfde0, 0xfde0, 0xfde0, 0xfde0, 0xfde0,
0xfde0, 0xfde0, 0xfde0, 0xfde0, 0xfde0, 0xfde0, 0xfde0, 0xfde0, 0xeda0, 0xdd00,
0x9bc0, 0x51e0, 0x18a0, 0x0840, 0x3960, 0x7ae0, 0xbc80, 0xe560, 0xa3e0, 0x2900,

0x0000, 0x5200, 0xfe00, 0xfde0, 0xfe00, 0xfde0, 0xfe00, 0xfde0, 0xfde0, 0xed80,
0xd500, 0xbc80, 0xac20, 0x20c0, 0x0000, 0x6a80, 0xc4a0, 0x1060, 0x0000, 0x1060,
0xc4c0, 0x9380, 0x9360, 0xfe00, 0xfe00, 0xe540, 0x2900, 0x0000, 0x0000, 0x0000,
0x0000, 0x0000, 0x0000, 0x0000, 0x3940, 0xf5a0, 0xfe00, 0x7b00, 0x0000, 0x0000,
0x0000, 0x0000, 0x0000, 0x0000, 0x0000, 0x5a40, 0xf5e0, 0xfe00, 0xa3e0, 0x5a40,
0x72c0, 0x5200, 0xedc0, 0x8b60, 0x0000, 0x0000, 0x0000, 0x0000, 0x0000, 0x0000,
0x0000, 0x41a0, 0xf5c0, 0xfe00, 0xfe00, 0xcce0, 0x0000, 0x0000, 0x0000, 0x0000,
0x0000, 0x0000, 0x0000, 0x0000, 0x6aa0, 0xfe40, 0xcce0, 0x4180, 0x20e0, 0xa3c0,
0xfe00, 0xfe00, 0xfde0, 0x9bc0, 0x0000, 0x0000, 0x0000, 0xa420, 0x9bc0, 0x0000,
0x0000, 0x0000, 0x0000, 0x0000, 0x0000, 0x6240, 0xfe00, 0xedc0, 0x4180, 0xd520,
0x9ba0, 0x0000, 0x0000, 0x0000, 0x0000, 0x0000, 0x0000, 0x0000, 0x10a2, 0x9515,
0xadf9, 0xb63a, 0xbe5a, 0xc69b, 0x9d56, 0x2985, 0x6260, 0xfde0, 0xfe00, 0xfe00,
0xf5c0, 0xac00, 0x9380, 0x7ae0, 0x9380, 0x8320, 0x18e3, 0x8cf5, 0xa5b8, 0xa5b8,
0xa5b8, 0xa5b8, 0x9d98, 0xa5b8, 0x9d98, 0xa5b8, 0xa598, 0x9d98, 0xa5b8, 0xa598,
0x9d98, 0xa5b8, 0x8cf5, 0x18e3, 0x8b60, 0xfde0, 0xfe00, 0xfe00, 0xe560, 0xabe0,
0x9ba0, 0x8320, 0x9ba0, 0x6280, 0x2965, 0x9536, 0xa5d9, 0xa5d9, 0xadf9, 0xa5b9,
0xadf9, 0xb619, 0x9d98, 0x9d98, 0xa5d9, 0xa5b8, 0xa5b8, 0xa5b8, 0x9d78, 0x8d37,
0x9537, 0x9577, 0x9577, 0x9d78, 0x9557, 0x9577, 0x9578, 0x9ccf, 0x41a1, 0x8320,
0xfe00, 0xfde0, 0xfde0, 0xfde0, 0xfde0, 0xfde0, 0xfde0, 0xfde0, 0xfde0, 0xfde0,
0xfde0, 0xbc60, 0x1060, 0x0000, 0x0000, 0x0000, 0x0000, 0x0000, 0x0000, 0x0000,
0x0000, 0x0000, 0x0000, 0x0000, 0x0000, 0x0000, 0x0000, 0x0000, 0x0000, 0x0000,
0x0000, 0x41a0, 0xdd20, 0xfde0, 0xfde0, 0xfde0, 0xfde0, 0xfde0, 0xfde0, 0xfde0,
0xfde0, 0xfde0, 0xfde0, 0xfde0, 0xfde0, 0xfde0, 0xfde0, 0xfde0, 0xfde0, 0xfde0,
0xfde0, 0xe540, 0xbc40, 0x72a0, 0x2900, 0x0840, 0x1080, 0x5a40, 0x9be0, 0xb460,

0x0000, 0x5200, 0xfe00, 0xfde0, 0xfe00, 0xfde0, 0xfe00, 0xfde0, 0xfe00, 0xfde0,
0xfde0, 0xf5c0, 0xed80, 0x3120, 0x0000, 0x3140, 0xcd20, 0x3120, 0x0000, 0x1060,
0xc4c0, 0x9380, 0x9360, 0xfe00, 0xfe00, 0xfde0, 0x72a0, 0x0000, 0x0000, 0x0000,
0x0000, 0x0000, 0x0000, 0x0000, 0x0860, 0xb460, 0xfe00, 0xbc80, 0x0840, 0x0000,
0x0000, 0x0000, 0x0000, 0x0000, 0x0000, 0x0820, 0x9ba0, 0xfe00, 0xbc40, 0x3960,
0x72a0, 0xf5e0, 0xbca0, 0x1880, 0x0000, 0x0000, 0x0000, 0x0000, 0x0000, 0x0000,
0x0000, 0x8b40, 0xfe00, 0xfe00, 0xfe00, 0xf5c0, 0x20c0, 0x0000, 0x0000, 0x0000,
0x0000, 0x0000, 0x0000, 0x0000, 0x0000, 0x8b60, 0xf5e0, 0xf5e0, 0x6260, 0xa3c0,
0xfe00, 0xf5e0, 0x8b60, 0x0840, 0x0000, 0x0000, 0x0000, 0xa420, 0x9bc0, 0x0000,
0x0000, 0x0000, 0x0000, 0x0000, 0x0000, 0x6240, 0xfe00, 0xfe00, 0x9360, 0x72a0,
0xdd40, 0x20c0, 0x0000, 0x0000, 0x0000, 0x0000, 0x0000, 0x0000, 0x0000, 0x5b0d,
0xb619, 0xb63a, 0xbe5a, 0xc69b, 0xa5b8, 0x9515, 0x2125, 0x51e0, 0xcce0, 0xf5e0,
0xedc0, 0xa3c0, 0x9380, 0x9bc0, 0x6260, 0x18e3, 0x8cb4, 0xa598, 0x9d98, 0xa5b8,
0xa5b8, 0x9d98, 0xa5b8, 0x9d98, 0xa5b8, 0x9d98, 0xa5b8, 0x9d98, 0xa598, 0xa598,
0x9d98, 0xa5b8, 0x9d98, 0x8cd4, 0x18c2, 0x6240, 0xd500, 0xfe00, 0xc4c0, 0x9380,
0x9ba0, 0x9380, 0x5200, 0x2124, 0x94f5, 0xa5d9, 0xa5d9, 0xa5d9, 0xa5d9, 0xa5d9,
0xadf9, 0xb619, 0x9d98, 0x9d98, 0xa5b8, 0xa5b9, 0xa598, 0xa5d9, 0x9d98, 0x8d37,
0x8d16, 0x9577, 0x9577, 0x9577, 0x9578, 0x9578, 0x9d77, 0x83c9, 0x49c0, 0xcce0,
0xfe00, 0xfde0, 0xf5c0, 0xdd40, 0xeda0, 0xfde0, 0xfde0, 0xfde0, 0xfde0, 0xfde0,
0xeda0, 0x6a60, 0x0000, 0x0000, 0x0000, 0x0000, 0x0000, 0x0000, 0x0000, 0x0000,
0x0000, 0x0000, 0x0000, 0x0000, 0x0000, 0x0000, 0x0000, 0x0000, 0x0000, 0x0000,
0x0000, 0x18a0, 0xb420, 0xfde0, 0xfde0, 0xfde0, 0xfde0, 0xfde0, 0xfde0, 0xfde0,
0xfde0, 0xfde0, 0xfde0, 0xfde0, 0xfde0, 0xfde0, 0xfde0, 0xfde0, 0xfde0, 0xf5c0,
0xd500, 0xc4a0, 0xf5c0, 0xf5c0, 0xd4e0, 0x9b80, 0x51e0, 0x18a0, 0x0820, 0x18c0,

0x0000, 0x5200, 0xfe00, 0xfde0, 0xfe00, 0xfde0, 0xfe00, 0xfde0, 0xfe00, 0xfde0,
0xfe00, 0xfde0, 0xf5c0, 0x3140, 0x0000, 0x18a0, 0xcce0, 0x5a00, 0x0000, 0x1060,
0xc4c0, 0x9380, 0x9360, 0xfe00, 0xfe00, 0xfe00, 0xc4a0, 0x0000, 0x0000, 0x0000,
0x0000, 0x0000, 0x0000, 0x0000, 0x0000, 0x6240, 0xfe00, 0xe580, 0x3120, 0x0000,
0x0000, 0x0000, 0x0000, 0x0000, 0x0000, 0x0000, 0x1880, 0x9380, 0xe560, 0xdd80,
0xeda0, 0xb440, 0x2900, 0x0000, 0x0000, 0x0000, 0x0000, 0x0000, 0x0000, 0x0000,
0x0840, 0xccc0, 0xfe00, 0xfde0, 0xfe00, 0xfe20, 0x5a40, 0x0000, 0x0000, 0x0000,
0x0000, 0x0000, 0x0000, 0x0000, 0x0000, 0x0840, 0x6a60, 0xcd00, 0x72c0, 0x9380,
0xcd00, 0x5a40, 0x0840, 0x0000, 0x0000, 0x0000, 0x0000, 0xa420, 0x9bc0, 0x0000,
0x0000, 0x0000, 0x0000, 0x0000, 0x0000, 0x6240, 0xfe00, 0xfe00, 0xdd20, 0x3960,
0xdd80, 0x6a60, 0x0000, 0x0000, 0x0000, 0x0000, 0x0000, 0x0000, 0x0000, 0x2145,
0xa597, 0xb63a, 0xbe5a, 0xc69b, 0xa5b8, 0xadf9, 0x9d36, 0x3a08, 0x2922, 0x49e0,
0x6aa0, 0x6260, 0x51e0, 0x2901, 0x31c7, 0x8493, 0xa5b8, 0xa598, 0xa5b8, 0xa598,
0xa598, 0xa598, 0x9d98, 0xa5b8, 0x9d98, 0xa5b8, 0x9d98, 0xa598, 0xa598, 0x9d98,
0xa5b8, 0x9d98, 0x9d98, 0xa5b8, 0x8473, 0x39e7, 0x2921, 0x5200, 0x5200, 0x5a40,
0x41a0, 0x2921, 0x31a7, 0x9515, 0xadf9, 0xa5b8, 0xa5b8, 0xadd9, 0xa5b8, 0x9d98,
0xadd9, 0xadf9, 0xa598, 0xa5b8, 0xa5b8, 0xa5b8, 0x9d98, 0xa5d9, 0x9d98, 0x8d37,
0x9537, 0x9577, 0x9d78, 0x9577, 0x9557, 0x9577, 0xa553, 0x5264, 0x72a0, 0xf5c0,
0xfde0, 0xfe00, 0xcce0, 0x5200, 0x7ae0, 0xd4e0, 0xfde0, 0xfde0, 0xfde0, 0xfde0,
0xc4a0, 0x2900, 0x0000, 0x0000, 0x0000, 0x0000, 0x0000, 0x0000, 0x1060, 0x0820,
0x0000, 0x0000, 0x0000, 0x0000, 0x0000, 0x0000, 0x0000, 0x0000, 0x0000, 0x0000,
0x0000, 0x0840, 0x9360, 0xfde0, 0xfde0, 0xfde0, 0xfde0, 0xfde0, 0xfde0, 0xfde0,
0xfde0, 0xfde0, 0xfde0, 0xeda0, 0xe540, 0xdd20, 0xdd40, 0xdd20, 0xeda0, 0xf5c0,
0xbc60, 0x6a80, 0x9380, 0xdd20, 0xfde0, 0xfde0, 0xe560, 0xac00, 0x6a60, 0x2900,

0x0000, 0x5200, 0xfe00, 0xfde0, 0xfe00, 0xfde0, 0xfe00, 0xfde0, 0xfe00, 0xfde0,
0xfe00, 0xfde0, 0xf5c0, 0x3140, 0x0000, 0x0020, 0xb460, 0x72e0, 0x0000, 0x1060,
0xc4c0, 0x9380, 0x9360, 0xfe00, 0xfe00, 0xfe00, 0xfde0, 0x2900, 0x0000, 0x0000,
0x0000, 0x0000, 0x0000, 0x0000, 0x0000, 0x1060, 0xeda0, 0xfde0, 0x72a0, 0x0000,
0x0000, 0x0000, 0x0000, 0x0000, 0x0000, 0x0000, 0x0000, 0x0020, 0x4180, 0x5a20,
0x49c0, 0x0840, 0x0000, 0x0000, 0x0000, 0x0000, 0x0000, 0x0000, 0x0000, 0x0000,
0x3960, 0xed80, 0xfe00, 0xfde0, 0xfe00, 0xfde0, 0xac00, 0x0840, 0x0000, 0x0000,
0x0000, 0x0000, 0x0000, 0x0000, 0x0000, 0x0000, 0x0000, 0x1080, 0x1880, 0x20c0,
0x1080, 0x0000, 0x0000, 0x0000, 0x0000, 0x0000, 0x0000, 0xa420, 0x9bc0, 0x0000,
0x0000, 0x0000, 0x0000, 0x0000, 0x0000, 0x6240, 0xfe00, 0xfe00, 0xfe20, 0x41a0,
0xbc60, 0xbc80, 0x0000, 0x0000, 0x0000, 0x0000, 0x0000, 0x0000, 0x0000, 0x0861,
0x8472, 0xb63a, 0xbe5a, 0xce9b, 0xa5b8, 0xadf9, 0xadf9, 0xadd9, 0x8493, 0x5b0d,
0x426a, 0x424a, 0x4acc, 0x7c32, 0x9d77, 0xa5b8, 0x9d98, 0xa5b8, 0xa5b8, 0xa598,
0xa598, 0x9d98, 0xa5b8, 0xa598, 0x9d57, 0x94f5, 0xa5b8, 0x9d98, 0xa5b8, 0x9d98,
0xa5b8, 0x9d98, 0xa5b8, 0xa598, 0x9d98, 0x9d97, 0x7c52, 0x4a8b, 0x426a, 0x4249,
0x4acc, 0x7c72, 0x9d98, 0xa5b8, 0xb61a, 0xa5d9, 0x9d98, 0xb63a, 0xadd9, 0xa598,
0xadd9, 0xadf9, 0x9d98, 0xa5b8, 0xa5b8, 0xa5b8, 0xa5b8, 0xa5b8, 0x9d98, 0x8d36,
0x9557, 0x9578, 0x9d78, 0x9578, 0x9557, 0x9d77, 0x9cce, 0x3981, 0xac20, 0xfe00,
0xfde0, 0xf5c0, 0x8b60, 0x18a0, 0x20c0, 0x5a20, 0xeda0, 0xfde0, 0xfde0, 0xfde0,
0x8b40, 0x0840, 0x0000, 0x0000, 0x0000, 0x0000, 0x0000, 0x1080, 0x7b00, 0x6260,
0x28e0, 0x0840, 0x0000, 0x0000, 0x0000, 0x0000, 0x0000, 0x0000, 0x0000, 0x0000,
0x0000, 0x0820, 0x72a0, 0xfde0, 0xfde0, 0xfde0, 0xfde0, 0xfde0, 0xfde0, 0xfde0,
0xfde0, 0xe580, 0xac20, 0x72c0, 0x51e0, 0x3940, 0x3140, 0x49c0, 0x72c0, 0xa3e0,
0xccc0, 0xb460, 0x6a80, 0x6a80, 0xd500, 0xfde0, 0xfde0, 0xfde0, 0xfde0, 0xd500,

0x0000, 0x5200, 0xfe00, 0xfde0, 0xfe00, 0xfde0, 0xfe00, 0xfde0, 0xfe00, 0xfde0,
0xfe00, 0xfde0, 0xf5c0, 0x3120, 0x0000, 0x0000, 0xa3e0, 0x93c0, 0x0000, 0x1060,
0xc4c0, 0x9380, 0x9360, 0xfe00, 0xfe00, 0xfde0, 0xfe00, 0x8b40, 0x0000, 0x0000,
0x0000, 0x0000, 0x0000, 0x0000, 0x0000, 0x0000, 0x93a0, 0xfe00, 0xd4e0, 0x0020,
0x0000, 0x0000, 0x0000, 0x0000, 0x0000, 0x0000, 0x0000, 0x0000, 0x0000, 0x0000,
0x0000, 0x0000, 0x0000, 0x0000, 0x0000, 0x0000, 0x0000, 0x0000, 0x0000, 0x0000,
0x9ba0, 0xfe00, 0xfe00, 0xfde0, 0xfe00, 0xfe00, 0xe560, 0x2920, 0x0000, 0x0000,
0x0000, 0x0000, 0x0000, 0x0000, 0x0000, 0x0000, 0x0000, 0x0000, 0x0000, 0x0000,
0x0000, 0x0000, 0x0000, 0x0000, 0x0000, 0x0000, 0x0000, 0xa420, 0x9bc0, 0x0000,
0x0000, 0x0000, 0x0000, 0x0000, 0x0000, 0x6240, 0xfe00, 0xfe00, 0xfe00, 0x9360,
0x6a80, 0xfe00, 0x28e0, 0x0000, 0x0000, 0x0000, 0x0000, 0x0000, 0x0000, 0x0000,
0x3a29, 0xbe5a, 0xbe5a, 0xc69b, 0xa5b8, 0xadd9, 0xa5d9, 0xadf9, 0xadf9, 0xb61a,
0xadd9, 0xa5b8, 0xa5d9, 0x9d98, 0x9d98, 0xa5b8, 0x9d98, 0x9d98, 0xa5b8, 0x9d98,
0xa5b8, 0x9d98, 0xa598, 0xa598, 0x52cc, 0x31a7, 0x9d77, 0xa598, 0x9d98, 0xa5b8,
0x9d98, 0xa5b8, 0x9d98, 0xa5b8, 0x9d98, 0xa598, 0xa598, 0xa5d9, 0xa5b8, 0xa5b8,
0xa5b8, 0xa5b8, 0xa5b9, 0xa5b8, 0xadf9, 0xa5d9, 0xa5b8, 0xadd9, 0xadd9, 0xa5b9,
0xadd9, 0xadf9, 0x9d98, 0xadd9, 0x9d98, 0xa5d9, 0xadf9, 0x9557, 0x9d78, 0x8d37,
0x7412, 0x9516, 0x9d78, 0x9578, 0x9577, 0xa575, 0x7367, 0x5a20, 0xe560, 0xfde0,
0xfde0, 0xdd20, 0x51e0, 0x4180, 0x5a20, 0x18a0, 0x9380, 0xf5a0, 0xfde0, 0xe540,
0x3980, 0x0000, 0x0000, 0x0000, 0x0000, 0x0000, 0x0000, 0x18a0, 0x7ae0, 0xac20,
0xc480, 0x8b60, 0x4180, 0x0820, 0x0000, 0x0000, 0x0000, 0x0000, 0x0000, 0x0000,
0x0000, 0x0020, 0x6a60, 0xf5c0, 0xfde0, 0xfde0, 0xfde0, 0xfde0, 0xfde0, 0xe560,
0xa3e0, 0x41a0, 0x0020, 0x0000, 0x0000, 0x0000, 0x0000, 0x0000, 0x0000, 0x1060,
0x3980, 0xa400, 0xd540, 0x8b60, 0x6a80, 0xdd20, 0xfde0, 0xfde0, 0xfde0, 0xfde0,

0x0000, 0x5200, 0xfe00, 0xfde0, 0xfe00, 0xfde0, 0xfe00, 0xfde0, 0xfe00, 0xfde0,
0xfe00, 0xfde0, 0xf5c0, 0x3120, 0x0000, 0x0000, 0x9360, 0xb440, 0x0000, 0x1060,
0xc4c0, 0x9380, 0x9360, 0xfe00, 0xfe00, 0xfde0, 0xfe00, 0xcce0, 0x18a0, 0x0000,
0x0000, 0x0000, 0x0000, 0x0000, 0x0000, 0x0000, 0x41a0, 0xed80, 0xfde0, 0x41a0,
0x0000, 0x0000, 0x0000, 0x0000, 0x0000, 0x0000, 0x0000, 0x0000, 0x0000, 0x0000,
0x0000, 0x0000, 0x0000, 0x0000, 0x0000, 0x0000, 0x0000, 0x0000, 0x0000, 0x1880,
0xed80, 0xfe00, 0xfe00, 0xfde0, 0xfde0, 0xfde0, 0xfde0, 0x8300, 0x0000, 0x0000,
0x0000, 0x0000, 0x0000, 0x0000, 0x0000, 0x0000, 0x0000, 0x0000, 0x0000, 0x0000,
0x0000, 0x0000, 0x0000, 0x0000, 0x0000, 0x0000, 0x0000, 0xa420, 0x9bc0, 0x0000,
0x0000, 0x0000, 0x0000, 0x0000, 0x0000, 0x6240, 0xfe00, 0xfe00, 0xfe00, 0xd500,
0x41a0, 0xe580, 0x7ae0, 0x0000, 0x0000, 0x0000, 0x0000, 0x0000, 0x0000, 0x0000,
0x0862, 0xadd8, 0xbe5a, 0xc69b, 0xa5b8, 0xadf9, 0xadf9, 0xadf9, 0xa5d9, 0xb619,
0xa5b8, 0x9d78, 0xa5b8, 0x9d78, 0x9d98, 0xa5b8, 0x9d98, 0x9d98, 0xa5b8, 0xa5b8,
0x9d98, 0xa5b8, 0xa5b8, 0x84b4, 0x18c2, 0x1081, 0x634e, 0xa5b8, 0xa5b8, 0xa598,
0x9d98, 0xa5b8, 0xa598, 0xa598, 0x9d98, 0xa598, 0x9d98, 0xa5b8, 0xa5b8, 0xadd9,
0xa598, 0xa598, 0xa5b8, 0x9d98, 0xa5d9, 0xa5d9, 0xa5d9, 0xa5b8, 0xa5d9, 0xa5b8,
0xadf9, 0xadf9, 0x9d77, 0xa5b9, 0xa5b9, 0x9d78, 0x9d98, 0x9d98, 0x9d78, 0x84b5,
0x2145, 0x52cc, 0x8d36, 0x9577, 0x9577, 0x9cef, 0x41e3, 0x9ba0, 0xfde0, 0xfde0,
0xfde0, 0xe560, 0x51e0, 0x3120, 0x6a80, 0x2900, 0x49c0, 0xd4e0, 0xfdc0, 0xa3e0,
0x1080, 0x0000, 0x0000, 0x0000, 0x0000, 0x0000, 0x1880, 0x7ae0, 0x9ba0, 0x72a0,
0x6aa0, 0xa3c0, 0xbc80, 0x5200, 0x0000, 0x0000, 0x0000, 0x0000, 0x0000, 0x0000,
0x0000, 0x0020, 0x6a80, 0xfde0, 0xfe00, 0xfde0, 0xfde0, 0xfde0, 0xcce0, 0x6a80,
0x20c0, 0x0000, 0x0000, 0x0000, 0x0000, 0x0000, 0x0000, 0x0000, 0x0000, 0x0000,
0x0000, 0x1880, 0x72c0, 0xc4a0, 0x6a80, 0x6a80, 0xe560, 0xfde0, 0xfde0, 0xfde0,

0x0000, 0x5200, 0xfe00, 0xfde0, 0xfe00, 0xfde0, 0xfe00, 0xfde0, 0xfe00, 0xfde0,
0xfe00, 0xfde0, 0xf5c0, 0x3120, 0x1060, 0x1880, 0x8b60, 0xb440, 0x0000, 0x1060,
0xc4c0, 0x9380, 0x9360, 0xfe00, 0xfe00, 0xfde0, 0xfe00, 0xf5e0, 0x49e0, 0x0000,
0x0000, 0x0000, 0x0000, 0x0000, 0x0000, 0x0000, 0x0840, 0xc4a0, 0xfe00, 0xac40,
0x0840, 0x0000, 0x0000, 0x0000, 0x0000, 0x0000, 0x0000, 0x0000, 0x0000, 0x0000,
0x0000, 0x0000, 0x0000, 0x0000, 0x0000, 0x0000, 0x0000, 0x0000, 0x0000, 0x7ae0,
0xfe00, 0xfe00, 0xfde0, 0xfe00, 0xfde0, 0xfe00, 0xfe00, 0xd500, 0x20c0, 0x0000,
0x0000, 0x0000, 0x0000, 0x0000, 0x0000, 0x0000, 0x0000, 0x0000, 0x0000, 0x0000,
0x0000, 0x0000, 0x0000, 0x0000, 0x0000, 0x0000, 0x0000, 0xa420, 0x9bc0, 0x0000,
0x0000, 0x0000, 0x0000, 0x0000, 0x0000, 0x6240, 0xfe00, 0xfe00, 0xfe00, 0xfde0,
0x5a20, 0xa400, 0xc4c0, 0x1080, 0x0000, 0x0000, 0x0000, 0x0000, 0x0000, 0x0000,
0x0000, 0x73f0, 0xbe5a, 0xc67b, 0x9d98, 0xa5d9, 0xadf9, 0xadd9, 0xa5d9, 0xb619,
0xa5b8, 0x9d78, 0xa5b8, 0x9d98, 0x9d98, 0x9d98, 0x9d98, 0xa5b8, 0xa598, 0xa5b8,
0xa598, 0xa598, 0x9d57, 0x31a7, 0x5a20, 0x9381, 0x18e3, 0x8473, 0xa5b8, 0xa598,
0xa5b8, 0x9d98, 0xa5b8, 0x9d98, 0x9d98, 0xa598, 0xa598, 0x9d98, 0x9d98, 0xb63a,
0xa5b8, 0x9d98, 0x9d78, 0xa5b8, 0xa5d9, 0xadd9, 0xadd9, 0xa5b8, 0xa5d9, 0xa5d9,
0xadf9, 0xb619, 0x9d98, 0xa5b8, 0xadd9, 0xa598, 0x9d98, 0xadd9, 0xa5b8, 0x52cc,
0x18a0, 0x18a2, 0x7432, 0x9557, 0xa5b7, 0x8c2a, 0x3980, 0xd500, 0xfde0, 0xfde0,
0xfde0, 0xed80, 0x6a80, 0x20e0, 0x8320, 0x49c0, 0x20c0, 0xb440, 0xf5a0, 0x5a20,
0x0000, 0x0000, 0x0000, 0x0000, 0x0000, 0x0000, 0x4180, 0xcce0, 0xf5e0, 0xdd40,
0xac20, 0x5a20, 0x8b80, 0xb440, 0x18a0, 0x0000, 0x0000, 0x0000, 0x0000, 0x0000,
0x0000, 0x0820, 0x72c0, 0xfe00, 0xfe00, 0xfde0, 0xfde0, 0xccc0, 0x49c0, 0x0820,
0x0000, 0x0000, 0x0000, 0x0000, 0x0000, 0x0000, 0x0000, 0x0000, 0x0000, 0x0000,
0x0000, 0x0000, 0x1880, 0x7ae0, 0xcce0, 0x6a80, 0x9ba0, 0xf5c0, 0xfde0, 0xfde0,

0x0000, 0x5200, 0xfe00, 0xfde0, 0xfe00, 0xfde0, 0xfe00, 0xfde0, 0xfe00, 0xfde0,
0xfe00, 0xfde0, 0xf5c0, 0x49c0, 0xd500, 0xac00, 0xb440, 0xac40, 0x0000, 0x1060,
0xbcc0, 0x9380, 0x9360, 0xfe00, 0xfe00, 0xfde0, 0xfe00, 0xfe00, 0xac00, 0x0020,
0x0000, 0x0000, 0x0000, 0x0000, 0x0000, 0x0000, 0x0000, 0x6aa0, 0xfe00, 0xf5e0,
0x5a20, 0x0000, 0x0000, 0x0000, 0x0000, 0x0000, 0x0000, 0x0000, 0x0000, 0x0000,
0x0000, 0x0000, 0x0000, 0x0000, 0x0000, 0x0000, 0x0000, 0x0000, 0x3120, 0xe560,
0xfe00, 0xfe00, 0xfde0, 0xfe00, 0xfde0, 0xfe00, 0xfde0, 0xfe00, 0x93a0, 0x0000,
0x0000, 0x0000, 0x0000, 0x0000, 0x0000, 0x0000, 0x0000, 0x0000, 0x0000, 0x0000,
0x0000, 0x0000, 0x0000, 0x0000, 0x0000, 0x0000, 0x0000, 0xa420, 0x9bc0, 0x0000,
0x0000, 0x0000, 0x0000, 0x0000, 0x0000, 0x6240, 0xfe00, 0xfe00, 0xfde0, 0xfe20,
0xac00, 0x5200, 0xf600, 0x41a0, 0x0000, 0x0000, 0x0000, 0x0000, 0x0000, 0x0000,
0x0000, 0x31a7, 0xb619, 0xc69b, 0x9d98, 0xadd9, 0xadd9, 0xadd9, 0xa5b8, 0xb619,
0xadd8, 0x9d98, 0xa5b8, 0x9d78, 0xa5b8, 0x9d98, 0xa598, 0x9d98, 0x9d98, 0xa5b8,
0xa598, 0xa598, 0x31c8, 0x41a0, 0xe5a0, 0xfe00, 0x8320, 0x10a2, 0x8493, 0xa5b8,
0x9d98, 0xa5b8, 0x9d98, 0xa5b8, 0x9d98, 0x9d98, 0xa5b8, 0x9d98, 0x9d98, 0xadd9,
0xa5b8, 0xa5b8, 0xa5d9, 0xa5b8, 0xa5d9, 0xa5b8, 0xb619, 0xadd9, 0xadf9, 0xa5d9,
0xadf9, 0xb619, 0x9d98, 0xadd9, 0xadf9, 0x9d98, 0xa598, 0xae19, 0x8473, 0x20e2,
0x9380, 0x3960, 0x2986, 0x9536, 0xb5b4, 0x5a84, 0x72a0, 0xf5c0, 0xfde0, 0xfde0,
0xfde0, 0xed80, 0x8b40, 0x28e0, 0x8b20, 0x5a40, 0x1880, 0x9ba0, 0xc4a0, 0x1080,
0x0000, 0x0000, 0x0000, 0x0000, 0x0000, 0x0840, 0x7b00, 0xf5e0, 0xfde0, 0xfde0,
0xfe00, 0xbc60, 0x6240, 0xbc80, 0x3140, 0x0000, 0x0000, 0x0000, 0x0000, 0x0000,
0x0000, 0x0840, 0x9360, 0xfde0, 0xfde0, 0xf5c0, 0xb420, 0x3960, 0x0000, 0x0000,
0x0000, 0x0000, 0x0000, 0x0000, 0x0000, 0x0000, 0x0000, 0x0000, 0x0000, 0x0000,
0x0000, 0x0000, 0x0000, 0x1060, 0xac00, 0xb440, 0x5a20, 0xd520, 0xfde0, 0xfde0,

0x0000, 0x5200, 0xfe00, 0xfde0, 0xfe00, 0xfde0, 0xfe00, 0xfde0, 0xfe00, 0xfde0,
0xfe00, 0xfde0, 0xf5c0, 0x51e0, 0xdd60, 0xa3e0, 0xe560, 0x72c0, 0x0000, 0x1060,
0xbcc0, 0x9380, 0x9360, 0xfe00, 0xfe00, 0xfde0, 0xfe00, 0xfe00, 0xdd40, 0x2900,
0x0000, 0x0000, 0x0000, 0x0000, 0x0000, 0x0000, 0x0000, 0x28e0, 0xdd40, 0xfe00,
0xccc0, 0x18c0, 0x0000, 0x0000, 0x0000, 0x0000, 0x0000, 0x0000, 0x0000, 0x0000,
0x0000, 0x0000, 0x0000, 0x0000, 0x0000, 0x0000, 0x0000, 0x0840, 0xa3e0, 0xfe00,
0xfe00, 0xfde0, 0xfe00, 0xfde0, 0xfde0, 0xfde0, 0xfde0, 0xfe00, 0xf5c0, 0x3980,
0x0000, 0x0000, 0x0000, 0x0000, 0x0000, 0x0000, 0x0000, 0x0000, 0x0000, 0x0000,
0x0000, 0x0000, 0x0000, 0x0000, 0x0000, 0x0000, 0x0000, 0xac40, 0x9bc0, 0x0000,
0x0000, 0x0000, 0x0000, 0x0000, 0x0000, 0x6240, 0xfe00, 0xfe00, 0xfde0, 0xfe00,
0xdd20, 0x3140, 0xeda0, 0x9ba0, 0x0000, 0x0000, 0x0000, 0x0000, 0x0000, 0x0000,
0x0000, 0x0861, 0x9d35, 0xcebc, 0x9d98, 0xadd9, 0xa5d9, 0xadd9, 0xadd9, 0xb619,
0xa5d8, 0x9d98, 0xa5b8, 0x9d98, 0xa5b8, 0xa5b8, 0x9d98, 0x9d98, 0xa5b8, 0xa5b8,
0x9516, 0x4229, 0x3961, 0xd4e0, 0xfe00, 0xfe00, 0xeda0, 0x7ae0, 0x2103, 0x73f1,
0xa598, 0xa5b8, 0x9d98, 0xa5b8, 0xa598, 0x9d98, 0xa5b8, 0x9d98, 0x9d98, 0x9d98,
0xa5b9, 0x9d98, 0x9d78, 0x9d78, 0x9d98, 0xa5b8, 0x9d98, 0x9d77, 0xa598, 0xa5b8,
0xa5b8, 0x9d77, 0x9d77, 0x9d98, 0xa598, 0x9d77, 0x9577, 0xa5b8, 0x31a7, 0x5a20,
0x9360, 0x8b60, 0x20e0, 0x5b4e, 0x9cac, 0x41c1, 0xb440, 0xfde0, 0xfde0, 0xfde0,
0xfde0, 0xf5c0, 0x9ba0, 0x20e0, 0x72a0, 0x4180, 0x20c0, 0x8b40, 0x7ae0, 0x0000,
0x0000, 0x0000, 0x0000, 0x0000, 0x0000, 0x2900, 0xb460, 0xfde0, 0xfde0, 0xfde0,
0xfde0, 0xdd20, 0x5a00, 0xc4e0, 0x3140, 0x0000, 0x0000, 0x0000, 0x0000, 0x0000,
0x0000, 0x18a0, 0xb440, 0xfde0, 0xfde0, 0xbc60, 0x3960, 0x0820, 0x0000, 0x0000,
0x0000, 0x0000, 0x0000, 0x0000, 0x0000, 0x0000, 0x0000, 0x0000, 0x0000, 0x0000,
0x0000, 0x0000, 0x0000, 0x0000, 0x41a0, 0xcce0, 0x72c0, 0x8b80, 0xf5c0, 0xfde0,

0x0000, 0x5200, 0xfe00, 0xfde0, 0xfe00, 0xfde0, 0xfe00, 0xfde0, 0xfe00, 0xfde0,
0xfe00, 0xfde0, 0xf5c0, 0x3940, 0x7b00, 0xcd00, 0x9be0, 0x1080, 0x0000, 0x1060,
0xc4c0, 0x9380, 0x9360, 0xfe00, 0xfe00, 0xfde0, 0xfe00, 0xfde0, 0xfde0, 0x6a80,
0x0000, 0x0000, 0x0000, 0x0000, 0x0000, 0x0000, 0x0000, 0x0820, 0xa3c0, 0xfe00,
0xfde0, 0x9ba0, 0x0000, 0x0000, 0x0000, 0x0000, 0x0000, 0x0000, 0x0000, 0x0000,
0x0000, 0x0000, 0x0000, 0x0000, 0x0000, 0x0000, 0x0000, 0x72a0, 0xf5c0, 0xfe00,
0xfde0, 0xfe00, 0xfde0, 0xfe00, 0xfde0, 0xfe00, 0xfde0, 0xfe00, 0xfe00, 0xccc0,
0x20c0, 0x0000, 0x0000, 0x0000, 0x0000, 0x0000, 0x0000, 0x0000, 0x0000, 0x0000,
0x0000, 0x0000, 0x0000, 0x0000, 0x0000, 0x0000, 0x41a0, 0xeda0, 0x9bc0, 0x0000,
0x0000, 0x0000, 0x0000, 0x0000, 0x0000, 0x6240, 0xfe00, 0xfe00, 0xfde0, 0xfe00,
0xf5c0, 0x6260, 0xa3e0, 0xd500, 0x18c0, 0x0000, 0x0000, 0x0000, 0x0000, 0x0000,
0x0000, 0x0000, 0x632d, 0xbe19, 0x84b4, 0xa5d9, 0xa5b8, 0xa5b8, 0xa5b8, 0xadd9,
0x9d98, 0x9557, 0x9d98, 0x9577, 0x9d98, 0x9d98, 0x9d78, 0x9d98, 0xa5b8, 0x8473,
0x2986, 0x3140, 0xdd20, 0xfe00, 0xfe00, 0xfe00, 0xfe00, 0xf5c0, 0x8320, 0x18c1,
0x4aab, 0x9d57, 0x9d98, 0x9d98, 0x9d77, 0x9d77, 0x9557, 0xadd9, 0x9d77, 0x9d77,
0x9d98, 0xa5d9, 0x8d37, 0x9557, 0x8d37, 0x9557, 0x84d5, 0x52ec, 0x84b4, 0x9557,
0x9557, 0x8cf6, 0x8cf6, 0x8d16, 0x8cf5, 0x8cf5, 0x8d36, 0x638f, 0x20e0, 0x9380,
0xa3c0, 0x9bc0, 0x93a0, 0x2922, 0x6b05, 0x5a20, 0xe560, 0xfde0, 0xfde0, 0xfde0,
0xfde0, 0xf5c0, 0xb420, 0x1060, 0x4180, 0x1040, 0x3140, 0x8320, 0x3140, 0x0000,
0x0000, 0x0000, 0x0000, 0x0000, 0x0000, 0x6240, 0xe560, 0xfde0, 0xfde0, 0xfde0,
0xfde0, 0xc480, 0x6260, 0xb480, 0x2900, 0x0000, 0x0000, 0x0000, 0x0000, 0x0000,
0x0000, 0x3940, 0xd520, 0xfde0, 0xd500, 0x41a0, 0x0000, 0x0000, 0x0000, 0x0000,
0x0000, 0x0000, 0x0000, 0x0000, 0x0000, 0x0000, 0x0000, 0x0000, 0x0000, 0x0000,
0x0000, 0x0000, 0x0000, 0x0000, 0x1880, 0xa3e0, 0xbc60, 0x5200, 0xdd20, 0xfde0,

0x0000, 0x5200, 0xfe00, 0xfde0, 0xfe00, 0xfde0, 0xfe00, 0xfde0, 0xfe00, 0xfde0,
0xfe00, 0xfde0, 0xf5c0, 0x3140, 0x0000, 0x0000, 0x0000, 0x0000, 0x0000, 0x1060,
0xc4c0, 0x9ba0, 0x9380, 0xfe20, 0xfe00, 0xfde0, 0xfe00, 0xfde0, 0xfe00, 0xc4c0,
0x0000, 0x0000, 0x0000, 0x0000, 0x0000, 0x0000, 0x0000, 0x0000, 0x3960, 0xf600,
0xf5e0, 0xfe00, 0x8b40, 0x0840, 0x0000, 0x0000, 0x0000, 0x0000, 0x0000, 0x0000,
0x0000, 0x0000, 0x0000, 0x0000, 0x0000, 0x0020, 0x6240, 0xf5c0, 0xfe00, 0xfe00,
0xfde0, 0xfde0, 0xfe00, 0xfde0, 0xfe00, 0xfde0, 0xfe00, 0xfde0, 0xfe00, 0xfe20,
0xbc80, 0x20c0, 0x0000, 0x0000, 0x0000, 0x0000, 0x0000, 0x0000, 0x0000, 0x0000,
0x0000, 0x0000, 0x0000, 0x0000, 0x0820, 0x72a0, 0xf5e0, 0xfe00, 0x9bc0, 0x0000,
0x0000, 0x0000, 0x0000, 0x0000, 0x0000, 0x6240, 0xfe00, 0xfe00, 0xfde0, 0xfe00,
0xfe20, 0xc4a0, 0x49c0, 0xede0, 0x6260, 0x0000, 0x0000, 0x0000, 0x0000, 0x0000,
0x0000, 0x0000, 0x2145, 0xa576, 0x0861, 0x530d, 0x8cf5, 0xb619, 0xadf9, 0xadf9,
0xa5d8, 0x9d77, 0x9d98, 0x9d78, 0xa5b8, 0xa5b8, 0x9d78, 0x8473, 0x4249, 0x18a1,
0x7ae0, 0xedc0, 0xfe00, 0xfe00, 0xfe00, 0xfde0, 0xfe00, 0xfe00, 0xfe00, 0xc4c0,
0x49c0, 0x18e3, 0x530d, 0x8cd4, 0x9d98, 0xa598, 0x9d78, 0xadd9, 0x9d98, 0x9d98,
0x9d78, 0xadd8, 0x8d16, 0x9557, 0x84b4, 0x52ec, 0x1082, 0x5b0c, 0x8cf5, 0x8cd5,
0x9557, 0x84d4, 0x8cd5, 0x9536, 0x9516, 0x84d5, 0x8cd4, 0x18e4, 0x8320, 0x8b60,
0x8b40, 0xf5c0, 0xf5a0, 0x8320, 0x3140, 0x9ba0, 0xfde0, 0xfde0, 0xfde0, 0xfde0,
0xfde0, 0xf5c0, 0xbc40, 0x1080, 0x0000, 0x1040, 0x6240, 0x6260, 0x0020, 0x0000,
0x0000, 0x0000, 0x0000, 0x0000, 0x1060, 0xac20, 0xfde0, 0xfde0, 0xfde0, 0xfde0,
0xfe00, 0x8b60, 0x8300, 0xac00, 0x1080, 0x0000, 0x0000, 0x0000, 0x0000, 0x0000,
0x0020, 0x72a0, 0xeda0, 0xd500, 0x5a20, 0x0020, 0x0000, 0x0000, 0x0000, 0x0000,
0x0000, 0x0000, 0x0000, 0x0000, 0x0000, 0x0000, 0x0000, 0x0000, 0x0000, 0x0000,
0x0000, 0x0000, 0x0000, 0x0000, 0x0000, 0x6a80, 0xd540, 0x6240, 0xb420, 0xfde0,

0x0000, 0x5200, 0xfe00, 0xfde0, 0xfe00, 0xfde0, 0xfe00, 0xfde0, 0xfe00, 0xfde0,
0xfe00, 0xfde0, 0xf5c0, 0x3940, 0x0000, 0x0000, 0x0000, 0x0000, 0x0000, 0x0840,
0x5a20, 0x41a0, 0x41a0, 0x72c0, 0xdd20, 0xfe00, 0xfde0, 0xfe00, 0xfde0, 0xfde0,
0x3120, 0x0000, 0x0000, 0x0000, 0x0000, 0x0000, 0x0000, 0x0000, 0x0820, 0x49c0,
0x51e0, 0x6240, 0xf600, 0x9380, 0x20c0, 0x0000, 0x0000, 0x0000, 0x0000, 0x0000,
0x0000, 0x0000, 0x0000, 0x0000, 0x1060, 0x72c0, 0xeda0, 0xfe00, 0xfe00, 0xfde0,
0xfe00, 0xfde0, 0xfe00, 0xfde0, 0xfe00, 0xfde0, 0xfe00, 0xfe00, 0xfe00, 0xfe00,
0xfe00, 0xccc0, 0x3140, 0x0020, 0x0000, 0x0000, 0x0000, 0x0000, 0x0000, 0x0000,
0x0000, 0x0000, 0x0000, 0x20c0, 0x9ba0, 0xf5a0, 0xfe00, 0xfe00, 0xa3c0, 0x0000,
0x0000, 0x0000, 0x0000, 0x0000, 0x0000, 0x6260, 0xfe00, 0xfe00, 0xfde0, 0x6a80,
0x5a40, 0x5200, 0x1080, 0x51e0, 0x3140, 0x0000, 0x0000, 0x0000, 0x0000, 0x0000,
0x0000, 0x0000, 0x0020, 0x2104, 0x0840, 0x2920, 0x2123, 0x4229, 0x6baf, 0x8473,
0x8cb4, 0x8494, 0x84b4, 0x7c73, 0x7432, 0x52ec, 0x31a6, 0x2922, 0x5201, 0xc4a0,
0xf5c0, 0xfe00, 0xfde0, 0xfde0, 0xfe00, 0xfde0, 0xfe00, 0xfde0, 0xfe00, 0xfe00,
0xed80, 0x93a0, 0x3980, 0x2102, 0x39e8, 0x634e, 0x7432, 0x8493, 0x84b4, 0x8cf5,
0x7c73, 0x7c52, 0x530d, 0x31a6, 0x2123, 0x1060, 0x0840, 0x2103, 0x2145, 0x2124,
0x2145, 0x2124, 0x2124, 0x2145, 0x2945, 0x2124, 0x18e3, 0x41a1, 0xa3e0, 0xa3c0,
0xbc60, 0xfe00, 0xf5c0, 0x9ba0, 0x4180, 0xd500, 0xfde0, 0xfde0, 0xfde0, 0xfde0,
0xfde0, 0xf5c0, 0x9ba0, 0x1060, 0x0840, 0x3960, 0x72c0, 0x3960, 0x0000, 0x0000,
0x0000, 0x0000, 0x0000, 0x0000, 0x3960, 0xdd20, 0xfde0, 0xfde0, 0xfde0, 0xfde0,
0xedc0, 0x6240, 0xa3e0, 0x7ae0, 0x0000, 0x0000, 0x0000, 0x0000, 0x0000, 0x0000,
0x1060, 0xa3e0, 0xf5c0, 0x72c0, 0x1080, 0x0000, 0x0000, 0x0000, 0x0000, 0x0000,
0x0000, 0x0000, 0x0000, 0x0000, 0x0000, 0x0000, 0x0000, 0x0000, 0x0000, 0x0000,
0x0000, 0x0000, 0x0000, 0x0000, 0x0000, 0x3960, 0xdd40, 0x7ae0, 0x9380, 0xf5c0,

0x0000, 0x5200, 0xfe00, 0xfde0, 0xfe00, 0xfde0, 0xfe00, 0xfde0, 0xfe00, 0xfde0,
0xfe00, 0xfde0, 0xfde0, 0x9bc0, 0x8b40, 0x8b40, 0x8b40, 0x8b40, 0x8b40, 0x8b40,
0x9ba0, 0x5a40, 0x5a20, 0x9ba0, 0xe560, 0xfe00, 0xfde0, 0xfe00, 0xfde0, 0xfe00,
0xbc60, 0x8b40, 0x8b40, 0x8b40, 0x8b40, 0x8b40, 0x8b40, 0x8b40, 0x5a00, 0x5a00,
0xc4c0, 0xc500, 0xfde0, 0xfde0, 0xd4e0, 0x5200, 0x0840, 0x0000, 0x0000, 0x0000,
0x0000, 0x0000, 0x0000, 0x3960, 0xb440, 0xf5c0, 0xfe00, 0xfe00, 0xfde0, 0xfe00,
0xfde0, 0xfe00, 0xfde0, 0xfde0, 0xf5c0, 0xabe0, 0x9bc0, 0x9ba0, 0x9bc0, 0x9bc0,
0x9bc0, 0x9be0, 0x8320, 0x20e0, 0x0000, 0x0000, 0x0000, 0x0000, 0x0000, 0x0000,
0x0000, 0x18a0, 0x72a0, 0xd500, 0xfe00, 0xfe00, 0xfe00, 0xfe00, 0xd4e0, 0x8320,
0x8b40, 0x8b40, 0x8b40, 0x8b40, 0x8b40, 0xbc60, 0xfe00, 0xfde0, 0xfde0, 0xa3e0,
0x9ba0, 0xa3c0, 0x51e0, 0x51e0, 0x9bc0, 0x8b40, 0x8b40, 0x8b40, 0x8b40, 0x8b40,
0x8b40, 0x8b40, 0x8b40, 0x8b40, 0xa3e0, 0xdd40, 0xac20, 0x6a80, 0x3140, 0x1080,
0x2102, 0x2102, 0x2102, 0x18c1, 0x18a0, 0x49c0, 0x8b20, 0xc4e0, 0xf5c0, 0xfe00,
0xfe00, 0xfde0, 0xfe00, 0xfde0, 0xfe00, 0xfde0, 0xfe00, 0xfde0, 0xfde0, 0xfe00,
0xfe00, 0xfe00, 0xedc0, 0xbc80, 0x72c0, 0x3980, 0x18a0, 0x20e1, 0x2102, 0x2102,
0x18c1, 0x18a0, 0x3960, 0x8300, 0xb440, 0xac00, 0xa3e0, 0x9ba0, 0x9ba0, 0x9ba0,
0x9ba0, 0x9ba0, 0x9ba0, 0x9ba0, 0x9ba0, 0x9ba0, 0x9ba0, 0xd500, 0xed80, 0xed80,
0xf5c0, 0xfe00, 0xcce0, 0x49a0, 0x7ac0, 0xf5a0, 0xfde0, 0xfde0, 0xfde0, 0xfde0,
0xfde0, 0xd500, 0x4180, 0x0000, 0x2900, 0x6260, 0x72c0, 0x1880, 0x0000, 0x0000,
0x0000, 0x0000, 0x0000, 0x0840, 0x7ae0, 0xf5c0, 0xfde0, 0xfde0, 0xfde0, 0xfdc0,
0xbc60, 0x6240, 0xb440, 0x3940, 0x0000, 0x0000, 0x0000, 0x0000, 0x0000, 0x0000,
0x3140, 0xcce0, 0xbc80, 0x1060, 0x0000, 0x0000, 0x0000, 0x0000, 0x0000, 0x0000,
0x0000, 0x0000, 0x0000, 0x1080, 0x20e0, 0x1060, 0x0000, 0x0000, 0x0000, 0x0000,
0x0000, 0x0000, 0x0000, 0x0000, 0x0000, 0x20e0, 0xc4c0, 0x9bc0, 0x72c0, 0xf5c0,

0x0000, 0x5200, 0xfe00, 0xfde0, 0xfe00, 0xfde0, 0xfe00, 0xfde0, 0xfe00, 0xfde0,
0xfe00, 0xfde0, 0xfe00, 0xfe00, 0xfe00, 0xfe00, 0xfe00, 0xfe00, 0xfe00, 0xfe00,
0xfe00, 0x9bc0, 0x93a0, 0xfe20, 0xfe00, 0xfde0, 0xfe00, 0xfde0, 0xfe00, 0xfe00,
0xfe00, 0xfe00, 0xfe00, 0xfe00, 0xfe00, 0xfe00, 0xfe00, 0xfe00, 0xe580, 0x3960,
0xe580, 0xfe00, 0xfde0, 0xfe00, 0xfe00, 0xfe20, 0xe560, 0xb440, 0x8b40, 0x8300,
0x8300, 0xac00, 0xd520, 0xfe00, 0xfe00, 0xfe00, 0xfe00, 0xfde0, 0xfde0, 0xfe00,
0xfde0, 0xfe00, 0xfde0, 0xfe00, 0xf5e0, 0x9380, 0x8300, 0x8300, 0x8300, 0x8300,
0x8300, 0x8300, 0x8300, 0x8300, 0x8300, 0x8300, 0x8300, 0x8300, 0x8300, 0x9360,
0xb460, 0xf5a0, 0xfe00, 0xfe00, 0xfe00, 0xfde0, 0xfe00, 0xfde0, 0xfe00, 0xfe00,
0xfe00, 0xfe00, 0xfe00, 0xfe00, 0xfe00, 0xfe00, 0xfe00, 0xfde0, 0xfe00, 0xfe00,
0xfe00, 0xfe20, 0xbc80, 0x49c0, 0xf5a0, 0xfe00, 0xfe00, 0xfe00, 0xfe00, 0xfe00,
0xfe00, 0xfe00, 0xfe00, 0xfe00, 0xfe00, 0xfe00, 0xfe00, 0xfe20, 0xfe00, 0xfe00,
0xfe00, 0xfe00, 0xfe00, 0xfe00, 0xfe00, 0xfe20, 0xfe00, 0xfe00, 0xfe00, 0xfe00,
0xfde0, 0xfde0, 0xfe00, 0xfde0, 0xfe00, 0xfde0, 0xfe00, 0xfde0, 0xfe00, 0xfde0,
0xfde0, 0xfe00, 0xfde0, 0xfe00, 0xfe00, 0xfe20, 0xfe00, 0xfe00, 0xfe00, 0xfe00,
0xfe00, 0xfe00, 0xfe20, 0xfe00, 0xfe00, 0xfe00, 0xfe00, 0xfe00, 0xfe00, 0xfe00,
0xfe00, 0xfe00, 0xfe00, 0xfe00, 0xfe00, 0xfe00, 0xfe00, 0xfe00, 0xfe00, 0xfe00,
0xfe00, 0xfde0, 0xa424, 0x3120, 0xc4a0, 0xfde0, 0xfde0, 0xfde0, 0xfde0, 0xfe00,
0xcd00, 0x5a00, 0x0020, 0x0020, 0x3960, 0x8b40, 0x5a20, 0x0000, 0x0000, 0x0000,
0x0000, 0x0000, 0x0000, 0x2900, 0xc4c0, 0xfde0, 0xfde0, 0xfde0, 0xfde0, 0xe540,
0x6a60, 0x9bc0, 0x8320, 0x1060, 0x0000, 0x0000, 0x0000, 0x0000, 0x0000, 0x0000,
0x8320, 0xbc80, 0x41c0, 0x0000, 0x0000, 0x0000, 0x0000, 0x0000, 0x0000, 0x0000,
0x0000, 0x18a0, 0x7ae0, 0xbc80, 0xcce0, 0xcce0, 0x7b00, 0x18a0, 0x0000, 0x0000,
0x0000, 0x0000, 0x0000, 0x0000, 0x0000, 0x1880, 0xa400, 0xac00, 0x72a0, 0xed60,

0x0000, 0x5200, 0xfe00, 0xfde0, 0xfe00, 0xfde0, 0xfe00, 0xfde0, 0xfe00, 0xfde0,
0xfe00, 0xfde0, 0xfe00, 0xfe00, 0xfde0, 0xfe00, 0xfe00, 0xfe00, 0xfe00, 0xfe00,
0xfe00, 0xe560, 0xed60, 0xfde0, 0xfe00, 0xfde0, 0xfe00, 0xfde0, 0xfe00, 0xfde0,
0xfe00, 0xfe00, 0xfe00, 0xfe00, 0xfe00, 0xfe00, 0xfe00, 0xfe00, 0xfe00, 0xd500,
0xfde0, 0xfde0, 0xfe00, 0xfde0, 0xfe00, 0xfde0, 0xfe00, 0xfe00, 0xfe00, 0xfde0,
0xfde0, 0xfe00, 0xfe00, 0xfe00, 0xfe00, 0xfde0, 0xfe00, 0xfde0, 0xfe00, 0xfe00,
0xfde0, 0xfe00, 0xfde0, 0xfe00, 0xfde0, 0xfe00, 0xfde0, 0xfde0, 0xfde0, 0xfde0,
0xfde0, 0xfde0, 0xfde0, 0xfde0, 0xfde0, 0xfde0, 0xfde0, 0xfde0, 0xfde0, 0xfe00,
0xfe00, 0xfe00, 0xfe00, 0xfe00, 0xfde0, 0xfe00, 0xfe00, 0xfde0, 0xfe00, 0xfde0,
0xfe00, 0xfe00, 0xfe00, 0xfe00, 0xfe00, 0xfde0, 0xfe00, 0xfde0, 0xfe00, 0xfde0,
0xfe00, 0xfe00, 0xf5c0, 0xa400, 0xed80, 0xfe00, 0xfe00, 0xfe00, 0xfe00, 0xfe00,
0xfe00, 0xfe00, 0xfe00, 0xfe00, 0xfe00, 0xfde0, 0xfe00, 0xfde0, 0xfe00, 0xfe00,
0xfe00, 0xfe00, 0xfe00, 0xfe00, 0xfde0, 0xfe00, 0xfde0, 0xfe00, 0xfde0, 0xfe00,
0xfe00, 0xfde0, 0xfe00, 0xfde0, 0xfe00, 0xfde0, 0xfe00, 0xfde0, 0xfe00, 0xfe00,
0xfde0, 0xfe00, 0xfde0, 0xfe00, 0xfde0, 0xfe00, 0xfde0, 0xfe00, 0xfe00, 0xfe00,
0xfe00, 0xfde0, 0xfe00, 0xfde0, 0xfe00, 0xfde0, 0xfe00, 0xfe00, 0xfe00, 0xfe00,
0xfe00, 0xfe00, 0xfe00, 0xfe00, 0xfe00, 0xfe00, 0xfe00, 0xfde0, 0xfe00, 0xfde0,
0xfe00, 0xfe03, 0x8386, 0x5200, 0xeda0, 0xfde0, 0xfde0, 0xfde0, 0xfde0, 0xf5c0,
0x6aa0, 0x18a0, 0x20c0, 0x1060, 0x51e0, 0x9380, 0x2900, 0x0000, 0x0000, 0x0000,
0x0000, 0x0000, 0x0020, 0x6260, 0xdd40, 0xcce0, 0xe560, 0xeda0, 0xdd60, 0x8b40,
0x5a20, 0xbca0, 0x3960, 0x0000, 0x0000, 0x0000, 0x0000, 0x0000, 0x0000, 0x18a0,
0xbc80, 0x72e0, 0x0860, 0x0000, 0x0000, 0x0000, 0x0000, 0x0000, 0x0000, 0x0020,
0x3960, 0xa3e0, 0xeda0, 0xeda0, 0xa3e0, 0xb440, 0xd500, 0x7ae0, 0x0820, 0x0000,
0x0000, 0x0000, 0x0000, 0x0000, 0x0000, 0x0840, 0x9bc0, 0xb460, 0x6a80, 0xe560,

0x0000, 0x5200, 0xfe00, 0xfe00, 0xfe00, 0xfe00, 0xfe00, 0xfe00, 0xfe00, 0xfe00,
0xfe00, 0xfe00, 0xfe00, 0xfe00, 0xfe00, 0xfe00, 0xfe00, 0xfe00, 0xfe00, 0xfe00,
0xfe00, 0xfe00, 0xfe00, 0xfe00, 0xfe00, 0xfe00, 0xfe00, 0xfe00, 0xfe00, 0xfe00,
0xfe00, 0xfe00, 0xfe00, 0xfe00, 0xfe00, 0xfe00, 0xfe00, 0xfe00, 0xfe00, 0xfe00,
0xfe00, 0xfe00, 0xfe00, 0xfe00, 0xfe00, 0xfe00, 0xfe00, 0xfe00, 0xfe00, 0xfe00,
0xfe00, 0xfe00, 0xfe00, 0xfe00, 0xfe00, 0xfe00, 0xfe00, 0xfe00, 0xfe00, 0xfe00,
0xfe00, 0xfe00, 0xfe00, 0xfe00, 0xfe00, 0xfe00, 0xfe00, 0xfe00, 0xfe00, 0xfe00,
0xfe00, 0xfe00, 0xfe00, 0xfe00, 0xfe00, 0xfe00, 0xfe00, 0xfe00, 0xfe00, 0xfe00,
0xfe00, 0xfe00, 0xfe00, 0xfe00, 0xfe00, 0xfe00, 0xfe00, 0xfe00, 0xfe00, 0xfe00,
0xfe00, 0xfe00, 0xfe00, 0xfe00, 0xfe00, 0xfe00, 0xfe00, 0xfe00, 0xfe00, 0xfe00,
0xfe00, 0xfe00, 0xfe00, 0xfe20, 0xfe00, 0xfe00, 0xfe00, 0xfe00, 0xfe00, 0xfe00,
0xfe00, 0xfe00, 0xfe00, 0xfe00, 0xfe00, 0xfe00, 0xfe00, 0xfe00, 0xfe00, 0xfe00,
0xfe00, 0xfe00, 0xfe00, 0xfe00, 0xfe00, 0xfe00, 0xfe00, 0xfe00, 0xfe00, 0xfe00,
0xfe00, 0xfe00, 0xfe00, 0xfe00, 0xfe00, 0xfe00, 0xfe00, 0xfe00, 0xfe00, 0xfe00,
0xfe00, 0xfe00, 0xfe00, 0xfe00, 0xfe00, 0xfe00, 0xfe00, 0xfe00, 0xfe00, 0xfe00,
0xfe00, 0xfe00, 0xfe00, 0xfe00, 0xfe00, 0xfe00, 0xfe00, 0xfe00, 0xfe00, 0xfe00,
0xfe00, 0xfe00, 0xfe00, 0xfe00, 0xfe00, 0xfe00, 0xfe00, 0xfe00, 0xfe00, 0xfe00,
0xfe00, 0xe5c7, 0x5224, 0x9380, 0xfe00, 0xfde0, 0xfde0, 0xfde0, 0xf5c0, 0xbc60,
0x1060, 0x28e0, 0x5a20, 0x1060, 0x5a20, 0x7ae0, 0x0840, 0x0000, 0x0000, 0x0000,
0x0000, 0x0000, 0x1060, 0x9be0, 0xbc80, 0x51e0, 0x51e0, 0x72c0, 0x6aa0, 0x6260,
0xb440, 0x72c0, 0x0840, 0x0000, 0x0000, 0x0000, 0x0000, 0x0000, 0x0820, 0x5a20,
0xb440, 0x28e0, 0x0000, 0x0000, 0x0000, 0x0000, 0x0000, 0x0000, 0x0000, 0x3960,
0xb420, 0xf5c0, 0xfde0, 0xd4e0, 0x49c0, 0x3960, 0xac00, 0xcce0, 0x28e0, 0x0000,
0x0000, 0x0000, 0x0000, 0x0000, 0x0000, 0x0840, 0x9380, 0xbca0, 0x6240, 0xe560,

0x0000, 0x1080, 0x3960, 0x3960, 0x3960, 0x3960, 0x3960, 0x3960, 0x3960, 0x3960,
0x3960, 0x3960, 0x3960, 0x3960, 0x3960, 0x3960, 0x3960, 0x3960, 0x3960, 0x3960,
0x3960, 0x3960, 0x3960, 0x3960, 0x3960, 0x3960, 0x3960, 0x3960, 0x3960, 0x3960,
0x3960, 0x3960, 0x3960, 0x3960, 0x3960, 0x3960, 0x3960, 0x3960, 0x3960, 0x3960,
0x3960, 0x3960, 0x3960, 0x3960, 0x3960, 0x3960, 0x3960, 0x3960, 0x3960, 0x3960,
0x3960, 0x3960, 0x3960, 0x3960, 0x3960, 0x3960, 0x3960, 0x3960, 0x3960, 0x3960,
0x3960, 0x3960, 0x3960, 0x3960, 0x3960, 0x3960, 0x3960, 0x3960, 0x3960, 0x3960,
0x3960, 0x3960, 0x3960, 0x3960, 0x3960, 0x3960, 0x3960, 0x3960, 0x3960, 0x3960,
0x3960, 0x3960, 0x3960, 0x3960, 0x3960, 0x3960, 0x3960, 0x3960, 0x3960, 0x3960,
0x3960, 0x3960, 0x3960, 0x3960, 0x3960, 0x3960, 0x3960, 0x3960, 0x3960, 0x3960,
0x3960, 0x3960, 0x3960, 0x3960, 0x3960, 0x3960, 0x3960, 0x3960, 0x3960, 0x3960,
0x3960, 0x3960, 0x3960, 0x3960, 0x3960, 0x3960, 0x3960, 0x3960, 0x3960, 0x3960,
0x3960, 0x3960, 0x3960, 0x3960, 0x3960, 0x3960, 0x3960, 0x3960, 0x3960, 0x3960,
0x3960, 0x3960, 0x3960, 0x3960, 0x3960, 0x3960, 0x3960, 0x3960, 0x3960, 0x3960,
0x3960, 0x3960, 0x3960, 0x3960, 0x3960, 0x3960, 0x3960, 0x3960, 0x3960, 0x3960,
0x3960, 0x3960, 0x3960, 0x3960, 0x3960, 0x3960, 0x3960, 0x3960, 0x3960, 0x3960,
0x3960, 0x3960, 0x3960, 0x3960, 0x3960, 0x3960, 0x3960, 0x3960, 0x3960, 0x3960,
0x41c1, 0x5267, 0x49c1, 0xd500, 0xfde0, 0xfde0, 0xfde0, 0xfde0, 0xc4c0, 0x49a0,
0x20c0, 0x6260, 0x72a0, 0x18a0, 0x51e0, 0x4180, 0x0000, 0x0000, 0x0000, 0x0000,
0x0000, 0x0000, 0x0840, 0x5200, 0x49e0, 0x8b40, 0xbc60, 0x9ba0, 0xa400, 0xbc80,
0x6aa0, 0x1060, 0x0000, 0x0000, 0x0000, 0x0000, 0x0000, 0x0000, 0x20e0, 0x9bc0,
0x5a20, 0x0020, 0x0000, 0x0000, 0x0000, 0x0000, 0x0000, 0x0000, 0x18a0, 0xbca0,
0xf5e0, 0xfe00, 0xfde0, 0x9380, 0x72c0, 0x9bc0, 0x6a80, 0xe580, 0x5a20, 0x0000,
0x0000, 0x0000, 0x0000, 0x0000, 0x0000, 0x0840, 0x8b60, 0xb460, 0x6260, 0xdd40,

0x0000, 0x0000, 0x0000, 0x0000, 0x0000, 0x0000, 0x0000, 0x0000, 0x0000, 0x0000,
0x0000, 0x0000, 0x0000, 0x0000, 0x0000, 0x0000, 0x0000, 0x0000, 0x0000, 0x0000,
0x0000, 0x0000, 0x0000, 0x0000, 0x0000, 0x0000, 0x0000, 0x0000, 0x0000, 0x0000,
0x0000, 0x0000, 0x0000, 0x0000, 0x0000, 0x0000, 0x0000, 0x0000, 0x0000, 0x0000,
0x0000, 0x0000, 0x0000, 0x0000, 0x0000, 0x0000, 0x0000, 0x0000, 0x0000, 0x0000,
0x0000, 0x0000, 0x0000, 0x0000, 0x0000, 0x0000, 0x0000, 0x0000, 0x0000, 0x0000,
0x0000, 0x0000, 0x0000, 0x0000, 0x0000, 0x0000, 0x0000, 0x0000, 0x0000, 0x0000,
0x0000, 0x0000, 0x0000, 0x0000, 0x0000, 0x0000, 0x0000, 0x0000, 0x0000, 0x0000,
0x0000, 0x0000, 0x0000, 0x0000, 0x0000, 0x0000, 0x0000, 0x0000, 0x0000, 0x0000,
0x0000, 0x0000, 0x0000, 0x0000, 0x0000, 0x0000, 0x0000, 0x0000, 0x0000, 0x0000,
0x0000, 0x0000, 0x0000, 0x0000, 0x0000, 0x0000, 0x0000, 0x1082, 0x0841, 0x0000,
0x0000, 0x0000, 0x0000, 0x0000, 0x0000, 0x0000, 0x0000, 0x0000, 0x0000, 0x0000,
0x0000, 0x0861, 0x10a3, 0x0000, 0x0000, 0x0000, 0x0000, 0x0000, 0x0000, 0x0000,
0x0000, 0x0000, 0x0000, 0x0000, 0x0000, 0x0000, 0x0000, 0x0000, 0x18e3, 0x0020,
0x0000, 0x0000, 0x0000, 0x0000, 0x0000, 0x0000, 0x0000, 0x0000, 0x0000, 0x0000,
0x0000, 0x0000, 0x0000, 0x0000, 0x0000, 0x0000, 0x0000, 0x0000, 0x0000, 0x0000,
0x0000, 0x0000, 0x0000, 0x0000, 0x0000, 0x0000, 0x0000, 0x0000, 0x0000, 0x0000,
0x2945, 0x2964, 0x7ae0, 0xf5c0, 0xfde0, 0xfde0, 0xfde0, 0xeda0, 0x72c0, 0x18a0,
0x5a00, 0x8b20, 0x8320, 0x20e0, 0x3140, 0x1080, 0x0000, 0x0000, 0x0000, 0x0000,
0x0000, 0x0000, 0x0000, 0x0020, 0x0840, 0x4180, 0x72a0, 0x8b60, 0x8b60, 0x41a0,
0x0840, 0x0000, 0x0000, 0x0000, 0x0000, 0x0000, 0x0000, 0x0820, 0x6260, 0x9bc0,
0x1880, 0x0000, 0x0000, 0x0000, 0x0000, 0x0000, 0x0000, 0x18a0, 0x8320, 0xf5e0,
0xfde0, 0xfde0, 0xe540, 0x6a80, 0xac00, 0xcce0, 0x6260, 0xcce0, 0x7b00, 0x0820,
0x0000, 0x0000, 0x0000, 0x0000, 0x0000, 0x0840, 0x9380, 0xb460, 0x6a80, 0xd520,

0x0000, 0x0000, 0x0000, 0x0000, 0x0000, 0x0000, 0x0000, 0x0000, 0x0000, 0x0000,
0x0000, 0x0000, 0x0000, 0x0000, 0x0000, 0x0000, 0x0000, 0x0000, 0x0000, 0x0000,
0x0000, 0x0000, 0x0000, 0x0000, 0x0000, 0x0000, 0x0000, 0x0000, 0x0000, 0x0000,
0x0000, 0x0000, 0x0000, 0x0000, 0x0000, 0x0000, 0x0000, 0x0000, 0x0000, 0x0000,
0x0000, 0x0000, 0x0000, 0x0000, 0x0000, 0x0000, 0x0000, 0x0000, 0x0000, 0x0000,
0x0000, 0x0000, 0x0000, 0x0000, 0x0000, 0x0000, 0x0000, 0x0000, 0x0000, 0x0000,
0x0000, 0x0000, 0x0000, 0x0000, 0x0000, 0x0000, 0x0000, 0x0000, 0x0000, 0x0000,
0x0000, 0x0000, 0x0000, 0x0000, 0x0000, 0x0000, 0x0000, 0x0000, 0x0000, 0x0000,
0x0000, 0x0000, 0x0000, 0x0000, 0x0000, 0x0000, 0x0000, 0x0000, 0x0000, 0x0000,
0x0000, 0x0000, 0x0000, 0x0000, 0x0000, 0x0000, 0x0000, 0x0000, 0x0000, 0x0000,
0x0000, 0x0000, 0x0000, 0x0000, 0x0000, 0x0000, 0x0021, 0x8451, 0x3a08, 0x0000,
0x0000, 0x0000, 0x0000, 0x0000, 0x0000, 0x0000, 0x0000, 0x0000, 0x0000, 0x0000,
0x0000, 0x4a6a, 0x94b2, 0x0000, 0x0000, 0x0000, 0x0000, 0x0000, 0x0000, 0x0000,
0x0000, 0x0000, 0x0000, 0x0000, 0x0000, 0x0000, 0x0000, 0x0041, 0xb5d7, 0x2124,
0x0000, 0x0000, 0x0000, 0x0000, 0x0000, 0x0000, 0x0000, 0x0000, 0x0000, 0x0000,
0x0000, 0x0000, 0x0000, 0x0000, 0x0000, 0x0000, 0x0000, 0x0000, 0x0000, 0x0000,
0x0000, 0x0000, 0x0000, 0x0000, 0x0000, 0x0000, 0x0000, 0x0000, 0x0000, 0x0861,
0x6b6e, 0x3142, 0xbc60, 0xfe00, 0xfde0, 0xfe00, 0xfde0, 0xbc60, 0x28e0, 0x20e0,
0x8320, 0xa3c0, 0xac20, 0x18a0, 0x1060, 0x0000, 0x0000, 0x0000, 0x0000, 0x0000,
0x0000, 0x0000, 0x0000, 0x0000, 0x0000, 0x0000, 0x0020, 0x0840, 0x0820, 0x0000,
0x0000, 0x0000, 0x0000, 0x0000, 0x0000, 0x0000, 0x0000, 0x2900, 0xa3e0, 0x5a20,
0x0000, 0x0000, 0x0000, 0x0000, 0x0000, 0x0000, 0x0000, 0x6240, 0xdd20, 0xfde0,
0xfde0, 0xfde0, 0xb420, 0x6a80, 0xdd40, 0xdd40, 0x6a60, 0xbc80, 0x8340, 0x0840,
0x0000, 0x0000, 0x0000, 0x0000, 0x0000, 0x0860, 0x9bc0, 0xb460, 0x5a40, 0x9380,

0x0000, 0x0000, 0x0000, 0x0000, 0x0000, 0x0000, 0x0000, 0x0000, 0x0000, 0x0000,
0x0000, 0x0000, 0x636e, 0xce7a, 0xb5d7, 0x18e3, 0x0000, 0x0000, 0x0000, 0x0000,
0x4249, 0xd6ba, 0xce9a, 0xad55, 0x0861, 0x0000, 0x0000, 0x0000, 0x0000, 0x2125,
0xbdf8, 0xc659, 0x632d, 0x0000, 0x0000, 0x0000, 0x0000, 0x18e4, 0xbdf7, 0xd6bb,
0x94d3, 0x0882, 0x0000, 0x0000, 0x0000, 0x0000, 0x0000, 0x0000, 0x0000, 0x0000,
0x0000, 0x0000, 0x0861, 0x8c72, 0xce9a, 0x52ab, 0x0000, 0x0000, 0x0000, 0x0000,
0x1082, 0x94d3, 0xd6bb, 0x8451, 0x0861, 0x0000, 0x0000, 0x0000, 0x0000, 0x8c72,
0x4a49, 0x52ab, 0x8410, 0x0000, 0x0000, 0x0000, 0x0000, 0x4a8a, 0xd6db, 0x4a6a,
0x0000, 0x0000, 0x0000, 0x0000, 0x39e8, 0xc618, 0xce79, 0x2104, 0x0000, 0x0000,
0x0000, 0x0020, 0x5aeb, 0xd69a, 0xbdd7, 0x2966, 0x0000, 0x0000, 0x0000, 0x0000,
0x0000, 0x0000, 0x0000, 0x0000, 0x0000, 0x0000, 0x0841, 0x94b2, 0x4229, 0x0000,
0x0000, 0x0000, 0x0000, 0x7c10, 0x52ab, 0x4a69, 0x8c72, 0x0000, 0x0000, 0x0000,
0x0000, 0x52aa, 0xa535, 0x94d3, 0x632d, 0x0000, 0x0000, 0x0000, 0x0000, 0x2945,
0xb5b6, 0xd69a, 0x632c, 0x0020, 0x0000, 0x0000, 0x0000, 0x0021, 0xd6db, 0xce9a,
0xd69a, 0x39e7, 0x0000, 0x0000, 0x0000, 0x0000, 0x0000, 0x8451, 0xce7a, 0xad75,
0x1082, 0x0000, 0x0000, 0x0000, 0x10a2, 0xad96, 0x7bef, 0xa514, 0x1082, 0x0000,
0x0000, 0x0000, 0x0000, 0x0000, 0x0000, 0x0000, 0x0000, 0x0000, 0x0000, 0x6b6c,
0x736b, 0x6240, 0xed80, 0xfde0, 0xfde0, 0xfde0, 0xeda0, 0x6260, 0x1080, 0x51e0,
0x9b80, 0xac20, 0x9ba0, 0x1080, 0x3960, 0x20e0, 0x0020, 0x0000, 0x0000, 0x0000,
0x0000, 0x0000, 0x0000, 0x0000, 0x0000, 0x0000, 0x0000, 0x0000, 0x0000, 0x0000,
0x0000, 0x0000, 0x0000, 0x0000, 0x0000, 0x0000, 0x0840, 0x9b80, 0x9ba0, 0x18a0,
0x0000, 0x0000, 0x0000, 0x0000, 0x0000, 0x0000, 0x28e0, 0xc4a0, 0xfde0, 0xfe00,
0xfde0, 0xf5c0, 0x72a0, 0x9ba0, 0xfde0, 0xe560, 0x5a40, 0xc4c0, 0x8340, 0x0840,
0x0000, 0x0000, 0x0000, 0x0000, 0x0000, 0x18a0, 0xa400, 0xac00, 0x3140, 0x49a0,

0x0000, 0x0000, 0x0000, 0x0000, 0x0000, 0x0000, 0x0000, 0x0000, 0x0000, 0x0000,
0x0000, 0x0020, 0xd69a, 0x4229, 0x8c71, 0x8451, 0x0000, 0x0000, 0x0000, 0x0000,
0x52ec, 0xc618, 0x39e8, 0xbdd7, 0x4a69, 0x0000, 0x0000, 0x0000, 0x0020, 0x8c92,
0xe71c, 0xce79, 0xdf1c, 0x0882, 0x0000, 0x0000, 0x0000, 0x2124, 0xdefc, 0x4208,
0xbdf7, 0x39e7, 0x0000, 0x0000, 0x0000, 0x0000, 0x0000, 0x0000, 0x0000, 0x0000,
0x0000, 0x0000, 0x10a2, 0xad76, 0xc618, 0x5aeb, 0x0000, 0x0000, 0x0000, 0x0000,
0x5aeb, 0xb596, 0x2965, 0xc638, 0x4228, 0x0000, 0x0000, 0x0000, 0x0000, 0xa535,
0x52aa, 0x632c, 0x9cd3, 0x0000, 0x0000, 0x0000, 0x0000, 0x632c, 0xad96, 0x10a2,
0x0000, 0x0000, 0x0000, 0x0000, 0xad96, 0x6b6d, 0x3186, 0x0841, 0x0000, 0x0000,
0x0000, 0x18e3, 0xce7a, 0xc639, 0xdefc, 0x94d3, 0x0000, 0x0000, 0x0000, 0x0000,
0x0000, 0x0000, 0x0000, 0x0000, 0x0000, 0x0000, 0x0861, 0xad75, 0x52ab, 0x0000,
0x0000, 0x0000, 0x0020, 0x9cd3, 0x630c, 0x5acb, 0xa535, 0x0000, 0x0000, 0x0000,
0x0000, 0x52aa, 0xe71c, 0xc618, 0x2104, 0x0000, 0x0000, 0x0000, 0x0000, 0x8c72,
0xe71c, 0xc639, 0xd6ba, 0x1904, 0x0000, 0x0000, 0x0000, 0x0021, 0xd6db, 0x5aeb,
0x632d, 0xad75, 0x0861, 0x0000, 0x0000, 0x0000, 0x2945, 0xc638, 0x3a08, 0xad76,
0x632c, 0x0000, 0x0000, 0x0000, 0x0000, 0x5aeb, 0xef9e, 0x5aec, 0x0000, 0x0000,
0x0000, 0x0000, 0x0000, 0x0000, 0x0000, 0x0000, 0x0000, 0x0000, 0x0000, 0x3183,
0x41a3, 0xa3e0, 0xfde0, 0xfde0, 0xfde0, 0xfde0, 0xc4c0, 0x20c0, 0x18a0, 0x6a80,
0x6a60, 0x4180, 0x28e0, 0x49c0, 0xb460, 0xb440, 0x5a20, 0x0840, 0x0000, 0x0000,
0x0000, 0x0000, 0x0000, 0x0000, 0x0000, 0x0000, 0x0000, 0x0000, 0x0000, 0x0000,
0x0000, 0x0000, 0x0000, 0x0000, 0x0000, 0x0840, 0x5a20, 0xd500, 0x5200, 0x0000,
0x0000, 0x0000, 0x0000, 0x0000, 0x0000, 0x0840, 0x8320, 0xeda0, 0xfe00, 0xfde0,
0xfde0, 0xd500, 0x5a20, 0xccc0, 0xfe00, 0xdd20, 0x6260, 0xc4a0, 0x7ae0, 0x0020,
0x0000, 0x0000, 0x0000, 0x0000, 0x0000, 0x20c0, 0xbca0, 0x93a0, 0x3960, 0x9bc0,

0x0000, 0x0000, 0x0000, 0x0000, 0x0000, 0x0000, 0x0000, 0x0000, 0x0000, 0x0000,
0x0000, 0x0000, 0xd6ba, 0x5b0c, 0x9cf4, 0x7bf0, 0x0000, 0x0000, 0x0000, 0x0000,
0x52cb, 0xce7a, 0x528a, 0xc638, 0x4249, 0x0000, 0x0000, 0x0000, 0x0020, 0x8c71,
0xdefb, 0xadb7, 0x8430, 0x0841, 0x0000, 0x0000, 0x0000, 0x2145, 0xd6bb, 0x0862,
0xad95, 0x4229, 0x0000, 0x0000, 0x0000, 0x0000, 0x0000, 0x0000, 0x0000, 0x0000,
0x0000, 0x0000, 0x10a2, 0x8c71, 0xb5b7, 0xa555, 0x0000, 0x0000, 0x0000, 0x0000,
0x52aa, 0xbdd7, 0x3a08, 0xce9a, 0x4208, 0x0000, 0x0000, 0x0000, 0x0000, 0x94d3,
0x8c51, 0x9492, 0x94d3, 0x0000, 0x0000, 0x0000, 0x0000, 0x632c, 0x9cf3, 0x0000,
0x0000, 0x0000, 0x0000, 0x0000, 0xad55, 0x8410, 0x4a49, 0x0861, 0x0000, 0x0000,
0x0000, 0x18c3, 0xce59, 0xbe18, 0xad76, 0x52ab, 0x0000, 0x0000, 0x0000, 0x0000,
0x0000, 0x0000, 0x0000, 0x0000, 0x0000, 0x0000, 0x0841, 0xad75, 0x52aa, 0x0000,
0x0000, 0x0000, 0x0000, 0x8c71, 0x94b3, 0x8c71, 0xa535, 0x0000, 0x0000, 0x0000,
0x0000, 0x52aa, 0xd6ba, 0xce9a, 0x31a6, 0x0000, 0x0000, 0x0000, 0x0000, 0x8451,
0xe71c, 0xb5d7, 0x7bf0, 0x1082, 0x0000, 0x0000, 0x0000, 0x0021, 0xdeda, 0x6b8e,
0x73cf, 0xad76, 0x0861, 0x0000, 0x0000, 0x0000, 0x2124, 0xce9a, 0x528a, 0xb5b6,
0x5b0c, 0x0000, 0x0000, 0x0000, 0x0000, 0x6b8e, 0xf7be, 0x6b6e, 0x0000, 0x0000,
0x0000, 0x0000, 0x0000, 0x0000, 0x0000, 0x0000, 0x0000, 0x0000, 0x0000, 0x0820,
0x3140, 0xe540, 0xfde0, 0xfde0, 0xfe00, 0xf5c0, 0x9380, 0x0000, 0x20c0, 0x72c0,
0x3120, 0x51e0, 0x51e0, 0x9360, 0x9380, 0xa400, 0xcce0, 0x49a0, 0x0000, 0x0000,
0x0000, 0x0000, 0x0000, 0x0000, 0x0000, 0x0000, 0x0000, 0x0000, 0x0000, 0x0000,
0x0000, 0x0000, 0x0000, 0x0000, 0x0000, 0x49c0, 0xccc0, 0xb420, 0x18a0, 0x0000,
0x0000, 0x0000, 0x0000, 0x0000, 0x0000, 0x3120, 0xcd00, 0xfde0, 0xfde0, 0xfde0,
0xf5c0, 0x9ba0, 0x7ae0, 0xeda0, 0xfe00, 0xccc0, 0x6a60, 0xc4a0, 0x6260, 0x0020,
0x0000, 0x0000, 0x0000, 0x0000, 0x0000, 0x3120, 0xd500, 0xbc60, 0x9380, 0xd540,

0x0000, 0x0000, 0x0000, 0x0000, 0x0000, 0x0000, 0x0000, 0x0000, 0x0000, 0x0000,
0x0000, 0x0000, 0x4229, 0xa555, 0x8c72, 0x0861, 0x0000, 0x0000, 0x0000, 0x0000,
0x52cb, 0xdedb, 0xad76, 0x73cf, 0x0000, 0x0000, 0x0000, 0x0000, 0x0000, 0x0882,
0x9492, 0xa514, 0x3186, 0x0000, 0x0000, 0x0000, 0x0000, 0x18c3, 0x8c71, 0x0041,
0x738e, 0x2965, 0x0000, 0x0000, 0x0000, 0x0000, 0x0000, 0x0000, 0x0000, 0x0000,
0x0000, 0x0000, 0x0841, 0x6b8e, 0xad95, 0x4a6a, 0x0000, 0x0000, 0x0000, 0x0000,
0x0020, 0x6b8e, 0xad96, 0x5aeb, 0x0020, 0x0000, 0x0000, 0x0000, 0x0000, 0x2124,
0x9cf3, 0xa534, 0x5aeb, 0x0000, 0x0000, 0x0000, 0x0000, 0x4208, 0x630c, 0x0000,
0x0000, 0x0000, 0x0000, 0x0000, 0x2104, 0x94d3, 0xad55, 0x18e4, 0x0000, 0x0000,
0x0000, 0x0000, 0x31a6, 0xad55, 0x8451, 0x0862, 0x0000, 0x0000, 0x0000, 0x0000,
0x0000, 0x0000, 0x0000, 0x0000, 0x0000, 0x0000, 0x0862, 0xb5b6, 0x4a8a, 0x0000,
0x0000, 0x0000, 0x0000, 0x10a3, 0xa514, 0xa534, 0x6b6e, 0x0000, 0x0000, 0x0000,
0x0000, 0x39c7, 0x6b4d, 0x528a, 0x7bcf, 0x0021, 0x0000, 0x0000, 0x0000, 0x10a2,
0x8c51, 0xad75, 0x3186, 0x0000, 0x0000, 0x0000, 0x0000, 0x0000, 0x8c72, 0xa534,
0xa534, 0x2124, 0x0000, 0x0000, 0x0000, 0x0000, 0x0000, 0x5aeb, 0xad75, 0x7bf0,
0x0000, 0x0000, 0x0000, 0x0000, 0x10a2, 0x8c72, 0x4228, 0x8410, 0x10a2, 0x0000,
0x0000, 0x0000, 0x0000, 0x0000, 0x0000, 0x0000, 0x0000, 0x0000, 0x0000, 0x0840,
0x7ae0, 0xfde0, 0xfde0, 0xfde0, 0xfde0, 0xed60, 0x6a60, 0x0000, 0x3120, 0x8b40,
0xa3e0, 0xa3e0, 0x8b40, 0xcce0, 0x49e0, 0x28e0, 0xd500, 0x9bc0, 0x0840, 0x0000,
0x0000, 0x0000, 0x0000, 0x0000, 0x0000, 0x0000, 0x0000, 0x0000, 0x0000, 0x0000,
0x0000, 0x0000, 0x0000, 0x0820, 0x51e0, 0xccc0, 0xedc0, 0x6260, 0x0020, 0x0000,
0x0000, 0x0000, 0x0000, 0x0000, 0x1060, 0x8b20, 0xfde0, 0xfde0, 0xfde0, 0xfde0,
0xe540, 0x6240, 0xbc60, 0xfde0, 0xfe00, 0xb420, 0x6240, 0xdd60, 0x3980, 0x0000,
0x0000, 0x0000, 0x0000, 0x0000, 0x0000, 0x49c0, 0xe540, 0xfde0, 0xe580, 0x8b40,

0x0000, 0x0000, 0x0000, 0x0000, 0x0000, 0x0000, 0x0000, 0x0000, 0x0000, 0x0000,
0x0000, 0x0000, 0x0000, 0x0841, 0x0020, 0x0000, 0x0000, 0x0000, 0x0000, 0x0000,
0x4a8a, 0x94b2, 0x1082, 0x0000, 0x0000, 0x0000, 0x0000, 0x0000, 0x0000, 0x0000,
0x0021, 0x0841, 0x0000, 0x0000, 0x0000, 0x0000, 0x0000, 0x0000, 0x0020, 0x0000,
0x0020, 0x0000, 0x0000, 0x0000, 0x0000, 0x0000, 0x0000, 0x0000, 0x0000, 0x0000,
0x0000, 0x0000, 0x0000, 0x0000, 0x0861, 0x0000, 0x0000, 0x0000, 0x0000, 0x0000,
0x0000, 0x0000, 0x0861, 0x0000, 0x0000, 0x0000, 0x0000, 0x0000, 0x0000, 0x0000,
0x0841, 0x0041, 0x0000, 0x0000, 0x0000, 0x0000, 0x0000, 0x0000, 0x0000, 0x0000,
0x0000, 0x0000, 0x0000, 0x0000, 0x0000, 0x0020, 0x0841, 0x0000, 0x0000, 0x0000,
0x0000, 0x0000, 0x0000, 0x0841, 0x0020, 0x0000, 0x0000, 0x0000, 0x0000, 0x0000,
0x0000, 0x0000, 0x0000, 0x0000, 0x0000, 0x0000, 0x2145, 0xc658, 0x18e4, 0x0000,
0x0000, 0x0000, 0x0000, 0x0000, 0x0841, 0x0841, 0x0020, 0x0000, 0x0000, 0x0000,
0x0000, 0x0000, 0x0020, 0x0000, 0x0020, 0x0000, 0x0000, 0x0000, 0x0000, 0x0000,
0x0020, 0x0861, 0x0000, 0x0000, 0x0000, 0x0000, 0x0000, 0x0000, 0x0020, 0x0841,
0x0841, 0x0000, 0x0000, 0x0000, 0x0000, 0x0000, 0x0000, 0x0000, 0x0861, 0x0000,
0x0000, 0x0000, 0x0000, 0x0000, 0x0000, 0x0020, 0x0000, 0x0020, 0x0000, 0x0000,
0x0000, 0x0000, 0x0000, 0x0000, 0x0000, 0x0000, 0x0000, 0x0000, 0x0000, 0x28e0,
0xbc60, 0xfe00, 0xfde0, 0xfde0, 0xfde0, 0xe560, 0x5200, 0x0000, 0x3140, 0x9380,
0xbc60, 0xac00, 0x8b40, 0xc4a0, 0x49c0, 0x1880, 0xc4a0, 0xb460, 0x18a0, 0x0000,
0x0000, 0x0000, 0x0000, 0x0000, 0x0000, 0x0000, 0x0000, 0x0000, 0x0000, 0x0000,
0x0000, 0x0000, 0x1080, 0x5a40, 0xcd00, 0xf5c0, 0xd500, 0x20c0, 0x0000, 0x0000,
0x0000, 0x0000, 0x0000, 0x0000, 0x4180, 0xccc0, 0xfe00, 0xfde0, 0xfde0, 0xfde0,
0xb420, 0x6240, 0xed80, 0xfe00, 0xfde0, 0x9ba0, 0x7ae0, 0xd520, 0x20e0, 0x0000,
0x0000, 0x0000, 0x0000, 0x0000, 0x0000, 0x6aa0, 0xf5a0, 0xfde0, 0xb440, 0x2900,

0x0000, 0x0000, 0x0000, 0x0000, 0x0000, 0x0000, 0x0000, 0x0000, 0x0000, 0x0000,
0x0000, 0x0000, 0x0000, 0x0000, 0x0000, 0x0000, 0x0000, 0x0000, 0x0000, 0x0000,
0x1082, 0x18c3, 0x0000, 0x0000, 0x0000, 0x0000, 0x0000, 0x0000, 0x0000, 0x0000,
0x0000, 0x0000, 0x0000, 0x0000, 0x0000, 0x0000, 0x0000, 0x0000, 0x0000, 0x0000,
0x0000, 0x0000, 0x0000, 0x0000, 0x0000, 0x0000, 0x0000, 0x0000, 0x0000, 0x0000,
0x0000, 0x0000, 0x0000, 0x0000, 0x0000, 0x0000, 0x0000, 0x0000, 0x0000, 0x0000,
0x0000, 0x0000, 0x0000, 0x0000, 0x0000, 0x0000, 0x0000, 0x0000, 0x0000, 0x0000,
0x0000, 0x0000, 0x0000, 0x0000, 0x0000, 0x0000, 0x0000, 0x0000, 0x0000, 0x0000,
0x0000, 0x0000, 0x0000, 0x0000, 0x0000, 0x0000, 0x0000, 0x0000, 0x0000, 0x0000,
0x0000, 0x0000, 0x0000, 0x0000, 0x0000, 0x0000, 0x0000, 0x0000, 0x0000, 0x0000,
0x0000, 0x0000, 0x0000, 0x0000, 0x0000, 0x0000, 0x0041, 0x18c3, 0x0000, 0x0000,
0x0000, 0x0000, 0x0000, 0x0000, 0x0000, 0x0000, 0x0000, 0x0000, 0x0000, 0x0000,
0x0000, 0x0000, 0x0000, 0x0000, 0x0000, 0x0000, 0x0000, 0x0000, 0x0000, 0x0000,
0x0000, 0x0000, 0x0000, 0x0000, 0x0000, 0x0000, 0x0000, 0x0000, 0x0000, 0x0000,
0x0000, 0x0000, 0x0000, 0x0000, 0x0000, 0x0000, 0x0000, 0x0000, 0x0000, 0x0000,
0x0000, 0x0000, 0x0000, 0x0000, 0x0000, 0x0000, 0x0000, 0x0000, 0x0000, 0x0000,
0x0000, 0x0000, 0x0000, 0x0000, 0x0000, 0x0000, 0x0000, 0x0000, 0x0000, 0x5a00,
0xed80, 0xfde0, 0xfde0, 0xfde0, 0xfde0, 0xed60, 0x5a20, 0x0000, 0x20e0, 0x9bc0,
0xdd20, 0xbc80, 0x6a80, 0xc4a0, 0x41a0, 0x2900, 0xd500, 0xac20, 0x18a0, 0x0000,
0x0000, 0x0000, 0x0000, 0x0000, 0x0000, 0x0000, 0x0000, 0x0000, 0x0000, 0x0000,
0x0000, 0x20c0, 0x8320, 0xdd40, 0xfe00, 0xf5c0, 0x9ba0, 0x0000, 0x0000, 0x0000,
0x0000, 0x0000, 0x0000, 0x0820, 0x8b40, 0xf5a0, 0xfe00, 0xfde0, 0xfde0, 0xed80,
0x7ae0, 0x9360, 0xfde0, 0xfe00, 0xf5e0, 0x72c0, 0x9bc0, 0xb460, 0x18a0, 0x0000,
0x0000, 0x0000, 0x0000, 0x0000, 0x0820, 0x9360, 0xfde0, 0xdd40, 0x5a00, 0x0000,

0x28e0, 0x6260, 0x6260, 0x6260, 0x6260, 0x6260, 0x6260, 0x6260, 0x6260, 0x6260,
0x6260, 0x6260, 0x6260, 0x6260, 0x6260, 0x6260, 0x6260, 0x6260, 0x6260, 0x6260,
0x6260, 0x6260, 0x6260, 0x6260, 0x6260, 0x6260, 0x6260, 0x6260, 0x6260, 0x6260,
0x6260, 0x6260, 0x6260, 0x6260, 0x6260, 0x6260, 0x6260, 0x6260, 0x6260, 0x6260,
0x6260, 0x6260, 0x6260, 0x6260, 0x6260, 0x6260, 0x6260, 0x6260, 0x6260, 0x6260,
0x6260, 0x6260, 0x6260, 0x6260, 0x6260, 0x6260, 0x6260, 0x6260, 0x6260, 0x6260,
0x6260, 0x6260, 0x6260, 0x6260, 0x6260, 0x6260, 0x6260, 0x6260, 0x6260, 0x6260,
0x6260, 0x6260, 0x6260, 0x6260, 0x6260, 0x6260, 0x6260, 0x6260, 0x6260, 0x6260,
0x6260, 0x6260, 0x6260, 0x6260, 0x6260, 0x6260, 0x6260, 0x6260, 0x6260, 0x6260,
0x6260, 0x6260, 0x6260, 0x6260, 0x6260, 0x6260, 0x6260, 0x6260, 0x6260, 0x6260,
0x6260, 0x6260, 0x6260, 0x6260, 0x6260, 0x6260, 0x6260, 0x6260, 0x6260, 0x6260,
0x6260, 0x6260, 0x6260, 0x6260, 0x6260, 0x6260, 0x6260, 0x6260, 0x6260, 0x6260,
0x6260, 0x6260, 0x6260, 0x6260, 0x6260, 0x6260, 0x6260, 0x6260, 0x6260, 0x6260,
0x6260, 0x6260, 0x6260, 0x6260, 0x6260, 0x6260, 0x6260, 0x6260, 0x6260, 0x6260,
0x6260, 0x6260, 0x6260, 0x6260, 0x6260, 0x6260, 0x6260, 0x6260, 0x6260, 0x6260,
0x6260, 0x6260, 0x6260, 0x6260, 0x6260, 0x6260, 0x6260, 0x6260, 0x6260, 0x6260,
0x6260, 0x6260, 0x6260, 0x6260, 0x6260, 0x6260, 0x5a40, 0x3140, 0x18a0, 0xa3c0,
0xfe00, 0xfde0, 0xfde0, 0xfde0, 0xfde0, 0xed80, 0x9380, 0x1040, 0x0840, 0x6240,
0xdd40, 0x9bc0, 0x3960, 0xd4e0, 0x4180, 0x7ae0, 0xe580, 0x7ae0, 0x18a0, 0x72e0,
0x49c0, 0x1880, 0x0020, 0x0000, 0x0000, 0x0000, 0x0000, 0x0000, 0x0000, 0x0840,
0x6240, 0xcce0, 0xf5c0, 0xfe00, 0xfe00, 0xdd20, 0x49c0, 0x0000, 0x0000, 0x0000,
0x0000, 0x0000, 0x0000, 0x2900, 0xd4e0, 0xfe00, 0xfde0, 0xfde0, 0xfde0, 0xcca0,
0x6260, 0xd4e0, 0xfe00, 0xfe00, 0xe560, 0x5200, 0xc4a0, 0x8b40, 0x0020, 0x0000,
0x0000, 0x0000, 0x0000, 0x0000, 0x20c0, 0xb460, 0xf5e0, 0x8320, 0x1060, 0x0000,

0x1080, 0x3120, 0x3120, 0x3120, 0x3120, 0x3120, 0x3120, 0x3140, 0x41a0, 0x72a0,
0xb420, 0xf5a0, 0xfe00, 0xfe00, 0xfe00, 0xfe00, 0xfe00, 0xfe00, 0xfde0, 0xbc60,
0x7ae0, 0x6aa0, 0x9ba0, 0xdd40, 0xe580, 0xd4e0, 0x8b60, 0x49e0, 0x51e0, 0xd4e0,
0x72c0, 0xbc80, 0xfe00, 0xfe00, 0xfde0, 0xfe00, 0xfde0, 0x8b60, 0x3120, 0x3120,
0x3120, 0x3120, 0x3120, 0x3120, 0x5200, 0xf5c0, 0xfe00, 0xfe00, 0xfe00, 0xfe00,
0xfde0, 0xfe00, 0xfde0, 0xfe00, 0xfde0, 0xfe00, 0xfe00, 0xfe00, 0xfe00, 0xfde0,
0xfe00, 0xfde0, 0xfe00, 0xfde0, 0xfe00, 0xfe00, 0xfe00, 0xfe00, 0xfde0, 0xfe00,
0xfde0, 0xfe00, 0xfde0, 0xfe00, 0xfe00, 0xfe00, 0xfe00, 0xfde0, 0xfe00, 0xfde0,
0xfe00, 0xfde0, 0xfe00, 0xfe00, 0xfe00, 0xf5c0, 0xdd60, 0xac00, 0x8320, 0x6a81,
0x5200, 0x5221, 0x3961, 0x3161, 0x5265, 0xbd92, 0xce55, 0xce55, 0xce55, 0xce55,
0xc635, 0xce55, 0xce55, 0xd676, 0xd676, 0xbdf4, 0xce55, 0xc5f4, 0x4a24, 0x5a86,
0xc614, 0xce55, 0xbe15, 0xce35, 0xce55, 0xce55, 0xc635, 0xc635, 0x6ae7, 0x9ba0,
0xfe00, 0xfe00, 0xfe00, 0xfe00, 0xfe00, 0xfde0, 0xfe00, 0xfde0, 0xfe00, 0xfde0,
0xfe00, 0xfe00, 0xfe00, 0xfe00, 0xfde0, 0xfe00, 0xfde0, 0xfe00, 0xfde0, 0xfe00,
0xfe00, 0xfe00, 0xfe00, 0xfde0, 0xfe00, 0xfde0, 0xfe00, 0xfde0, 0xfe00, 0xfe00,
0xfe00, 0xfe00, 0xfde0, 0xfe00, 0xfde0, 0xfe00, 0xfde0, 0xfe00, 0xfe00, 0xfe00,
0xfe00, 0xfde0, 0xfde0, 0xf5c0, 0xed80, 0xd500, 0xd500, 0x51e0, 0x49a0, 0xd500,
0xfde0, 0xfde0, 0xfde0, 0xfde0, 0xfde0, 0xf5a0, 0xc4a0, 0x51e0, 0x1880, 0x0840,
0x5a20, 0x72c0, 0x72a0, 0xd500, 0x9ba0, 0xd520, 0xac40, 0x3120, 0x3960, 0xccc0,
0x7ae0, 0x72a0, 0x28e0, 0x0000, 0x0000, 0x0000, 0x0000, 0x0000, 0x0000, 0x1060,
0xa3e0, 0xfde0, 0xfe00, 0xfde0, 0xfde0, 0xac00, 0x1880, 0x0000, 0x0000, 0x0000,
0x0000, 0x0000, 0x0020, 0x7ae0, 0xed80, 0xfe00, 0xfde0, 0xfde0, 0xfde0, 0x8b40,
0x8300, 0xf5a0, 0xfe00, 0xfde0, 0xbc60, 0x5a40, 0xcd00, 0x5a20, 0x0000, 0x0000,
0x0000, 0x0000, 0x0000, 0x0000, 0x4180, 0xd500, 0xccc0, 0x2900, 0x0000, 0x0000,

0x0000, 0x0000, 0x0000, 0x0000, 0x0000, 0x0020, 0x18a0, 0x6a80, 0xb440, 0xeda0,
0xfde0, 0xfe00, 0xfde0, 0xf5c0, 0xe540, 0xe560, 0xdd40, 0xe560, 0xeda0, 0x9360,
0x49a0, 0xdd20, 0xe560, 0xac00, 0x5a00, 0x20c0, 0x0820, 0x0000, 0x0840, 0x8b40,
0x8320, 0x7ae0, 0xfde0, 0xfe00, 0xfde0, 0xfe00, 0xfde0, 0x72a0, 0x0000, 0x0000,
0x0000, 0x0000, 0x0000, 0x0000, 0x3140, 0xf5c0, 0xfe00, 0xfde0, 0xfe00, 0xfde0,
0xfe00, 0xfde0, 0xfde0, 0xfe00, 0xfde0, 0xfe00, 0xfde0, 0xfe00, 0xfde0, 0xfe00,
0xfde0, 0xfde0, 0xfe00, 0xfde0, 0xfe00, 0xfde0, 0xfe00, 0xfde0, 0xfe00, 0xfde0,
0xfde0, 0xfe00, 0xfde0, 0xfe00, 0xfde0, 0xfe00, 0xfde0, 0xfe00, 0xfde0, 0xfde0,
0xfe00, 0xfde0, 0xfe00, 0xf600, 0xc480, 0x72a0, 0x2900, 0x2102, 0x4228, 0x4aab,
0x636e, 0x73cf, 0x6b8f, 0x6baf, 0x52cb, 0x6b8e, 0xadd8, 0xbe5a, 0xbe5a, 0xbe7a,
0xbe3a, 0xbe3a, 0xbe5a, 0xc67b, 0xcebc, 0xb619, 0xb63a, 0xcedc, 0x94f4, 0x73d0,
0xbe5a, 0xcebc, 0xb619, 0xb63a, 0xbe5a, 0xbe5a, 0xbe3a, 0xadb7, 0x31a5, 0xa3c0,
0xfe00, 0xfe00, 0xfde0, 0xfde0, 0xfe00, 0xfde0, 0xfe00, 0xfde0, 0xfe00, 0xfde0,
0xfe00, 0xfde0, 0xfde0, 0xfe00, 0xfde0, 0xfe00, 0xfde0, 0xfe00, 0xfde0, 0xfe00,
0xfde0, 0xfde0, 0xfe00, 0xfde0, 0xfe00, 0xfde0, 0xfe00, 0xfde0, 0xfe00, 0xfde0,
0xfde0, 0xfe00, 0xfde0, 0xfe00, 0xfde0, 0xfe00, 0xfde0, 0xfe00, 0xfde0, 0xfde0,
0xfde0, 0xf5a0, 0xe540, 0xcca0, 0xd4e0, 0xb440, 0xac00, 0x20e0, 0x8300, 0xf5c0,
0xfde0, 0xfde0, 0xfde0, 0xfde0, 0xfde0, 0xf5c0, 0xdd20, 0x9380, 0x5a00, 0x3940,
0x4180, 0x93a0, 0xd500, 0xed80, 0xc4c0, 0x9ba0, 0x3120, 0x1060, 0x72a0, 0xc480,
0x72e0, 0xb480, 0x3960, 0x0000, 0x0000, 0x0000, 0x0000, 0x0000, 0x0000, 0x1080,
0xac00, 0xfe00, 0xfde0, 0xfde0, 0xeda0, 0x6a80, 0x0000, 0x0000, 0x0000, 0x0000,
0x0000, 0x0000, 0x1060, 0xc4a0, 0xfde0, 0xfde0, 0xe540, 0xf5a0, 0xe560, 0x6260,
0xb440, 0xfe00, 0xfe00, 0xf5c0, 0x8320, 0x8b60, 0xbc80, 0x3940, 0x0000, 0x0000,
0x0000, 0x0000, 0x0000, 0x0000, 0x6260, 0xdd60, 0x7ae0, 0x0000, 0x0000, 0x0000,

0x0000, 0x0000, 0x0020, 0x20e0, 0x6240, 0xac00, 0xf5a0, 0xfe00, 0xfe00, 0xeda0,
0xbc80, 0x8320, 0x6260, 0x4180, 0x49e0, 0x41a0, 0x49e0, 0x41a0, 0x41a0, 0x41a0,
0x3960, 0xdd40, 0x7ae0, 0x0840, 0x0000, 0x0000, 0x0000, 0x0000, 0x0000, 0x4180,
0xb440, 0x6240, 0xdd20, 0xfe00, 0xfde0, 0xfe00, 0xfde0, 0x6260, 0x0000, 0x0000,
0x0000, 0x0000, 0x0000, 0x0000, 0x3960, 0xfde0, 0xfde0, 0xfe00, 0xfde0, 0xfe00,
0xfde0, 0xfde0, 0xfe00, 0xfde0, 0xfe00, 0xfde0, 0xfe00, 0xfde0, 0xfe00, 0xfde0,
0xfde0, 0xfe00, 0xfde0, 0xfe00, 0xfde0, 0xfe00, 0xfde0, 0xfe00, 0xfde0, 0xfde0,
0xfe00, 0xfde0, 0xfe00, 0xfde0, 0xfe00, 0xfde0, 0xfe00, 0xfde0, 0xfde0, 0xfe00,
0xfde0, 0xfe00, 0xccc0, 0x6a60, 0x3143, 0x4228, 0x7c11, 0xa597, 0xa5b8, 0xadf9,
0xb619, 0xb63a, 0xa5b8, 0xcebc, 0xc69b, 0xbe3a, 0xb63a, 0xbe5a, 0xbe5a, 0xc67b,
0xbe5a, 0xbe3a, 0xbe3a, 0xbe5a, 0xcebb, 0xbe5a, 0xb619, 0xc67b, 0xc67b, 0xadf9,
0xbe3a, 0xc69b, 0xbe5a, 0xbe5a, 0xc67b, 0xbe5a, 0xbe5a, 0x94f5, 0x3162, 0xd4e0,
0xfde0, 0xfe00, 0xfde0, 0xfe00, 0xfde0, 0xfde0, 0xfe00, 0xfde0, 0xfe00, 0xfde0,
0xfe00, 0xfde0, 0xfe00, 0xfde0, 0xfde0, 0xfe00, 0xfde0, 0xfe00, 0xfde0, 0xfe00,
0xfde0, 0xfe00, 0xfde0, 0xfde0, 0xfe00, 0xfde0, 0xfe00, 0xfde0, 0xfe00, 0xfde0,
0xfe00, 0xfde0, 0xfde0, 0xfe00, 0xfde0, 0xfe00, 0xfdc0, 0xfde0, 0xf5a0, 0xe540,
0xdd40, 0xe540, 0xb440, 0xbc60, 0xe540, 0xdd00, 0x7ae0, 0x3120, 0xccc0, 0xfde0,
0xfde0, 0xfde0, 0xfde0, 0xfde0, 0xfde0, 0xfde0, 0xf5a0, 0xccc0, 0xa3e0, 0x8320,
0x4180, 0x2900, 0x9360, 0xbc60, 0x3140, 0x0820, 0x0000, 0x2920, 0xbc60, 0x8b40,
0x9380, 0xe560, 0x2900, 0x0000, 0x0000, 0x0000, 0x0000, 0x0000, 0x0000, 0x18a0,
0xac00, 0xfe00, 0xfde0, 0xfde0, 0xd500, 0x3120, 0x0000, 0x0000, 0x0000, 0x0000,
0x0000, 0x0000, 0x3960, 0xf5c0, 0xfde0, 0xeda0, 0x72c0, 0x72c0, 0x72c0, 0x5a40,
0xdd40, 0xfde0, 0xfde0, 0xdd60, 0x5200, 0xcce0, 0x9360, 0x1060, 0x0000, 0x0000,
0x0000, 0x0000, 0x0000, 0x0840, 0xa3e0, 0xb460, 0x20e0, 0x0000, 0x0000, 0x0000,

0x18a0, 0x41a0, 0x9380, 0xdd20, 0xf5a0, 0xfe00, 0xfde0, 0xf5c0, 0xc4a0, 0x6a80,
0x6240, 0x9360, 0xac20, 0xb440, 0xb440, 0xbc80, 0xbc60, 0xbc80, 0xc480, 0xb440,
0x9ba0, 0xe540, 0xac00, 0x0860, 0x0000, 0x0000, 0x0000, 0x0000, 0x0000, 0x1060,
0xbc80, 0x6240, 0xac20, 0xfe00, 0xfde0, 0xfde0, 0xf5c0, 0x6260, 0x0000, 0x0000,
0x0000, 0x0000, 0x0000, 0x0000, 0x49c0, 0xf5c0, 0xfe00, 0xfde0, 0xfe00, 0xfde0,
0xfe00, 0xfde0, 0xfe00, 0xfde0, 0xfe00, 0xfde0, 0xfde0, 0xfe00, 0xfde0, 0xfe00,
0xfde0, 0xfe00, 0xfde0, 0xfe00, 0xfde0, 0xfde0, 0xfe00, 0xfde0, 0xfe00, 0xfde0,
0xfe00, 0xfde0, 0xfe00, 0xfde0, 0xfde0, 0xfe00, 0xfde0, 0xfe00, 0xfde0, 0xfe00,
0xf5c0, 0x9bc0, 0x3981, 0x4228, 0x8472, 0xa597, 0xadd9, 0xadf9, 0xa5d9, 0xa5b8,
0xadd9, 0xadf9, 0xadd8, 0xb63a, 0xcebb, 0xbe5a, 0xc67b, 0xbe5a, 0xbe5a, 0xbe5a,
0xc67a, 0xbe5a, 0xbe3a, 0xbe5a, 0xc67b, 0xc69b, 0xb619, 0xbe3a, 0xc69b, 0xbe3a,
0xbe3a, 0xbe5a, 0xbe5a, 0xbe5a, 0xbe5a, 0xbe5a, 0xbe5a, 0x73f0, 0x49c1, 0xe560,
0xfe00, 0xfde0, 0xfde0, 0xfde0, 0xfde0, 0xfde0, 0xfe00, 0xfde0, 0xfe00, 0xfde0,
0xfde0, 0xfde0, 0xfde0, 0xfde0, 0xfde0, 0xfe00, 0xfde0, 0xfe00, 0xfde0, 0xfde0,
0xfde0, 0xfde0, 0xfde0, 0xfde0, 0xfe00, 0xfde0, 0xfe00, 0xfde0, 0xfde0, 0xfde0,
0xfde0, 0xfde0, 0xfde0, 0xfde0, 0xf5c0, 0xf5c0, 0xed80, 0xed80, 0xdd20, 0xdd20,
0xccc0, 0xd500, 0xe560, 0xf5a0, 0xfde0, 0xd500, 0x41a0, 0x5a40, 0xeda0, 0xfde0,
0xfde0, 0xfde0, 0xfde0, 0xfde0, 0xfde0, 0xfde0, 0xfde0, 0xed80, 0xd500, 0xa3c0,
0x20c0, 0x0840, 0x7b00, 0x93a0, 0x0840, 0x0000, 0x0020, 0x6260, 0xcce0, 0x72a0,
0xbc80, 0xe560, 0x2900, 0x0000, 0x0000, 0x0000, 0x0000, 0x0000, 0x0000, 0x1880,
0xac20, 0xfde0, 0xfde0, 0xfde0, 0xa3c0, 0x1060, 0x0000, 0x0000, 0x0000, 0x0000,
0x0000, 0x1060, 0x8320, 0xfde0, 0xfe00, 0xf5c0, 0xc4a0, 0x8b40, 0x3120, 0x49c0,
0x9ba0, 0xccc0, 0xe580, 0xac20, 0x6240, 0xdd60, 0x5a40, 0x0000, 0x0000, 0x0000,
0x0000, 0x0000, 0x0000, 0x2900, 0xbca0, 0x6a80, 0x0820, 0x0000, 0x0000, 0x0000,

0xc4a0, 0xf5c0, 0xfde0, 0xfe00, 0xfde0, 0xfe00, 0xf5c0, 0x9360, 0x3980, 0x9ba0,
0xdd40, 0xbc60, 0x7ae0, 0x49e0, 0x3120, 0x20e0, 0x20e0, 0x3120, 0x5a20, 0x9ba0,
0xd500, 0xfde0, 0xd500, 0x3120, 0x0000, 0x0000, 0x0000, 0x0000, 0x0000, 0x0000,
0x8320, 0x9380, 0x6a80, 0xfe00, 0xfe00, 0xfde0, 0xf5c0, 0x5a20, 0x0000, 0x0000,
0x0000, 0x0000, 0x0000, 0x0000, 0x5200, 0xfde0, 0xfe00, 0xfde0, 0xfe00, 0xed80,
0xccc0, 0xdd40, 0xfe00, 0xfde0, 0xfe00, 0xfde0, 0xfe00, 0xfde0, 0xfe00, 0xfde0,
0xfde0, 0xfe00, 0xfde0, 0xfe00, 0xfde0, 0xfe00, 0xfde0, 0xfe00, 0xfde0, 0xfde0,
0xfe00, 0xfde0, 0xfe00, 0xfde0, 0xfe00, 0xfde0, 0xfe00, 0xfde0, 0xfe00, 0xf5a0,
0x9380, 0x2943, 0x634e, 0x9d77, 0xadf9, 0xadd9, 0xa5b9, 0xadf9, 0xadd9, 0xadf9,
0xa5b8, 0xa5d9, 0xb63a, 0xa598, 0xd6fc, 0xbe5a, 0xc67b, 0xbe5a, 0xbe5a, 0xc67b,
0xbe5a, 0xbe7a, 0xbe5a, 0xbe5a, 0xbe5a, 0xcebc, 0xbe5a, 0xbe5a, 0xbe5a, 0xbe5a,
0xbe5a, 0xc67b, 0xbe5a, 0xbe5a, 0xb63a, 0xb619, 0xb63a, 0x5aec, 0x6260, 0xf5c0,
0xfe00, 0xfde0, 0xfde0, 0xfe00, 0xfde0, 0xfe00, 0xfde0, 0xfe00, 0xfde0, 0xfe00,
0xfde0, 0xfde0, 0xfe00, 0xfde0, 0xfe00, 0xfde0, 0xfe00, 0xfde0, 0xfe00, 0xfde0,
0xfde0, 0xfe00, 0xfde0, 0xfe00, 0xfde0, 0xfe00, 0xfde0, 0xfe00, 0xfde0, 0xfde0,
0xfde0, 0xfde0, 0xfde0, 0xf5c0, 0xe560, 0xe560, 0xed80, 0xd4e0, 0xe540, 0xf5a0,
0xf5a0, 0xfde0, 0xfe00, 0xfde0, 0xe540, 0x9380, 0x20e0, 0xa3c0, 0xfe00, 0xfde0,
0xfde0, 0xfde0, 0xfde0, 0xfde0, 0xfde0, 0xfde0, 0xfde0, 0xfde0, 0xf5c0, 0x9380,
0x0840, 0x1060, 0x9b80, 0x7ae0, 0x0840, 0x0000, 0x18a0, 0xa400, 0xb440, 0x7ae0,
0xe560, 0xdd20, 0x3120, 0x0000, 0x0000, 0x0000, 0x0000, 0x0000, 0x0000, 0x1880,
0xb440, 0xfde0, 0xfde0, 0xf5c0, 0x6a60, 0x0020, 0x0000, 0x0000, 0x0000, 0x0000,
0x0000, 0x20e0, 0xc4a0, 0xfde0, 0xfde0, 0xfde0, 0xfe00, 0xc4a0, 0x5200, 0x8b60,
0x6aa0, 0x6240, 0x7b00, 0x5a40, 0x9360, 0xb460, 0x3120, 0x0000, 0x0000, 0x0000,
0x0000, 0x0000, 0x0000, 0x5a20, 0xb460, 0x2900, 0x0000, 0x0000, 0x0000, 0x0000,

0xfe00, 0xfde0, 0xfe00, 0xfde0, 0xfe00, 0xf5a0, 0x6a80, 0x5a20, 0xdd20, 0xbc80,
0x51e0, 0x1080, 0x0000, 0x0000, 0x0000, 0x0000, 0x0000, 0x0000, 0x0000, 0x0000,
0x1060, 0x6240, 0xcce0, 0x8300, 0x0000, 0x0000, 0x0000, 0x0000, 0x0000, 0x0000,
0x3960, 0xbc60, 0x49c0, 0xdd20, 0xfe00, 0xfde0, 0xf5c0, 0x5a20, 0x0000, 0x0000,
0x0000, 0x0000, 0x0000, 0x0000, 0x5a40, 0xfe00, 0xed80, 0xc4c0, 0x7b00, 0x49c1,
0x20c1, 0x6aa0, 0xf5c0, 0xfe00, 0xfde0, 0xf5c0, 0xd500, 0xd500, 0xd520, 0xd500,
0xd500, 0xd520, 0xd520, 0xd500, 0xdd20, 0xd500, 0xdd20, 0xd500, 0xd520, 0xd500,
0xd520, 0xd520, 0xd500, 0xdd20, 0xd500, 0xdd20, 0xd500, 0xd520, 0xd520, 0xa3e0,
0x49c0, 0x7b88, 0xa50e, 0xa50f, 0xa50f, 0xa50f, 0xa50f, 0xa50f, 0xa50f, 0xa52f,
0xa50f, 0xa50f, 0xad2f, 0xa4ee, 0xb570, 0xb570, 0xb550, 0xb550, 0xb550, 0xad50,
0xb570, 0xb550, 0xb570, 0xad4f, 0xad4f, 0xad50, 0xb570, 0xad4f, 0xb550, 0xad4f,
0xb550, 0xad4f, 0xad4f, 0xad4f, 0xad2f, 0xad2f, 0xad2f, 0x62a4, 0x8b40, 0xd520,
0xd520, 0xd500, 0xd520, 0xdd20, 0xd500, 0xdd20, 0xd500, 0xd520, 0xd500, 0xd520,
0xd500, 0xd520, 0xdd20, 0xd500, 0xdd20, 0xd500, 0xd520, 0xd500, 0xd520, 0xd500,
0xd520, 0xdd20, 0xd500, 0xdd20, 0xd500, 0xd520, 0xd500, 0xd520, 0xd500, 0xd520,
0xd500, 0xd500, 0xccc0, 0xccc0, 0xccc0, 0xbc80, 0xccc0, 0xccc0, 0xd500, 0xdd20,
0xd520, 0xd500, 0xccc0, 0xbc60, 0xa3e0, 0x3960, 0x49c0, 0xdd20, 0xfde0, 0xfde0,
0xfde0, 0xfde0, 0xfde0, 0xfde0, 0xfde0, 0xfde0, 0xfde0, 0xfde0, 0xe560, 0x49c0,
0x0000, 0x18a0, 0xb460, 0x5a20, 0x0000, 0x0000, 0x5200, 0xcd00, 0x7ae0, 0xb420,
0xfde0, 0xe560, 0x20e0, 0x0000, 0x0000, 0x0000, 0x0000, 0x0000, 0x0000, 0x18a0,
0xb440, 0xfde0, 0xfde0, 0xdd40, 0x3940, 0x0000, 0x0000, 0x0000, 0x0000, 0x0000,
0x0000, 0x51e0, 0xeda0, 0xfde0, 0xfde0, 0xfde0, 0xfde0, 0x8b20, 0x7b00, 0xf5e0,
0xf5e0, 0xcd00, 0x6aa0, 0x20c0, 0x5200, 0x41a0, 0x0840, 0x0000, 0x0000, 0x0000,
0x0000, 0x0000, 0x1880, 0x8b60, 0x6280, 0x0020, 0x0000, 0x0000, 0x0000, 0x0000,

0xfe00, 0xfde0, 0xfe00, 0xfde0, 0xf5c0, 0x9380, 0x6a60, 0xd4e0, 0xa3e0, 0x20e0,
0x0000, 0x0000, 0x0000, 0x0000, 0x0000, 0x0000, 0x0000, 0x0000, 0x0000, 0x0000,
0x0000, 0x0840, 0x8b40, 0xc4a0, 0x0020, 0x0000, 0x0000, 0x0000, 0x0000, 0x0000,
0x1080, 0xa3e0, 0x6a80, 0xa3c0, 0xfde0, 0xfe00, 0xf5c0, 0x5200, 0x0000, 0x0000,
0x0000, 0x0000, 0x0000, 0x0000, 0x51e0, 0x93a0, 0x6261, 0x3162, 0x4228, 0x6b6e,
0x73af, 0x3140, 0xdd20, 0xfe00, 0xfde0, 0xe540, 0x6aa0, 0x7ae1, 0x7b00, 0x8300,
0x8300, 0x8320, 0x8300, 0x8320, 0x8320, 0x8300, 0x8320, 0x8300, 0x8320, 0x8300,
0x8320, 0x8300, 0x8320, 0x8320, 0x8320, 0x8320, 0x8320, 0x8320, 0x8320, 0x8320,
0x8320, 0x8320, 0x8320, 0x8320, 0x8320, 0x8320, 0x8300, 0x8320, 0x8300, 0x8320,
0x8300, 0x8320, 0x8300, 0x8320, 0x8320, 0x8320, 0x8320, 0x8320, 0x8320, 0x8320,
0x8320, 0x8300, 0x8320, 0x8320, 0x8320, 0x8300, 0x8320, 0x8300, 0x8320, 0x8320,
0x8320, 0x8320, 0x8320, 0x8320, 0x8300, 0x8320, 0x8300, 0x8300, 0x8320, 0x8300,
0x8320, 0x8320, 0x8320, 0x8320, 0x8320, 0x8320, 0x8300, 0x8320, 0x8300, 0x8320,
0x8320, 0x8320, 0x8320, 0x8320, 0x8320, 0x8300, 0x8320, 0x8300, 0x8320, 0x8320,
0x8320, 0x8320, 0x8320, 0x8320, 0x8300, 0x8320, 0x8300, 0x8320, 0x8320, 0x8300,
0x8320, 0x8300, 0x8320, 0x8300, 0x8300, 0x8320, 0x8320, 0x8320, 0x8320, 0x8320,
0x8320, 0x8300, 0x8320, 0x8300, 0x6260, 0x18a0, 0x8b20, 0xf5c0, 0xfde0, 0xfde0,
0xfde0, 0xfde0, 0xfde0, 0xfde0, 0xfde0, 0xfde0, 0xfde0, 0xfde0, 0xb440, 0x20c0,
0x0000, 0x3140, 0xbc80, 0x4180, 0x0000, 0x0840, 0x93a0, 0xbca0, 0x6aa0, 0xdd40,
0xfe00, 0xdd40, 0x20c0, 0x0000, 0x0000, 0x0000, 0x0000, 0x0000, 0x0000, 0x18a0,
0xb440, 0xfde0, 0xfde0, 0xbc60, 0x1880, 0x0000, 0x0000, 0x0000, 0x0000, 0x0000,
0x0840, 0x8b40, 0xf5c0, 0xfde0, 0xfde0, 0xfde0, 0xfdc0, 0xbc60, 0xccc0, 0xfe00,
0xfe00, 0xf5e0, 0x8340, 0x72a0, 0x93a0, 0x1080, 0x0000, 0x0000, 0x0000, 0x0000,
0x0000, 0x0000, 0x3960, 0x9380, 0x28e0, 0x0000, 0x0000, 0x0000, 0x0000, 0x0000,

0xfe00, 0xfde0, 0xfe00, 0xfde0, 0xc480, 0x3960, 0xd4e0, 0xb440, 0x20c0, 0x0000,
0x0000, 0x0000, 0x0000, 0x0000, 0x0000, 0x0000, 0x0000, 0x0000, 0x0000, 0x0000,
0x0000, 0x0000, 0x51e0, 0xcce0, 0x3960, 0x0000, 0x0000, 0x0000, 0x0000, 0x0000,
0x0000, 0x72a0, 0xa3e0, 0x6260, 0xed80, 0xfe00, 0xf5a0, 0x49c0, 0x0000, 0x0000,
0x0000, 0x0000, 0x0000, 0x0000, 0x1081, 0x3185, 0x52ab, 0x8472, 0xadb7, 0xb619,
0xa5b8, 0x2103, 0xa3e0, 0xfe00, 0xfde0, 0xd500, 0x41a0, 0x5a40, 0x72c0, 0x7ae0,
0x72e0, 0x7ae0, 0x7ae0, 0x72e0, 0x72e0, 0x72e0, 0x72e0, 0x72e0, 0x72e0, 0x7ae0,
0x7ae0, 0x7ae0, 0x7ae0, 0x7ae0, 0x7b00, 0x72e0, 0x7ae0, 0x7ae0, 0x7ae0, 0x7ae0,
0x7ae0, 0x7ae0, 0x7ae0, 0x7ae0, 0x7ae0, 0x7ae0, 0x7ae0, 0x7ae0, 0x7ae0, 0x7ae0,
0x7ae0, 0x7ae0, 0x7ae0, 0x7ae0, 0x7ae0, 0x7ae0, 0x7ae0, 0x7ae0, 0x7ae0, 0x7ae0,
0x7ae0, 0x7ae0, 0x7ae0, 0x7ae0, 0x7ae0, 0x72e0, 0x72e0, 0x72e0, 0x7ae0, 0x7ae0,
0x7ae0, 0x7ae0, 0x7ae0, 0x7ae0, 0x7ae0, 0x7ae0, 0x7ae0, 0x7ae0, 0x7ae0, 0x7ae0,
0x7ae0, 0x7ae0, 0x7ae0, 0x7ae0, 0x7ae0, 0x7ae0, 0x7ae0, 0x7ae0, 0x72e0, 0x7ae0,
0x72e0, 0x7ae0, 0x72e0, 0x7ae0, 0x7ae0, 0x7ae0, 0x7ae0, 0x72e0, 0x7ae0, 0x7ae0,
0x7ae0, 0x7ae0, 0x7ae0, 0x7ae0, 0x7ae0, 0x7ae0, 0x7ae0, 0x7ae0, 0x7ae0, 0x72e0,
0x7ae0, 0x7ae0, 0x7ae0, 0x72e0, 0x72e0, 0x72e0, 0x7ae0, 0x7ae0, 0x7b00, 0x72e0,
0x7ae0, 0x7ae0, 0x7ae0, 0x72c0, 0x4180, 0x20e0, 0xccc0, 0xfe00, 0xfde0, 0xfde0,
0xfde0, 0xfde0, 0xfde0, 0xfde0, 0xfde0, 0xfde0, 0xfde0, 0xf5e0, 0x72a0, 0x0820,
0x0000, 0x51e0, 0xb460, 0x2900, 0x0000, 0x2900, 0xc4e0, 0x9380, 0x8b40, 0xf5c0,
0xfde0, 0xd500, 0x20e0, 0x0000, 0x0000, 0x0000, 0x0000, 0x0000, 0x0000, 0x18a0,
0xbc60, 0xfe00, 0xf5c0, 0x9360, 0x0000, 0x0000, 0x0000, 0x0000, 0x0000, 0x0000,
0x20c0, 0xb460, 0xfde0, 0xfde0, 0xfde0, 0xfde0, 0xfde0, 0xfde0, 0xfde0, 0xfde0,
0xfde0, 0xdd60, 0x6260, 0xb440, 0x9be0, 0x1060, 0x0000, 0x0000, 0x0000, 0x0000,
0x0000, 0x0000, 0x6a80, 0x8300, 0x0820, 0x0000, 0x0000, 0x0000, 0x0000, 0x0000,

0xfe00, 0xfde0, 0xfe00, 0xf5c0, 0x6a80, 0x9ba0, 0xd4e0, 0x2900, 0x0000, 0x0000,
0x0000, 0x0000, 0x0000, 0x0000, 0x0000, 0x0000, 0x0000, 0x0000, 0x0000, 0x0000,
0x0000, 0x0000, 0x1880, 0xb440, 0x8300, 0x0020, 0x0000, 0x0000, 0x0000, 0x0000,
0x0000, 0x2900, 0xccc0, 0x41a0, 0xccc0, 0xfe00, 0xed80, 0x49c0, 0x0000, 0x0000,
0x0000, 0x0000, 0x0000, 0x0020, 0x4a8a, 0xa597, 0xb61a, 0xadf9, 0xa5d9, 0x9d98,
0x9d98, 0x52ec, 0x5200, 0xf5c0, 0xfe00, 0xd500, 0x41a0, 0x7b00, 0xa3e0, 0xb420,
0xb440, 0xb440, 0xb420, 0xb440, 0xac00, 0xa3e0, 0x9ba0, 0xa3e0, 0xac00, 0xac20,
0xb420, 0xb420, 0xb420, 0xb420, 0xb420, 0xb420, 0xb420, 0xb420, 0xb420, 0xb420,
0xb420, 0xb420, 0xb420, 0xb440, 0xb420, 0xb440, 0xb420, 0xb440, 0xb440, 0xb440,
0xb420, 0xb440, 0xb440, 0xb440, 0xb440, 0xb440, 0xb440, 0xb440, 0xb440, 0xb440,
0xb440, 0xb440, 0xb420, 0xb420, 0xac00, 0xa3e0, 0xa3e0, 0xa3e0, 0xac00, 0xac20,
0xb420, 0xb420, 0xb420, 0xb440, 0xb420, 0xb440, 0xb440, 0xb440, 0xb440, 0xb440,
0xb440, 0xb440, 0xb440, 0xb420, 0xb420, 0xb420, 0xb420, 0xb420, 0xac20, 0xac00,
0xac00, 0xa3e0, 0xa3e0, 0xa3e0, 0xa3e0, 0xa3e0, 0xac00, 0xac20, 0xb420, 0xb420,
0xb420, 0xb420, 0xb440, 0xb420, 0xb420, 0xb420, 0xb420, 0xb420, 0xb420, 0xac20,
0xac20, 0xac00, 0xa3e0, 0xac00, 0xb420, 0xb420, 0xb440, 0xb420, 0xb420, 0xb420,
0xb420, 0xb420, 0xb420, 0x8b40, 0x3120, 0x6a80, 0xeda0, 0xfde0, 0xfde0, 0xfde0,
0xfde0, 0xfde0, 0xfde0, 0xfde0, 0xfde0, 0xfde0, 0xfde0, 0xd500, 0x28e0, 0x0000,
0x0000, 0x8340, 0xa400, 0x0840, 0x0820, 0x6aa0, 0xcd00, 0x72a0, 0xc4a0, 0xfe00,
0xfe00, 0xd4e0, 0x20c0, 0x0000, 0x0000, 0x0000, 0x0000, 0x0000, 0x0000, 0x20c0,
0xbc60, 0xfde0, 0xed80, 0x6240, 0x0000, 0x0000, 0x0000, 0x0000, 0x0000, 0x0000,
0x4180, 0xe540, 0xfe00, 0xfde0, 0xfde0, 0xfde0, 0xfde0, 0xfde0, 0xfde0, 0xfde0,
0xf5c0, 0x9bc0, 0x6a60, 0xcd20, 0x5a20, 0x0000, 0x0000, 0x0000, 0x0000, 0x0000,
0x0000, 0x0840, 0x41a0, 0x2900, 0x0000, 0x0000, 0x0000, 0x0000, 0x0000, 0x0000,

0xfe00, 0xfde0, 0xfe00, 0xbc60, 0x5200, 0xdd20, 0x7ae0, 0x0820, 0x0000, 0x0000,
0x0000, 0x0000, 0x0000, 0x0000, 0x0000, 0x0000, 0x0000, 0x0000, 0x0000, 0x0000,
0x0000, 0x0000, 0x0020, 0x6aa0, 0xc4a0, 0x18c0, 0x0000, 0x0000, 0x0000, 0x0000,
0x0000, 0x0840, 0x9380, 0x8300, 0x8b40, 0xfde0, 0xf5a0, 0x3980, 0x0000, 0x0000,
0x0000, 0x0000, 0x0000, 0x0020, 0x636e, 0xadd9, 0xa5b8, 0x9d98, 0x9d98, 0xa5b8,
0xa5d9, 0x7c73, 0x3962, 0xccc0, 0xfe00, 0xd500, 0x51e0, 0x9bc0, 0xccc0, 0xe540,
0xe540, 0xe540, 0xe540, 0xdd20, 0xcce0, 0xbc60, 0xb420, 0xb440, 0xccc0, 0xcce0,
0xd500, 0xd500, 0xd500, 0xd4e0, 0xd500, 0xd4e0, 0xd500, 0xd4e0, 0xd500, 0xd520,
0xdd40, 0xe540, 0xe540, 0xe540, 0xe560, 0xe540, 0xe560, 0xe560, 0xe540, 0xe560,
0xe540, 0xe560, 0xe540, 0xe560, 0xe540, 0xe560, 0xe560, 0xe560, 0xe540, 0xe540,
0xe540, 0xe540, 0xdd40, 0xdd20, 0xccc0, 0xbc60, 0xb440, 0xb440, 0xbc80, 0xccc0,
0xd500, 0xdd40, 0xdd40, 0xe540, 0xe540, 0xe540, 0xe560, 0xe540, 0xe560, 0xe560,
0xe540, 0xe560, 0xe540, 0xe540, 0xe540, 0xdd40, 0xdd20, 0xd500, 0xccc0, 0xbc80,
0xbc60, 0xb440, 0xb420, 0xb440, 0xb440, 0xbc80, 0xc4a0, 0xccc0, 0xd500, 0xdd20,
0xdd20, 0xd500, 0xd500, 0xd4e0, 0xd4e0, 0xd500, 0xd500, 0xd4e0, 0xd500, 0xcce0,
0xccc0, 0xbc80, 0xbc60, 0xc4a0, 0xd500, 0xdd40, 0xe540, 0xe540, 0xdd40, 0xd500,
0xd500, 0xd4e0, 0xd500, 0x7b00, 0x20e0, 0xb420, 0xfde0, 0xfde0, 0xfde0, 0xfde0,
0xfde0, 0xfde0, 0xfde0, 0xfde0, 0xfde0, 0xfde0, 0xfde0, 0x9380, 0x28e0, 0x1060,
0x20e0, 0xa400, 0x7b00, 0x0000, 0x20c0, 0xac20, 0xac00, 0x8300, 0xed80, 0xfe00,
0xfde0, 0xd500, 0x1060, 0x0000, 0x0000, 0x0000, 0x0000, 0x0000, 0x0000, 0x20c0,
0xbc60, 0xfe00, 0xd520, 0x3980, 0x0000, 0x0000, 0x0000, 0x0000, 0x0000, 0x0000,
0x6a60, 0xed80, 0xfe00, 0xfde0, 0xfde0, 0xfde0, 0xfde0, 0xfde0, 0xfde0, 0xfde0,
0xdd20, 0x6260, 0xac40, 0xb440, 0x18a0, 0x0000, 0x0000, 0x0000, 0x0000, 0x0000,
0x0000, 0x41a0, 0x41a0, 0x0820, 0x0000, 0x0000, 0x0000, 0x0000, 0x0000, 0x0000,

0xfe00, 0xfde0, 0xfe00, 0x7ae0, 0x8300, 0xdd40, 0x20e0, 0x0000, 0x0000, 0x0000,
0x0000, 0x0000, 0x0000, 0x0000, 0x0000, 0x0000, 0x0000, 0x0000, 0x0000, 0x0000,
0x0000, 0x0000, 0x0000, 0x3120, 0xd500, 0x51e0, 0x0000, 0x0000, 0x0000, 0x0000,
0x0000, 0x0000, 0x5200, 0xb420, 0x6260, 0xe560, 0xe580, 0x4180, 0x0000, 0x0000,
0x0000, 0x0000, 0x0000, 0x0020, 0x636e, 0xa598, 0xa5b8, 0xa5b8, 0xa5d9, 0xa5d9,
0xa5d9, 0x9d77, 0x3185, 0x8b60, 0xfe00, 0xd500, 0x5a00, 0xac20, 0xe540, 0xfdc0,
0xf5c0, 0xf5c0, 0xf5c0, 0xed80, 0xd4e0, 0xb440, 0xa3c0, 0xac00, 0xbc80, 0xccc0,
0xccc0, 0xcce0, 0xccc0, 0xccc0, 0xccc0, 0xccc0, 0xccc0, 0xccc0, 0xcce0, 0xdd20,
0xe580, 0xf5a0, 0xfde0, 0xf5c0, 0xfde0, 0xf5c0, 0xfde0, 0xf5c0, 0xfde0, 0xfdc0,
0xfdc0, 0xfde0, 0xf5c0, 0xfde0, 0xf5c0, 0xfde0, 0xf5c0, 0xfde0, 0xfdc0, 0xfdc0,
0xfdc0, 0xf5a0, 0xed80, 0xe540, 0xcce0, 0xb460, 0xac00, 0xac00, 0xb440, 0xbc80,
0xd4e0, 0xe540, 0xed80, 0xf5c0, 0xfde0, 0xf5c0, 0xfde0, 0xf5c0, 0xfde0, 0xfdc0,
0xfdc0, 0xfdc0, 0xfdc0, 0xfdc0, 0xf5c0, 0xed80, 0xe540, 0xcce0, 0xbc80, 0xb440,
0xac00, 0xa3e0, 0xa3e0, 0xa3e0, 0xa3e0, 0xac00, 0xb440, 0xc480, 0xcce0, 0xd500,
0xdd20, 0xd500, 0xcce0, 0xccc0, 0xccc0, 0xccc0, 0xccc0, 0xccc0, 0xccc0, 0xc4a0,
0xbc80, 0xac00, 0xac00, 0xbc60, 0xd500, 0xe580, 0xfdc0, 0xf5a0, 0xed80, 0xdd20,
0xd4e0, 0xcce0, 0xccc0, 0x7ae0, 0x49c0, 0xed80, 0xfde0, 0xfde0, 0xfde0, 0xfde0,
0xfde0, 0xfde0, 0xfde0, 0xfde0, 0xfde0, 0xfde0, 0xf5c0, 0x6240, 0x9380, 0x8320,
0x6a80, 0xac40, 0x49c0, 0x0000, 0x49e0, 0xd520, 0x7ae0, 0xac00, 0xfde0, 0xfe00,
0xfde0, 0xc4a0, 0x18a0, 0x0000, 0x0000, 0x0000, 0x0000, 0x0000, 0x0000, 0x18a0,
0xbc60, 0xfde0, 0xc4a0, 0x20c0, 0x0000, 0x0000, 0x0000, 0x0000, 0x0000, 0x0000,
0x8b60, 0xf5a0, 0xfde0, 0xfde0, 0xfde0, 0xfde0, 0xfde0, 0xfde0, 0xfe00, 0xfde0,
0xa3c0, 0x6a80, 0xcd00, 0x6a80, 0x0820, 0x0000, 0x0000, 0x0000, 0x0000, 0x0000,
0x0820, 0x9360, 0x5a00, 0x0000, 0x0000, 0x0000, 0x0000, 0x0000, 0x0000, 0x0840,

0xfe00, 0xfde0, 0xf5c0, 0x49c0, 0xbc80, 0xa3e0, 0x0000, 0x0000, 0x0000, 0x0000,
0x0000, 0x0000, 0x0000, 0x0000, 0x0000, 0x0000, 0x0000, 0x0000, 0x0000, 0x0000,
0x0000, 0x0000, 0x0000, 0x0840, 0xac00, 0x9ba0, 0x0820, 0x0000, 0x0000, 0x0000,
0x0000, 0x0000, 0x1060, 0xc480, 0x5a40, 0xb440, 0xed80, 0x3980, 0x0000, 0x0000,
0x0000, 0x0000, 0x0000, 0x0841, 0x6baf, 0xadd9, 0xa5d9, 0xa5b8, 0xa5b8, 0x9d98,
0x9d98, 0xa598, 0x634d, 0x3960, 0xfde0, 0xd500, 0x5a20, 0xb420, 0xe560, 0xf5c0,
0xfe00, 0xfde0, 0xfde0, 0xe580, 0xc4a0, 0x9bc0, 0x8320, 0x8b60, 0x9bc0, 0xac00,
0xac00, 0xac00, 0xac00, 0xac00, 0xac00, 0xa3e0, 0xa3e0, 0xac00, 0xb420, 0xc4a0,
0xdd20, 0xed80, 0xf5c0, 0xf5c0, 0xfde0, 0xfde0, 0xfde0, 0xfde0, 0xfde0, 0xfde0,
0xfe00, 0xfde0, 0xfe00, 0xfde0, 0xfe00, 0xfde0, 0xfde0, 0xfde0, 0xfde0, 0xf5a0,
0xe560, 0xdd20, 0xcce0, 0xbc80, 0xac20, 0x9ba0, 0x9380, 0x9380, 0x9ba0, 0xa3c0,
0xac20, 0xc4a0, 0xdd20, 0xe580, 0xf5c0, 0xfde0, 0xfde0, 0xfde0, 0xfde0, 0xfde0,
0xfde0, 0xfde0, 0xfde0, 0xfdc0, 0xed80, 0xdd20, 0xc480, 0xac20, 0xa3e0, 0x9ba0,
0x9360, 0x8b40, 0x8b40, 0x8320, 0x8320, 0x8b40, 0x9360, 0x9ba0, 0xac00, 0xb440,
0xb440, 0xac00, 0xa3e0, 0xa3e0, 0xac00, 0xac00, 0xac00, 0xac00, 0xac00, 0xa3e0,
0x9bc0, 0x8b40, 0x8b40, 0xa3e0, 0xccc0, 0xe580, 0xfde0, 0xf5c0, 0xe560, 0xccc0,
0xb440, 0xac00, 0xac00, 0xa3e0, 0x9bc0, 0xccc0, 0xdd40, 0xeda0, 0xfdc0, 0xfde0,
0xfde0, 0xfde0, 0xfde0, 0xfde0, 0xfde0, 0xfde0, 0xccc0, 0x49c0, 0xd520, 0x9360,
0xc4c0, 0x9380, 0x1080, 0x1060, 0x93a0, 0xc4a0, 0x72a0, 0xdd20, 0xfe00, 0xfde0,
0xfde0, 0xc4a0, 0x1880, 0x0000, 0x0000, 0x0000, 0x0000, 0x0000, 0x0000, 0x20c0,
0xbc60, 0xfde0, 0xabe0, 0x1060, 0x0000, 0x0000, 0x0000, 0x0000, 0x0000, 0x0820,
0xac20, 0xfde0, 0xfde0, 0xfde0, 0xfde0, 0xfde0, 0xfde0, 0xfde0, 0xfe00, 0xd500,
0x6260, 0xac40, 0xac20, 0x20c0, 0x0000, 0x0000, 0x0000, 0x0000, 0x0000, 0x0000,
0x3960, 0x9ba0, 0x28e0, 0x0000, 0x0000, 0x0000, 0x0000, 0x0000, 0x0000, 0x18a0,

0xfe00, 0xfde0, 0xdd20, 0x49e0, 0xd500, 0x6a80, 0x0000, 0x0000, 0x0000, 0x0000,
0x0000, 0x0000, 0x0000, 0x0000, 0x0000, 0x0000, 0x0000, 0x0000, 0x0000, 0x0000,
0x0000, 0x0000, 0x0000, 0x0000, 0x6aa0, 0xc4a0, 0x2900, 0x0000, 0x0000, 0x0000,
0x0000, 0x0000, 0x0000, 0x9b80, 0x8320, 0x72c0, 0xe560, 0x3140, 0x0000, 0x0000,
0x0000, 0x0000, 0x0000, 0x0841, 0x73f0, 0xa5b8, 0xa5b8, 0x9d98, 0x9d98, 0xa5d9,
0xadf9, 0xadf9, 0x8cd4, 0x2922, 0xccc0, 0xd4e0, 0x5a20, 0xb440, 0xe560, 0xfde0,
0xfde0, 0xfde0, 0xfde0, 0xed80, 0xcce0, 0xa3e0, 0x8b40, 0x8b60, 0x9380, 0x9360,
0x8b60, 0x8b60, 0x8b60, 0x8b60, 0x8b60, 0x8b60, 0x8b60, 0x8b60, 0x9380, 0xa3e0,
0xb440, 0xcca0, 0xd4e0, 0xdd20, 0xe560, 0xeda0, 0xfde0, 0xfde0, 0xfde0, 0xfde0,
0xfde0, 0xfde0, 0xfde0, 0xfde0, 0xfde0, 0xfde0, 0xfde0, 0xf5c0, 0xed80, 0xd500,
0xbc60, 0xa3e0, 0x8b40, 0x7ae0, 0x6aa0, 0x6a80, 0x6a80, 0x72a0, 0x7b00, 0x8b40,
0x9380, 0xa3e0, 0xbc60, 0xd4e0, 0xed80, 0xf5c0, 0xfde0, 0xfde0, 0xfde0, 0xfe00,
0xfde0, 0xfde0, 0xfde0, 0xed60, 0xd4e0, 0xbc60, 0xa3e0, 0x9ba0, 0x8b40, 0x8300,
0x72a0, 0x6260, 0x5a40, 0x5a20, 0x5a40, 0x6240, 0x6a80, 0x7ae0, 0x8b40, 0x9360,
0x9380, 0x9360, 0x9380, 0x9ba0, 0x9380, 0x9360, 0x8b60, 0x8b60, 0x8b60, 0x9360,
0x9360, 0x8b20, 0x8b40, 0xac00, 0xcce0, 0xed80, 0xfde0, 0xf5c0, 0xe560, 0xc480,
0xa3e0, 0x9380, 0x8b60, 0x8b60, 0x8b60, 0x8b40, 0x9360, 0xa3e0, 0xcce0, 0xeda0,
0xfde0, 0xfde0, 0xfde0, 0xfde0, 0xfde0, 0xed80, 0x7ae0, 0x3960, 0xb460, 0xc4e0,
0xbc80, 0x4180, 0x0000, 0x3120, 0xbca0, 0x9380, 0x9380, 0xf5c0, 0xfe00, 0xfde0,
0xfde0, 0xccc0, 0x0840, 0x0000, 0x0000, 0x0000, 0x0000, 0x0000, 0x0000, 0x20e0,
0xbc80, 0xfde0, 0x8b60, 0x0840, 0x0000, 0x0000, 0x0000, 0x0000, 0x0000, 0x1080,
0xbc60, 0xfde0, 0xfde0, 0xfde0, 0xfde0, 0xfde0, 0xfde0, 0xfe00, 0xf5c0, 0x8b40,
0x7ae0, 0xd520, 0x5200, 0x0000, 0x0000, 0x0000, 0x0000, 0x0000, 0x0000, 0x0840,
0x8340, 0x7ae0, 0x1060, 0x0000, 0x0000, 0x0000, 0x0000, 0x0000, 0x0840, 0x6260,

0xfe00, 0xfde0, 0xbc80, 0x51e0, 0xdd20, 0x4180, 0x0000, 0x0000, 0x0000, 0x0000,
0x0000, 0x0000, 0x0000, 0x0000, 0x0000, 0x0020, 0x18a0, 0x20e0, 0x20c0, 0x0840,
0x0000, 0x0000, 0x0000, 0x0000, 0x3120, 0xccc0, 0x5a40, 0x0000, 0x0000, 0x0000,
0x0000, 0x0000, 0x0000, 0x49c0, 0xb440, 0x49c0, 0xd4e0, 0x3140, 0x0000, 0x0000,
0x0000, 0x0000, 0x0000, 0x0000, 0x530d, 0x9d78, 0xa5b8, 0xa5d9, 0xadf9, 0xae19,
0xadf9, 0xadf9, 0xa5b8, 0x3a08, 0x72a0, 0x7ae0, 0x5a20, 0xb440, 0xe560, 0xfde0,
0xfde0, 0xfde0, 0xfde0, 0xf5a0, 0xdd20, 0xb440, 0x93a0, 0x9380, 0x8b40, 0x7ae0,
0x6a80, 0x6260, 0x6260, 0x6260, 0x6260, 0x6260, 0x6260, 0x6260, 0x6a80, 0x72a0,
0x7ae0, 0x8b40, 0x9360, 0xa3e0, 0xbc60, 0xd4e0, 0xe560, 0xf5c0, 0xfde0, 0xfde0,
0xfde0, 0xfe00, 0xfde0, 0xfde0, 0xfde0, 0xfde0, 0xf5c0, 0xe560, 0xccc0, 0x9bc0,
0x7ae0, 0x5a20, 0x41a0, 0x3140, 0x3120, 0x3120, 0x3140, 0x4180, 0x5200, 0x6a80,
0x7b00, 0x9360, 0xa3c0, 0xb440, 0xd500, 0xe560, 0xf5c0, 0xfde0, 0xfde0, 0xfde0,
0xfde0, 0xfdc0, 0xed80, 0xd500, 0xbc60, 0xa3e0, 0x9380, 0x8320, 0x72a0, 0x5200,
0x4180, 0x3120, 0x2920, 0x2900, 0x2920, 0x3120, 0x4180, 0x51e0, 0x6a60, 0x7ae0,
0x8320, 0x8b60, 0x9380, 0x9380, 0x8320, 0x72a0, 0x6a60, 0x6260, 0x6a80, 0x72c0,
0x8320, 0x8b20, 0x9380, 0xbc60, 0xdd40, 0xf5c0, 0xfde0, 0xfdc0, 0xdd40, 0xb460,
0x8b60, 0x72a0, 0x6260, 0x6260, 0x6260, 0x6260, 0x6a80, 0x7ae0, 0xa3e0, 0xd4e0,
0xed80, 0xfdc0, 0xfde0, 0xfde0, 0xfde0, 0xd500, 0x3120, 0x0840, 0x2900, 0x5200,
0x3140, 0x0020, 0x0020, 0x6aa0, 0xc4e0, 0x6aa0, 0xccc0, 0xfde0, 0xfe00, 0xfde0,
0xfde0, 0xc480, 0x1060, 0x0000, 0x0000, 0x0000, 0x0000, 0x0000, 0x0000, 0x20c0,
0xc480, 0xf5e0, 0x7ae0, 0x0020, 0x0000, 0x0000, 0x0000, 0x0000, 0x0000, 0x18a0,
0xc4c0, 0xfde0, 0xfde0, 0xfde0, 0xfde0, 0xfde0, 0xfde0, 0xfde0, 0xc4a0, 0x5200,
0xbc80, 0xa400, 0x1880, 0x0000, 0x0000, 0x0000, 0x0000, 0x0000, 0x0000, 0x2900,
0xc4c0, 0x3980, 0x0000, 0x0000, 0x0000, 0x0000, 0x0000, 0x0000, 0x3120, 0xcce0,

0xfe00, 0xfde0, 0x9ba0, 0x72c0, 0xccc0, 0x28e0, 0x0000, 0x0000, 0x0000, 0x0000,
0x0000, 0x0000, 0x0000, 0x0000, 0x18a0, 0x8b60, 0xd500, 0xf5c0, 0xe580, 0xbc80,
0x6a80, 0x18a0, 0x0000, 0x0000, 0x1060, 0x9360, 0xbc80, 0x0000, 0x0000, 0x0000,
0x0000, 0x0000, 0x0000, 0x18a0, 0xac00, 0x6260, 0x9ba0, 0x3120, 0x0000, 0x0000,
0x0000, 0x0000, 0x0000, 0x0000, 0x2104, 0xadd8, 0xadf9, 0xadf9, 0xadf9, 0xadf9,
0xadf9, 0xae19, 0xadf9, 0x7411, 0x1060, 0x2922, 0x5a20, 0xb420, 0xe560, 0xfde0,
0xfde0, 0xfde0, 0xfde0, 0xf5c0, 0xe560, 0xc4a0, 0xa3c0, 0x9380, 0x72c0, 0x49c0,
0x3140, 0x2920, 0x2900, 0x3120, 0x2900, 0x2920, 0x2900, 0x2900, 0x2920, 0x2920,
0x3120, 0x3940, 0x4180, 0x49e0, 0x6a80, 0x9360, 0xbc60, 0xe540, 0xf5c0, 0xfde0,
0xfde0, 0xfde0, 0xfde0, 0xfde0, 0xfde0, 0xf5c0, 0xdd40, 0xbc60, 0x8b40, 0x5a20,
0x3140, 0x18a0, 0x0840, 0x0820, 0x0820, 0x0820, 0x0840, 0x1060, 0x20c0, 0x3940,
0x5200, 0x7ae0, 0x9360, 0x9bc0, 0xb440, 0xd4e0, 0xe580, 0xfde0, 0xfde0, 0xfde0,
0xfde0, 0xed80, 0xdd20, 0xb440, 0x9bc0, 0x9380, 0x7ae0, 0x5a20, 0x3960, 0x20c0,
0x1080, 0x0840, 0x0820, 0x0820, 0x0820, 0x0840, 0x1080, 0x20c0, 0x3940, 0x51e0,
0x72c0, 0x9380, 0xa3c0, 0x9360, 0x6240, 0x3960, 0x2900, 0x3120, 0x3120, 0x4180,
0x6260, 0x8320, 0x9ba0, 0xc4c0, 0xed80, 0xfde0, 0xfde0, 0xf5a0, 0xd500, 0x9ba0,
0x5a20, 0x3960, 0x2920, 0x2900, 0x3120, 0x3140, 0x49c0, 0x72c0, 0xb440, 0xdd40,
0xfdc0, 0xfde0, 0xfde0, 0xfde0, 0xfde0, 0xc480, 0x3120, 0x0840, 0x0000, 0x0000,
0x0000, 0x0000, 0x18a0, 0xbc80, 0xa3e0, 0x7ae0, 0xf5a0, 0xfe00, 0xfde0, 0xfde0,
0xfde0, 0xb460, 0x1060, 0x0000, 0x0000, 0x0000, 0x0000, 0x0000, 0x0000, 0x20e0,
0xc480, 0xf5c0, 0x6a80, 0x0000, 0x0000, 0x0000, 0x0000, 0x0000, 0x0000, 0x0840,
0xd500, 0xfe00, 0xfde0, 0xfde0, 0xfde0, 0xfde0, 0xfde0, 0xcce0, 0x6240, 0x9be0,
0xc4a0, 0x3960, 0x0000, 0x0000, 0x0000, 0x0000, 0x0000, 0x0000, 0x0840, 0x7b00,
0xb480, 0x18a0, 0x0000, 0x0000, 0x0000, 0x0000, 0x0000, 0x0020, 0x6aa0, 0xeda0,

0xfe00, 0xfde0, 0x8300, 0x8b40, 0xc4a0, 0x1880, 0x0000, 0x0000, 0x0000, 0x0000,
0x0000, 0x0000, 0x0000, 0x1060, 0x8b40, 0xf5c0, 0xeda0, 0xf5c0, 0xfe00, 0xfe00,
0xf5a0, 0xc480, 0x5a00, 0x0840, 0x0000, 0x5200, 0xd4e0, 0x2900, 0x0000, 0x0000,
0x0000, 0x0000, 0x0000, 0x0000, 0x7b00, 0x9ba0, 0x5a00, 0x20e0, 0x0000, 0x0000,
0x0000, 0x0000, 0x0000, 0x1060, 0x3140, 0x8cb3, 0xadf9, 0xadf9, 0xae19, 0xae19,
0xadf9, 0xadf9, 0xadf9, 0xa597, 0x2945, 0x634d, 0x5a20, 0xb420, 0xe560, 0xfde0,
0xfde0, 0xfde0, 0xfde0, 0xfde0, 0xe560, 0xc4c0, 0xa3c0, 0x8b60, 0x6a80, 0x3140,
0x1080, 0x0840, 0x0840, 0x0840, 0x0840, 0x0840, 0x0840, 0x0840, 0x0840, 0x0840,
0x0840, 0x1060, 0x1060, 0x1880, 0x3120, 0x51e0, 0x8300, 0xbc80, 0xdd40, 0xf5c0,
0xfde0, 0xfde0, 0xfde0, 0xfde0, 0xfdc0, 0xe560, 0xbc80, 0x8320, 0x5200, 0x20e0,
0x1060, 0x0000, 0x0000, 0x0000, 0x0000, 0x0000, 0x0000, 0x0000, 0x0820, 0x1880,
0x2900, 0x5a00, 0x7ae0, 0x9380, 0xa3e0, 0xbc60, 0xdd20, 0xf5a0, 0xfde0, 0xfde0,
0xf5c0, 0xdd40, 0xbc80, 0xa3e0, 0x9380, 0x7ae0, 0x5200, 0x3140, 0x1080, 0x0840,
0x0000, 0x0000, 0x0000, 0x0000, 0x0000, 0x0000, 0x0000, 0x0840, 0x1080, 0x2900,
0x49e0, 0x7b00, 0x93a0, 0x8320, 0x49c0, 0x20c0, 0x1060, 0x0840, 0x1080, 0x20e0,
0x5200, 0x7b00, 0xa3c0, 0xc4c0, 0xed80, 0xfde0, 0xfde0, 0xed80, 0xc480, 0x72c0,
0x3940, 0x1080, 0x1060, 0x0820, 0x1060, 0x18a0, 0x41a0, 0x8320, 0xccc0, 0xed80,
0xfde0, 0xfde0, 0xfde0, 0xfde0, 0xfde0, 0xeda0, 0xc480, 0x7ae0, 0x3960, 0x1880,
0x0020, 0x0000, 0x4180, 0xd520, 0x7b00, 0xac00, 0xfe00, 0xfde0, 0xfde0, 0xfde0,
0xfde0, 0xbc80, 0x0840, 0x0000, 0x0000, 0x0000, 0x0000, 0x0000, 0x0000, 0x20e0,
0xc4a0, 0xeda0, 0x6240, 0x0000, 0x0000, 0x0000, 0x0000, 0x0000, 0x0000, 0x1880,
0xbc80, 0xfde0, 0xf5c0, 0xb440, 0xd500, 0xfde0, 0xdd20, 0x72a0, 0x7ae0, 0xd500,
0x6a80, 0x0820, 0x0000, 0x0000, 0x0000, 0x0000, 0x0000, 0x0000, 0x3960, 0xbc80,
0x8b60, 0x0840, 0x0000, 0x0000, 0x0000, 0x0000, 0x0000, 0x1880, 0xa3e0, 0xe580,

0xfde0, 0xf5c0, 0x7ae0, 0xa3c0, 0xbc60, 0x1060, 0x0000, 0x0000, 0x0000, 0x0000,
0x0000, 0x0000, 0x0000, 0x5a00, 0xf5a0, 0xe540, 0x7ae0, 0xcce0, 0xfe00, 0xfde0,
0xfe00, 0xfde0, 0xe580, 0x9360, 0x1880, 0x20c0, 0xc4a0, 0x6aa0, 0x0000, 0x0000,
0x0000, 0x0000, 0x0000, 0x0000, 0x3960, 0xcce0, 0x2900, 0x0840, 0x0000, 0x0000,
0x0000, 0x0000, 0x0000, 0x20c0, 0x8320, 0x52cc, 0xadf9, 0xae19, 0xadf9, 0xadf9,
0xadf9, 0xadf9, 0xadf9, 0xadd9, 0x8cb4, 0x8cd3, 0x5a20, 0xb420, 0xe560, 0xfde0,
0xfde0, 0xfe00, 0xfde0, 0xfde0, 0xe560, 0xc4c0, 0xa3e0, 0x8b40, 0x6240, 0x20e0,
0x0840, 0x0000, 0x0000, 0x0000, 0x0000, 0x0000, 0x0000, 0x0000, 0x0000, 0x0000,
0x0000, 0x0000, 0x0000, 0x0000, 0x1060, 0x20c0, 0x49c0, 0x8b40, 0xc4a0, 0xed80,
0xfde0, 0xfde0, 0xfde0, 0xfde0, 0xeda0, 0xccc0, 0x9360, 0x51e0, 0x28e0, 0x0020,
0x0000, 0x0000, 0x0000, 0x0000, 0x0000, 0x0000, 0x0000, 0x0000, 0x0000, 0x0020,
0x0840, 0x3140, 0x5a20, 0x8300, 0x9ba0, 0xac00, 0xc4a0, 0xe560, 0xfdc0, 0xf5c0,
0xe560, 0xccc0, 0xac20, 0x9380, 0x7b00, 0x6240, 0x3120, 0x1880, 0x0000, 0x0000,
0x0000, 0x0000, 0x0000, 0x0000, 0x0000, 0x0000, 0x0000, 0x0000, 0x0000, 0x1060,
0x28e0, 0x5a20, 0x7b00, 0x72c0, 0x4180, 0x1060, 0x0000, 0x0000, 0x0020, 0x18a0,
0x51e0, 0x72c0, 0xa3c0, 0xccc0, 0xed80, 0xfde0, 0xf5c0, 0xdd20, 0xac00, 0x5200,
0x20c0, 0x0020, 0x0000, 0x0000, 0x0820, 0x18a0, 0x5200, 0x9bc0, 0xdd20, 0xf5c0,
0xfde0, 0xfe00, 0xfe00, 0xfde0, 0xfde0, 0xfde0, 0xfde0, 0xf5c0, 0xdd20, 0xa3e0,
0x51e0, 0x18a0, 0x4180, 0x8b40, 0x72a0, 0xdd40, 0xfe00, 0xfde0, 0xfde0, 0xfde0,
0xfde0, 0xb440, 0x0840, 0x0000, 0x0000, 0x0000, 0x0000, 0x0000, 0x0000, 0x20e0,
0xc4c0, 0xeda0, 0x5a20, 0x0000, 0x0000, 0x0000, 0x0000, 0x0000, 0x0000, 0x0840,
0xac20, 0xf5e0, 0xdd20, 0x6a80, 0xb460, 0xd500, 0x6a80, 0x72c0, 0xd520, 0x8b40,
0x18a0, 0x0000, 0x0000, 0x0000, 0x0000, 0x0000, 0x0000, 0x0820, 0x8b40, 0xe580,
0x5a20, 0x0000, 0x0000, 0x0000, 0x0000, 0x0000, 0x0000, 0x3940, 0xd500, 0xdd40,

0xb440, 0xf5c0, 0x6a80, 0xb420, 0xb420, 0x1060, 0x0000, 0x0000, 0x0000, 0x0000,
0x0000, 0x0000, 0x0840, 0xabe0, 0xfdc0, 0x6a80, 0x8320, 0xf5a0, 0xfe00, 0xfde0,
0xfe00, 0xfde0, 0xfde0, 0xfe00, 0xbc60, 0x5a20, 0xa3c0, 0xb440, 0x1080, 0x0000,
0x0000, 0x0000, 0x0000, 0x0000, 0x1060, 0xa3e0, 0x6a80, 0x0000, 0x0000, 0x0000,
0x0000, 0x0000, 0x0000, 0x20e0, 0xbc80, 0x5244, 0x9d56, 0xae19, 0xadf9, 0xadf9,
0xae19, 0xae19, 0xadf9, 0xadd9, 0xb63a, 0x94f4, 0x5a20, 0xb440, 0xe560, 0xfde0,
0xfde0, 0xfe00, 0xfde0, 0xfde0, 0xe560, 0xc4c0, 0xa3c0, 0x8b40, 0x5a40, 0x28e0,
0x0820, 0x0000, 0x0000, 0x0000, 0x0000, 0x0000, 0x0000, 0x0000, 0x0000, 0x0000,
0x0000, 0x0000, 0x0000, 0x0000, 0x0000, 0x0840, 0x20c0, 0x5a00, 0x9ba0, 0xd4e0,
0xf5a0, 0xfde0, 0xfde0, 0xf5a0, 0xd500, 0xa3e0, 0x5a20, 0x28e0, 0x0840, 0x0000,
0x0000, 0x0000, 0x0000, 0x0000, 0x0000, 0x0000, 0x0000, 0x0000, 0x0000, 0x0000,
0x0020, 0x1080, 0x3140, 0x6240, 0x8b60, 0x9bc0, 0xb440, 0xd500, 0xed80, 0xeda0,
0xd500, 0xb440, 0x9bc0, 0x8b20, 0x6260, 0x3960, 0x1080, 0x0000, 0x0000, 0x0000,
0x0000, 0x0000, 0x0000, 0x0000, 0x0000, 0x0000, 0x0000, 0x0000, 0x0000, 0x0000,
0x1060, 0x3960, 0x6260, 0x6a80, 0x3960, 0x1060, 0x0000, 0x0000, 0x0000, 0x18a0,
0x49c0, 0x7ae0, 0x9ba0, 0xccc0, 0xed80, 0xfde0, 0xed80, 0xc4a0, 0x8320, 0x3960,
0x1060, 0x0000, 0x0000, 0x0000, 0x0840, 0x3140, 0x7ac0, 0xbc60, 0xed80, 0xfde0,
0xfde0, 0xfe00, 0xfde0, 0xfe00, 0xfde0, 0xfe00, 0xfde0, 0xfe00, 0xfde0, 0xfde0,
0xf5a0, 0xd500, 0xa3c0, 0x3960, 0x3120, 0x8340, 0xe580, 0xfde0, 0xfde0, 0xfde0,
0xfde0, 0xac00, 0x1060, 0x0000, 0x0000, 0x0000, 0x0000, 0x0000, 0x0000, 0x28e0,
0xc4a0, 0xed80, 0x5a40, 0x0000, 0x0000, 0x0000, 0x0000, 0x0000, 0x0000, 0x0000,
0x6a80, 0xeda0, 0xac00, 0x3980, 0x6aa0, 0x5a20, 0x9360, 0xd520, 0x9bc0, 0x1880,
0x0000, 0x0000, 0x0000, 0x0000, 0x0000, 0x0000, 0x0000, 0x41a0, 0xd540, 0xccc0,
0x2900, 0x0000, 0x0000, 0x0000, 0x0000, 0x0000, 0x0000, 0x6a80, 0xeda0, 0xbc40,

0x5a00, 0xb440, 0x6aa0, 0xac00, 0xb440, 0x0840, 0x0000, 0x0000, 0x0000, 0x0000,
0x0000, 0x0000, 0x20c0, 0xd4e0, 0xed80, 0x41a0, 0xdd20, 0xfe00, 0xfde0, 0xfe00,
0xfde0, 0xfe00, 0xfde0, 0xfe00, 0xfde0, 0xe560, 0xed60, 0xe560, 0x41a0, 0x0000,
0x0000, 0x0000, 0x0000, 0x0000, 0x0000, 0x6240, 0xac00, 0x1060, 0x0000, 0x0000,
0x0000, 0x0000, 0x0000, 0x3120, 0xdd20, 0x72c0, 0x7c31, 0xadf9, 0xadf9, 0xae19,
0xb619, 0xadf9, 0xadf9, 0xadf9, 0xb61a, 0x9514, 0x5a20, 0xb440, 0xe560, 0xfde0,
0xfde0, 0xfe00, 0xfde0, 0xfde0, 0xe560, 0xc4c0, 0xa3e0, 0x8b40, 0x5a40, 0x28e0,
0x0020, 0x0000, 0x0000, 0x0000, 0x0000, 0x0000, 0x0000, 0x0000, 0x0000, 0x0000,
0x0000, 0x0000, 0x0000, 0x0000, 0x0000, 0x0000, 0x0840, 0x3120, 0x72c0, 0xb440,
0xe560, 0xfdc0, 0xfdc0, 0xed80, 0xbc60, 0x7ae0, 0x3140, 0x1060, 0x0000, 0x0000,
0x0000, 0x0000, 0x0000, 0x0000, 0x0000, 0x0000, 0x0000, 0x0000, 0x0000, 0x0000,
0x0000, 0x0020, 0x18a0, 0x41a0, 0x7ae0, 0x9380, 0xa3e0, 0xc480, 0xdd40, 0xe540,
0xc480, 0xa3e0, 0x9380, 0x72c0, 0x41a0, 0x20c0, 0x0000, 0x0000, 0x0000, 0x0000,
0x0000, 0x0000, 0x0000, 0x0000, 0x0000, 0x0000, 0x0000, 0x0000, 0x0000, 0x0000,
0x0840, 0x2920, 0x5a20, 0x6240, 0x3960, 0x1060, 0x0000, 0x0000, 0x0000, 0x18a0,
0x49c0, 0x7ae0, 0x9bc0, 0xccc0, 0xed80, 0xfdc0, 0xe540, 0xb420, 0x6a60, 0x20e0,
0x0020, 0x0000, 0x0000, 0x0000, 0x1080, 0x49c0, 0x9380, 0xd4e0, 0xf5c0, 0xfde0,
0xfde0, 0xfe00, 0xfde0, 0xfe00, 0xfde0, 0xfe00, 0xfde0, 0xfde0, 0xfde0, 0xfde0,
0xfe00, 0xfde0, 0xed80, 0x9360, 0x9ba0, 0x9ba0, 0xe560, 0xfde0, 0xfde0, 0xfde0,
0xfde0, 0xac00, 0x0820, 0x0000, 0x0000, 0x0000, 0x0000, 0x0000, 0x0000, 0x2900,
0xccc0, 0xeda0, 0x6260, 0x0000, 0x0000, 0x0000, 0x0000, 0x0000, 0x0000, 0x0000,
0x20e0, 0xac20, 0xc4a0, 0x7b00, 0x8b40, 0xb440, 0xd540, 0x8b60, 0x20e0, 0x0000,
0x0000, 0x0000, 0x0000, 0x0000, 0x0000, 0x0000, 0x1880, 0x9bc0, 0xf5c0, 0xa3c0,
0x1880, 0x0000, 0x0000, 0x0000, 0x0000, 0x0000, 0x0020, 0x9380, 0xed80, 0x8b40,

0x9380, 0x5200, 0x51e0, 0xac00, 0xb420, 0x1080, 0x0000, 0x0000, 0x0000, 0x0000,
0x0000, 0x0000, 0x3980, 0xe560, 0xc4a0, 0x5200, 0xed80, 0xfe00, 0xfde0, 0xfe00,
0xfde0, 0xfe00, 0xfde0, 0xfe00, 0xfde0, 0xfe00, 0xfe00, 0xfde0, 0x8320, 0x0000,
0x0000, 0x0000, 0x0000, 0x0000, 0x0000, 0x2900, 0xac20, 0x20c0, 0x0000, 0x0000,
0x0000, 0x0000, 0x0000, 0x3140, 0xe560, 0xb440, 0x5ac9, 0xadd9, 0xadd9, 0xadf9,
0xae1a, 0xb619, 0xae19, 0xadf9, 0xae19, 0x9d14, 0x5a20, 0xb420, 0xe560, 0xfde0,
0xfde0, 0xfe00, 0xfde0, 0xfde0, 0xed80, 0xc4c0, 0xa3e0, 0x8b60, 0x6240, 0x20e0,
0x0840, 0x0000, 0x0000, 0x0000, 0x0000, 0x0000, 0x0000, 0x0000, 0x0000, 0x0000,
0x0000, 0x0000, 0x0000, 0x0000, 0x0000, 0x0000, 0x0000, 0x18a0, 0x51e0, 0x9b80,
0xd500, 0xf5c0, 0xeda0, 0xdd20, 0x9ba0, 0x5200, 0x18a0, 0x0020, 0x0000, 0x0000,
0x0000, 0x0000, 0x0000, 0x0000, 0x0000, 0x0000, 0x0000, 0x0000, 0x0000, 0x0000,
0x0000, 0x0000, 0x0840, 0x28e0, 0x6240, 0x8320, 0x9ba0, 0xb420, 0xccc0, 0xccc0,
0xb440, 0x9ba0, 0x8320, 0x5a20, 0x2900, 0x0840, 0x0000, 0x0000, 0x0000, 0x0000,
0x0000, 0x0000, 0x0000, 0x0000, 0x0000, 0x0000, 0x0000, 0x0000, 0x0000, 0x0000,
0x0820, 0x2920, 0x5200, 0x6240, 0x3960, 0x1060, 0x0000, 0x0000, 0x0000, 0x18a0,
0x49c0, 0x7ae0, 0x9bc0, 0xccc0, 0xed80, 0xeda0, 0xd500, 0x9380, 0x49e0, 0x1880,
0x0000, 0x0000, 0x0000, 0x0840, 0x20e0, 0x6a80, 0xb420, 0xe540, 0xfde0, 0xfde0,
0xfde0, 0xfe00, 0xfde0, 0xfde0, 0xfe00, 0xfde0, 0xfe00, 0xfde0, 0xfe00, 0xfde0,
0xfe00, 0xfde0, 0xfde0, 0xf5a0, 0xf5c0, 0xf5a0, 0xfdc0, 0xfde0, 0xfde0, 0xfde0,
0xf5e0, 0xa400, 0x0000, 0x0000, 0x0000, 0x0000, 0x0000, 0x0000, 0x0000, 0x2900,
0xccc0, 0xf5c0, 0x72c0, 0x0000, 0x0000, 0x0000, 0x0000, 0x0000, 0x0000, 0x0000,
0x0020, 0x41a0, 0xac20, 0xd520, 0xd500, 0xc4a0, 0x6260, 0x18a0, 0x0000, 0x0000,
0x0000, 0x0000, 0x0000, 0x0000, 0x0000, 0x0820, 0x5a20, 0xeda0, 0xfe00, 0x8320,
0x0820, 0x0000, 0x0000, 0x0000, 0x0000, 0x0000, 0x0840, 0xbc80, 0xe560, 0x6240,

0xed80, 0x8300, 0x0840, 0x9380, 0xc4a0, 0x1060, 0x0000, 0x0000, 0x0000, 0x0000,
0x0000, 0x0000, 0x51e0, 0xeda0, 0xb460, 0x6240, 0xf5a0, 0xfde0, 0xfe00, 0xfde0,
0xfe00, 0xfde0, 0xfe00, 0xfde0, 0xfe00, 0xfde0, 0xfde0, 0xfe00, 0xc480, 0x20c0,
0x0000, 0x0000, 0x0000, 0x0000, 0x0000, 0x0000, 0x72c0, 0x18a0, 0x0000, 0x0000,
0x0000, 0x0000, 0x0000, 0x20e0, 0xccc0, 0xeda0, 0x5a43, 0x9515, 0xadf9, 0xadf9,
0xae19, 0xae19, 0xae19, 0xae19, 0xadf9, 0x9d35, 0x5a20, 0xb440, 0xe560, 0xfde0,
0xfde0, 0xfe00, 0xfde0, 0xfde0, 0xed80, 0xd4e0, 0xb440, 0x9380, 0x6260, 0x28e0,
0x0000, 0x0000, 0x0000, 0x0000, 0x0000, 0x0000, 0x0000, 0x0000, 0x0000, 0x0000,
0x0000, 0x0000, 0x0000, 0x0000, 0x0000, 0x0000, 0x0000, 0x1060, 0x3140, 0x7ae0,
0xc4a0, 0xed80, 0xe560, 0xbc60, 0x72c0, 0x3140, 0x0840, 0x0000, 0x0000, 0x0000,
0x0000, 0x0000, 0x0000, 0x0020, 0x0020, 0x0020, 0x0000, 0x0000, 0x0000, 0x0000,
0x0000, 0x0000, 0x0000, 0x1880, 0x4180, 0x72c0, 0x9380, 0xa3e0, 0xb420, 0xb440,
0xa3e0, 0x9360, 0x72c0, 0x4180, 0x1880, 0x0000, 0x0000, 0x0000, 0x0000, 0x0000,
0x0000, 0x0000, 0x0000, 0x0000, 0x0020, 0x0000, 0x0000, 0x0000, 0x0000, 0x0000,
0x0820, 0x2920, 0x5200, 0x6240, 0x3960, 0x1060, 0x0000, 0x0000, 0x0820, 0x18a0,
0x49c0, 0x7ae0, 0x9bc0, 0xccc0, 0xed80, 0xed80, 0xbc60, 0x72c0, 0x3120, 0x0820,
0x0000, 0x0000, 0x0000, 0x1060, 0x4180, 0x8b60, 0xccc0, 0xf5a0, 0xfde0, 0xfde0,
0xfe00, 0xfde0, 0xfe00, 0xfde0, 0xfde0, 0xfe00, 0xfde0, 0xfe00, 0xfde0, 0xfe00,
0xfde0, 0xfe00, 0xfde0, 0xfde0, 0xfe00, 0xfde0, 0xfe00, 0xfde0, 0xfde0, 0xfde0,
0xf5c0, 0xa3e0, 0x1080, 0x0000, 0x0000, 0x0000, 0x0000, 0x0000, 0x0000, 0x2900,
0xccc0, 0xf5e0, 0x8b60, 0x0820, 0x0000, 0x0000, 0x0000, 0x0000, 0x0000, 0x0000,
0x0000, 0x0000, 0x0820, 0x2900, 0x3120, 0x1060, 0x0000, 0x0000, 0x0000, 0x0000,
0x0000, 0x0000, 0x0000, 0x0000, 0x0000, 0x49a0, 0xc4a0, 0xfe00, 0xe580, 0x5a40,
0x0000, 0x0000, 0x0000, 0x0000, 0x0000, 0x0000, 0x20e0, 0xdd20, 0xcd00, 0x49c0,

0xa3e0, 0xdd20, 0x5200, 0x9360, 0xccc0, 0x20e0, 0x0000, 0x0000, 0x0000, 0x0000,
0x0000, 0x0000, 0x5200, 0xeda0, 0xb440, 0x5a40, 0xf5a0, 0xfe00, 0xfde0, 0xfde0,
0xfde0, 0xfde0, 0xfe00, 0xfde0, 0xfe00, 0xfde0, 0xfe00, 0xfde0, 0xed80, 0x5200,
0x0000, 0x0000, 0x0000, 0x0000, 0x0000, 0x0000, 0x28e0, 0x0840, 0x0000, 0x0000,
0x0000, 0x0000, 0x0000, 0x0020, 0x5200, 0xe560, 0x9380, 0x6b8e, 0xadf9, 0xadf9,
0xae19, 0xae19, 0xae19, 0xae19, 0xadf9, 0x9514, 0x5a20, 0xb440, 0xe560, 0xfde0,
0xfde0, 0xfe00, 0xfde0, 0xfde0, 0xf5c0, 0xe540, 0xccc0, 0xa3e0, 0x6a80, 0x2900,
0x0840, 0x0000, 0x0000, 0x0000, 0x0000, 0x0000, 0x0820, 0x0840, 0x0820, 0x0820,
0x0020, 0x0000, 0x0000, 0x0000, 0x0000, 0x0000, 0x0000, 0x0020, 0x20e0, 0x5a40,
0xb440, 0xdd40, 0xd500, 0xa3c0, 0x5a00, 0x20c0, 0x0000, 0x0000, 0x0000, 0x0000,
0x0000, 0x0820, 0x1060, 0x18a0, 0x20e0, 0x20e0, 0x18a0, 0x1060, 0x0000, 0x0000,
0x0000, 0x0000, 0x0000, 0x0840, 0x2900, 0x6240, 0x8b40, 0x9ba0, 0x9ba0, 0x9ba0,
0x93a0, 0x8b40, 0x6260, 0x2900, 0x0840, 0x0000, 0x0000, 0x0000, 0x0000, 0x0000,
0x0000, 0x1060, 0x1080, 0x20c0, 0x18a0, 0x1880, 0x1060, 0x0020, 0x0000, 0x0000,
0x0820, 0x2920, 0x5200, 0x6240, 0x3960, 0x1060, 0x0000, 0x0000, 0x0000, 0x18a0,
0x49c0, 0x7ae0, 0x9bc0, 0xccc0, 0xe560, 0xdd20, 0xa3c0, 0x5a20, 0x20c0, 0x0000,
0x0000, 0x0000, 0x0820, 0x20c0, 0x5a20, 0xac00, 0xdd40, 0xf5c0, 0xfde0, 0xfe00,
0xfde0, 0xfe00, 0xfde0, 0xfe00, 0xfde0, 0xfde0, 0xfde0, 0xfde0, 0xfde0, 0xfde0,
0xfe00, 0xfde0, 0xfe00, 0xfde0, 0xfde0, 0xfde0, 0xfde0, 0xfde0, 0xfde0, 0xfde0,
0xfde0, 0xdd00, 0x72c0, 0x3140, 0x1080, 0x0000, 0x0000, 0x0000, 0x0000, 0x2900,
0xccc0, 0xfde0, 0xac00, 0x1080, 0x0000, 0x0000, 0x0000, 0x0000, 0x0000, 0x0000,
0x0000, 0x0000, 0x0000, 0x0000, 0x0000, 0x0000, 0x0000, 0x0000, 0x0000, 0x0000,
0x0000, 0x0000, 0x0000, 0x0000, 0x1060, 0xac00, 0xf5a0, 0xfe00, 0xdd20, 0x4180,
0x0000, 0x0000, 0x0000, 0x0000, 0x0000, 0x0000, 0x3940, 0xe560, 0xbc60, 0x6240,

0x3120, 0xcce0, 0xe540, 0xdd20, 0xdd40, 0x3120, 0x0000, 0x0000, 0x0000, 0x0000,
0x0000, 0x0000, 0x49c0, 0xed80, 0xbc60, 0x5a20, 0xeda0, 0xfe00, 0xfde0, 0xfde0,
0xfe00, 0xfde0, 0xfe00, 0xfde0, 0xfe00, 0xfde0, 0xfe00, 0xfde0, 0xf5e0, 0x9bc0,
0x0000, 0x0000, 0x0000, 0x0000, 0x0000, 0x0000, 0x0000, 0x0000, 0x0000, 0x0000,
0x0000, 0x0000, 0x0000, 0x0000, 0x0000, 0x8300, 0xb420, 0x5267, 0xadf9, 0xadf9,
0xadf9, 0xadf9, 0xae19, 0xae19, 0xadf9, 0x94f4, 0x5a20, 0xb420, 0xe560, 0xfde0,
0xfde0, 0xfe00, 0xfde0, 0xfde0, 0xfde0, 0xeda0, 0xdd40, 0xb440, 0x72c0, 0x28e0,
0x0000, 0x0000, 0x0000, 0x0000, 0x0840, 0x1080, 0x20c0, 0x2900, 0x2900, 0x20c0,
0x18a0, 0x1060, 0x0820, 0x0000, 0x0000, 0x0000, 0x0000, 0x0000, 0x18a0, 0x49e0,
0x9bc0, 0xcce0, 0xc4a0, 0x8320, 0x4180, 0x1080, 0x0000, 0x0000, 0x0000, 0x0000,
0x0840, 0x1880, 0x3940, 0x49c0, 0x5a20, 0x5200, 0x41a0, 0x2900, 0x1060, 0x0000,
0x0000, 0x0000, 0x0000, 0x0000, 0x18a0, 0x49c0, 0x7ae0, 0x8b60, 0x8b40, 0x8b40,
0x8b40, 0x7ae0, 0x49c0, 0x18c0, 0x0000, 0x0000, 0x0000, 0x0000, 0x0000, 0x0820,
0x1080, 0x2900, 0x41a0, 0x5200, 0x5a00, 0x49c0, 0x3120, 0x18a0, 0x0020, 0x0000,
0x0840, 0x2900, 0x5200, 0x6240, 0x3960, 0x1060, 0x0000, 0x0000, 0x0000, 0x18a0,
0x49c0, 0x7ae0, 0x9ba0, 0xccc0, 0xdd20, 0xccc0, 0x8320, 0x4180, 0x1080, 0x0000,
0x0000, 0x0000, 0x1060, 0x3140, 0x7ae0, 0xc4a0, 0xed80, 0xfde0, 0xfde0, 0xfde0,
0xfde0, 0xfde0, 0xfde0, 0xfde0, 0xfe00, 0xfde0, 0xfe00, 0xfde0, 0xfe00, 0xfde0,
0xfde0, 0xfe00, 0xfde0, 0xfe00, 0xfde0, 0xfe00, 0xfde0, 0xfe00, 0xfde0, 0xfde0,
0xfde0, 0xfde0, 0xf5c0, 0xdd00, 0x9ba0, 0x49a0, 0x1060, 0x0000, 0x0000, 0x2900,
0xcce0, 0xfde0, 0xd4e0, 0x2900, 0x0000, 0x0000, 0x0000, 0x0000, 0x0000, 0x0000,
0x0000, 0x0000, 0x0000, 0x0000, 0x0000, 0x0000, 0x0000, 0x0000, 0x0000, 0x0000,
0x0000, 0x0000, 0x0000, 0x0840, 0x6a80, 0xf5e0, 0xfde0, 0xfe00, 0xccc0, 0x28e0,
0x0000, 0x0000, 0x0000, 0x0000, 0x0000, 0x0000, 0x49c0, 0xeda0, 0xac00, 0x6aa0,

0x0000, 0x5a20, 0xe560, 0xfe00, 0xed80, 0x49c0, 0x0000, 0x0000, 0x0000, 0x0000,
0x0000, 0x0000, 0x3960, 0xe560, 0xd4e0, 0x49c0, 0xe580, 0xfe00, 0xfe00, 0xfde0,
0xfde0, 0xfe00, 0xfde0, 0xfe00, 0xfde0, 0xfe00, 0xfde0, 0xfe00, 0xfe00, 0xdd40,
0x20e0, 0x0000, 0x0000, 0x0000, 0x0000, 0x0000, 0x0000, 0x0000, 0x0000, 0x0000,
0x0000, 0x0000, 0x0000, 0x0000, 0x0000, 0x0840, 0x72c0, 0x51e0, 0x9d35, 0xadf9,
0xadf9, 0xae19, 0xadf9, 0xae19, 0xadd9, 0x9514, 0x5a20, 0xb440, 0xe560, 0xfde0,
0xfde0, 0xfe00, 0xfde0, 0xfde0, 0xfde0, 0xfde0, 0xe580, 0xbc80, 0x72c0, 0x2900,
0x0840, 0x0000, 0x0000, 0x0020, 0x1080, 0x3140, 0x51e0, 0x5a20, 0x6240, 0x5a20,
0x49c0, 0x3960, 0x18a0, 0x0840, 0x0000, 0x0000, 0x0000, 0x0000, 0x1060, 0x4180,
0x9360, 0xbc60, 0xac20, 0x6260, 0x2900, 0x0020, 0x0000, 0x0000, 0x0000, 0x0840,
0x18a0, 0x4180, 0x72a0, 0x8b40, 0x8b60, 0x8b40, 0x7ae0, 0x5a40, 0x2900, 0x1060,
0x0000, 0x0000, 0x0000, 0x0000, 0x1060, 0x3940, 0x6a80, 0x8b20, 0x7b00, 0x7b00,
0x8320, 0x6a80, 0x3960, 0x1060, 0x0000, 0x0000, 0x0000, 0x0000, 0x0000, 0x18a0,
0x3980, 0x6260, 0x8b40, 0x9bc0, 0xa3e0, 0x9380, 0x7ae0, 0x49e0, 0x20e0, 0x1060,
0x0840, 0x2920, 0x5200, 0x6240, 0x3960, 0x1060, 0x0000, 0x0000, 0x0000, 0x18a0,
0x49c0, 0x72c0, 0x9bc0, 0xc4a0, 0xd4e0, 0xb420, 0x6260, 0x2900, 0x0020, 0x0000,
0x0000, 0x0000, 0x18a0, 0x49c0, 0x9380, 0xd500, 0xed80, 0xf5c0, 0xf5c0, 0xf5c0,
0xfde0, 0xfde0, 0xfde0, 0xfde0, 0xfe00, 0xfde0, 0xfde0, 0xfe00, 0xfde0, 0xfe00,
0xfde0, 0xfe00, 0xfde0, 0xfe00, 0xfde0, 0xfde0, 0xfe00, 0xfde0, 0xfe00, 0xfde0,
0xfe00, 0xfde0, 0xfde0, 0xfde0, 0xfde0, 0xeda0, 0xccc0, 0x8300, 0x3140, 0x1080,
0x6260, 0xbc40, 0xe560, 0x72c0, 0x0000, 0x0000, 0x0000, 0x0000, 0x0000, 0x0000,
0x0000, 0x0000, 0x0000, 0x0000, 0x0000, 0x0000, 0x0000, 0x0000, 0x0000, 0x0000,
0x0000, 0x0000, 0x0840, 0x6a60, 0xdd20, 0xfde0, 0xfe00, 0xfde0, 0xb440, 0x1880,
0x0000, 0x0000, 0x0000, 0x0000, 0x0000, 0x0000, 0x51e0, 0xf5c0, 0xa3c0, 0x6a80,

0x0000, 0x1060, 0x9ba0, 0xfde0, 0xf5a0, 0x6a80, 0x0000, 0x0000, 0x0000, 0x0000,
0x0000, 0x0000, 0x2920, 0xd520, 0xdd20, 0x49c0, 0xdd20, 0xfe00, 0xfde0, 0xfde0,
0xfde0, 0xfde0, 0xfde0, 0xfde0, 0xfe00, 0xfde0, 0xfe00, 0xfde0, 0xfe00, 0xfde0,
0x5a40, 0x0000, 0x0000, 0x0000, 0x0000, 0x0000, 0x0000, 0x0000, 0x0000, 0x0000,
0x0000, 0x0000, 0x0000, 0x0000, 0x0000, 0x0000, 0x18a0, 0x3120, 0x634e, 0xadf9,
0xadf9, 0xadf9, 0xadf9, 0xadf9, 0xadf9, 0x9514, 0x5a20, 0xb440, 0xe560, 0xfde0,
0xfde0, 0xfde0, 0xfde0, 0xfde0, 0xfde0, 0xfde0, 0xeda0, 0xbc80, 0x72c0, 0x2900,
0x0020, 0x0000, 0x0000, 0x0020, 0x20c0, 0x49c0, 0x72a0, 0x8320, 0x8320, 0x8300,
0x72c0, 0x5a40, 0x3960, 0x18a0, 0x0000, 0x0000, 0x0000, 0x0000, 0x1060, 0x3940,
0x7b00, 0xac00, 0x9380, 0x51e0, 0x18a0, 0x0020, 0x0000, 0x0000, 0x0000, 0x1080,
0x3960, 0x72c0, 0x9bc0, 0xa3e0, 0x9ba0, 0x9380, 0x8b60, 0x7b00, 0x51e0, 0x20e0,
0x0820, 0x0000, 0x0000, 0x0000, 0x0820, 0x2900, 0x5a20, 0x8320, 0x8b40, 0x8b40,
0x8300, 0x5a40, 0x2900, 0x0820, 0x0000, 0x0000, 0x0000, 0x0000, 0x1080, 0x3960,
0x6a80, 0x9380, 0xac00, 0xbc60, 0xccc0, 0xccc0, 0xb440, 0x8b40, 0x49e0, 0x28e0,
0x1080, 0x2900, 0x5200, 0x6240, 0x3960, 0x1060, 0x0000, 0x0000, 0x0000, 0x18a0,
0x49c0, 0x7ae0, 0x9ba0, 0xc480, 0xc480, 0x9380, 0x49c0, 0x1880, 0x0000, 0x0000,
0x0000, 0x0820, 0x20c0, 0x5a20, 0x9ba0, 0xc4a0, 0xd500, 0xd500, 0xdd20, 0xe540,
0xed80, 0xfdc0, 0xfde0, 0xfde0, 0xfde0, 0xfde0, 0xfde0, 0xfe00, 0xfde0, 0xfe00,
0xfde0, 0xfe00, 0xfde0, 0xfde0, 0xfde0, 0xfde0, 0xfe00, 0xfde0, 0xfe00, 0xfde0,
0xfe00, 0xfde0, 0xfde0, 0xfde0, 0xfde0, 0xfe00, 0xfde0, 0xed80, 0xbc60, 0x5200,
0x7ae0, 0x6a80, 0xa3e0, 0xb440, 0x18a0, 0x0000, 0x0000, 0x0000, 0x0000, 0x0000,
0x0000, 0x0000, 0x0000, 0x0000, 0x0000, 0x0000, 0x0000, 0x0000, 0x0000, 0x0000,
0x0000, 0x0000, 0x5200, 0xd4e0, 0xfde0, 0xfde0, 0xfde0, 0xfe00, 0x9ba0, 0x1080,
0x0000, 0x0000, 0x0000, 0x0000, 0x0000, 0x0000, 0x5200, 0xeda0, 0x9bc0, 0x72a0,

0x0000, 0x0000, 0x3120, 0xe560, 0xfde0, 0x9360, 0x0000, 0x0000, 0x0000, 0x0000,
0x0000, 0x0000, 0x18a0, 0xc4a0, 0xf5c0, 0x49c0, 0xccc0, 0xfe00, 0xfde0, 0xfe00,
0xfde0, 0xfe00, 0xfde0, 0xfde0, 0xfe00, 0xfde0, 0xfe00, 0xfde0, 0xfe00, 0xfe00,
0xa3e0, 0x1060, 0x0000, 0x0000, 0x0000, 0x0000, 0x0000, 0x0000, 0x0000, 0x0000,
0x0000, 0x0000, 0x0000, 0x0000, 0x0000, 0x0000, 0x0000, 0x0000, 0x2986, 0xa577,
0xae19, 0xadf9, 0xadf9, 0xae19, 0xadf9, 0x9514, 0x5a20, 0xb440, 0xe560, 0xfde0,
0xfde0, 0xfde0, 0xfde0, 0xfde0, 0xfde0, 0xfde0, 0xed80, 0xc480, 0x72c0, 0x2900,
0x0820, 0x0000, 0x0000, 0x0840, 0x20e0, 0x6240, 0x8b40, 0xa3e0, 0xa3e0, 0x9ba0,
0x9360, 0x7ae0, 0x5200, 0x2900, 0x0840, 0x0000, 0x0000, 0x0000, 0x0840, 0x3120,
0x72c0, 0x9ba0, 0x8300, 0x3960, 0x1060, 0x0000, 0x0000, 0x0000, 0x0820, 0x20e0,
0x6240, 0x9bc0, 0xc480, 0xb440, 0x9ba0, 0x9360, 0x93a0, 0x9360, 0x6aa0, 0x4180,
0x1880, 0x0000, 0x0000, 0x0000, 0x0020, 0x20c0, 0x49e0, 0x8340, 0xa3c0, 0xa3c0,
0x8320, 0x51e0, 0x18a0, 0x0020, 0x0000, 0x0000, 0x0000, 0x0840, 0x28e0, 0x5a40,
0x9360, 0xac00, 0xac20, 0xc4a0, 0xdd20, 0xe580, 0xdd40, 0xc480, 0x8320, 0x49e0,
0x2900, 0x3120, 0x5a00, 0x6240, 0x3960, 0x1060, 0x0000, 0x0000, 0x0000, 0x18a0,
0x49c0, 0x72c0, 0x9ba0, 0xbc60, 0xac20, 0x72c0, 0x3120, 0x1060, 0x0000, 0x0000,
0x0000, 0x0840, 0x2101, 0x5a42, 0x8363, 0xa403, 0xa423, 0xa422, 0xac42, 0xb461,
0xd500, 0xeda0, 0xfde0, 0xfde0, 0xfde0, 0xfe00, 0xfde0, 0xfe00, 0xfde0, 0xfde0,
0xfe00, 0xfde0, 0xfe00, 0xfde0, 0xfe00, 0xfde0, 0xfe00, 0xfde0, 0xfde0, 0xfe00,
0xfde0, 0xfe00, 0xfde0, 0xfe00, 0xfde0, 0xfe00, 0xfde0, 0xfde0, 0xf5c0, 0xd4e0,
0xe580, 0xdd60, 0xe580, 0xed80, 0x5a00, 0x0020, 0x0000, 0x0000, 0x0000, 0x0000,
0x0000, 0x0000, 0x0000, 0x0000, 0x0000, 0x0000, 0x0000, 0x0000, 0x0000, 0x0000,
0x0820, 0x4180, 0xcce0, 0xfde0, 0xfe00, 0xfde0, 0xfde0, 0xfe00, 0x8b60, 0x0840,
0x0000, 0x0000, 0x0000, 0x0000, 0x0000, 0x0000, 0x41a0, 0xed80, 0xa3e0, 0x72a0,

0x0000, 0x0000, 0x0000, 0x8b20, 0xf5c0, 0xbc60, 0x0020, 0x0000, 0x0000, 0x0000,
0x0000, 0x0000, 0x0840, 0xa3e0, 0xfde0, 0x6a80, 0xa3c0, 0xfe00, 0xfde0, 0xfde0,
0xfde0, 0xfde0, 0xfde0, 0xfe00, 0xfde0, 0xfe00, 0xfde0, 0xfde0, 0xfe00, 0xfe00,
0xe540, 0x3140, 0x0000, 0x0000, 0x0000, 0x0000, 0x0000, 0x0000, 0x0000, 0x0000,
0x0000, 0x0000, 0x0000, 0x0000, 0x0000, 0x0000, 0x0000, 0x0000, 0x0841, 0x7c31,
0xadf9, 0xadf9, 0xadf9, 0xa5d9, 0xa5b8, 0x8cd3, 0x5a20, 0xb420, 0xe560, 0xfdc0,
0xf5a0, 0xed80, 0xe580, 0xeda0, 0xf5c0, 0xf5c0, 0xed80, 0xbc80, 0x72c0, 0x2900,
0x0820, 0x0000, 0x0000, 0x0840, 0x3120, 0x72c0, 0xac20, 0xccc0, 0xd4e0, 0xbc80,
0xa3e0, 0x8b40, 0x6a80, 0x3960, 0x1080, 0x0000, 0x0000, 0x0000, 0x0840, 0x2900,
0x6a80, 0x8320, 0x6a80, 0x2900, 0x0840, 0x0000, 0x0000, 0x0000, 0x1060, 0x4180,
0x8320, 0xc4a0, 0xd500, 0xbc60, 0xa3c0, 0x9bc0, 0x9bc0, 0x9ba0, 0x8320, 0x5a20,
0x28e0, 0x0820, 0x0000, 0x0000, 0x0000, 0x1080, 0x4180, 0x8b40, 0xb440, 0xb440,
0x8320, 0x41a0, 0x1880, 0x0000, 0x0000, 0x0000, 0x0020, 0x1880, 0x49a0, 0x8320,
0xa3e0, 0xac00, 0xb440, 0xccc0, 0xe560, 0xf5c0, 0xf5c0, 0xe560, 0xbc60, 0x8300,
0x49c0, 0x4180, 0x5a20, 0x6240, 0x3960, 0x1060, 0x0000, 0x0000, 0x0000, 0x18a0,
0x49c0, 0x7ae0, 0x9380, 0xac00, 0x9360, 0x5a00, 0x18a0, 0x0000, 0x0000, 0x0000,
0x0020, 0x10a2, 0x31a5, 0x5ac8, 0x7369, 0x83c9, 0x83c9, 0x83a9, 0x8386, 0x8ba3,
0xb461, 0xdd40, 0xfdc0, 0xfde0, 0xfe00, 0xfde0, 0xfde0, 0xfe00, 0xfde0, 0xfe00,
0xfde0, 0xfe00, 0xfde0, 0xfe00, 0xfde0, 0xfde0, 0xfe00, 0xfde0, 0xfe00, 0xfde0,
0xfe00, 0xfde0, 0xfe00, 0xfde0, 0xfde0, 0xfe00, 0xfde0, 0xfe00, 0xfde0, 0xfde0,
0xfde0, 0xfde0, 0xfde0, 0xfde0, 0xcce0, 0x4180, 0x0000, 0x0000, 0x0000, 0x0000,
0x0000, 0x0000, 0x0000, 0x0000, 0x0000, 0x0000, 0x0000, 0x0000, 0x0000, 0x1060,
0x6a80, 0xd4e0, 0xfde0, 0xfde0, 0xfde0, 0xfde0, 0xfde0, 0xfdc0, 0x8320, 0x0820,
0x0000, 0x0000, 0x0000, 0x0000, 0x0000, 0x0000, 0x20e0, 0xe560, 0xc4a0, 0x5200,

0x0000, 0x0000, 0x0000, 0x2900, 0xd4e0, 0xdd40, 0x1080, 0x0000, 0x0000, 0x0000,
0x0000, 0x0000, 0x0020, 0x72c0, 0xfe00, 0x9360, 0x8320, 0xf5c0, 0xfe00, 0xfde0,
0xdd20, 0x8320, 0xf5c0, 0xfe00, 0xfde0, 0xfde0, 0xfde0, 0xfde0, 0xfde0, 0xfe00,
0xf5c0, 0x7ae0, 0x0000, 0x0000, 0x0000, 0x0000, 0x0000, 0x0000, 0x0000, 0x0000,
0x0000, 0x0000, 0x0000, 0x0000, 0x0000, 0x0000, 0x0000, 0x0000, 0x0000, 0x2986,
0x8cb4, 0xadd9, 0xa5d9, 0xa5d9, 0xa5d9, 0x94d3, 0x5a20, 0xb420, 0xe560, 0xeda0,
0xe540, 0xccc0, 0xc480, 0xccc0, 0xdd20, 0xe580, 0xe560, 0xbc80, 0x72c0, 0x2900,
0x0020, 0x0000, 0x0000, 0x1060, 0x3940, 0x8320, 0xc4a0, 0xe560, 0xed80, 0xd500,
0xbc60, 0x9380, 0x72c0, 0x49c0, 0x18a0, 0x0000, 0x0000, 0x0000, 0x0820, 0x2900,
0x6240, 0x72c0, 0x5a20, 0x20c0, 0x0820, 0x0000, 0x0000, 0x0020, 0x18a0, 0x5a20,
0xa3e0, 0xdd20, 0xdd20, 0xc480, 0xac00, 0xb420, 0xac20, 0xa3c0, 0x9360, 0x6a80,
0x3960, 0x0840, 0x0000, 0x0000, 0x0000, 0x1060, 0x3140, 0x8300, 0xb460, 0xbc60,
0x7b00, 0x3960, 0x1060, 0x0000, 0x0000, 0x0000, 0x0840, 0x2900, 0x6260, 0x9ba0,
0xac00, 0xac00, 0xc4a0, 0xdd20, 0xf5c0, 0xfde0, 0xfde0, 0xf5a0, 0xdd40, 0xb420,
0x7ae0, 0x5a40, 0x6a60, 0x6260, 0x3940, 0x1060, 0x0000, 0x0000, 0x0020, 0x18a0,
0x49c0, 0x72c0, 0x9360, 0x9380, 0x72c0, 0x3960, 0x1060, 0x0000, 0x0000, 0x0000,
0x0861, 0x2125, 0x528a, 0x6bae, 0x8451, 0x8c91, 0x8c71, 0x8450, 0x7bab, 0x8386,
0xa422, 0xdd20, 0xfdc0, 0xfde0, 0xfe00, 0xfde0, 0xfde0, 0xfe00, 0xfde0, 0xfe00,
0xfde0, 0xfe00, 0xfde0, 0xfe00, 0xfde0, 0xfde0, 0xfe00, 0xfde0, 0xfe00, 0xfde0,
0xfe00, 0xfde0, 0xfe00, 0xfde0, 0xfde0, 0xfe00, 0xfde0, 0xfe00, 0xfde0, 0xfe00,
0xfde0, 0xfde0, 0xfde0, 0xfde0, 0xfde0, 0xbc80, 0x51e0, 0x1060, 0x0000, 0x0000,
0x0000, 0x0000, 0x0000, 0x0000, 0x0000, 0x0000, 0x0000, 0x0000, 0x20c0, 0x8320,
0xdd40, 0xfde0, 0xfe00, 0xfde0, 0xfde0, 0xfde0, 0xfde0, 0xfdc0, 0x7ae0, 0x0840,
0x0000, 0x0000, 0x0000, 0x0000, 0x0000, 0x0000, 0x1060, 0xac20, 0xdd20, 0x6a60,

0x0000, 0x0000, 0x0000, 0x0820, 0x7b00, 0xe580, 0x4180, 0x0000, 0x0000, 0x0000,
0x0000, 0x0000, 0x0000, 0x51e0, 0xe560, 0xbc60, 0x6240, 0xed80, 0xfe00, 0xfe00,
0xe560, 0x49c0, 0xd500, 0xfe00, 0xf5a0, 0xed80, 0xfde0, 0xfe00, 0xfde0, 0xfe00,
0xfe00, 0xb420, 0x1060, 0x0000, 0x0000, 0x0000, 0x0000, 0x0000, 0x0000, 0x0000,
0x0000, 0x0000, 0x0000, 0x0000, 0x0000, 0x0000, 0x0000, 0x0000, 0x0000, 0x0000,
0x31c7, 0x9d57, 0xa5d9, 0xa5b8, 0x9d98, 0x8cb3, 0x5a20, 0xb420, 0xdd40, 0xed80,
0xc4a0, 0x9ba0, 0x8b40, 0x9380, 0xac20, 0xcce0, 0xdd20, 0xbc60, 0x72c0, 0x2900,
0x0840, 0x0000, 0x0000, 0x1060, 0x3940, 0x8b40, 0xccc0, 0xf5a0, 0xf5c0, 0xe560,
0xc4a0, 0x9bc0, 0x7ae0, 0x51e0, 0x18a0, 0x0820, 0x0000, 0x0000, 0x0820, 0x2900,
0x5a00, 0x6a80, 0x49c0, 0x18a0, 0x0000, 0x0000, 0x0000, 0x0840, 0x2900, 0x72c0,
0xbc60, 0xe560, 0xdd40, 0xc4a0, 0xb420, 0xbc80, 0xbc80, 0xac00, 0x9380, 0x7ae0,
0x49c0, 0x1880, 0x0000, 0x0000, 0x0000, 0x0840, 0x2900, 0x72c0, 0xac20, 0xb440,
0x6aa0, 0x3120, 0x0820, 0x0000, 0x0000, 0x0000, 0x1080, 0x3960, 0x7ae0, 0xa3e0,
0xac00, 0xb440, 0xd500, 0xed80, 0xfde0, 0xfde0, 0xfde0, 0xfde0, 0xeda0, 0xd4e0,
0xa3e0, 0x8300, 0x7b00, 0x6a80, 0x3960, 0x1060, 0x0000, 0x0000, 0x0020, 0x18a0,
0x49c0, 0x72c0, 0x8b40, 0x8300, 0x5a20, 0x28e0, 0x0820, 0x0000, 0x0000, 0x0020,
0x10a3, 0x39e8, 0x6b8f, 0x8cb4, 0x9536, 0x9d56, 0x9536, 0x94f4, 0x8430, 0x83a8,
0xa423, 0xdd20, 0xf5a0, 0xfde0, 0xfe00, 0xfde0, 0xfde0, 0xfe00, 0xfde0, 0xfe00,
0xfde0, 0xfe00, 0xfde0, 0xfe00, 0xfde0, 0xfde0, 0xfe00, 0xfde0, 0xfe00, 0xfde0,
0xfe00, 0xfde0, 0xfe00, 0xfde0, 0xfde0, 0xfe00, 0xfde0, 0xfe00, 0xfde0, 0xfe00,
0xfde0, 0xfe00, 0xfde0, 0xfde0, 0xfde0, 0xfde0, 0xdd20, 0x9360, 0x49c0, 0x18a0,
0x0000, 0x0000, 0x0000, 0x0000, 0x0000, 0x0000, 0x1080, 0x51e0, 0xac00, 0xeda0,
0xfe00, 0xfde0, 0xfde0, 0xfde0, 0xfde0, 0xfde0, 0xfde0, 0xfde0, 0x7ae0, 0x0820,
0x0000, 0x0000, 0x0000, 0x0000, 0x0000, 0x0000, 0x0000, 0x6240, 0xdd40, 0xbc60,

0x0000, 0x0000, 0x0000, 0x0000, 0x28e0, 0xd500, 0x72a0, 0x0020, 0x0000, 0x0000,
0x0000, 0x0000, 0x0000, 0x20c0, 0xccc0, 0xe580, 0x6240, 0xc480, 0xfe00, 0xfe00,
0xf5c0, 0x6a80, 0x7b00, 0x8b60, 0x5a20, 0x6aa0, 0xed80, 0xfe00, 0xfde0, 0xfe00,
0xfe00, 0xe560, 0x49c0, 0x0000, 0x0000, 0x0000, 0x0000, 0x0000, 0x0000, 0x0000,
0x0820, 0x3140, 0x0000, 0x0000, 0x0000, 0x0000, 0x0000, 0x0000, 0x0000, 0x0000,
0x0000, 0x4229, 0x9536, 0xa598, 0xadd9, 0x9514, 0x5a20, 0xb420, 0xdd40, 0xdd40,
0xb440, 0x7ae0, 0x5a40, 0x6240, 0x7ae0, 0x9ba0, 0xbc60, 0xac00, 0x6a80, 0x2900,
0x0000, 0x0000, 0x0000, 0x1060, 0x3940, 0x8b60, 0xcce0, 0xf5c0, 0xfde0, 0xed80,
0xcce0, 0xa3c0, 0x7b00, 0x5200, 0x20c0, 0x0020, 0x0000, 0x0000, 0x0840, 0x20e0,
0x5200, 0x5a20, 0x3960, 0x1060, 0x0000, 0x0000, 0x0000, 0x1060, 0x3940, 0x8b40,
0xcce0, 0xed80, 0xe560, 0xc4a0, 0xb440, 0xc4a0, 0xccc0, 0xb440, 0x9bc0, 0x8320,
0x5a20, 0x20c0, 0x0820, 0x0000, 0x0000, 0x0000, 0x20c0, 0x6260, 0x9ba0, 0xa3c0,
0x6240, 0x28e0, 0x0020, 0x0000, 0x0000, 0x0000, 0x20c0, 0x5200, 0x8b60, 0xa3e0,
0xac00, 0xc480, 0xe560, 0xfdc0, 0xfde0, 0xfde0, 0xfde0, 0xfde0, 0xf5c0, 0xed80,
0xd500, 0xb440, 0xa3c0, 0x7b00, 0x3960, 0x1060, 0x0000, 0x0000, 0x0000, 0x18a0,
0x49c0, 0x72a0, 0x72c0, 0x6260, 0x3960, 0x1080, 0x0000, 0x0000, 0x0000, 0x0862,
0x2124, 0x52ab, 0x7c73, 0x9557, 0x9d98, 0x9d98, 0x9d98, 0x9536, 0x8471, 0x83c9,
0xa423, 0xdd20, 0xfdc0, 0xfde0, 0xfe00, 0xfde0, 0xfde0, 0xfe00, 0xfde0, 0xfe00,
0xfde0, 0xfe00, 0xfde0, 0xfe00, 0xfde0, 0xfde0, 0xfe00, 0xfde0, 0xfe00, 0xfde0,
0xfe00, 0xfde0, 0xfe00, 0xfde0, 0xfde0, 0xfe00, 0xfde0, 0xfe00, 0xfde0, 0xfe00,
0xfde0, 0xfe00, 0xfde0, 0xfde0, 0xfe00, 0xfde0, 0xfe00, 0xfde0, 0xed80, 0xbc60,
0x7ae0, 0x4180, 0x28e0, 0x2900, 0x4180, 0x72a0, 0xbc60, 0xed80, 0xfde0, 0xfe00,
0xfde0, 0xfde0, 0xfde0, 0xfde0, 0xfde0, 0xfde0, 0xfde0, 0xfde0, 0x8b40, 0x0840,
0x0000, 0x0000, 0x0000, 0x0000, 0x0000, 0x0000, 0x0000, 0x1080, 0x8340, 0xd520,

0x0000, 0x0000, 0x0000, 0x0000, 0x0820, 0x8320, 0xb420, 0x1060, 0x0000, 0x0000,
0x0000, 0x0000, 0x0000, 0x0840, 0x9360, 0xf5c0, 0x7ac0, 0x9380, 0xf5c0, 0xd520,
0xac00, 0x49c0, 0x20e0, 0x72a0, 0xb420, 0xe560, 0xfde0, 0xfe00, 0xfde0, 0xfe00,
0xfde0, 0xf5c0, 0x9360, 0x0000, 0x0000, 0x0000, 0x0000, 0x0000, 0x0000, 0x0000,
0x1080, 0x9bc0, 0x49a0, 0x0000, 0x0000, 0x0000, 0x0000, 0x0000, 0x0000, 0x0000,
0x0000, 0x0841, 0x52cb, 0xa598, 0xadf9, 0x9514, 0x5a20, 0xb420, 0xdd40, 0xe540,
0xb440, 0x7ae0, 0x5a00, 0x51e0, 0x5a20, 0x72c0, 0x9380, 0x9380, 0x6260, 0x20e0,
0x0840, 0x0000, 0x0000, 0x1060, 0x3940, 0x8b40, 0xcce0, 0xf5c0, 0xfde0, 0xed80,
0xcce0, 0x9bc0, 0x8300, 0x51e0, 0x20c0, 0x0020, 0x0000, 0x0000, 0x0840, 0x20c0,
0x51e0, 0x5200, 0x3140, 0x0840, 0x0000, 0x0000, 0x0000, 0x1880, 0x49a0, 0x9ba0,
0xd500, 0xf5a0, 0xe540, 0xc4a0, 0xb440, 0xc4a0, 0xd500, 0xc480, 0xa3e0, 0x8b40,
0x6260, 0x2900, 0x0840, 0x0000, 0x0000, 0x0000, 0x18a0, 0x5a00, 0x8b60, 0x9380,
0x5200, 0x18c0, 0x0020, 0x0000, 0x0000, 0x0820, 0x28e0, 0x6260, 0x9ba0, 0xac00,
0xac20, 0xccc0, 0xed80, 0xfde0, 0xfde0, 0xfde0, 0xfde0, 0xfde0, 0xfde0, 0xfdc0,
0xed80, 0xdd20, 0xc480, 0x8b40, 0x4180, 0x1080, 0x0000, 0x0000, 0x0000, 0x18a0,
0x49c0, 0x6a80, 0x6260, 0x49a0, 0x20e0, 0x1040, 0x0000, 0x0000, 0x0000, 0x0882,
0x31a7, 0x5b4e, 0x8cd5, 0x9d77, 0xa5b8, 0xa5b8, 0x9d98, 0x9d57, 0x8471, 0x83c9,
0xa423, 0xdd20, 0xfdc0, 0xfde0, 0xfde0, 0xfde0, 0xfde0, 0xfde0, 0xfe00, 0xfde0,
0xfe00, 0xfde0, 0xfe00, 0xfde0, 0xfde0, 0xfde0, 0xfde0, 0xfe00, 0xfde0, 0xfe00,
0xfde0, 0xfe00, 0xfde0, 0xfde0, 0xfde0, 0xfde0, 0xfe00, 0xfde0, 0xfe00, 0xfde0,
0xfe00, 0xfde0, 0xfde0, 0xfde0, 0xfde0, 0xfe00, 0xfde0, 0xfe00, 0xfde0, 0xfde0,
0xf5a0, 0xdd40, 0xc4a0, 0xccc0, 0xdd20, 0xeda0, 0xfde0, 0xfde0, 0xfde0, 0xfde0,
0xfde0, 0xfde0, 0xfde0, 0xfde0, 0xfde0, 0xfde0, 0xfde0, 0xfde0, 0x9ba0, 0x1060,
0x0000, 0x0000, 0x0000, 0x0000, 0x0000, 0x0000, 0x0000, 0x0000, 0x18c0, 0x49c0,

0x0000, 0x0000, 0x0000, 0x0000, 0x0000, 0x3960, 0xc480, 0x3120, 0x0000, 0x0000,
0x0000, 0x0000, 0x0000, 0x0000, 0x5200, 0xede0, 0x9bc0, 0x41a0, 0x6a80, 0x5a20,
0x6240, 0x9380, 0x49c0, 0xccc0, 0xfe00, 0xfe00, 0xfe00, 0xfde0, 0xfe00, 0xfde0,
0xfe00, 0xfe00, 0xd4e0, 0x1060, 0x0000, 0x0000, 0x0000, 0x0000, 0x0000, 0x0000,
0x0820, 0x8b20, 0xc480, 0x2920, 0x0000, 0x0000, 0x0000, 0x0000, 0x0000, 0x0000,
0x0000, 0x0000, 0x0861, 0x6b8e, 0xadf9, 0x9d14, 0x5a20, 0xb420, 0xdd40, 0xed80,
0xbc60, 0x8320, 0x5a40, 0x5200, 0x5200, 0x5a20, 0x72a0, 0x7ae0, 0x5a20, 0x20c0,
0x0820, 0x0000, 0x0000, 0x1060, 0x3940, 0x8b40, 0xcce0, 0xf5c0, 0xfde0, 0xed80,
0xccc0, 0x9bc0, 0x7ae0, 0x51e0, 0x20c0, 0x0020, 0x0000, 0x0000, 0x0840, 0x20e0,
0x49e0, 0x49e0, 0x2920, 0x0840, 0x0000, 0x0000, 0x0020, 0x18a0, 0x5200, 0xac00,
0xe540, 0xeda0, 0xe560, 0xc4a0, 0xb440, 0xccc0, 0xdd20, 0xccc0, 0xa3e0, 0x9360,
0x72a0, 0x3120, 0x0840, 0x0000, 0x0000, 0x0000, 0x1880, 0x49c0, 0x7b00, 0x8320,
0x49a0, 0x18a0, 0x0000, 0x0000, 0x0000, 0x0840, 0x3140, 0x72c0, 0xa3c0, 0xac00,
0xb440, 0xd500, 0xf5a0, 0xfde0, 0xfe00, 0xfde0, 0xfde0, 0xfde0, 0xfde0, 0xfde0,
0xfde0, 0xeda0, 0xd4e0, 0x9380, 0x41a0, 0x1060, 0x0000, 0x0000, 0x0000, 0x18a0,
0x49c0, 0x6240, 0x5200, 0x2920, 0x1060, 0x0000, 0x0000, 0x0000, 0x0000, 0x10c3,
0x3a08, 0x6bb0, 0x9536, 0x9d98, 0xa5b8, 0xa5b8, 0x9d98, 0x9d57, 0x8471, 0x83c9,
0xa423, 0xdd20, 0xfdc0, 0xfde0, 0xfde0, 0xfde0, 0xfde0, 0xfde0, 0xfde0, 0xfde0,
0xfde0, 0xfde0, 0xfde0, 0xfde0, 0xfe00, 0xfde0, 0xfe00, 0xfde0, 0xfe00, 0xfde0,
0xfde0, 0xfe00, 0xfde0, 0xfe00, 0xfde0, 0xfe00, 0xfde0, 0xfde0, 0xfe00, 0xfde0,
0xfe00, 0xfde0, 0xfde0, 0xfde0, 0xfde0, 0xfde0, 0xfde0, 0xfde0, 0xfde0, 0xfde0,
0xfde0, 0xfe00, 0xfde0, 0xfde0, 0xfde0, 0xfde0, 0xfde0, 0xfde0, 0xfde0, 0xfde0,
0xfde0, 0xfde0, 0xfde0, 0xfde0, 0xfde0, 0xfde0, 0xfde0, 0xfde0, 0xb460, 0x18a0,
0x0000, 0x0000, 0x0000, 0x0000, 0x0000, 0x0000, 0x0000, 0x0000, 0x0000, 0x0000,

0x0000, 0x0000, 0x0000, 0x0000, 0x0000, 0x0020, 0xa3e0, 0x6240, 0x0000, 0x0000,
0x0000, 0x0000, 0x0000, 0x0000, 0x0840, 0x72c0, 0x49c0, 0x1080, 0x8300, 0xd500,
0xf5c0, 0xfe00, 0x8b40, 0x8320, 0xfe00, 0xfe00, 0xfde0, 0xfe00, 0xfde0, 0xfe00,
0xfde0, 0xfe00, 0xf5c0, 0x49e0, 0x0000, 0x0000, 0x0000, 0x0000, 0x0000, 0x0000,
0x0820, 0x3120, 0xa3c0, 0xbca0, 0x2900, 0x0000, 0x0000, 0x0000, 0x0000, 0x0000,
0x0000, 0x0000, 0x0000, 0x0861, 0x73f0, 0x9514, 0x5a20, 0xb440, 0xe560, 0xeda0,
0xd500, 0xa3e0, 0x72c0, 0x5a20, 0x5200, 0x49c0, 0x5a20, 0x5a20, 0x49c0, 0x18a0,
0x0000, 0x0000, 0x0000, 0x1060, 0x3940, 0x8b60, 0xcce0, 0xf5a0, 0xf5c0, 0xe560,
0xc4a0, 0x9380, 0x72c0, 0x49c0, 0x18a0, 0x0000, 0x0000, 0x0000, 0x0840, 0x2900,
0x51e0, 0x41a0, 0x28e0, 0x0820, 0x0000, 0x0000, 0x0020, 0x20c0, 0x5a40, 0xb440,
0xe560, 0xf5c0, 0xe560, 0xc4a0, 0xb440, 0xcce0, 0xdd20, 0xd500, 0xac20, 0x9380,
0x7ae0, 0x3960, 0x1060, 0x0000, 0x0000, 0x0000, 0x1060, 0x4180, 0x72a0, 0x72c0,
0x3980, 0x1060, 0x0000, 0x0000, 0x0000, 0x1060, 0x41a0, 0x7b00, 0xa3e0, 0xac00,
0xbc60, 0xdd20, 0xf5c0, 0xfde0, 0xfe00, 0xfde0, 0xfe00, 0xfde0, 0xfde0, 0xfde0,
0xfde0, 0xf5c0, 0xd500, 0x9ba0, 0x41a0, 0x1060, 0x0000, 0x0000, 0x0000, 0x18a0,
0x41a0, 0x5200, 0x4180, 0x18a0, 0x0000, 0x0000, 0x0000, 0x0000, 0x0820, 0x18e3,
0x4a49, 0x7411, 0x9d56, 0xa5b8, 0xa5b8, 0xa5d9, 0xa5b8, 0x9d56, 0x8c71, 0x83c9,
0xa423, 0xdd20, 0xed80, 0xf5c0, 0xf5c0, 0xeda0, 0xf5a0, 0xeda0, 0xf5c0, 0xf5c0,
0xf5c0, 0xfde0, 0xfde0, 0xfde0, 0xfde0, 0xfde0, 0xfde0, 0xfe00, 0xfde0, 0xfe00,
0xfde0, 0xfde0, 0xfe00, 0xfde0, 0xfe00, 0xfde0, 0xfde0, 0xfde0, 0xfde0, 0xf5c0,
0xf5c0, 0xf5c0, 0xf5a0, 0xf5a0, 0xeda0, 0xf5a0, 0xf5c0, 0xf5c0, 0xfdc0, 0xfdc0,
0xfde0, 0xfde0, 0xfde0, 0xfde0, 0xfde0, 0xfde0, 0xfde0, 0xfde0, 0xfde0, 0xfde0,
0xfde0, 0xfde0, 0xfde0, 0xfde0, 0xfde0, 0xfde0, 0xfde0, 0xfe00, 0xdd20, 0x3960,
0x0000, 0x0000, 0x0000, 0x0000, 0x0000, 0x0000, 0x0000, 0x0000, 0x0000, 0x0000,

0x0000, 0x0000, 0x0000, 0x0000, 0x0000, 0x0000, 0x5a00, 0x9380, 0x0840, 0x0000,
0x0000, 0x0000, 0x0000, 0x0000, 0x0000, 0x49c0, 0xb440, 0x7b00, 0x8320, 0xf5e0,
0xfe00, 0xfe00, 0xbc80, 0x5a20, 0xeda0, 0xfe00, 0xfde0, 0xfe00, 0xfde0, 0xfe00,
0xfde0, 0xfe00, 0xfde0, 0x9360, 0x0840, 0x0000, 0x0000, 0x0000, 0x0000, 0x0000,
0x1880, 0x8320, 0x51e0, 0xb460, 0xa3e0, 0x18a0, 0x0000, 0x0000, 0x0000, 0x0000,
0x0000, 0x0000, 0x0000, 0x0000, 0x1904, 0x634c, 0x5a20, 0xb440, 0xe560, 0xfdc0,
0xe560, 0xbc60, 0x8b40, 0x6240, 0x49e0, 0x41a0, 0x49a0, 0x49c0, 0x3960, 0x18a0,
0x0000, 0x0000, 0x0000, 0x1060, 0x3940, 0x8b40, 0xccc0, 0xe560, 0xe560, 0xd500,
0xb440, 0x9360, 0x72a0, 0x4180, 0x1080, 0x0000, 0x0000, 0x0000, 0x1060, 0x3120,
0x5200, 0x49a0, 0x20c0, 0x0820, 0x0000, 0x0000, 0x0020, 0x2900, 0x6a80, 0xbc80,
0xed80, 0xf5c0, 0xe560, 0xc4a0, 0xb440, 0xcce0, 0xe540, 0xd500, 0xb440, 0x9ba0,
0x8300, 0x4180, 0x1880, 0x0000, 0x0000, 0x0000, 0x1060, 0x3960, 0x6260, 0x6a60,
0x3940, 0x1060, 0x0000, 0x0000, 0x0000, 0x1080, 0x49c0, 0x8b40, 0xa3e0, 0xac20,
0xc480, 0xe560, 0xf5c0, 0xfde0, 0xfde0, 0xfde0, 0xfde0, 0xfde0, 0xfde0, 0xfde0,
0xfde0, 0xf5c0, 0xdd20, 0x9ba0, 0x41a0, 0x1080, 0x0000, 0x0000, 0x0000, 0x18a0,
0x4180, 0x51e0, 0x3940, 0x1080, 0x0000, 0x0000, 0x0000, 0x0000, 0x1060, 0x3163,
0x5ac9, 0x8431, 0x9d77, 0xa5b8, 0xa5d9, 0xadd9, 0xa5d9, 0x9d77, 0x8c71, 0x83c9,
0x9be3, 0xcce0, 0xdd40, 0xdd40, 0xd500, 0xd500, 0xcce0, 0xcce0, 0xd500, 0xd500,
0xdd40, 0xe560, 0xed80, 0xfdc0, 0xfde0, 0xfde0, 0xfde0, 0xfde0, 0xfde0, 0xfde0,
0xfde0, 0xfde0, 0xfde0, 0xfde0, 0xfde0, 0xfde0, 0xfdc0, 0xf5a0, 0xf5a0, 0xe560,
0xe540, 0xd500, 0xd500, 0xcce0, 0xcce0, 0xd500, 0xd500, 0xdd40, 0xe560, 0xe580,
0xed80, 0xed80, 0xe560, 0xed60, 0xed80, 0xe560, 0xed80, 0xed80, 0xed80, 0xed80,
0xf5a0, 0xf5c0, 0xfde0, 0xf5c0, 0xf5c0, 0xfde0, 0xfde0, 0xfde0, 0xeda0, 0x6a80,
0x0000, 0x0000, 0x0000, 0x0000, 0x0000, 0x0000, 0x0000, 0x0000, 0x0000, 0x0000,

0x0000, 0x0000, 0x0000, 0x0000, 0x0000, 0x0000, 0x20c0, 0x9bc0, 0x2900, 0x0000,
0x0000, 0x0000, 0x0000, 0x0000, 0x0000, 0x49c0, 0xe580, 0xc4a0, 0x5a00, 0xdd20,
0xfe00, 0xfe00, 0xed80, 0x51e0, 0xcce0, 0xfe00, 0xfe00, 0xfde0, 0xfde0, 0xfe00,
0xfde0, 0xfe00, 0xfde0, 0xd4e0, 0x20e0, 0x0000, 0x0000, 0x0000, 0x0000, 0x0000,
0x0840, 0x8b20, 0x9be0, 0x49e0, 0xdd20, 0x8320, 0x1060, 0x0000, 0x0000, 0x0000,
0x0000, 0x0000, 0x0000, 0x0000, 0x0000, 0x18c1, 0x5a20, 0xb440, 0xe560, 0xfdc0,
0xf5a0, 0xd500, 0xac00, 0x6a80, 0x49a0, 0x3960, 0x3960, 0x41a0, 0x3960, 0x1080,
0x0000, 0x0000, 0x0000, 0x1060, 0x3940, 0x8320, 0xbc60, 0xd4e0, 0xccc0, 0xbc60,
0x9bc0, 0x8320, 0x6240, 0x3140, 0x1060, 0x0000, 0x0000, 0x0000, 0x1060, 0x3940,
0x5a20, 0x49c0, 0x20c0, 0x0000, 0x0000, 0x0000, 0x0840, 0x2900, 0x72a0, 0xc4a0,
0xed80, 0xf5c0, 0xe560, 0xc4a0, 0xb440, 0xcce0, 0xe540, 0xdd20, 0xb440, 0x9ba0,
0x8320, 0x49c0, 0x18a0, 0x0000, 0x0000, 0x0000, 0x0840, 0x3140, 0x5a20, 0x5a40,
0x3120, 0x1060, 0x0000, 0x0000, 0x0000, 0x1880, 0x5200, 0x8b40, 0xac00, 0xac20,
0xccc0, 0xe560, 0xfde0, 0xfde0, 0xfde0, 0xfde0, 0xfde0, 0xfde0, 0xfde0, 0xfde0,
0xfde0, 0xf5c0, 0xdd20, 0x9ba0, 0x41a0, 0x1080, 0x0000, 0x0000, 0x0000, 0x1880,
0x3960, 0x41a0, 0x2900, 0x1060, 0x0000, 0x0000, 0x0000, 0x1060, 0x20e0, 0x4a03,
0x6b29, 0x8c71, 0xa597, 0xadd9, 0xadf9, 0xadf9, 0xadd9, 0x9d97, 0x8c71, 0x7baa,
0x8ba3, 0xb442, 0xb461, 0xb442, 0xa423, 0x9c03, 0x9be3, 0x9be3, 0x9c03, 0xa422,
0xb441, 0xbca1, 0xcce0, 0xdd40, 0xed80, 0xf5c0, 0xfde0, 0xfde0, 0xfde0, 0xfde0,
0xfe00, 0xfde0, 0xfde0, 0xfde0, 0xfde0, 0xf5a0, 0xed80, 0xdd20, 0xd4e1, 0xc4a1,
0xb461, 0xac43, 0xa423, 0xa403, 0xa403, 0xa403, 0xa423, 0xac42, 0xbc81, 0xbca1,
0xc480, 0xbc60, 0xbc80, 0xc4a1, 0xc4a1, 0xc4a1, 0xc4a1, 0xc4a1, 0xc4c1, 0xc4a1,
0xc4c1, 0xcce1, 0xe560, 0xc480, 0xa3e0, 0xd500, 0xf5c0, 0xfde0, 0xfde0, 0xa3e0,
0x1880, 0x0000, 0x0000, 0x0000, 0x0000, 0x0000, 0x0000, 0x0000, 0x0000, 0x0000,

0x0820, 0x0000, 0x0000, 0x0000, 0x0000, 0x0000, 0x0020, 0x3940, 0x20e0, 0x0000,
0x0000, 0x0000, 0x0000, 0x0000, 0x0000, 0x1880, 0xb440, 0xf5c0, 0x6260, 0xa3c0,
0xfde0, 0xfe00, 0xfde0, 0x9b80, 0x7b00, 0xf5c0, 0xfe00, 0xfde0, 0xfe00, 0xfde0,
0xfe00, 0xfde0, 0xfe00, 0xeda0, 0x6a80, 0x0000, 0x0000, 0x0000, 0x0000, 0x0000,
0x0000, 0x4180, 0xdd40, 0x8b40, 0x5a00, 0xe560, 0x8300, 0x0020, 0x0000, 0x0000,
0x0000, 0x0000, 0x0000, 0x0000, 0x0000, 0x0840, 0x5a20, 0xb420, 0xe560, 0xfde0,
0xf5c0, 0xe580, 0xc4a0, 0x7b00, 0x49c0, 0x2900, 0x3960, 0x41a0, 0x3960, 0x1080,
0x0000, 0x0000, 0x0000, 0x1060, 0x3120, 0x72c0, 0x9bc0, 0xa3e0, 0x9bc0, 0x9ba0,
0x8b40, 0x6aa0, 0x49a0, 0x20c0, 0x0020, 0x0000, 0x0000, 0x0020, 0x20c0, 0x49c0,
0x6260, 0x49c0, 0x20c0, 0x0020, 0x0000, 0x0000, 0x0840, 0x3120, 0x7ae0, 0xccc0,
0xed80, 0xfde0, 0xe540, 0xc4a0, 0xb440, 0xcce0, 0xe560, 0xdd20, 0xbc60, 0x9bc0,
0x8320, 0x51e0, 0x20c0, 0x0000, 0x0000, 0x0000, 0x0840, 0x2920, 0x51e0, 0x5200,
0x2900, 0x0840, 0x0000, 0x0000, 0x0000, 0x18a0, 0x5a20, 0x9380, 0xac00, 0xb440,
0xccc0, 0xe580, 0xfdc0, 0xeda0, 0xeda0, 0xfde0, 0xfde0, 0xfde0, 0xfe00, 0xfde0,
0xfde0, 0xf5c0, 0xdd20, 0x9ba0, 0x41a0, 0x1080, 0x0000, 0x0000, 0x0000, 0x1060,
0x2900, 0x2900, 0x18a0, 0x0020, 0x0000, 0x0000, 0x0020, 0x18a0, 0x4180, 0x6ac3,
0x7ba9, 0x94d1, 0xa597, 0xadd9, 0xae19, 0xadf9, 0xadd9, 0xa597, 0x8471, 0x736a,
0x6b06, 0x8365, 0x8ba6, 0x83a8, 0x7ba9, 0x7b89, 0x736a, 0x738a, 0x7baa, 0x7b89,
0x83a7, 0x8bc6, 0x9be4, 0xb462, 0xc4c1, 0xdd20, 0xed80, 0xf5c0, 0xfde0, 0xfde0,
0xfde0, 0xfde0, 0xfde0, 0xf5c0, 0xed80, 0xd520, 0xc4a1, 0xac43, 0x9be4, 0x93e6,
0x8bc8, 0x83c9, 0x83ca, 0x7bcb, 0x83eb, 0x83ca, 0x83ca, 0x8bc8, 0x8bc6, 0x8385,
0x8343, 0x7b23, 0x7b43, 0x8384, 0x8bc6, 0x8bc6, 0x8bc6, 0x8bc6, 0x8bc6, 0x8bc6,
0x93e5, 0x93e4, 0xa422, 0xb460, 0xb420, 0x9ba0, 0x9ba0, 0xb440, 0xe580, 0xdd40,
0x5a20, 0x0000, 0x0000, 0x0000, 0x0000, 0x0000, 0x0000, 0x0000, 0x0000, 0x0000,

0x2900, 0x0000, 0x0000, 0x0000, 0x0000, 0x0000, 0x0000, 0x2900, 0x8300, 0x0840,
0x0000, 0x0000, 0x0000, 0x0000, 0x0000, 0x0000, 0x6a80, 0xedc0, 0xac20, 0x6240,
0xe560, 0xfe00, 0xfe00, 0xdd20, 0x51e0, 0xdd20, 0xfe00, 0xfde0, 0xfde0, 0xfde0,
0xfe00, 0xfde0, 0xfe00, 0xfde0, 0xac00, 0x1060, 0x0000, 0x0000, 0x0000, 0x0000,
0x0000, 0x0840, 0xc4a0, 0xe5a0, 0x6a80, 0x8b40, 0xd4e0, 0x6240, 0x0000, 0x0000,
0x0000, 0x0000, 0x0000, 0x0000, 0x0000, 0x0840, 0x5a20, 0xb420, 0xe560, 0xfde0,
0xfde0, 0xf5c0, 0xd500, 0x9360, 0x51e0, 0x3140, 0x3960, 0x49c0, 0x3960, 0x1080,
0x0000, 0x0000, 0x0000, 0x0840, 0x2900, 0x5a40, 0x7ae0, 0x7b00, 0x7b00, 0x7ae0,
0x6aa0, 0x51e0, 0x2900, 0x1060, 0x0000, 0x0000, 0x0000, 0x0840, 0x2900, 0x5a20,
0x72a0, 0x49c0, 0x20c0, 0x0020, 0x0000, 0x0000, 0x0840, 0x3960, 0x7b00, 0xd4e0,
0xed80, 0xfdc0, 0xdd40, 0xc480, 0xb440, 0xcce0, 0xe560, 0xdd40, 0xbc60, 0xa3c0,
0x8320, 0x5200, 0x20e0, 0x0020, 0x0000, 0x0000, 0x0820, 0x2900, 0x49c0, 0x49c0,
0x28e0, 0x0820, 0x0000, 0x0000, 0x0000, 0x20c0, 0x5a40, 0x9380, 0xac00, 0xb440,
0xcce0, 0xe580, 0xed80, 0xe540, 0xe540, 0xed80, 0xf5c0, 0xfde0, 0xfde0, 0xfde0,
0xfde0, 0xf5c0, 0xdd20, 0x9ba0, 0x41a0, 0x1060, 0x0000, 0x0000, 0x0000, 0x0840,
0x1080, 0x1880, 0x1060, 0x0000, 0x0000, 0x0000, 0x1040, 0x2900, 0x6240, 0x8363,
0x8c09, 0x94d1, 0xa597, 0xadd9, 0xadf9, 0xadf9, 0xadf9, 0xa597, 0x8493, 0x73ae,
0x6b4a, 0x73ab, 0x7c0d, 0x842f, 0x8430, 0x7c10, 0x7c10, 0x7c30, 0x7c30, 0x7c0f,
0x7bee, 0x7bec, 0x83ca, 0x8be7, 0x9c04, 0xb462, 0xd501, 0xe560, 0xf5c0, 0xfde0,
0xfde0, 0xfde0, 0xf5c0, 0xe540, 0xcce1, 0xac42, 0x9c04, 0x8bc7, 0x83eb, 0x840d,
0x844f, 0x8c91, 0x8c92, 0x8cb2, 0x8cb2, 0x8c92, 0x8c91, 0x8450, 0x842e, 0x7bcb,
0x6b29, 0x6308, 0x6b28, 0x73ab, 0x840c, 0x842d, 0x8c2e, 0x8c2d, 0x8c2d, 0x842e,
0x8c2d, 0x83eb, 0x8bc7, 0xa423, 0xccc0, 0xd500, 0xbc80, 0x9380, 0x8340, 0xa400,
0x9380, 0x18a0, 0x0000, 0x0000, 0x0000, 0x0000, 0x0000, 0x0000, 0x0000, 0x0000,

0x5a20, 0x0000, 0x0000, 0x0000, 0x0000, 0x0000, 0x0000, 0x18a0, 0xac00, 0x3120,
0x0000, 0x0000, 0x0000, 0x0000, 0x0000, 0x0000, 0x2900, 0xccc0, 0xf5a0, 0x5a40,
0xa3e0, 0xfe00, 0xfe00, 0xf5e0, 0x6260, 0xb440, 0xfe00, 0xfe00, 0xfde0, 0xfe00,
0xfde0, 0xfe00, 0xed80, 0xa3c0, 0xccc0, 0x3140, 0x0000, 0x0000, 0x0000, 0x0000,
0x0000, 0x0000, 0x8300, 0xf5c0, 0xdd40, 0x49e0, 0x9380, 0xdd40, 0x3140, 0x0000,
0x0000, 0x0000, 0x0000, 0x0000, 0x0000, 0x0840, 0x5a20, 0xb420, 0xe560, 0xfde0,
0xfde0, 0xf5c0, 0xdd20, 0x9ba0, 0x5200, 0x3940, 0x3980, 0x49c0, 0x3980, 0x18a0,
0x0000, 0x0000, 0x0000, 0x0020, 0x18a0, 0x3960, 0x51e0, 0x5200, 0x5a00, 0x51e0,
0x49a0, 0x2900, 0x1060, 0x0000, 0x0000, 0x0000, 0x0000, 0x1080, 0x3960, 0x72a0,
0x7b00, 0x5200, 0x20c0, 0x0000, 0x0000, 0x0000, 0x1060, 0x3960, 0x8320, 0xd4e0,
0xf5a0, 0xf5c0, 0xdd40, 0xbc60, 0xac00, 0xc4c0, 0xdd40, 0xdd20, 0xb460, 0x9bc0,
0x8320, 0x5200, 0x20e0, 0x0020, 0x0000, 0x0000, 0x0820, 0x20e0, 0x41a0, 0x41a0,
0x20c0, 0x0820, 0x0000, 0x0000, 0x0000, 0x20c0, 0x5a40, 0x9380, 0xa3e0, 0xb420,
0xccc0, 0xe560, 0xe540, 0xccc0, 0xc4a0, 0xdd20, 0xeda0, 0xfde0, 0xfde0, 0xfde0,
0xfde0, 0xf5c0, 0xdd20, 0x9ba0, 0x41a0, 0x1080, 0x0000, 0x0000, 0x0000, 0x0000,
0x0020, 0x0020, 0x0000, 0x0000, 0x0000, 0x0000, 0x1060, 0x3960, 0x72a0, 0x93c3,
0x9429, 0x94d1, 0xa597, 0xadf9, 0xadf9, 0xae19, 0xadd9, 0xa5b8, 0x9515, 0x7c52,
0x7c31, 0x8472, 0x8cd4, 0x9515, 0x8cf5, 0x84b4, 0x84b4, 0x84d5, 0x84d5, 0x84d5,
0x8493, 0x8c93, 0x8c71, 0x842e, 0x83ea, 0x8bc6, 0xac22, 0xc4c1, 0xe560, 0xf5c0,
0xfdc0, 0xedc0, 0xe540, 0xc4a1, 0xa403, 0x8bc6, 0x83ea, 0x840e, 0x8c91, 0x94d4,
0x9515, 0x9d56, 0x9d56, 0xa577, 0x9d77, 0x9d77, 0x9d56, 0x9d56, 0x9515, 0x8cb3,
0x7c30, 0x7bef, 0x73ef, 0x8472, 0x9cf3, 0x9d35, 0xa555, 0xa555, 0x9d55, 0xa535,
0x9d35, 0x94d2, 0x840c, 0x93e6, 0xb462, 0xdd20, 0xd520, 0xb461, 0x8365, 0x6b07,
0x6b06, 0x3142, 0x0020, 0x0000, 0x0000, 0x0000, 0x0000, 0x0000, 0x0000, 0x0000,

0x3140, 0x0840, 0x0000, 0x0000, 0x0000, 0x0000, 0x0000, 0x0820, 0x6a80, 0x8b60,
0x0020, 0x0000, 0x0000, 0x0000, 0x0000, 0x0000, 0x0820, 0x6a80, 0xfe00, 0xbc80,
0x41a0, 0xeda0, 0xfde0, 0xfe00, 0xa3c0, 0x7ae0, 0xf5a0, 0xfe00, 0xfde0, 0xfe00,
0xfde0, 0xfe00, 0xbc80, 0x20e0, 0xbc60, 0x8300, 0x0000, 0x0000, 0x0000, 0x0000,
0x0000, 0x0000, 0x3140, 0xdd20, 0xfe00, 0xc4a0, 0x5a20, 0xa3e0, 0xccc0, 0x3140,
0x0000, 0x0000, 0x0000, 0x0000, 0x0000, 0x0840, 0x5a20, 0xb440, 0xe560, 0xfde0,
0xfde0, 0xf5a0, 0xd500, 0x9360, 0x51e0, 0x3120, 0x4180, 0x51e0, 0x4180, 0x18a0,
0x0000, 0x0000, 0x0000, 0x0000, 0x0840, 0x1880, 0x20c0, 0x20c0, 0x20c0, 0x20c0,
0x1880, 0x0840, 0x0000, 0x0000, 0x0000, 0x0000, 0x0820, 0x20c0, 0x5a20, 0x8b40,
0x8b60, 0x5a20, 0x20c0, 0x0020, 0x0000, 0x0000, 0x1060, 0x3980, 0x8320, 0xd4e0,
0xed80, 0xe560, 0xccc0, 0xac20, 0x9bc0, 0xb440, 0xccc0, 0xc4a0, 0xa3e0, 0x8b60,
0x7ae0, 0x49c0, 0x20c0, 0x0020, 0x0000, 0x0000, 0x0820, 0x20c0, 0x3940, 0x3980,
0x18a0, 0x0820, 0x0000, 0x0000, 0x0000, 0x20c0, 0x5a20, 0x8320, 0x9380, 0xa3c0,
0xbc60, 0xcce0, 0xc4a0, 0xac00, 0xa3e0, 0xc480, 0xdd00, 0xe560, 0xf5c0, 0xfde0,
0xfde0, 0xf5c0, 0xdd20, 0x9ba0, 0x41a0, 0x1080, 0x0000, 0x0000, 0x0000, 0x0000,
0x0000, 0x0000, 0x0000, 0x0000, 0x0000, 0x0000, 0x1080, 0x3980, 0x7ae0, 0x93c3,
0x9429, 0x94d1, 0xa597, 0xadd9, 0xadf9, 0xae19, 0xadf9, 0xadd9, 0xa597, 0x9d56,
0x9536, 0x9d77, 0xa598, 0x9d97, 0x9557, 0x8d15, 0x8cf6, 0x8d16, 0x8d36, 0x8d36,
0x9536, 0x9557, 0x9d56, 0x9d35, 0x8cb2, 0x840d, 0x83c8, 0x9c04, 0xbc81, 0xdd40,
0xe560, 0xdd20, 0xb461, 0x9be4, 0x83c9, 0x840e, 0x8c92, 0x9515, 0x9d77, 0xa598,
0xa5b8, 0xa5b8, 0xa5d9, 0xa5d9, 0xa5d9, 0xa5d9, 0xa5d9, 0xa5b8, 0xa5b8, 0xadb7,
0xa577, 0x9d56, 0x9d56, 0xad97, 0xadd8, 0xb619, 0xb619, 0xb619, 0xb619, 0xb619,
0xb619, 0xadb7, 0x94b2, 0x8c0b, 0x93e5, 0xb461, 0xb441, 0x9c04, 0x83ea, 0x94b1,
0x9d35, 0x8cb3, 0x634d, 0x31a6, 0x1082, 0x0000, 0x0000, 0x0000, 0x0000, 0x0000,

0xbc80, 0x41a0, 0x0000, 0x0000, 0x0000, 0x0000, 0x0000, 0x0000, 0x3960, 0xbc80,
0x2900, 0x0000, 0x0000, 0x0000, 0x0000, 0x0000, 0x0000, 0x18a0, 0xd4e0, 0xed80,
0x6aa0, 0x8b40, 0xf5c0, 0xfe00, 0xdd20, 0x5200, 0xdd20, 0xfe00, 0xfe00, 0xfde0,
0xfde0, 0xfde0, 0x9380, 0x0840, 0x8320, 0xc4a0, 0x0820, 0x0000, 0x0000, 0x0000,
0x0000, 0x0000, 0x1080, 0xac00, 0xfde0, 0xfde0, 0xb420, 0x41a0, 0xccc0, 0xac00,
0x20e0, 0x0000, 0x0000, 0x0000, 0x0000, 0x0840, 0x5a20, 0xb440, 0xe560, 0xfde0,
0xfde0, 0xed80, 0xccc0, 0x8300, 0x41a0, 0x3120, 0x4180, 0x49c0, 0x3960, 0x18a0,
0x0000, 0x0000, 0x0000, 0x0000, 0x0000, 0x0000, 0x0820, 0x0840, 0x0820, 0x0020,
0x0000, 0x0000, 0x0000, 0x0000, 0x0000, 0x0000, 0x1060, 0x3960, 0x7ae0, 0xac00,
0x9ba0, 0x5a20, 0x20c0, 0x0000, 0x0000, 0x0000, 0x1060, 0x4180, 0x8b40, 0xcce0,
0xe540, 0xd500, 0xb440, 0x9380, 0x8b40, 0x9ba0, 0xac00, 0xac00, 0x9360, 0x7ae0,
0x6a60, 0x4180, 0x18a0, 0x0020, 0x0000, 0x0000, 0x0820, 0x18a0, 0x3120, 0x3120,
0x18a0, 0x0020, 0x0000, 0x0000, 0x0000, 0x18a0, 0x49c0, 0x72c0, 0x7b00, 0x8b40,
0xa3c0, 0xac20, 0xac00, 0x9360, 0x8b40, 0xa3e0, 0xbc80, 0xd500, 0xed80, 0xfdc0,
0xfde0, 0xf5c0, 0xdd20, 0x9ba0, 0x41a0, 0x1080, 0x0000, 0x0000, 0x0000, 0x0000,
0x0000, 0x0000, 0x0000, 0x0000, 0x0000, 0x0000, 0x1060, 0x3140, 0x6a80, 0x8ba3,
0x8c09, 0x94d1, 0xa597, 0xadd9, 0xadf9, 0xae19, 0xadf9, 0xadd9, 0xadd9, 0xa5b8,
0xa5b8, 0xa5d9, 0xa5d9, 0xa5b8, 0x9d57, 0x8d15, 0x8cf5, 0x8d16, 0x8d36, 0x9537,
0x9557, 0x9d97, 0xa5b8, 0xa5b8, 0x9d56, 0x8cd3, 0x840e, 0x83c9, 0x9c04, 0xbca1,
0xccc0, 0xb461, 0x93e5, 0x83ea, 0x842f, 0x94d3, 0x9d56, 0xa598, 0xa5b8, 0xa5d9,
0xa5d9, 0xa5d9, 0xa5d9, 0xadd9, 0xa5d9, 0xadd9, 0xadd9, 0xadd9, 0xadf9, 0xb5f9,
0xb619, 0xb619, 0xb619, 0xb619, 0xbe3a, 0xbe5a, 0xbe5a, 0xbe5a, 0xbe5a, 0xbe5a,
0xbe5a, 0xbe19, 0xa555, 0x946f, 0x83c8, 0x93a4, 0x8ba3, 0x83c8, 0x8c4f, 0xa535,
0xadf9, 0xb61a, 0xb5f9, 0xa556, 0x73ef, 0x4249, 0x18c3, 0x0820, 0x0000, 0x0000,

0xeda0, 0x7b00, 0x0020, 0x0000, 0x0000, 0x0000, 0x0000, 0x0000, 0x0840, 0xc4c0,
0x6260, 0x0000, 0x0000, 0x0000, 0x0000, 0x0000, 0x0000, 0x0000, 0x6a80, 0xedc0,
0xd520, 0x4180, 0xc4a0, 0xfe00, 0xf5c0, 0x7ae0, 0x9bc0, 0xfe00, 0xfe00, 0xfde0,
0xfe00, 0xf5a0, 0x6260, 0x0000, 0x49e0, 0xd4e0, 0x3960, 0x0000, 0x0000, 0x0000,
0x0000, 0x0000, 0x0000, 0x6aa0, 0xeda0, 0xfe00, 0xf5c0, 0x9380, 0x49c0, 0xdd20,
0xa3e0, 0x0840, 0x0000, 0x0000, 0x0000, 0x0840, 0x5a20, 0xb440, 0xe560, 0xfde0,
0xfde0, 0xe560, 0xbc60, 0x72c0, 0x41a0, 0x3960, 0x3960, 0x4180, 0x3140, 0x1080,
0x0000, 0x0000, 0x0000, 0x0000, 0x0000, 0x0000, 0x0000, 0x0000, 0x0000, 0x0000,
0x0000, 0x0000, 0x0000, 0x0000, 0x0000, 0x0840, 0x20e0, 0x5a20, 0x9ba0, 0xc480,
0xa3e0, 0x5a20, 0x20c0, 0x0020, 0x0000, 0x0000, 0x1060, 0x4180, 0x8b40, 0xcce0,
0xdd40, 0xd4e0, 0xac20, 0x8b60, 0x8300, 0x9380, 0xa3e0, 0xa3e0, 0x8320, 0x72c0,
0x6240, 0x3980, 0x18a0, 0x0020, 0x0000, 0x0000, 0x0020, 0x18a0, 0x3120, 0x3120,
0x1880, 0x0020, 0x0000, 0x0000, 0x0000, 0x18a0, 0x41a0, 0x6a80, 0x7ae0, 0x8300,
0x9380, 0xa3e0, 0x9bc0, 0x8b40, 0x8320, 0x9ba0, 0xb440, 0xcce0, 0xe560, 0xfdc0,
0xfde0, 0xf5c0, 0xdd20, 0x9ba0, 0x41a0, 0x1080, 0x0000, 0x0000, 0x0000, 0x0000,
0x0000, 0x0000, 0x0000, 0x0000, 0x0000, 0x0000, 0x0820, 0x28e0, 0x5200, 0x7b23,
0x8be9, 0x94d1, 0xa597, 0xadf9, 0xae19, 0xae19, 0xae19, 0xadf9, 0xadf9, 0xadd9,
0xadf9, 0xadd9, 0xa5d9, 0xa5b8, 0x9d57, 0x8cf5, 0x8cf5, 0x8d16, 0x8d36, 0x9537,
0x9557, 0x9d97, 0xa5d9, 0xadf9, 0xadd8, 0xa576, 0x8cb3, 0x840e, 0x83a8, 0x93c3,
0x9be2, 0x8ba4, 0x83c9, 0x842f, 0x94f4, 0xa577, 0xa5b8, 0xa5d9, 0xa5d9, 0xa5d9,
0xa5d9, 0xa5d9, 0xa5d9, 0xadd9, 0xa5d9, 0xa5d9, 0xadd9, 0xadd9, 0xadf9, 0xb619,
0xbe3a, 0xbe5a, 0xbe5a, 0xbe5a, 0xbe5a, 0xbe5a, 0xbe7a, 0xbe5a, 0xbe5a, 0xbe7a,
0xc67a, 0xbe5a, 0xadb7, 0x94f3, 0x840d, 0x7347, 0x7347, 0x7bec, 0x94f3, 0xadb7,
0xb61a, 0xbe3a, 0xbe5a, 0xbe3a, 0xb5f9, 0x9d35, 0x7bee, 0x4a45, 0x4181, 0x49c0,

0xa3c0, 0xbc80, 0x18a0, 0x0000, 0x0000, 0x0000, 0x0000, 0x0000, 0x0000, 0x9360,
0xb420, 0x18a0, 0x0000, 0x0000, 0x0000, 0x0000, 0x0000, 0x0000, 0x1880, 0xa3c0,
0xfe00, 0x9bc0, 0x49e0, 0xdd20, 0xfe00, 0xb440, 0x5a20, 0xedc0, 0xfde0, 0xfe00,
0xfde0, 0xdd20, 0x2900, 0x0000, 0x1880, 0xb460, 0x8320, 0x0820, 0x0000, 0x0000,
0x0000, 0x0000, 0x0000, 0x2900, 0xd500, 0xfe00, 0xfe00, 0xf5c0, 0x72a0, 0x6a80,
0xdd40, 0x8320, 0x0840, 0x0000, 0x0000, 0x0840, 0x5a20, 0xb420, 0xe560, 0xfde0,
0xf5c0, 0xdd40, 0xac00, 0x6a80, 0x51e0, 0x49c0, 0x4180, 0x3960, 0x28e0, 0x1080,
0x0000, 0x0000, 0x0000, 0x0000, 0x0000, 0x0000, 0x0000, 0x0000, 0x0000, 0x0000,
0x0000, 0x0000, 0x0000, 0x0000, 0x0020, 0x18a0, 0x41a0, 0x8b40, 0xc480, 0xd500,
0xac00, 0x5a20, 0x20c0, 0x0000, 0x0000, 0x0000, 0x1060, 0x3980, 0x8320, 0xd4e0,
0xed80, 0xe540, 0xc4a0, 0xa3e0, 0x9b80, 0xac20, 0xbc80, 0xb440, 0x9bc0, 0x8320,
0x72c0, 0x49a0, 0x18a0, 0x0000, 0x0000, 0x0000, 0x0820, 0x18a0, 0x3940, 0x3940,
0x18a0, 0x0020, 0x0000, 0x0000, 0x0000, 0x18a0, 0x51e0, 0x7ae0, 0x8b40, 0x9380,
0xac20, 0xc4a0, 0xb440, 0x9bc0, 0x9ba0, 0xb420, 0xccc0, 0xdd40, 0xeda0, 0xfde0,
0xfde0, 0xf5c0, 0xdd20, 0x9ba0, 0x41a0, 0x1060, 0x0000, 0x0000, 0x0000, 0x0000,
0x0000, 0x0000, 0x0000, 0x0000, 0x0000, 0x0000, 0x0000, 0x1060, 0x3140, 0x6283,
0x7389, 0x94b1, 0xa597, 0xadf9, 0xae19, 0xae19, 0xae19, 0xae19, 0xadf9, 0xadf9,
0xadf9, 0xa5d9, 0xa5d9, 0xa598, 0x9536, 0x8cf5, 0x84d5, 0x8cf5, 0x8d16, 0x8d37,
0x9557, 0x9d98, 0xa5d9, 0xadf9, 0xadf9, 0xa5d9, 0x9d56, 0x8cd3, 0x7bed, 0x7347,
0x7326, 0x7369, 0x842f, 0x94f4, 0x9d77, 0xa5d9, 0xa5d9, 0xa5d9, 0xa5d9, 0xa5d9,
0xa5d9, 0xa5d9, 0xa5b8, 0xa5b8, 0xa5b8, 0xa5b8, 0xa5d9, 0xadd9, 0xadf9, 0xb619,
0xbe5a, 0xc67a, 0xc67b, 0xbe5a, 0xbe5a, 0xbe5a, 0xbe5a, 0xbe5a, 0xbe5a, 0xbe5a,
0xbe7a, 0xbe5a, 0xb619, 0xad96, 0x94b2, 0x7bcd, 0x73cd, 0x8c91, 0xad76, 0xb5f9,
0xbe3a, 0xbe5a, 0xbe3a, 0xbe3a, 0xb5f8, 0xa555, 0x8c6f, 0x8be7, 0xb462, 0xdd20,

0x6a80, 0xdd20, 0x4180, 0x0000, 0x0000, 0x0000, 0x0000, 0x0000, 0x0000, 0x51e0,
0xdd40, 0x5a20, 0x0000, 0x0000, 0x0000, 0x0000, 0x0000, 0x0000, 0x0000, 0x3140,
0xccc0, 0xeda0, 0x72c0, 0x6260, 0xe560, 0xdd40, 0x5a20, 0xd500, 0xfe00, 0xfe00,
0xfde0, 0xac00, 0x0860, 0x0000, 0x0020, 0x6a80, 0xc4a0, 0x20c0, 0x0000, 0x0000,
0x0000, 0x0000, 0x0000, 0x0840, 0x9380, 0xfe00, 0xfe00, 0xfde0, 0xe560, 0x6260,
0x8320, 0xe540, 0x6a80, 0x0840, 0x0000, 0x0840, 0x5a20, 0xb420, 0xe560, 0xfde0,
0xf5c0, 0xd500, 0x9bc0, 0x6260, 0x5a20, 0x6240, 0x5200, 0x3980, 0x2900, 0x18a0,
0x1060, 0x1060, 0x0000, 0x0000, 0x0000, 0x0000, 0x0000, 0x0000, 0x0000, 0x0000,
0x0000, 0x0000, 0x0000, 0x0000, 0x1040, 0x3120, 0x6a80, 0xb420, 0xdd20, 0xdd40,
0xac00, 0x5a20, 0x20c0, 0x0000, 0x0000, 0x0000, 0x1060, 0x3960, 0x8320, 0xd4e0,
0xed80, 0xf5a0, 0xdd20, 0xc4a0, 0xbc60, 0xccc0, 0xdd20, 0xd500, 0xb440, 0x9380,
0x8300, 0x51e0, 0x20e0, 0x0020, 0x0000, 0x0000, 0x0820, 0x20c0, 0x4180, 0x4180,
0x20c0, 0x0820, 0x0000, 0x0000, 0x0020, 0x20c0, 0x5a20, 0x8b60, 0x9bc0, 0xac00,
0xc4a0, 0xd520, 0xcce0, 0xb440, 0xac00, 0xccc0, 0xe540, 0xf5c0, 0xfdc0, 0xfde0,
0xfde0, 0xf5c0, 0xdd20, 0x9ba0, 0x41a0, 0x1080, 0x0000, 0x0000, 0x0000, 0x0000,
0x0000, 0x0000, 0x0000, 0x0000, 0x0000, 0x0000, 0x0000, 0x0840, 0x20c0, 0x41e3,
0x6329, 0x8c91, 0x9d77, 0xadf9, 0xae19, 0xae19, 0xadf9, 0xadf9, 0xadf9, 0xadf9,
0xadd9, 0xa5d8, 0xa5b8, 0x9d77, 0x8cf5, 0x8493, 0x7c73, 0x8494, 0x84d5, 0x8cf5,
0x9536, 0x9d77, 0xadd8, 0xadf9, 0xadf9, 0xadd9, 0xa5b8, 0x9d56, 0x8c92, 0x73ad,
0x6b6b, 0x73ce, 0x8cd3, 0x9d77, 0xa5d8, 0xa5d9, 0xa5d9, 0xa5d9, 0xa5d9, 0xa5b8,
0xa598, 0x9d77, 0x9d56, 0x9536, 0x9d56, 0x9d56, 0x9d77, 0xa598, 0xa5d8, 0xb5f9,
0xbe3a, 0xbe5a, 0xc67b, 0xc67a, 0xbe5a, 0xbe5a, 0xbe5a, 0xbe5a, 0xbe5a, 0xbe5a,
0xc67b, 0xbe7a, 0xbe3a, 0xb5f8, 0xa576, 0x8cb3, 0x94d3, 0x9d56, 0xb5f9, 0xb63a,
0xbe3a, 0xbe5a, 0xbe3a, 0xb61a, 0xad97, 0x94b1, 0x8c0b, 0x9c04, 0xcce1, 0xed80,

0x49c0, 0xdd20, 0x72a0, 0x0000, 0x0000, 0x0000, 0x0000, 0x0000, 0x0000, 0x3140,
0xd520, 0xc480, 0x0000, 0x0000, 0x0000, 0x0000, 0x0000, 0x0000, 0x0000, 0x0020,
0x5a20, 0xf5c0, 0xe560, 0x6a80, 0x6260, 0xd500, 0x7ae0, 0x9ba0, 0xf5c0, 0xfe00,
0xf5c0, 0x6260, 0x0000, 0x0000, 0x0000, 0x3120, 0xd500, 0x5200, 0x0000, 0x0000,
0x0000, 0x0000, 0x0000, 0x0000, 0x5200, 0xf5c0, 0xfe00, 0xfde0, 0xfe00, 0xd4e0,
0x49c0, 0xa400, 0xdd40, 0x51e0, 0x0020, 0x0840, 0x5a20, 0xb420, 0xe560, 0xfde0,
0xeda0, 0xccc0, 0x9360, 0x6240, 0x6260, 0x72a0, 0x6a80, 0x49c0, 0x3960, 0x3940,
0x3960, 0x2900, 0x1880, 0x0820, 0x0000, 0x0000, 0x0000, 0x0000, 0x0000, 0x0000,
0x0000, 0x0000, 0x0000, 0x0000, 0x1080, 0x41a0, 0x8b40, 0xd4e0, 0xed80, 0xe560,
0xac00, 0x6240, 0x20c0, 0x0000, 0x0000, 0x0000, 0x1060, 0x3960, 0x8320, 0xcce0,
0xf5a0, 0xfde0, 0xed80, 0xdd20, 0xd500, 0xe560, 0xed80, 0xdd40, 0xbc60, 0x9bc0,
0x8320, 0x5200, 0x20e0, 0x0020, 0x0000, 0x0000, 0x0820, 0x28e0, 0x49a0, 0x49a0,
0x20c0, 0x0840, 0x0000, 0x0000, 0x0020, 0x20c0, 0x5a40, 0x9380, 0xac00, 0xb420,
0xcce0, 0xe560, 0xdd20, 0xbc80, 0xb460, 0xd500, 0xed80, 0xfde0, 0xfde0, 0xfde0,
0xfde0, 0xf5c0, 0xdd20, 0x9ba0, 0x41a0, 0x1060, 0x0000, 0x0000, 0x0000, 0x0000,
0x0000, 0x0000, 0x0000, 0x0000, 0x0000, 0x0000, 0x0000, 0x0000, 0x1060, 0x2943,
0x52a9, 0x8451, 0xa597, 0xadd9, 0xadf9, 0xadf9, 0xadf9, 0xae19, 0xadf9, 0xadf9,
0xa5d9, 0xa597, 0x9d36, 0x94d4, 0x7c30, 0x73ce, 0x73ae, 0x73d0, 0x7410, 0x7c73,
0x84d4, 0x9557, 0xa5b8, 0xb5f9, 0xadf9, 0xadd9, 0xa5d9, 0xa5b8, 0x9536, 0x8472,
0x7c31, 0x84b3, 0x9d56, 0xa5b8, 0xa5d9, 0xadd9, 0xa5d9, 0xa5d9, 0xa5b8, 0x9d77,
0x9d35, 0x8cd4, 0x8c92, 0x8450, 0x8450, 0x8471, 0x8cb3, 0x9515, 0x9d77, 0xadd8,
0xb619, 0xbe5a, 0xc67b, 0xc67b, 0xbe5a, 0xbe5a, 0xbe5a, 0xbe5a, 0xbe5a, 0xbe5a,
0xbe7a, 0xbe5a, 0xbe5a, 0xb63a, 0xb5f9, 0xad97, 0xadb7, 0xb5f8, 0xb63a, 0xbe3a,
0xbe5a, 0xbe5a, 0xb63a, 0xadd8, 0x9d14, 0x8c2d, 0x93e7, 0xbc82, 0xdd20, 0xf5c0,

0x51e0, 0xb420, 0xac00, 0x0000, 0x0000, 0x0000, 0x0000, 0x0000, 0x0000, 0x1080,
0xb440, 0xf5c0, 0x5a20, 0x0020, 0x0000, 0x0000, 0x0000, 0x0000, 0x0000, 0x0000,
0x0000, 0x72a0, 0xe540, 0xeda0, 0x9360, 0x49e0, 0x4180, 0x49c0, 0xe560, 0xfe00,
0xac00, 0x1060, 0x0000, 0x0000, 0x0000, 0x0820, 0xac20, 0x9bc0, 0x0820, 0x0000,
0x0000, 0x0000, 0x0000, 0x0000, 0x1060, 0xd4e0, 0xfe00, 0xfde0, 0xfe00, 0xfe00,
0xc4a0, 0x49e0, 0xac20, 0xdd40, 0x3980, 0x0840, 0x5a20, 0xb440, 0xe560, 0xfde0,
0xe580, 0xc480, 0x8320, 0x5a40, 0x6a60, 0x7ae0, 0x72a0, 0x5a20, 0x5a20, 0x6a80,
0x6a80, 0x6240, 0x4180, 0x20c0, 0x0840, 0x0000, 0x0000, 0x0000, 0x0000, 0x0000,
0x0000, 0x0000, 0x0000, 0x0000, 0x18a0, 0x49c0, 0x9380, 0xdd20, 0xf5a0, 0xed80,
0xb420, 0x6260, 0x20e0, 0x0020, 0x0000, 0x0000, 0x0840, 0x3940, 0x7ae0, 0xcce0,
0xf5a0, 0xfde0, 0xfde0, 0xf5a0, 0xeda0, 0xf5c0, 0xf5a0, 0xdd40, 0xbc60, 0x9bc0,
0x8320, 0x51e0, 0x20c0, 0x0020, 0x0000, 0x0000, 0x0820, 0x2920, 0x51e0, 0x51e0,
0x2900, 0x0840, 0x0000, 0x0000, 0x0000, 0x20c0, 0x5a20, 0x9380, 0xac00, 0xb440,
0xcce0, 0xe560, 0xdd20, 0xbc80, 0xbc60, 0xd500, 0xf5a0, 0xfde0, 0xfe00, 0xfde0,
0xfde0, 0xf5c0, 0xdd20, 0x9ba0, 0x41a0, 0x1080, 0x0000, 0x0000, 0x0000, 0x0000,
0x0000, 0x0020, 0x0020, 0x0000, 0x0000, 0x0000, 0x0000, 0x0000, 0x0820, 0x18e3,
0x4249, 0x7c31, 0x9d77, 0xadd9, 0xadf9, 0xadf9, 0xadf9, 0xadf9, 0xadf9, 0xa5d9,
0xa577, 0x94f4, 0x8450, 0x7bec, 0x7ba9, 0x7347, 0x6b27, 0x6b08, 0x630a, 0x6b4c,
0x7410, 0x8cd4, 0xa597, 0xadf9, 0xadf9, 0xadf9, 0xa5d9, 0xa5d9, 0xa5b8, 0x9d56,
0x9536, 0x9d77, 0xa5b8, 0xa5d9, 0xadd9, 0xadd9, 0xa5d9, 0xa5b8, 0x9d56, 0x94d3,
0x8450, 0x83ec, 0x7ba9, 0x7b88, 0x7348, 0x7349, 0x738b, 0x7bef, 0x8c92, 0x9d55,
0xb5f9, 0xbe5a, 0xc67b, 0xbe5a, 0xbe5a, 0xbe5a, 0xbe5a, 0xbe5a, 0xbe5a, 0xbe5a,
0xc67a, 0xbe5a, 0xbe5a, 0xbe5a, 0xbe3a, 0xb619, 0xb63a, 0xbe3a, 0xbe5a, 0xbe5a,
0xbe5a, 0xbe3a, 0xb5f9, 0xa576, 0x8c6f, 0x8c08, 0xa423, 0xdd20, 0xf5a0, 0xfde0,

0x7ae0, 0x9380, 0xd520, 0x1060, 0x0000, 0x0000, 0x0000, 0x0000, 0x0000, 0x0820,
0x9380, 0xfde0, 0xc480, 0x20e0, 0x0000, 0x0000, 0x0000, 0x0000, 0x0000, 0x0000,
0x0000, 0x0840, 0x5a20, 0xd500, 0xf5a0, 0xd500, 0xb420, 0x5a00, 0xbc60, 0xd500,
0x3960, 0x0000, 0x0000, 0x0000, 0x0000, 0x0000, 0x6a80, 0xc480, 0x2900, 0x0000,
0x0000, 0x0000, 0x0000, 0x0000, 0x0000, 0x9380, 0xf5c0, 0xfe00, 0xfde0, 0xfe00,
0xfde0, 0xac00, 0x51e0, 0xc4c0, 0x9380, 0x20c0, 0x5a20, 0xb440, 0xe560, 0xfde0,
0xe560, 0xbc60, 0x7ae0, 0x5200, 0x6240, 0x6a80, 0x6a80, 0x6260, 0x72a0, 0x8300,
0x8320, 0x7b00, 0x6a80, 0x4180, 0x18a0, 0x0840, 0x0820, 0x0000, 0x0000, 0x0000,
0x0000, 0x0000, 0x0000, 0x0000, 0x1060, 0x3980, 0x8320, 0xccc0, 0xed80, 0xed80,
0xb440, 0x6a80, 0x20e0, 0x0020, 0x0000, 0x0000, 0x0840, 0x3120, 0x72c0, 0xc4c0,
0xed80, 0xfde0, 0xfde0, 0xfde0, 0xfde0, 0xfde0, 0xf5a0, 0xdd40, 0xb440, 0x9ba0,
0x8320, 0x49c0, 0x18a0, 0x0020, 0x0000, 0x0000, 0x0840, 0x3120, 0x5200, 0x5a00,
0x2900, 0x1060, 0x0000, 0x0000, 0x0000, 0x18a0, 0x5a00, 0x9360, 0xac00, 0xac20,
0xccc0, 0xdd40, 0xdd20, 0xbc80, 0xbc60, 0xd500, 0xeda0, 0xfde0, 0xfe00, 0xfde0,
0xfde0, 0xf5c0, 0xdd20, 0x9ba0, 0x41a0, 0x1060, 0x0000, 0x0000, 0x0000, 0x0000,
0x0020, 0x1060, 0x18a0, 0x1060, 0x0000, 0x0000, 0x0000, 0x0000, 0x0000, 0x10c3,
0x4228, 0x73f0, 0x9d56, 0xadd9, 0xadf9, 0xadf9, 0xadf9, 0xadf9, 0xa5d9, 0xa597,
0x94f4, 0x842f, 0x83ea, 0x8bc6, 0x9be3, 0x93c2, 0x8b82, 0x7303, 0x6ae4, 0x62e6,
0x6b6b, 0x8430, 0x9d35, 0xadd8, 0xadd9, 0xadd9, 0xadf9, 0xadd9, 0xa5d9, 0xa5b8,
0xa5b8, 0xa5b8, 0xa5d9, 0xa5d9, 0xa5d9, 0xa5d9, 0xa5b8, 0x9d57, 0x8cb3, 0x842e,
0x83c9, 0x93e6, 0x9be3, 0x9bc3, 0x8b62, 0x7b23, 0x7305, 0x6b28, 0x7bcc, 0x8c92,
0xa597, 0xb63a, 0xc67a, 0xbe5a, 0xc67a, 0xbe5a, 0xbe5a, 0xbe5a, 0xbe5a, 0xbe5a,
0xbe5a, 0xbe5a, 0xbe5a, 0xbe5a, 0xbe5a, 0xbe3a, 0xbe5a, 0xbe5a, 0xbe5a, 0xbe5a,
0xbe5a, 0xb619, 0xadb8, 0x94d2, 0x8c0b, 0x9c05, 0xc4a2, 0xe560, 0xfdc0, 0xfde0,

0xac00, 0x72c0, 0xdd40, 0x3120, 0x0000, 0x0000, 0x0000, 0x0000, 0x0000, 0x0000,
0x6a80, 0xf5c0, 0xeda0, 0x72c0, 0x0000, 0x0000, 0x0000, 0x0000, 0x0000, 0x0000,
0x0000, 0x0000, 0x0000, 0x2920, 0x9380, 0xd500, 0xed80, 0x7ae0, 0x5200, 0x4180,
0x0000, 0x0000, 0x0000, 0x0000, 0x0000, 0x0000, 0x2900, 0xc4a0, 0x6260, 0x0000,
0x0000, 0x0000, 0x0000, 0x0000, 0x0000, 0x49c0, 0xe560, 0xfe00, 0xfde0, 0xfe00,
0xfe00, 0xdd40, 0x51e0, 0x2900, 0x3140, 0x49c0, 0x5a20, 0xb440, 0xe560, 0xf5c0,
0xe560, 0xb440, 0x72c0, 0x51e0, 0x5200, 0x6260, 0x6a80, 0x72a0, 0x7b00, 0x7b00,
0x7ae0, 0x7b00, 0x8300, 0x6240, 0x3140, 0x20c0, 0x20c0, 0x20c0, 0x1880, 0x0820,
0x0000, 0x0000, 0x0000, 0x0000, 0x0820, 0x2900, 0x6a80, 0xbc60, 0xe560, 0xed80,
0xbc60, 0x72a0, 0x2900, 0x0020, 0x0000, 0x0000, 0x0820, 0x2900, 0x6aa0, 0xc4a0,
0xed80, 0xfde0, 0xfde0, 0xfde0, 0xfde0, 0xfde0, 0xf5c0, 0xdd20, 0xb440, 0x9ba0,
0x8300, 0x41a0, 0x18a0, 0x0000, 0x0000, 0x0000, 0x1060, 0x3940, 0x6240, 0x6240,
0x3120, 0x1060, 0x0000, 0x0000, 0x0000, 0x1880, 0x51e0, 0x8b60, 0xac00, 0xac20,
0xc4a0, 0xdd40, 0xdd20, 0xbc80, 0xbc60, 0xd500, 0xf5a0, 0xfde0, 0xfde0, 0xfe00,
0xfde0, 0xf5c0, 0xdd20, 0x9ba0, 0x41a0, 0x1080, 0x0000, 0x0000, 0x0000, 0x0000,
0x1060, 0x20e0, 0x3140, 0x20e0, 0x0840, 0x0000, 0x0000, 0x0000, 0x0000, 0x1082,
0x31c7, 0x636f, 0x9516, 0xa598, 0xadf9, 0xa5d9, 0xa5d9, 0xadd9, 0xa5b8, 0x9515,
0x8c50, 0x83ea, 0x93e5, 0xb461, 0xc4c0, 0xc4a0, 0xb440, 0x9ba0, 0x8320, 0x72e2,
0x6ae6, 0x738b, 0x8c92, 0xa597, 0xa5b8, 0xa5d9, 0xadd9, 0xadd9, 0xa5d9, 0xa5d9,
0xa5d9, 0xa5d9, 0xa5d9, 0xa5d9, 0xadd9, 0xa5d9, 0x9d77, 0x94f4, 0x840e, 0x83c8,
0x9be4, 0xb481, 0xc4a0, 0xc480, 0xac20, 0x9ba0, 0x8340, 0x7303, 0x7326, 0x7bcc,
0x9d13, 0xb5d8, 0xbe3a, 0xbe7a, 0xbe5a, 0xbe5a, 0xbe5a, 0xbe5a, 0xbe3a, 0xbe3a,
0xbe3a, 0xbe3a, 0xbe5a, 0xbe3a, 0xbe3a, 0xbe3a, 0xbe3a, 0xbe3a, 0xbe5a, 0xbe5a,
0xbe3a, 0xadd8, 0x9d35, 0x8c6e, 0x8bc7, 0xb462, 0xdd20, 0xf5c0, 0xfde0, 0xfde0,

0xc4a0, 0x5200, 0xed80, 0x49c0, 0x0000, 0x0000, 0x0000, 0x0000, 0x0000, 0x0000,
0x4180, 0xf5c0, 0xfe00, 0xdd20, 0x41a0, 0x0000, 0x0000, 0x0000, 0x0000, 0x0000,
0x0000, 0x0000, 0x0000, 0x0000, 0x0000, 0x1060, 0x20c0, 0x1880, 0x0000, 0x0000,
0x0000, 0x0000, 0x0000, 0x0000, 0x0000, 0x0000, 0x1060, 0x9360, 0xbc80, 0x0000,
0x0000, 0x0000, 0x0000, 0x0000, 0x0000, 0x18a0, 0xb440, 0xfe00, 0xfe00, 0xe580,
0x7ae0, 0x3960, 0x5a20, 0x49e0, 0x5a20, 0xbc80, 0x5a20, 0xb420, 0xe560, 0xfde0,
0xe560, 0xb440, 0x6aa0, 0x41a0, 0x51e0, 0x6a80, 0x7b00, 0x8b40, 0x8b40, 0x8320,
0x72a0, 0x7ae0, 0x8b40, 0x72c0, 0x5200, 0x49c0, 0x51e0, 0x51e0, 0x3960, 0x20c0,
0x0840, 0x0000, 0x0000, 0x0000, 0x0000, 0x18a0, 0x49c0, 0x9ba0, 0xd500, 0xe560,
0xc480, 0x7ae0, 0x3120, 0x0820, 0x0000, 0x0000, 0x0020, 0x28e0, 0x6260, 0xb440,
0xe560, 0xfde0, 0xfde0, 0xfe00, 0xfde0, 0xfde0, 0xeda0, 0xdd20, 0xb420, 0x9ba0,
0x72c0, 0x3980, 0x1080, 0x0000, 0x0000, 0x0000, 0x1060, 0x4180, 0x6a80, 0x6aa0,
0x3960, 0x1060, 0x0000, 0x0000, 0x0000, 0x1060, 0x49c0, 0x8320, 0xa3e0, 0xac00,
0xc480, 0xdd20, 0xd500, 0xbc80, 0xbc60, 0xd500, 0xed80, 0xfde0, 0xfde0, 0xfde0,
0xfde0, 0xf5c0, 0xd520, 0x9ba0, 0x41a0, 0x1060, 0x0000, 0x0000, 0x0000, 0x0820,
0x18a0, 0x4180, 0x5200, 0x3960, 0x18a0, 0x0020, 0x0000, 0x0000, 0x0000, 0x0841,
0x2965, 0x52ec, 0x84b4, 0x9d77, 0xa5b9, 0xa5d9, 0xa5d9, 0xa5b8, 0x9d36, 0x8c71,
0x83eb, 0x93e4, 0xc4a2, 0xdd40, 0xed80, 0xed80, 0xdd20, 0xc480, 0xac00, 0x8b60,
0x7b03, 0x6b27, 0x7bed, 0x94f4, 0xa598, 0xa5d9, 0xadd9, 0xa5d9, 0xadd9, 0xadd9,
0xa5d9, 0xa5d9, 0xa5d9, 0xa5d9, 0xa5d9, 0xa5b8, 0x9d35, 0x8471, 0x83c9, 0x9c04,
0xc4a0, 0xe560, 0xed80, 0xe560, 0xd500, 0xc4a0, 0xac00, 0x8b80, 0x7b02, 0x7347,
0x8c4f, 0xa555, 0xb619, 0xbe5a, 0xbe5a, 0xbe5a, 0xbe5a, 0xb63a, 0xb5f9, 0xadf9,
0xb5f9, 0xb619, 0xb63a, 0xb63a, 0xb619, 0xb63a, 0xb63a, 0xb63a, 0xb63a, 0xb61a,
0xb619, 0xa556, 0x8c90, 0x8c0a, 0xa423, 0xcce1, 0xed80, 0xfde0, 0xfde0, 0xfe00,

0xdd20, 0x5200, 0xd520, 0x6260, 0x0000, 0x0000, 0x0000, 0x0000, 0x0000, 0x0000,
0x3140, 0xdd40, 0xfe00, 0xfde0, 0xb420, 0x0840, 0x0000, 0x0000, 0x0000, 0x0000,
0x0000, 0x0000, 0x0000, 0x0000, 0x0000, 0x0000, 0x0000, 0x0000, 0x0000, 0x0000,
0x0000, 0x0000, 0x0000, 0x0000, 0x0000, 0x0000, 0x0000, 0x5200, 0xd4e0, 0x3120,
0x0000, 0x0000, 0x0000, 0x0000, 0x0000, 0x0000, 0x7b00, 0xf5c0, 0xfe00, 0xed80,
0xa3e0, 0xc4a0, 0xed60, 0xe560, 0x5200, 0x8320, 0x5a20, 0xb440, 0xe560, 0xf5c0,
0xe560, 0xb440, 0x72a0, 0x4180, 0x51e0, 0x72a0, 0x9380, 0x9ba0, 0x9380, 0x8b40,
0x7ae0, 0x7ae0, 0x8b40, 0x7ae0, 0x6260, 0x6a80, 0x72c0, 0x7ae0, 0x6260, 0x3960,
0x1880, 0x0000, 0x0000, 0x0000, 0x0000, 0x1060, 0x3120, 0x7b00, 0xc480, 0xdd40,
0xc4a0, 0x8300, 0x3940, 0x0820, 0x0000, 0x0000, 0x0020, 0x18c0, 0x5a20, 0xac00,
0xe540, 0xfdc0, 0xfde0, 0xfe00, 0xfde0, 0xfde0, 0xed80, 0xd4e0, 0xac00, 0x9380,
0x72a0, 0x3940, 0x1060, 0x0000, 0x0000, 0x0000, 0x1080, 0x49c0, 0x7ae0, 0x7ae0,
0x4180, 0x1080, 0x0000, 0x0000, 0x0000, 0x0840, 0x3960, 0x7ae0, 0xa3c0, 0xac00,
0xb440, 0xd4e0, 0xd500, 0xbc80, 0xbc60, 0xd500, 0xf5a0, 0xfde0, 0xfde0, 0xfde0,
0xfde0, 0xf5a0, 0xd500, 0x9ba0, 0x41a0, 0x1080, 0x0000, 0x0000, 0x0000, 0x0840,
0x2900, 0x49e0, 0x6a60, 0x5200, 0x2900, 0x1040, 0x0000, 0x0000, 0x0000, 0x0020,
0x18e3, 0x4229, 0x7411, 0x9536, 0xa5b8, 0xa5b8, 0xa5b8, 0x9d97, 0x94f4, 0x842e,
0x8bc7, 0xb462, 0xdd20, 0xf5a0, 0xfde0, 0xfdc0, 0xeda0, 0xdd40, 0xc4a0, 0xac00,
0x8b41, 0x7304, 0x738a, 0x8c92, 0x9d56, 0xa5b8, 0xa5d9, 0xa5d9, 0xa5d9, 0xa5d9,
0xa5d9, 0xa5d9, 0xa5d9, 0xa5d9, 0xa5d9, 0x9d77, 0x94d4, 0x7bed, 0x8bc6, 0xb482,
0xdd40, 0xf5a0, 0xfde0, 0xfdc0, 0xed80, 0xdd40, 0xccc0, 0xa3e0, 0x8b40, 0x7325,
0x7bcb, 0x94d3, 0xadb7, 0xb61a, 0xb63a, 0xb63a, 0xb619, 0xadf9, 0xa5b8, 0x9d56,
0xa576, 0xa5b8, 0xadf9, 0xadf9, 0xadf9, 0xadf9, 0xadf9, 0xadf9, 0xb5f9, 0xadd8,
0xa597, 0x94b2, 0x840c, 0x93e6, 0xbc81, 0xe540, 0xf5c0, 0xfde0, 0xfde0, 0xfe00,

0xe560, 0x5a20, 0xd4e0, 0x72c0, 0x0020, 0x0000, 0x0000, 0x0000, 0x0000, 0x0000,
0x20c0, 0xcce0, 0xfe00, 0xfe00, 0xf5c0, 0x6a80, 0x0020, 0x0000, 0x0000, 0x0000,
0x0000, 0x0000, 0x0000, 0x0000, 0x0000, 0x0000, 0x0000, 0x0000, 0x0000, 0x0000,
0x0000, 0x0000, 0x0000, 0x0000, 0x0000, 0x0000, 0x0000, 0x3120, 0xdd20, 0x6aa0,
0x0000, 0x0000, 0x0000, 0x0000, 0x0000, 0x0000, 0x49a0, 0xe580, 0xfe00, 0xfde0,
0xfde0, 0xfe00, 0xfe00, 0xfe00, 0xe540, 0xc480, 0x5a20, 0xb440, 0xe560, 0xfde0,
0xe580, 0xbc60, 0x7ae0, 0x4180, 0x49c0, 0x72a0, 0x9ba0, 0xa3c0, 0x9ba0, 0x8b60,
0x8b40, 0x8b40, 0x8b40, 0x72c0, 0x6240, 0x72c0, 0x8b40, 0x9380, 0x8320, 0x5a20,
0x28e0, 0x0820, 0x0000, 0x0000, 0x0000, 0x0020, 0x20c0, 0x6240, 0xac00, 0xd500,
0xccc0, 0x8b40, 0x4180, 0x0840, 0x0000, 0x0000, 0x0000, 0x1880, 0x49c0, 0x9bc0,
0xdd20, 0xf5c0, 0xfde0, 0xfe00, 0xfde0, 0xfde0, 0xe560, 0xccc0, 0xa3e0, 0x8b60,
0x6a60, 0x3120, 0x1060, 0x0000, 0x0000, 0x0000, 0x18a0, 0x5200, 0x8b40, 0x8b40,
0x49e0, 0x18a0, 0x0000, 0x0000, 0x0000, 0x0820, 0x3120, 0x6a80, 0x9ba0, 0xac00,
0xb420, 0xc4c0, 0xcce0, 0xbc80, 0xbc60, 0xd500, 0xed80, 0xfde0, 0xfde0, 0xfde0,
0xf5c0, 0xe560, 0xccc0, 0x9360, 0x4180, 0x1080, 0x0000, 0x0000, 0x0000, 0x1060,
0x3140, 0x5a40, 0x72c0, 0x6a80, 0x3960, 0x1080, 0x0000, 0x0000, 0x0000, 0x0000,
0x1082, 0x31a7, 0x636e, 0x8cd5, 0x9d77, 0xa5d9, 0xa5b8, 0xa597, 0x8cb3, 0x83eb,
0x93e5, 0xc4c1, 0xed80, 0xfdc0, 0xfde0, 0xfde0, 0xfde0, 0xeda0, 0xdd20, 0xbc80,
0x93a0, 0x7b22, 0x7347, 0x8430, 0x9515, 0x9d98, 0xa5b9, 0xa5b8, 0xa5b8, 0xa5b8,
0xa5b8, 0xa5b8, 0xa5b8, 0xa5b8, 0xa598, 0x9d56, 0x8c92, 0x7bcb, 0x9be3, 0xcce0,
0xeda0, 0xfde0, 0xfde0, 0xfde0, 0xfdc0, 0xf5a0, 0xe540, 0xbc60, 0x93a0, 0x7b23,
0x7369, 0x8450, 0x9d56, 0xadd9, 0xadf9, 0xadf9, 0xadf9, 0xa5b8, 0x9536, 0x8493,
0x84b3, 0x9536, 0xa598, 0xa5b8, 0xa598, 0xa598, 0xa598, 0xa598, 0xa598, 0x9d77,
0x94f4, 0x840e, 0x83c8, 0xa423, 0xd500, 0xf5a0, 0xfde0, 0xfde0, 0xfde0, 0xfe00,

0xed80, 0x5a20, 0xc4c0, 0x8320, 0x0000, 0x0000, 0x0000, 0x0000, 0x0000, 0x0000,
0x18a0, 0xc480, 0xfe00, 0xfe00, 0xfde0, 0xdd40, 0x49c0, 0x0000, 0x0000, 0x0000,
0x0000, 0x0000, 0x0000, 0x0000, 0x0000, 0x0000, 0x0000, 0x0000, 0x0000, 0x0000,
0x0000, 0x0000, 0x0000, 0x0000, 0x0000, 0x0000, 0x0820, 0x8b40, 0xfde0, 0xbc60,
0x1880, 0x0000, 0x0000, 0x18a0, 0x49c0, 0x9b80, 0xdd20, 0xfde0, 0xfde0, 0xfe00,
0xfde0, 0xfe00, 0xfe00, 0xfe00, 0xdd40, 0xa3e0, 0x5a20, 0xb440, 0xe560, 0xfde0,
0xeda0, 0xccc0, 0x8b60, 0x49e0, 0x4180, 0x5a20, 0x8320, 0x9380, 0x9360, 0x9380,
0x9bc0, 0x9bc0, 0x7ae0, 0x5a20, 0x5200, 0x72a0, 0x9360, 0xa3e0, 0xa3c0, 0x7ae0,
0x3960, 0x0840, 0x0000, 0x0000, 0x0000, 0x0000, 0x1060, 0x41a0, 0x8b40, 0xc4a0,
0xccc0, 0x9380, 0x49c0, 0x1060, 0x0000, 0x0000, 0x0000, 0x1060, 0x3960, 0x8b60,
0xccc0, 0xf5a0, 0xfde0, 0xfde0, 0xfde0, 0xf5c0, 0xdd40, 0xbc80, 0x9bc0, 0x8320,
0x5a20, 0x20e0, 0x0820, 0x0000, 0x0000, 0x0020, 0x20c0, 0x6240, 0x93a0, 0x9ba0,
0x5a20, 0x20c0, 0x0000, 0x0000, 0x0000, 0x0020, 0x20c0, 0x5a20, 0x9380, 0xabe0,
0xac00, 0xbc80, 0xc4a0, 0xbc60, 0xbc60, 0xd500, 0xed80, 0xfde0, 0xfde0, 0xf5a0,
0xdd20, 0xc480, 0xac00, 0x8300, 0x4180, 0x1060, 0x0000, 0x0000, 0x0000, 0x1880,
0x49a0, 0x6aa0, 0x8320, 0x7ae0, 0x51e0, 0x20e0, 0x0820, 0x0000, 0x0000, 0x0000,
0x0841, 0x2104, 0x52cc, 0x7c73, 0x9d56, 0xadd9, 0xa5d9, 0xa597, 0x8cb2, 0x83eb,
0x9c04, 0xd500, 0xf5a0, 0xfde0, 0xfde0, 0xfde0, 0xfde0, 0xfde0, 0xe560, 0xcce0,
0xa3e0, 0x8342, 0x7326, 0x7c0e, 0x8cf5, 0x9d77, 0x9d98, 0xa598, 0x9d98, 0xa598,
0x9d98, 0x9d98, 0x9d98, 0xa598, 0x9d98, 0x9536, 0x8450, 0x7baa, 0xa423, 0xd500,
0xf5c0, 0xfde0, 0xfde0, 0xfde0, 0xfde0, 0xfdc0, 0xed80, 0xc4a0, 0xa3c0, 0x7b21,
0x6b27, 0x7bee, 0x94f5, 0xa598, 0xa5b8, 0xa5b8, 0xa598, 0x9d77, 0x84b4, 0x73f0,
0x73f0, 0x8493, 0x9536, 0x9d77, 0x9557, 0x9536, 0x9536, 0x9557, 0x9536, 0x8cf5,
0x8472, 0x73ac, 0x8ba5, 0xb461, 0xe560, 0xfdc0, 0xfde0, 0xfde0, 0xfe00, 0xfde0,

0xe560, 0x5a20, 0xd500, 0x7ae0, 0x0020, 0x0000, 0x0000, 0x0000, 0x0000, 0x0000,
0x1060, 0xb440, 0xfe00, 0xfe00, 0xfde0, 0xfde0, 0xc4a0, 0x2900, 0x0000, 0x0000,
0x0000, 0x0000, 0x0000, 0x0000, 0x0000, 0x0000, 0x0000, 0x0000, 0x0000, 0x0000,
0x0000, 0x0000, 0x0000, 0x0000, 0x0000, 0x0000, 0x3120, 0xd500, 0xfe00, 0xe560,
0x5200, 0x3940, 0x8320, 0xc480, 0xe560, 0xfde0, 0xfe00, 0xfe00, 0xfde0, 0xfe00,
0xfde0, 0xed80, 0xc480, 0x8320, 0x41a0, 0x20c0, 0x5a20, 0xb440, 0xe560, 0xfde0,
0xf5c0, 0xdd20, 0xac00, 0x6a80, 0x49a0, 0x49c0, 0x6240, 0x72c0, 0x8300, 0x9380,
0xa3c0, 0x9380, 0x6260, 0x4180, 0x4180, 0x72a0, 0x9360, 0xac00, 0xb420, 0x9380,
0x5200, 0x18a0, 0x0000, 0x0000, 0x0000, 0x0000, 0x0840, 0x2900, 0x6a80, 0xac20,
0xccc0, 0x9ba0, 0x5200, 0x18a0, 0x0000, 0x0000, 0x0000, 0x0840, 0x3120, 0x7ae0,
0xc480, 0xed80, 0xfde0, 0xfde0, 0xf5a0, 0xed80, 0xd4e0, 0xb440, 0x9380, 0x7b00,
0x51e0, 0x18a0, 0x0020, 0x0000, 0x0000, 0x0820, 0x28e0, 0x72a0, 0xa3e0, 0xac00,
0x6a80, 0x2900, 0x0020, 0x0000, 0x0000, 0x0000, 0x18a0, 0x49a0, 0x8300, 0xa3e0,
0xac00, 0xb420, 0xbc80, 0xb440, 0xb440, 0xd500, 0xeda0, 0xfde0, 0xf5c0, 0xdd40,
0xbc60, 0x9380, 0x8b40, 0x72a0, 0x3960, 0x1060, 0x0000, 0x0000, 0x0000, 0x20c0,
0x51e0, 0x7ae0, 0x8b60, 0x8320, 0x6260, 0x3140, 0x0840, 0x0000, 0x0000, 0x0000,
0x0020, 0x10c3, 0x4229, 0x6bd0, 0x9536, 0xadd9, 0xadf9, 0xadb8, 0x94d2, 0x8c0a,
0x9c04, 0xd500, 0xeda0, 0xfde0, 0xfde0, 0xfde0, 0xfde0, 0xf5c0, 0xe560, 0xccc0,
0xa3e0, 0x8342, 0x7327, 0x7bee, 0x8cf5, 0x9d77, 0x9d98, 0xa5b8, 0x9d98, 0x9d98,
0x9d98, 0x9d98, 0xa598, 0x9d98, 0x9d98, 0x9516, 0x8450, 0x7ba9, 0xa423, 0xd500,
0xf5c0, 0xfde0, 0xfde0, 0xfde0, 0xfde0, 0xfdc0, 0xe560, 0xc4a0, 0xa3c0, 0x7b22,
0x6b27, 0x7bef, 0x94f5, 0x9d97, 0xa5b8, 0xa5b8, 0xa5b8, 0x9d77, 0x84b4, 0x73f0,
0x6bd0, 0x8494, 0x9536, 0x9557, 0x9537, 0x8d16, 0x8d16, 0x9537, 0x9536, 0x8cf5,
0x7c52, 0x738b, 0x83a5, 0xb441, 0xe560, 0xfdc0, 0xfde0, 0xfde0, 0xfe00, 0xfde0,

0xd4e0, 0x51e0, 0xe540, 0x72a0, 0x0000, 0x0000, 0x0000, 0x0000, 0x0000, 0x0000,
0x0860, 0xb440, 0xfde0, 0xfe00, 0xfde0, 0xfe00, 0xfde0, 0xb420, 0x18a0, 0x0000,
0x0000, 0x0000, 0x0000, 0x0000, 0x0000, 0x0000, 0x0000, 0x0000, 0x0000, 0x0000,
0x0000, 0x0000, 0x0000, 0x0000, 0x0000, 0x0840, 0xa3c0, 0xfde0, 0xfe00, 0xfde0,
0xdd20, 0xe540, 0xfde0, 0xfe00, 0xfe00, 0xfde0, 0xfe00, 0xfe00, 0xfde0, 0xd500,
0x9bc0, 0x5200, 0x20c0, 0x0820, 0x0000, 0x0840, 0x5a20, 0xb420, 0xe560, 0xfde0,
0xfde0, 0xed80, 0xccc0, 0x9360, 0x6260, 0x49c0, 0x51e0, 0x5a20, 0x6a80, 0x8320,
0x9360, 0x7b00, 0x49a0, 0x2900, 0x3960, 0x6aa0, 0x9380, 0xac20, 0xbc80, 0xac00,
0x72c0, 0x2900, 0x0840, 0x0000, 0x0000, 0x0000, 0x0000, 0x18a0, 0x51e0, 0x9ba0,
0xc480, 0xa3e0, 0x6240, 0x20c0, 0x0000, 0x0000, 0x0000, 0x0000, 0x20c0, 0x6260,
0xac00, 0xdd40, 0xeda0, 0xeda0, 0xe560, 0xdd20, 0xc480, 0xa400, 0x9380, 0x72a0,
0x3960, 0x1060, 0x0000, 0x0000, 0x0000, 0x1060, 0x3120, 0x8300, 0xb460, 0xbc60,
0x7ac0, 0x3140, 0x1060, 0x0000, 0x0000, 0x0000, 0x0840, 0x3140, 0x6a80, 0x9bc0,
0xa3e0, 0xac00, 0xac00, 0xac00, 0xb440, 0xd500, 0xed80, 0xfde0, 0xe560, 0xc480,
0x9360, 0x6a80, 0x6aa0, 0x6a60, 0x3960, 0x1060, 0x0000, 0x0000, 0x0000, 0x20c0,
0x5a00, 0x8b40, 0x9ba0, 0x9360, 0x72c0, 0x49a0, 0x1880, 0x0000, 0x0000, 0x0000,
0x0000, 0x0861, 0x2986, 0x5b2d, 0x8cd4, 0xadb8, 0xb619, 0xadf9, 0x9d14, 0x8c0c,
0x93e5, 0xc4c0, 0xed80, 0xfde0, 0xfde0, 0xfde0, 0xfde0, 0xeda0, 0xdd20, 0xbc80,
0x93a0, 0x7b22, 0x7348, 0x7c0f, 0x94f5, 0x9d78, 0xa5b8, 0x9d98, 0x9d98, 0x9d98,
0x9d98, 0x9d98, 0x9d98, 0x9d98, 0x9d98, 0x9536, 0x8471, 0x7bca, 0x9be3, 0xcce0,
0xed80, 0xfde0, 0xfde0, 0xfde0, 0xf5c0, 0xeda0, 0xdd20, 0xbc60, 0x9380, 0x7b23,
0x6b28, 0x8430, 0x9515, 0xa598, 0xa5b8, 0xa5d9, 0xa5b8, 0x9d77, 0x8cf5, 0x7c52,
0x7c52, 0x8cf5, 0x9557, 0x9557, 0x9537, 0x8d37, 0x9537, 0x9557, 0x9557, 0x8d16,
0x8494, 0x73ce, 0x7b88, 0xa403, 0xd500, 0xf5a0, 0xfde0, 0xfde0, 0xfe00, 0xfde0,

0x9bc0, 0x6260, 0xeda0, 0x49c0, 0x0000, 0x0000, 0x0000, 0x0000, 0x0000, 0x0000,
0x1060, 0xa3e0, 0xfe00, 0xfe00, 0xfde0, 0xfde0, 0xfe00, 0xfe00, 0xac00, 0x3120,
0x0000, 0x0000, 0x0000, 0x0000, 0x0000, 0x0000, 0x0000, 0x0000, 0x0000, 0x0000,
0x0000, 0x0000, 0x0000, 0x0000, 0x0820, 0x6aa0, 0xf5c0, 0xfe00, 0xfe00, 0xfde0,
0xfe00, 0xfe00, 0xfe00, 0xfde0, 0xfe00, 0xf5c0, 0xdd20, 0xa3e0, 0x5200, 0x20c0,
0x0020, 0x0000, 0x0000, 0x0000, 0x0000, 0x0840, 0x5a20, 0xb440, 0xe560, 0xfde0,
0xfde0, 0xfdc0, 0xe560, 0xc4a0, 0x9bc0, 0x8300, 0x6a80, 0x6240, 0x5a00, 0x6240,
0x72a0, 0x6a80, 0x3960, 0x20e0, 0x3940, 0x72a0, 0x93a0, 0xac20, 0xccc0, 0xc480,
0x8b60, 0x4180, 0x1080, 0x0000, 0x0000, 0x0000, 0x0000, 0x1060, 0x3940, 0x7ac0,
0xb440, 0xac20, 0x72c0, 0x2900, 0x0820, 0x0000, 0x0000, 0x0000, 0x1060, 0x41a0,
0x8b60, 0xccc0, 0xe540, 0xd500, 0xc480, 0xb440, 0xac00, 0x9bc0, 0x8320, 0x5a40,
0x2900, 0x0820, 0x0000, 0x0000, 0x0000, 0x1060, 0x4180, 0x9380, 0xccc0, 0xccc0,
0x8b40, 0x4180, 0x1080, 0x0000, 0x0000, 0x0000, 0x0020, 0x20c0, 0x51e0, 0x8b40,
0xa3c0, 0xa3e0, 0x9ba0, 0x93a0, 0xac00, 0xd4e0, 0xed80, 0xed80, 0xccc0, 0x9380,
0x5a40, 0x49c0, 0x5a40, 0x6240, 0x3960, 0x1060, 0x0000, 0x0000, 0x0020, 0x20c0,
0x6240, 0x9380, 0xa3e0, 0x9ba0, 0x8300, 0x5a20, 0x20e0, 0x0820, 0x0000, 0x0000,
0x0000, 0x0021, 0x1904, 0x4a8b, 0x7c32, 0x9d98, 0xb5f9, 0xb5f9, 0xa555, 0x8c6f,
0x8be7, 0xb462, 0xdd20, 0xeda0, 0xfdc0, 0xf5c0, 0xed80, 0xdd20, 0xc480, 0xa3e0,
0x8341, 0x7304, 0x7369, 0x8471, 0x9536, 0x9d98, 0x9d98, 0xa5b8, 0x9d98, 0xa5b8,
0x9d98, 0x9d98, 0x9d98, 0x9d98, 0x9d98, 0x9d57, 0x8cb3, 0x7bcd, 0x8bc6, 0xb462,
0xdd40, 0xf5c0, 0xfdc0, 0xeda0, 0xed80, 0xdd20, 0xc4a0, 0xa3e0, 0x8341, 0x7304,
0x738b, 0x8472, 0x9d57, 0xa5b8, 0xa5d9, 0xa5d9, 0xa5d9, 0x9d98, 0x9556, 0x9515,
0x9515, 0x9557, 0x9d98, 0x9d77, 0x9557, 0x9537, 0x9537, 0x9557, 0x9577, 0x9557,
0x8d16, 0x8452, 0x7bcc, 0x8bc6, 0xb461, 0xdd40, 0xf5c0, 0xfde0, 0xfde0, 0xfde0,

0x5a00, 0xac00, 0xdd20, 0x1880, 0x0000, 0x0000, 0x0000, 0x0000, 0x0000, 0x0000,
0x1060, 0xac20, 0xfe00, 0xfde0, 0xfe00, 0xfde0, 0xfe00, 0xfde0, 0xf5c0, 0xbc60,
0x3140, 0x0000, 0x0000, 0x0000, 0x0000, 0x0000, 0x0000, 0x0000, 0x0000, 0x0000,
0x0000, 0x0000, 0x0000, 0x0840, 0x6a80, 0xe560, 0xfe00, 0xfe00, 0xfde0, 0xfde0,
0xfe00, 0xfde0, 0xfde0, 0xe560, 0xb440, 0x72a0, 0x3940, 0x1080, 0x0000, 0x0000,
0x0000, 0x0000, 0x0000, 0x0000, 0x0000, 0x0840, 0x5a20, 0xb440, 0xe560, 0xfde0,
0xfde0, 0xfde0, 0xf5a0, 0xe540, 0xccc0, 0xb440, 0x9ba0, 0x7ae0, 0x5a20, 0x49c0,
0x5a20, 0x6260, 0x4180, 0x2900, 0x3960, 0x72a0, 0x93a0, 0xac20, 0xd4e0, 0xd4e0,
0xac00, 0x5a20, 0x20e0, 0x0000, 0x0000, 0x0000, 0x0000, 0x0020, 0x20e0, 0x5a20,
0xa3e0, 0xb420, 0x8320, 0x3940, 0x1060, 0x0000, 0x0000, 0x0000, 0x0840, 0x2900,
0x6a80, 0xac00, 0xcce0, 0xbc80, 0xa3e0, 0x9ba0, 0x9ba0, 0x9380, 0x7ac0, 0x41a0,
0x18a0, 0x0000, 0x0000, 0x0000, 0x0020, 0x18a0, 0x51e0, 0xa3e0, 0xd500, 0xdd00,
0x9ba0, 0x51e0, 0x18a0, 0x0000, 0x0000, 0x0000, 0x0000, 0x1060, 0x3120, 0x6aa0,
0x9380, 0xa3c0, 0x9380, 0x9360, 0xa3c0, 0xccc0, 0xdd40, 0xd4e0, 0x9ba0, 0x6260,
0x3960, 0x3940, 0x5a20, 0x6240, 0x3960, 0x1060, 0x0000, 0x0000, 0x0020, 0x20c0,
0x6260, 0x9bc0, 0xb440, 0xa3e0, 0x8b60, 0x6aa0, 0x3140, 0x1060, 0x0000, 0x0000,
0x0000, 0x0000, 0x10a2, 0x39e8, 0x6b8f, 0x9536, 0xadf9, 0xb619, 0xadb7, 0x94b2,
0x83eb, 0x9c05, 0xbc81, 0xdd20, 0xed80, 0xe560, 0xd500, 0xbc80, 0xa3e0, 0x8b61,
0x7303, 0x7327, 0x73cd, 0x8cd4, 0x9d77, 0x9d98, 0xa5b8, 0x9d98, 0xa5b8, 0x9d98,
0xa5b8, 0x9d98, 0x9d98, 0x9d98, 0x9d98, 0x9d77, 0x9515, 0x8450, 0x83a9, 0x9c04,
0xc4a1, 0xdd40, 0xe560, 0xe560, 0xd4e0, 0xbc60, 0xa3e0, 0x8b61, 0x7303, 0x7327,
0x7bee, 0x8cf4, 0x9d77, 0xa5d9, 0xa5d9, 0xa5d9, 0xa5d9, 0xa5b8, 0x9d77, 0x9d77,
0x9d77, 0x9d98, 0x9d98, 0x9d78, 0x9557, 0x9537, 0x9557, 0x9557, 0x9577, 0x9557,
0x9537, 0x84d4, 0x7c0f, 0x7ba9, 0xa403, 0xccc0, 0xed80, 0xfdc0, 0xfde0, 0xfde0,

0x8b40, 0xe560, 0x8b60, 0x0000, 0x0000, 0x0000, 0x0000, 0x0000, 0x0000, 0x0000,
0x1060, 0xbc60, 0xfe00, 0xfde0, 0xfe00, 0xfde0, 0xfe00, 0xfde0, 0xfe00, 0xfde0,
0xd500, 0x6240, 0x1060, 0x0000, 0x0000, 0x0000, 0x0000, 0x0000, 0x0000, 0x0000,
0x0000, 0x0000, 0x1880, 0x7ae0, 0xe560, 0xfe00, 0xfde0, 0xfde0, 0xfe00, 0xfe00,
0xf5c0, 0xccc0, 0x8b40, 0x41a0, 0x18a0, 0x0000, 0x0000, 0x0000, 0x0000, 0x0000,
0x0000, 0x0000, 0x0000, 0x0000, 0x0000, 0x0840, 0x5a20, 0xb440, 0xe560, 0xfde0,
0xfde0, 0xfde0, 0xfde0, 0xf5c0, 0xed80, 0xdd20, 0xc4a0, 0x9ba0, 0x6a60, 0x4180,
0x49c0, 0x6240, 0x49a0, 0x3120, 0x3960, 0x6aa0, 0x93a0, 0xb420, 0xcd00, 0xdd40,
0xc4a0, 0x7ae0, 0x3140, 0x1060, 0x0000, 0x0000, 0x0000, 0x0000, 0x1080, 0x41a0,
0x8b40, 0xac00, 0x9360, 0x49c0, 0x1880, 0x0000, 0x0000, 0x0000, 0x0000, 0x18a0,
0x49a0, 0x8320, 0xac00, 0xac00, 0x9ba0, 0x9360, 0x8b60, 0x8320, 0x5a20, 0x2920,
0x0840, 0x0000, 0x0000, 0x0000, 0x0020, 0x2900, 0x6260, 0xbc60, 0xe540, 0xe560,
0xb420, 0x6260, 0x20e0, 0x0020, 0x0000, 0x0000, 0x0000, 0x0020, 0x1880, 0x49c0,
0x72c0, 0x9360, 0x9380, 0x8b40, 0x9ba0, 0xbc60, 0xbc80, 0xa3e0, 0x6a60, 0x3940,
0x18a0, 0x3120, 0x5200, 0x6240, 0x3960, 0x1060, 0x0000, 0x0000, 0x0000, 0x20c0,
0x6260, 0xa3e0, 0xbc80, 0xac20, 0x9380, 0x7ae0, 0x49a0, 0x20c0, 0x0020, 0x0000,
0x0000, 0x0000, 0x0841, 0x2145, 0x52ec, 0x8cd4, 0xa5b8, 0xb63a, 0xadd8, 0x9d35,
0x844f, 0x83c8, 0x9be4, 0xb461, 0xc4c0, 0xc4a0, 0xb440, 0x9bc0, 0x8341, 0x7b02,
0x7326, 0x738b, 0x8451, 0x9516, 0x9d77, 0xa598, 0x9d98, 0x9d98, 0x9d98, 0x9d98,
0x9d98, 0x9d98, 0x9d98, 0x9d98, 0x9d98, 0x9d98, 0x9557, 0x8cb3, 0x7bed, 0x83a8,
0x9c04, 0xb461, 0xc4c0, 0xc480, 0xac00, 0x93a0, 0x8341, 0x7b03, 0x6b26, 0x73ac,
0x8492, 0x9d56, 0xa598, 0xa5d9, 0xa5d9, 0xa5d9, 0xa5d9, 0xa5b8, 0xa598, 0x9d98,
0xa598, 0xa598, 0x9d98, 0x9d98, 0x9557, 0x9537, 0x9557, 0x9577, 0x9557, 0x9557,
0x9557, 0x8d16, 0x8473, 0x7bcd, 0x83a6, 0xac42, 0xdd20, 0xf5a0, 0xfde0, 0xfde0,

0xdd60, 0x8320, 0x1060, 0x0000, 0x0000, 0x0000, 0x0000, 0x0000, 0x0000, 0x0000,
0x20c0, 0xcd00, 0xfde0, 0xfe00, 0xfde0, 0xfde0, 0xfe00, 0xfde0, 0xfe00, 0xfde0,
0xfe00, 0xf5c0, 0xbc60, 0x6240, 0x18a0, 0x0840, 0x0000, 0x0000, 0x0000, 0x0840,
0x2900, 0x6a80, 0xbc60, 0xf5c0, 0xfe00, 0xfe00, 0xfde0, 0xf5a0, 0xd4e0, 0x8b40,
0x49c0, 0x18a0, 0x0000, 0x0000, 0x0000, 0x0000, 0x0861, 0x528a, 0x630c, 0x2124,
0x0000, 0x0000, 0x0000, 0x0000, 0x0000, 0x0840, 0x5a20, 0xb420, 0xe560, 0xfde0,
0xfde0, 0xfde0, 0xfde0, 0xfde0, 0xfdc0, 0xf5a0, 0xdd40, 0xb440, 0x72a0, 0x3960,
0x41a0, 0x5a20, 0x51e0, 0x3960, 0x4180, 0x72a0, 0x93a0, 0xb420, 0xd500, 0xe560,
0xd500, 0x9b80, 0x49c0, 0x18a0, 0x0000, 0x0000, 0x0000, 0x0000, 0x0840, 0x2900,
0x72a0, 0xa3c0, 0x9ba0, 0x5a40, 0x28e0, 0x0020, 0x0000, 0x0000, 0x0000, 0x0820,
0x20c0, 0x49c0, 0x7b00, 0x8b60, 0x8b60, 0x8b40, 0x7b00, 0x6240, 0x3140, 0x1080,
0x0000, 0x0000, 0x0000, 0x0000, 0x1060, 0x3960, 0x7b00, 0xccc0, 0xeda0, 0xed80,
0xc4a0, 0x7ae0, 0x3140, 0x0840, 0x0000, 0x0000, 0x0000, 0x0000, 0x0020, 0x20c0,
0x41a0, 0x6a80, 0x7ae0, 0x7ae0, 0x7b00, 0x8b60, 0x8300, 0x6240, 0x3120, 0x1080,
0x0840, 0x2920, 0x5200, 0x6240, 0x3960, 0x1060, 0x0000, 0x0000, 0x0000, 0x20c0,
0x6a80, 0xac00, 0xcce0, 0xbc60, 0xa3c0, 0x8340, 0x6240, 0x2900, 0x0840, 0x0000,
0x0000, 0x0000, 0x0020, 0x18c3, 0x4229, 0x7c31, 0xa577, 0xb619, 0xb619, 0xa597,
0x94f4, 0x842f, 0x83ca, 0x8bc7, 0x93e4, 0x9be3, 0x8363, 0x7b23, 0x7305, 0x6b27,
0x73ad, 0x8451, 0x8cf5, 0x9d77, 0x9d98, 0xa5b8, 0x9d98, 0x9d98, 0x9d98, 0x9d77,
0x9d77, 0x9d97, 0x9d98, 0x9d98, 0xa598, 0x9d98, 0x9d77, 0x9536, 0x8c93, 0x7c0e,
0x7baa, 0x8bc6, 0x93c4, 0x8b83, 0x8343, 0x7303, 0x7304, 0x6b49, 0x7bcd, 0x8c72,
0x9536, 0x9d98, 0xa5d9, 0xa5d9, 0xa5d9, 0xa5d9, 0xa5d9, 0xa5b8, 0xa5b8, 0xa5b8,
0xa5b8, 0xa5b8, 0x9d98, 0x9d98, 0x9557, 0x9537, 0x9537, 0x9557, 0x9577, 0x9577,
0x9578, 0x9537, 0x8cf5, 0x8451, 0x7baa, 0x93c5, 0xbc81, 0xe560, 0xfde0, 0xfde0,

0x3120, 0x1060, 0x0000, 0x0000, 0x0000, 0x0000, 0x0000, 0x0000, 0x0000, 0x0000,
0x3140, 0xdd40, 0xfe00, 0xfde0, 0xfe00, 0xfde0, 0xfe00, 0xfde0, 0xfde0, 0xfde0,
0xfde0, 0xfe00, 0xfde0, 0xeda0, 0xbc60, 0x6a80, 0x20c0, 0x28e0, 0x51e0, 0x9380,
0xdd00, 0xf5a0, 0xfde0, 0xfe00, 0xf5c0, 0xe540, 0x9ba0, 0x6260, 0x3120, 0x0840,
0x0000, 0x0000, 0x0000, 0x0000, 0x0000, 0x0000, 0x52aa, 0xc639, 0xd69a, 0xa534,
0x18e3, 0x0000, 0x0000, 0x0000, 0x0000, 0x0840, 0x5a20, 0xb420, 0xe560, 0xfde0,
0xfde0, 0xfde0, 0xfde0, 0xfde0, 0xfde0, 0xfde0, 0xed80, 0xbc60, 0x72c0, 0x3960,
0x3960, 0x5a20, 0x5200, 0x4180, 0x41a0, 0x72a0, 0x93a0, 0xb440, 0xd500, 0xed80,
0xe560, 0xac20, 0x6260, 0x2900, 0x0820, 0x0000, 0x0000, 0x0000, 0x0000, 0x18a0,
0x5200, 0x8b60, 0xa3e0, 0x72c0, 0x3940, 0x1060, 0x0000, 0x0000, 0x0000, 0x0000,
0x0840, 0x20e0, 0x49a0, 0x6240, 0x6a80, 0x6260, 0x51e0, 0x3140, 0x18a0, 0x0000,
0x0000, 0x0000, 0x0000, 0x0000, 0x18a0, 0x51e0, 0x9380, 0xdd20, 0xf5c0, 0xf5a0,
0xd500, 0x9380, 0x49c0, 0x1080, 0x0000, 0x0000, 0x0000, 0x0000, 0x0000, 0x0840,
0x18a0, 0x3940, 0x49a0, 0x49c0, 0x51e0, 0x51e0, 0x41a0, 0x2900, 0x1060, 0x0020,
0x0840, 0x2920, 0x5200, 0x6240, 0x3960, 0x1060, 0x0000, 0x0000, 0x0000, 0x20c0,
0x6260, 0xb420, 0xd500, 0xccc0, 0xac00, 0x9380, 0x72a0, 0x4180, 0x1880, 0x0000,
0x0000, 0x0000, 0x0000, 0x0882, 0x2986, 0x638f, 0x9515, 0xadf9, 0xb61a, 0xadf9,
0xa597, 0x94f4, 0x8c71, 0x840d, 0x83eb, 0x7ba9, 0x7b89, 0x7369, 0x738b, 0x7bee,
0x8472, 0x8cf5, 0x9d77, 0x9d98, 0xa5b8, 0x9d98, 0xa598, 0x9d97, 0x9d57, 0x9516,
0x8cf5, 0x9536, 0x9d77, 0x9d98, 0xa598, 0x9d98, 0x9d98, 0x9d77, 0x9536, 0x8cb3,
0x8430, 0x7bec, 0x7baa, 0x7389, 0x7349, 0x736a, 0x738b, 0x7bef, 0x8c92, 0x9536,
0xa598, 0xa5b8, 0xa5d9, 0xa5d9, 0xa5b8, 0xa5d9, 0xa5d9, 0xa5b8, 0xa5b8, 0xa5b8,
0xa5b8, 0xa598, 0x9d98, 0x9d77, 0x9557, 0x8d16, 0x8d36, 0x9537, 0x9557, 0x9577,
0x9578, 0x9557, 0x8d36, 0x84b4, 0x7bef, 0x83a8, 0x9c03, 0xd501, 0xed80, 0xfde0,

0x0000, 0x0000, 0x0000, 0x0000, 0x0000, 0x0000, 0x0000, 0x0000, 0x0000, 0x0000,
0x5200, 0xf5c0, 0xfe00, 0xfde0, 0xfe00, 0xfde0, 0xfe00, 0xfde0, 0xfde0, 0xfe00,
0xfe00, 0xfde0, 0xd4e0, 0x9ba0, 0x6240, 0x5a20, 0x8b40, 0xcca0, 0xeda0, 0xfde0,
0xfe00, 0xfe00, 0xf5a0, 0xbc60, 0x7ae0, 0x3940, 0x1060, 0x0000, 0x0000, 0x0000,
0x0000, 0x0000, 0x0000, 0x0000, 0x0000, 0x0000, 0x8451, 0xe71c, 0xce59, 0x94b2,
0x10a3, 0x0000, 0x0000, 0x0000, 0x0000, 0x0840, 0x5a20, 0xb420, 0xe560, 0xfde0,
0xfde0, 0xfde0, 0xfde0, 0xfde0, 0xfde0, 0xfde0, 0xed80, 0xc480, 0x72c0, 0x3140,
0x3940, 0x5200, 0x5a20, 0x49a0, 0x41a0, 0x72c0, 0x93a0, 0xb440, 0xd520, 0xed80,
0xeda0, 0xc4a0, 0x8320, 0x3960, 0x1060, 0x0000, 0x0000, 0x0000, 0x0000, 0x0840,
0x3960, 0x7ae0, 0xa3c0, 0x8b40, 0x49c0, 0x18a0, 0x0000, 0x0000, 0x0000, 0x0000,
0x0000, 0x0840, 0x18a0, 0x2900, 0x3140, 0x3120, 0x20c0, 0x1080, 0x0000, 0x0000,
0x0000, 0x0000, 0x0000, 0x0820, 0x2900, 0x6a60, 0xb420, 0xe560, 0xfde0, 0xfde0,
0xe540, 0xac00, 0x6260, 0x20e0, 0x0000, 0x0000, 0x0000, 0x0000, 0x0000, 0x0000,
0x0820, 0x1080, 0x18a0, 0x20c0, 0x20c0, 0x18a0, 0x1880, 0x0840, 0x0000, 0x0000,
0x0820, 0x2920, 0x5200, 0x6240, 0x3960, 0x1060, 0x0000, 0x0000, 0x0000, 0x20c0,
0x6a80, 0xb420, 0xdd20, 0xd500, 0xb440, 0x9ba0, 0x7b00, 0x5200, 0x20c0, 0x0020,
0x0000, 0x0000, 0x0000, 0x0841, 0x1904, 0x52ec, 0x8c93, 0xadb8, 0xb619, 0xadf9,
0xadd9, 0x9d77, 0x9d36, 0x94f4, 0x8c92, 0x8451, 0x8430, 0x8451, 0x8472, 0x8cd4,
0x9516, 0x9d77, 0x9d98, 0xa5b8, 0x9d98, 0xa5b8, 0x9d98, 0x9d77, 0x8cf5, 0x8452,
0x7411, 0x8493, 0x9536, 0x9d77, 0x9d98, 0x9d98, 0x9d98, 0x9d98, 0x9d77, 0x9557,
0x8cf5, 0x8c93, 0x8451, 0x8450, 0x7c30, 0x8451, 0x8472, 0x8cf5, 0x9d56, 0x9d98,
0xa5d9, 0xa5b8, 0xa5d9, 0xa5d9, 0xa5d9, 0xa5d9, 0xa5d9, 0xa5b8, 0xa5b8, 0xa5b8,
0xa598, 0x9d98, 0x9d98, 0x9557, 0x8d16, 0x84b4, 0x84b4, 0x8cf6, 0x9557, 0x9557,
0x9557, 0x9578, 0x9557, 0x8d16, 0x8472, 0x7bcc, 0x8ba6, 0xb461, 0xdd40, 0xf5c0,

0x0000, 0x0000, 0x0000, 0x0000, 0x0000, 0x0000, 0x0000, 0x0000, 0x0000, 0x0000,
0x0000, 0x0000, 0x0000, 0x0000, 0x0000, 0x0020, 0x0020, 0x1060, 0x2900, 0x41a0,
0x5a20, 0x7ae0, 0xa3c0, 0xc4a0, 0xeda0, 0xfde0, 0xfde0, 0xfde0, 0xfde0, 0xfde0,
0xfde0, 0xdd40, 0x9380, 0x9380, 0xbc60, 0xdd40, 0xfdc0, 0xfde0, 0xfde0, 0xfde0,
0xfde0, 0xfde0, 0xfde0, 0xfde0, 0xfde0, 0xfde0, 0xfde0, 0xfde0, 0x72c0, 0x7ae0,
0xe560, 0x6aa0, 0x1060, 0x0000, 0x0000, 0x0000, 0x0000, 0x0000, 0x0000, 0x0000,
0x0000, 0x0000, 0x0020, 0x3140, 0xac00, 0xf5c0, 0xb460, 0x1880, 0x0000, 0x0000,
0x0000, 0x0000, 0x0000, 0x0000, 0x2900, 0xccc0, 0x5a20, 0x8320, 0xfe00, 0xfde0,
0xfde0, 0xfde0, 0xfde0, 0xfdc0, 0x9ba0, 0x1080, 0x0000, 0x0000, 0x0000, 0x0000,
0x0000, 0x0000, 0x0000, 0x0000, 0x0840, 0x6a80, 0xf5c0, 0xfde0, 0xfde0, 0xfde0,
0xfde0, 0xfde0, 0xfde0, 0xfde0, 0xfde0, 0xfde0, 0xfde0, 0xfde0, 0xfde0, 0xfde0,
0xfde0, 0xfde0, 0xfde0, 0xfde0, 0xfde0, 0xfde0, 0xfde0, 0xfde0, 0xfde0, 0xfde0,
0xfde0, 0xfde0, 0xfde0, 0xfde0, 0xfde0, 0xfde0, 0xfde0, 0xfde0, 0xfde0, 0xfde0,
0xfde0, 0xfde0, 0xfde0, 0xfde0, 0xfde0, 0xfde0, 0xfde0, 0xfde0, 0xfde0, 0xfde0,
0xfde0, 0xfde0, 0xfde0, 0xfde0, 0xfde0, 0xfde0, 0xfde0, 0xfde0, 0xfde0, 0xfde0,
0xfde0, 0xfde0, 0xfde0, 0xfde0, 0xfde0, 0xfde0, 0xfde0, 0xfde0, 0xfde0, 0xfde0,
0xfde0, 0xfde0, 0xfde0, 0xfde0, 0xfde0, 0xfde0, 0xfde0, 0xfde0, 0xfde0, 0xfde0,
0xfde0, 0xfde0, 0xfde0, 0xfde0, 0xfde0, 0xfde0, 0xfde0, 0xfde0, 0xfde0, 0xfde0,
0xfde0, 0xfde0, 0xfde0, 0xfde0, 0xfde0, 0xfde0, 0xfde0, 0xfde0, 0xfde0, 0xfde0,
0xfde0, 0xfde0, 0xfde0, 0xfde0, 0xfde0, 0xfde0, 0xe560, 0xc480, 0x9b80, 0x72c0,
0x5a20, 0x3960, 0x20c0, 0x0840, 0x0020, 0x0020, 0x0000, 0x0000, 0x0000, 0x0000,
0x0000, 0x0000, 0x0000, 0x0000, 0x0000, 0x0000, 0x0000, 0x0000, 0x0000, 0x0000,
0x0000, 0x0000, 0x0000, 0x0000, 0x0000, 0x0000, 0x0000, 0x0000, 0x0000, 0x1904,
0x9577, 0x9578, 0x9577, 0x9537, 0x8cd5, 0x7c30, 0x7baa, 0x9be4, 0xc4a1, 0xe560,

0x0000, 0x0000, 0x0020, 0x0020, 0x0840, 0x0840, 0x1060, 0x18a0, 0x20c0, 0x2900,
0x3120, 0x3960, 0x49c0, 0x6260, 0x7ae0, 0xa3c0, 0xbc60, 0xd4e0, 0xdd20, 0xe560,
0xf5a0, 0xfde0, 0xfde0, 0xfde0, 0xfde0, 0xfde0, 0xfde0, 0xfde0, 0xfde0, 0xfde0,
0xfde0, 0xcca0, 0x72c0, 0x6aa0, 0x49c0, 0x5200, 0xac00, 0xf5a0, 0xfde0, 0xfde0,
0xfde0, 0xfde0, 0xfde0, 0xfde0, 0xfde0, 0xfde0, 0xf5c0, 0x9ba0, 0x7ae0, 0xc4e0,
0x6240, 0x0020, 0x0000, 0x0000, 0x0000, 0x0000, 0x0000, 0x0000, 0x0000, 0x0000,
0x0000, 0x0000, 0x0000, 0x0000, 0x3960, 0xccc0, 0x9ba0, 0x0840, 0x0000, 0x0000,
0x0000, 0x0000, 0x0000, 0x0000, 0x4180, 0xccc0, 0x49e0, 0x9ba0, 0xfde0, 0xfde0,
0xfde0, 0xfde0, 0xfde0, 0xdd40, 0x41a0, 0x0000, 0x0000, 0x0000, 0x0000, 0x0000,
0x0000, 0x0000, 0x0000, 0x0000, 0x2900, 0xbc60, 0xfde0, 0xfde0, 0xfde0, 0xfde0,
0xfde0, 0xfde0, 0xfde0, 0xfde0, 0xfde0, 0xfde0, 0xfde0, 0xfde0, 0xfde0, 0xfde0,
0xfde0, 0xfde0, 0xfde0, 0xfde0, 0xfde0, 0xfde0, 0xfde0, 0xfde0, 0xfde0, 0xfde0,
0xfde0, 0xfde0, 0xfde0, 0xfde0, 0xfde0, 0xfde0, 0xfde0, 0xfde0, 0xfde0, 0xfde0,
0xfde0, 0xfde0, 0xfde0, 0xfde0, 0xfde0, 0xfde0, 0xfde0, 0xfde0, 0xfde0, 0xfde0,
0xfde0, 0xfde0, 0xfde0, 0xfde0, 0xfde0, 0xfde0, 0xfde0, 0xfde0, 0xfde0, 0xfde0,
0xfde0, 0xfde0, 0xfde0, 0xfde0, 0xfde0, 0xfde0, 0xfde0, 0xfde0, 0xfde0, 0xfde0,
0xfde0, 0xfde0, 0xfde0, 0xfde0, 0xfde0, 0xfde0, 0xfde0, 0xfde0, 0xfde0, 0xfde0,
0xfde0, 0xfde0, 0xfde0, 0xfde0, 0xfde0, 0xfde0, 0xfde0, 0xfde0, 0xfde0, 0xfde0,
0xfde0, 0xfde0, 0xfde0, 0xfde0, 0xfde0, 0xfde0, 0xfde0, 0xfde0, 0xfde0, 0xfde0,
0xfde0, 0xfde0, 0xfde0, 0xfde0, 0xfde0, 0xfde0, 0xfde0, 0xfde0, 0xfde0, 0xfde0,
0xf5a0, 0xe560, 0xdd20, 0xd4e0, 0xb440, 0x9380, 0x7ae0, 0x6240, 0x49a0, 0x3940,
0x3120, 0x28e0, 0x20c0, 0x1080, 0x1060, 0x0840, 0x0820, 0x0020, 0x0000, 0x0000,
0x0000, 0x0000, 0x0000, 0x0000, 0x0000, 0x0000, 0x0000, 0x0000, 0x0000, 0x2104,
0x9557, 0x9577, 0x9577, 0x9557, 0x8d16, 0x8493, 0x7bee, 0x83a7, 0xac22, 0xd500,

0xa3c0, 0xa3c0, 0xa3c0, 0xa3e0, 0xac00, 0xb420, 0xbc60, 0xc480, 0xccc0, 0xdd00,
0xe560, 0xf5c0, 0xfde0, 0xfde0, 0xfde0, 0xfde0, 0xfde0, 0xfde0, 0xfde0, 0xfde0,
0xfde0, 0xfde0, 0xfde0, 0xfde0, 0xfde0, 0xfde0, 0xfde0, 0xfde0, 0xfde0, 0xfde0,
0xfe00, 0xfde0, 0xe560, 0xdd60, 0xdd40, 0x8b60, 0x4180, 0x9380, 0xf5c0, 0xfde0,
0xfde0, 0xfde0, 0xfde0, 0xfde0, 0xfde0, 0xfde0, 0xbc60, 0x5a40, 0xdd40, 0x6a80,
0x0020, 0x0000, 0x0000, 0x0000, 0x0000, 0x0000, 0x0000, 0x0000, 0x0000, 0x0000,
0x0000, 0x0000, 0x0000, 0x0000, 0x18a0, 0xc4c0, 0x7ae0, 0x0020, 0x0000, 0x0000,
0x0000, 0x0000, 0x0000, 0x0000, 0x5200, 0xc480, 0x49e0, 0xb440, 0xfde0, 0xfde0,
0xfde0, 0xfde0, 0xf5e0, 0xa3e0, 0x0820, 0x0000, 0x0000, 0x0000, 0x0000, 0x0000,
0x0000, 0x0000, 0x0000, 0x1060, 0x72c0, 0xeda0, 0xfde0, 0xfde0, 0xfde0, 0xfde0,
0xfde0, 0xfde0, 0xfde0, 0xfde0, 0xfde0, 0xfde0, 0xfde0, 0xfde0, 0xfde0, 0xfde0,
0xfde0, 0xfde0, 0xfde0, 0xfde0, 0xfde0, 0xfde0, 0xfde0, 0xfde0, 0xfde0, 0xfde0,
0xfde0, 0xfde0, 0xfde0, 0xfde0, 0xfde0, 0xfde0, 0xfde0, 0xfde0, 0xfde0, 0xfde0,
0xfde0, 0xfde0, 0xfde0, 0xfde0, 0xfde0, 0xfde0, 0xfde0, 0xfde0, 0xfde0, 0xfde0,
0xfde0, 0xfde0, 0xfde0, 0xfde0, 0xfde0, 0xfde0, 0xfde0, 0xfde0, 0xfde0, 0xfde0,
0xfde0, 0xfde0, 0xfde0, 0xfde0, 0xfde0, 0xfde0, 0xfde0, 0xfde0, 0xfde0, 0xfde0,
0xfde0, 0xfde0, 0xfde0, 0xfde0, 0xfde0, 0xfde0, 0xfde0, 0xfde0, 0xfde0, 0xfde0,
0xfde0, 0xfde0, 0xfde0, 0xfde0, 0xfde0, 0xfde0, 0xfde0, 0xfde0, 0xfde0, 0xfde0,
0xfde0, 0xfde0, 0xfde0, 0xfde0, 0xfde0, 0xfde0, 0xfde0, 0xfde0, 0xfde0, 0xfde0,
0xfde0, 0xfde0, 0xfde0, 0xfde0, 0xfde0, 0xfde0, 0xfde0, 0xfde0, 0xfde0, 0xfde0,
0xfde0, 0xfde0, 0xfde0, 0xfde0, 0xfde0, 0xfde0, 0xfde0, 0xfde0, 0xfde0, 0xf5c0,
0xe540, 0xdd00, 0xccc0, 0xc480, 0xbc40, 0xb420, 0xac00, 0xa3e0, 0xa3c0, 0xa3c0,
0xa3c0, 0xa3c0, 0xa3c0, 0xa3c0, 0xa3c0, 0xa3c0, 0xa3c0, 0xa3c0, 0x3940, 0x5244,
0x9537, 0x9557, 0x9557, 0x9557, 0x9537, 0x8cf5, 0x7c51, 0x7baa, 0x8bc5, 0xb461,

0xdd40, 0xdd00, 0xfde0, 0xfde0, 0xfde0, 0xfde0, 0xfde0, 0xfde0, 0xfde0, 0xfde0,
0xfde0, 0xfde0, 0xfde0, 0xfde0, 0xfde0, 0xfde0, 0xfde0, 0xfde0, 0xfde0, 0xfde0,
0xfde0, 0xfde0, 0xfde0, 0xfde0, 0xfde0, 0xfde0, 0xfde0, 0xfde0, 0xf5c0, 0xb460,
0x6260, 0x3140, 0x3120, 0x49c0, 0x8b40, 0xdd60, 0xb440, 0x49c0, 0x9ba0, 0xfde0,
0xfde0, 0xfde0, 0xfde0, 0xfde0, 0xfde0, 0xdd00, 0x6260, 0xcd00, 0x72a0, 0x0020,
0x0000, 0x0000, 0x0000, 0x0000, 0x0000, 0x0000, 0x0000, 0x0000, 0x0000, 0x0000,
0x0000, 0x0000, 0x0000, 0x0000, 0x3940, 0xcce0, 0x6240, 0x0000, 0x0000, 0x0000,
0x0000, 0x0000, 0x0000, 0x0020, 0x72a0, 0xbc60, 0x51e0, 0xcce0, 0xfde0, 0xfde0,
0xfde0, 0xfde0, 0xd520, 0x49c0, 0x0000, 0x0000, 0x0000, 0x0000, 0x0000, 0x0000,
0x0000, 0x0000, 0x0000, 0x3940, 0xc4c0, 0xfe00, 0xfde0, 0xfde0, 0xfde0, 0xfde0,
0xfde0, 0xfde0, 0xfde0, 0xfde0, 0xfde0, 0xfde0, 0xfde0, 0xfde0, 0xfde0, 0xfde0,
0xfde0, 0xfde0, 0xfde0, 0xfde0, 0xfde0, 0xfde0, 0xfde0, 0xfde0, 0xfde0, 0xfde0,
0xfde0, 0xfde0, 0xfde0, 0xfde0, 0xfde0, 0xfde0, 0xfde0, 0xfde0, 0xfde0, 0xfde0,
0xfde0, 0xfde0, 0xfde0, 0xfde0, 0xfde0, 0xfde0, 0xfde0, 0xfde0, 0xfde0, 0xfde0,
0xfde0, 0xfde0, 0xfde0, 0xfde0, 0xfde0, 0xfde0, 0xfde0, 0xfde0, 0xfde0, 0xfde0,
0xfde0, 0xfde0, 0xfde0, 0xfde0, 0xfde0, 0xfde0, 0xfde0, 0xfde0, 0xfde0, 0xfde0,
0xfde0, 0xfde0, 0xfde0, 0xfde0, 0xfde0, 0xfde0, 0xfde0, 0xfde0, 0xfde0, 0xfde0,
0xfde0, 0xfde0, 0xfde0, 0xfde0, 0xfde0, 0xfde0, 0xfde0, 0xfde0, 0xfde0, 0xfde0,
0xfde0, 0xfde0, 0xfde0, 0xfde0, 0xfde0, 0xfde0, 0xfde0, 0xfde0, 0xfde0, 0xfde0,
0xfde0, 0xfde0, 0xfde0, 0xfde0, 0xfde0, 0xfde0, 0xfde0, 0xfde0, 0xfde0, 0xfde0,
0xfde0, 0xfde0, 0xfde0, 0xfde0, 0xfde0, 0xfde0, 0xfde0, 0xfde0, 0xfde0, 0xfde0,
0xfde0, 0xfde0, 0xfde0, 0xfde0, 0xfde0, 0xfde0, 0xfde0, 0xfde0, 0xfde0, 0xfde0,
0xfe00, 0xfe00, 0xfe00, 0xfe00, 0xfe00, 0xfe00, 0xfe00, 0xfe00, 0x5200, 0x72e4,
0x84d5, 0x8d16, 0x8d36, 0x9536, 0x8d16, 0x8cf5, 0x8494, 0x73ee, 0x7b88, 0x9be3,

0x9ba0, 0x8b40, 0xfde0, 0xfde0, 0xfdc0, 0xf5c0, 0xf5c0, 0xf5a0, 0xeda0, 0xed80,
0xe560, 0xdd40, 0xed80, 0xfde0, 0xfde0, 0xfde0, 0xfde0, 0xfde0, 0xfde0, 0xfde0,
0xfde0, 0xfde0, 0xfde0, 0xfde0, 0xfde0, 0xfde0, 0xfde0, 0xdd20, 0x6a80, 0x18a0,
0x0020, 0x0000, 0x0000, 0x0000, 0x0840, 0x5200, 0xd520, 0xa400, 0x4180, 0xdd20,
0xfde0, 0xfde0, 0xfde0, 0xfde0, 0xfde0, 0x7ae0, 0xa3c0, 0xb440, 0x1060, 0x0000,
0x0000, 0x0000, 0x0000, 0x0000, 0x0000, 0x0000, 0x0000, 0x0000, 0x0000, 0x0000,
0x0000, 0x0000, 0x0000, 0x0000, 0x49c0, 0xcd00, 0x41a0, 0x0000, 0x0000, 0x0000,
0x0000, 0x0000, 0x0000, 0x0840, 0x8320, 0xb420, 0x5200, 0xd500, 0xfde0, 0xfde0,
0xfde0, 0xf5c0, 0x9380, 0x0840, 0x0000, 0x0000, 0x0000, 0x0000, 0x0000, 0x0000,
0x0000, 0x0000, 0x1060, 0x8320, 0xeda0, 0xfde0, 0xfde0, 0xfde0, 0xfde0, 0xfde0,
0xfde0, 0xfde0, 0xfde0, 0xfde0, 0xfde0, 0xfde0, 0xfde0, 0xfde0, 0xfde0, 0xfde0,
0xfde0, 0xfde0, 0xfde0, 0xfde0, 0xfde0, 0xfde0, 0xfde0, 0xfde0, 0xfde0, 0xfde0,
0xfde0, 0xfde0, 0xfde0, 0xfde0, 0xfde0, 0xfde0, 0xfde0, 0xfde0, 0xfde0, 0xfde0,
0xfde0, 0xfde0, 0xfde0, 0xfde0, 0xfde0, 0xfde0, 0xfde0, 0xfde0, 0xfde0, 0xfde0,
0xfde0, 0xfde0, 0xfde0, 0xfde0, 0xfde0, 0xfde0, 0xfde0, 0xfde0, 0xfde0, 0xfde0,
0xfde0, 0xfde0, 0xfde0, 0xfde0, 0xfde0, 0xfde0, 0xfde0, 0xfde0, 0xfde0, 0xfde0,
0xfde0, 0xfde0, 0xfde0, 0xfde0, 0xfde0, 0xfde0, 0xfde0, 0xfde0, 0xfde0, 0xfde0,
0xfde0, 0xfde0, 0xfde0, 0xfde0, 0xfde0, 0xfde0, 0xfde0, 0xfde0, 0xfde0, 0xfde0,
0xfde0, 0xfde0, 0xfde0, 0xfde0, 0xfde0, 0xfde0, 0xfde0, 0xfde0, 0xfde0, 0xfde0,
0xfde0, 0xfde0, 0xfde0, 0xfde0, 0xfde0, 0xfde0, 0xfde0, 0xfde0, 0xfde0, 0xfde0,
0xfde0, 0xfde0, 0xfde0, 0xfde0, 0xfde0, 0xfde0, 0xfde0, 0xfde0, 0xfde0, 0xfde0,
0xfde0, 0xfde0, 0xfde0, 0xfde0, 0xfde0, 0xfde0, 0xfde0, 0xfde0, 0xfde0, 0xfde0,
0xfe00, 0xfde0, 0xfe00, 0xfde0, 0xfe00, 0xfde0, 0xfe00, 0xfe00, 0x5200, 0x6ae3,
0x7c32, 0x84b4, 0x84b4, 0x84b4, 0x84b4, 0x84b4, 0x7c73, 0x73cf, 0x6b4b, 0x7b65,

0x6260, 0x5200, 0xa3e0, 0x9ba0, 0x93a0, 0x8b60, 0x8300, 0x72c0, 0x6a80, 0x5a00,
0x49c0, 0x3980, 0xbc60, 0xfde0, 0xfde0, 0xfde0, 0xfde0, 0xfde0, 0xfde0, 0xfde0,
0xfde0, 0xfde0, 0xfde0, 0xfde0, 0xfde0, 0xfde0, 0xdd20, 0x3960, 0x0000, 0x0000,
0x0000, 0x0000, 0x0000, 0x0000, 0x0000, 0x0000, 0x7b00, 0xe560, 0x6a80, 0x9380,
0xfdc0, 0xfde0, 0xfde0, 0xfde0, 0xc4a0, 0x6a80, 0xd520, 0x3980, 0x0000, 0x0000,
0x0000, 0x0000, 0x0000, 0x0000, 0x0000, 0x0000, 0x0000, 0x0000, 0x0000, 0x0000,
0x0000, 0x0000, 0x0000, 0x0000, 0x5a40, 0xcd00, 0x3120, 0x0000, 0x0000, 0x0000,
0x0000, 0x0000, 0x0000, 0x1060, 0x9ba0, 0x8b60, 0x5a20, 0xe540, 0xfde0, 0xfde0,
0xfde0, 0xdd40, 0x49c0, 0x0000, 0x0000, 0x0000, 0x0000, 0x0000, 0x0000, 0x0000,
0x0000, 0x0000, 0x3140, 0xd520, 0xfde0, 0xfde0, 0xfde0, 0xfde0, 0xfde0, 0xfde0,
0xfde0, 0xfde0, 0xfde0, 0xfde0, 0xfde0, 0xfde0, 0xfde0, 0xfde0, 0xfde0, 0xfde0,
0xfde0, 0xfde0, 0xfde0, 0xfde0, 0xfde0, 0xfde0, 0xfde0, 0xfde0, 0xfde0, 0xfde0,
0xfde0, 0xfde0, 0xfde0, 0xfde0, 0xfde0, 0xfde0, 0xfde0, 0xfde0, 0xfde0, 0xfde0,
0xfde0, 0xfde0, 0xfde0, 0xfde0, 0xfde0, 0xfde0, 0xfde0, 0xfde0, 0xfde0, 0xfde0,
0xfde0, 0xfde0, 0xfde0, 0xfde0, 0xfde0, 0xfde0, 0xfde0, 0xfde0, 0xfde0, 0xfde0,
0xfde0, 0xfde0, 0xfde0, 0xfde0, 0xfde0, 0xfde0, 0xfde0, 0xfde0, 0xfde0, 0xfde0,
0xfde0, 0xfde0, 0xfde0, 0xfde0, 0xfde0, 0xfde0, 0xfde0, 0xfde0, 0xfde0, 0xfde0,
0xfde0, 0xfde0, 0xfde0, 0xfde0, 0xfde0, 0xfde0, 0xfde0, 0xfde0, 0xfde0, 0xfde0,
0xfde0, 0xfde0, 0xfde0, 0xfde0, 0xfde0, 0xfde0, 0xfde0, 0xfde0, 0xfde0, 0xfde0,
0xfde0, 0xfde0, 0xfde0, 0xfde0, 0xfde0, 0xfde0, 0xfde0, 0xfde0, 0xfde0, 0xfde0,
0xfde0, 0xfde0, 0xfde0, 0xfde0, 0xfde0, 0xfde0, 0xfde0, 0xfde0, 0xfde0, 0xfde0,
0xfde0, 0xfde0, 0xfde0, 0xfde0, 0xfde0, 0xfde0, 0xfde0, 0xfde0, 0xfde0, 0xfde0,
0xfde0, 0xfe00, 0xfde0, 0xfde0, 0xfe00, 0xfde0, 0xfe00, 0xfe00, 0x5200, 0x6aa2,
0x6b8d, 0x73f0, 0x7411, 0x7411, 0x7411, 0x7411, 0x73f0, 0x6b8e, 0x630c, 0x6ae6,

0x3980, 0x3960, 0x72c0, 0x7ae0, 0x8320, 0x9360, 0xa3c0, 0xac20, 0xbc80, 0xd500,
0xe560, 0xed80, 0xed80, 0xe540, 0xe560, 0xf5c0, 0xfde0, 0xfde0, 0xfde0, 0xfde0,
0xfde0, 0xfde0, 0xfde0, 0xfde0, 0xfde0, 0xdd20, 0x3980, 0x0000, 0x0000, 0x0000,
0x0000, 0x0000, 0x0000, 0x0000, 0x0000, 0x0000, 0x1880, 0xb440, 0xcce0, 0x4180,
0xdd40, 0xfde0, 0xfde0, 0xeda0, 0x5a20, 0xc4c0, 0x7b00, 0x0000, 0x0000, 0x0000,
0x0000, 0x0000, 0x0000, 0x0000, 0x0000, 0x0000, 0x0000, 0x0000, 0x0000, 0x0000,
0x0000, 0x0000, 0x0000, 0x0000, 0x7ae0, 0xd500, 0x18a0, 0x0000, 0x0000, 0x0000,
0x0000, 0x0000, 0x0000, 0x1880, 0xb420, 0x7ae0, 0x6260, 0xed80, 0xfde0, 0xfde0,
0xfde0, 0x9380, 0x1060, 0x0000, 0x0000, 0x0000, 0x0000, 0x0000, 0x0000, 0x0000,
0x0000, 0x1080, 0x8b40, 0xfde0, 0xfde0, 0xfde0, 0xfde0, 0xfde0, 0xfde0, 0xfde0,
0xfde0, 0xfde0, 0xfde0, 0xfde0, 0xfde0, 0xfde0, 0xfde0, 0xfde0, 0xfde0, 0xfde0,
0xfde0, 0xfde0, 0xfde0, 0xfde0, 0xfde0, 0xfde0, 0xfde0, 0xfde0, 0xfde0, 0xfde0,
0xfde0, 0xfde0, 0xfde0, 0xfde0, 0xfde0, 0xfde0, 0xfde0, 0xfde0, 0xfde0, 0xfde0,
0xfde0, 0xfde0, 0xfde0, 0xfde0, 0xfde0, 0xfde0, 0xfde0, 0xfde0, 0xfde0, 0xfde0,
0xfde0, 0xfde0, 0xfde0, 0xfde0, 0xfde0, 0xfde0, 0xfde0, 0xfde0, 0xfde0, 0xfde0,
0xfde0, 0xfde0, 0xfde0, 0xfde0, 0xfde0, 0xfde0, 0xfde0, 0xfde0, 0xfde0, 0xfde0,
0xfde0, 0xfde0, 0xfde0, 0xfde0, 0xfde0, 0xfde0, 0xfde0, 0xfde0, 0xfde0, 0xfde0,
0xfde0, 0xfde0, 0xfde0, 0xfde0, 0xfde0, 0xfde0, 0xfde0, 0xfde0, 0xfde0, 0xfde0,
0xfde0, 0xfde0, 0xfde0, 0xfde0, 0xfde0, 0xfde0, 0xfde0, 0xfde0, 0xfde0, 0xfde0,
0xfde0, 0xfde0, 0xfde0, 0xfde0, 0xfde0, 0xfde0, 0xfde0, 0xfde0, 0xfde0, 0xfde0,
0xfde0, 0xfde0, 0xfde0, 0xfde0, 0xfde0, 0xfde0, 0xfde0, 0xfde0, 0xfde0, 0xfde0,
0xfde0, 0xfde0, 0xfde0, 0xfde0, 0xfde0, 0xfde0, 0xfde0, 0xfde0, 0xfde0, 0xfde0,
0xfde0, 0xfe00, 0xfde0, 0xfe00, 0xfde0, 0xfde0, 0xfe00, 0xfe00, 0x5200, 0x6aa1,
0x6b27, 0x6b4a, 0x6b6b, 0x6b6b, 0x6b6a, 0x6b6b, 0x6b4a, 0x6b4a, 0x62e7, 0x62a5,

0x9360, 0x8b40, 0xeda0, 0xc480, 0xb440, 0xac00, 0xa3c0, 0x9360, 0x8300, 0x72a0,
0x5a20, 0x51e0, 0x4180, 0x3980, 0x49c0, 0x6a80, 0xcd00, 0xfde0, 0xfde0, 0xfde0,
0xfde0, 0xfde0, 0xfde0, 0xfde0, 0xedc0, 0x6260, 0x0000, 0x0000, 0x0000, 0x0000,
0x0000, 0x0000, 0x0000, 0x0000, 0x0000, 0x0000, 0x0000, 0x72a0, 0xedc0, 0x5a00,
0xc4a0, 0xfde0, 0xfde0, 0xb440, 0x5a20, 0xc4c0, 0x28e0, 0x0000, 0x0000, 0x0000,
0x0000, 0x0000, 0x0000, 0x0000, 0x0000, 0x0000, 0x0000, 0x0000, 0x0000, 0x0000,
0x0000, 0x0000, 0x0000, 0x0840, 0x8b60, 0xc4c0, 0x0000, 0x0000, 0x0000, 0x0000,
0x0000, 0x0000, 0x0000, 0x28e0, 0xc4a0, 0x6a60, 0x7ae0, 0xf5c0, 0xfde0, 0xfde0,
0xdd20, 0x4180, 0x0000, 0x0000, 0x0000, 0x0000, 0x0000, 0x0000, 0x0000, 0x0000,
0x0000, 0x49a0, 0xd500, 0xfde0, 0xfde0, 0xfde0, 0xfde0, 0xfde0, 0xfde0, 0xfde0,
0xfde0, 0xfde0, 0xfde0, 0xfde0, 0xfde0, 0xfde0, 0xfde0, 0xfde0, 0xfde0, 0xfde0,
0xfde0, 0xfde0, 0xfde0, 0xfde0, 0xfde0, 0xfde0, 0xfde0, 0xfde0, 0xfde0, 0xfde0,
0xfde0, 0xfde0, 0xfde0, 0xfde0, 0xfde0, 0xfde0, 0xfde0, 0xfde0, 0xfde0, 0xfde0,
0xfde0, 0xfde0, 0xfde0, 0xfde0, 0xfde0, 0xfde0, 0xfde0, 0xfde0, 0xfde0, 0xfde0,
0xfde0, 0xfde0, 0xfde0, 0xfde0, 0xfde0, 0xfde0, 0xfde0, 0xfde0, 0xfde0, 0xfde0,
0xfde0, 0xfde0, 0xfde0, 0xfde0, 0xfde0, 0xfde0, 0xfde0, 0xfde0, 0xfde0, 0xfde0,
0xfde0, 0xfde0, 0xfde0, 0xfde0, 0xfde0, 0xfde0, 0xfde0, 0xfde0, 0xfde0, 0xfde0,
0xfde0, 0xfde0, 0xfde0, 0xfde0, 0xfde0, 0xfde0, 0xfde0, 0xfde0, 0xfde0, 0xfde0,
0xfde0, 0xfde0, 0xfde0, 0xfde0, 0xfde0, 0xfde0, 0xfde0, 0xfde0, 0xfde0, 0xfde0,
0xfde0, 0xfde0, 0xfde0, 0xfde0, 0xfde0, 0xfde0, 0xfde0, 0xfde0, 0xfde0, 0xfde0,
0xfde0, 0xfde0, 0xfde0, 0xfde0, 0xfde0, 0xfde0, 0xfde0, 0xfde0, 0xfde0, 0xfde0,
0xfde0, 0xfde0, 0xfde0, 0xfde0, 0xfde0, 0xfde0, 0xfde0, 0xfde0, 0xfde0, 0xfde0,
0xfde0, 0xfe00, 0xfde0, 0xfe00, 0xfde0, 0xfde0, 0xfde0, 0xfe00, 0x5200, 0x72c0,
0x93a3, 0x8b84, 0x8b84, 0x8ba5, 0x8b84, 0x8b85, 0x8b84, 0x8384, 0x8363, 0x8342,

0x9360, 0x8b40, 0xbc80, 0x1060, 0x1060, 0x0860, 0x0840, 0x0820, 0x0820, 0x0000,
0x0000, 0x0000, 0x0000, 0x0000, 0x0000, 0x0000, 0x3960, 0xd520, 0xfde0, 0xfde0,
0xfde0, 0xfde0, 0xfde0, 0xfde0, 0xac00, 0x0840, 0x0000, 0x0000, 0x0000, 0x0000,
0x0000, 0x0000, 0x0000, 0x0000, 0x0000, 0x0000, 0x0000, 0x2900, 0xdd40, 0x6a80,
0xa3c0, 0xfde0, 0xfde0, 0x6aa0, 0xb440, 0x72a0, 0x0020, 0x0000, 0x0000, 0x0000,
0x0000, 0x0000, 0x0000, 0x0000, 0x0000, 0x0000, 0x0000, 0x0000, 0x0000, 0x0000,
0x0000, 0x0000, 0x0000, 0x1080, 0xa3c0, 0xac20, 0x0000, 0x0000, 0x0000, 0x0000,
0x0000, 0x0000, 0x0000, 0x3960, 0xd500, 0x5200, 0x8b40, 0xfe00, 0xfde0, 0xfde0,
0xa3e0, 0x1060, 0x0000, 0x0000, 0x0000, 0x0000, 0x0000, 0x0000, 0x0000, 0x0000,
0x1080, 0x9380, 0xfde0, 0xfde0, 0xfde0, 0xfde0, 0xfde0, 0xfde0, 0xfe00, 0xfe00,
0xf600, 0xf5e0, 0xfde0, 0xfde0, 0xfde0, 0xfde0, 0xfde0, 0xfde0, 0xfde0, 0xfde0,
0xfde0, 0xfde0, 0xfde0, 0xfde0, 0xfde0, 0xfde0, 0xfde0, 0xfde0, 0xfde0, 0xfde0,
0xfde0, 0xfde0, 0xfde0, 0xfde0, 0xfde0, 0xfde0, 0xfde0, 0xfde0, 0xfde0, 0xfde0,
0xfde0, 0xfde0, 0xfde0, 0xfde0, 0xfde0, 0xfde0, 0xfde0, 0xfde0, 0xfde0, 0xfde0,
0xfde0, 0xfde0, 0xfde0, 0xfde0, 0xfde0, 0xfde0, 0xfde0, 0xfde0, 0xfde0, 0xfde0,
0xfde0, 0xfde0, 0xfde0, 0xfde0, 0xfde0, 0xfde0, 0xfde0, 0xfde0, 0xfde0, 0xfde0,
0xfde0, 0xfde0, 0xfde0, 0xfde0, 0xfde0, 0xfde0, 0xfde0, 0xfde0, 0xfde0, 0xfde0,
0xfde0, 0xfde0, 0xfde0, 0xfde0, 0xfde0, 0xfde0, 0xfde0, 0xfde0, 0xfde0, 0xfde0,
0xfde0, 0xfde0, 0xfde0, 0xfde0, 0xfde0, 0xfde0, 0xfde0, 0xfde0, 0xfde0, 0xfde0,
0xfde0, 0xfde0, 0xfde0, 0xfde0, 0xfde0, 0xfde0, 0xfde0, 0xfde0, 0xfde0, 0xfde0,
0xfde0, 0xfde0, 0xfde0, 0xfde0, 0xfde0, 0xfde0, 0xfde0, 0xfde0, 0xfde0, 0xfde0,
0xfde0, 0xfde0, 0xfde0, 0xfde0, 0xfde0, 0xfde0, 0xfde0, 0xfde0, 0xfde0, 0xfde0,
0xfde0, 0xfde0, 0xfde0, 0xfe00, 0xfde0, 0xfe00, 0xfde0, 0xfe20, 0x5200, 0x7b00,
0xc4a0, 0xbc80, 0xbc80, 0xbc81, 0xbc81, 0xbc81, 0xbc80, 0xbc61, 0xbc81, 0xbc80,

0x8b60, 0x9380, 0xb440, 0x0000, 0x0000, 0x0000, 0x0000, 0x0000, 0x0000, 0x0000,
0x0000, 0x0000, 0x0000, 0x0000, 0x0000, 0x0000, 0x0000, 0x5a20, 0xf5c0, 0xfde0,
0xfde0, 0xfde0, 0xfde0, 0xf5a0, 0x20c0, 0x0000, 0x0000, 0x0000, 0x0000, 0x0000,
0x0000, 0x0000, 0x0000, 0x0000, 0x0000, 0x0000, 0x0000, 0x1060, 0xac00, 0xac00,
0x72c0, 0xf5c0, 0xc4c0, 0x72a0, 0xcce0, 0x1060, 0x0000, 0x0000, 0x0000, 0x0000,
0x0000, 0x0000, 0x0000, 0x0000, 0x0000, 0x0840, 0x0840, 0x0000, 0x0000, 0x0000,
0x0000, 0x0000, 0x0000, 0x18a0, 0xb440, 0x8b60, 0x0000, 0x0000, 0x0000, 0x0000,
0x0000, 0x0000, 0x0000, 0x51e0, 0xdd20, 0x4180, 0x9bc0, 0xfde0, 0xfde0, 0xdd20,
0x51e0, 0x0000, 0x0000, 0x0000, 0x0000, 0x0000, 0x0000, 0x0000, 0x0000, 0x0000,
0x3140, 0xa3e0, 0xbca0, 0xb440, 0xac00, 0xa3c0, 0x9ba0, 0x9360, 0x8b40, 0x8320,
0x8320, 0xb420, 0xfde0, 0xfde0, 0xfde0, 0xfde0, 0xfde0, 0xfde0, 0xfde0, 0xfde0,
0xfde0, 0xfde0, 0xfde0, 0xfde0, 0xfde0, 0xfde0, 0xfde0, 0xfde0, 0xfde0, 0xfde0,
0xfde0, 0xfde0, 0xfde0, 0xfde0, 0xfde0, 0xfde0, 0xfde0, 0xfde0, 0xfde0, 0xfde0,
0xfde0, 0xfde0, 0xfde0, 0xfde0, 0xfde0, 0xfde0, 0xfde0, 0xfde0, 0xfde0, 0xfde0,
0xfde0, 0xfde0, 0xfde0, 0xfde0, 0xfde0, 0xfde0, 0xfde0, 0xfde0, 0xfde0, 0xfde0,
0xfde0, 0xfde0, 0xfde0, 0xfde0, 0xfde0, 0xfde0, 0xfde0, 0xfde0, 0xfde0, 0xfde0,
0xfde0, 0xfde0, 0xfde0, 0xfde0, 0xfde0, 0xfde0, 0xfde0, 0xfde0, 0xfde0, 0xfde0,
0xfde0, 0xfde0, 0xfde0, 0xfde0, 0xfde0, 0xfde0, 0xfde0, 0xfde0, 0xfde0, 0xfde0,
0xfde0, 0xfde0, 0xfde0, 0xfde0, 0xfde0, 0xfde0, 0xfde0, 0xfde0, 0xfde0, 0xfde0,
0xfde0, 0xfde0, 0xfde0, 0xfde0, 0xfde0, 0xfde0, 0xfde0, 0xfde0, 0xfde0, 0xfde0,
0xfde0, 0xfde0, 0xfde0, 0xfde0, 0xfde0, 0xfde0, 0xfde0, 0xfde0, 0xfde0, 0xfde0,
0xfde0, 0xfde0, 0xfde0, 0xfde0, 0xfde0, 0xfde0, 0xfde0, 0xfde0, 0xfde0, 0xfde0,
0xfde0, 0xfde0, 0xfde0, 0xfe00, 0xfde0, 0xfe00, 0xfde0, 0xfe20, 0x5200, 0x8320,
0xe560, 0xe560, 0xe560, 0xe560, 0xe560, 0xdd40, 0xe560, 0xe560, 0xe540, 0xe540,

0x8b40, 0x9380, 0xa400, 0x0000, 0x0000, 0x0000, 0x0000, 0x0000, 0x0000, 0x0000,
0x0000, 0x0000, 0x0000, 0x0000, 0x0000, 0x0000, 0x0000, 0x1080, 0xd500, 0xfde0,
0xfde0, 0xfde0, 0xfde0, 0x9380, 0x0000, 0x0000, 0x0000, 0x0000, 0x0000, 0x0000,
0x0000, 0x0000, 0x0000, 0x0000, 0x0000, 0x0000, 0x0000, 0x0020, 0x8300, 0xc4c0,
0x6a80, 0xeda0, 0x8b40, 0xac00, 0x8320, 0x0000, 0x0000, 0x0000, 0x0000, 0x0000,
0x0000, 0x0000, 0x0000, 0x18a0, 0x6260, 0x8b40, 0x7ae0, 0x3980, 0x0840, 0x0000,
0x0000, 0x0000, 0x0000, 0x28e0, 0xc4c0, 0x72c0, 0x0000, 0x0000, 0x0000, 0x0000,
0x0000, 0x0000, 0x0000, 0x6240, 0xccc0, 0x3940, 0xac20, 0xfde0, 0xf5e0, 0x9bc0,
0x1080, 0x0000, 0x0000, 0x0000, 0x0000, 0x0000, 0x0000, 0x0000, 0x0000, 0x0000,
0x20c0, 0x3980, 0x3981, 0x3141, 0x2921, 0x2901, 0x20c1, 0x18e1, 0x18c1, 0x18c2,
0x20c0, 0x72c0, 0xfe00, 0xfde0, 0xfde0, 0xfde0, 0xfde0, 0xfde0, 0xfde0, 0xfde0,
0xfde0, 0xfde0, 0xfde0, 0xfde0, 0xfde0, 0xfde0, 0xfde0, 0xfde0, 0xfde0, 0xfde0,
0xfde0, 0xfde0, 0xfde0, 0xfde0, 0xfde0, 0xfde0, 0xfde0, 0xfde0, 0xfde0, 0xfde0,
0xfde0, 0xfde0, 0xfde0, 0xfde0, 0xfde0, 0xfde0, 0xfde0, 0xfde0, 0xfde0, 0xfde0,
0xfde0, 0xfde0, 0xfde0, 0xfde0, 0xfde0, 0xfde0, 0xfde0, 0xfde0, 0xfde0, 0xfde0,
0xfde0, 0xfde0, 0xfde0, 0xfde0, 0xfde0, 0xfde0, 0xfde0, 0xfde0, 0xfde0, 0xfde0,
0xfde0, 0xfde0, 0xfde0, 0xfde0, 0xfde0, 0xfde0, 0xfde0, 0xfde0, 0xfde0, 0xfde0,
0xfde0, 0xfde0, 0xfde0, 0xfde0, 0xfde0, 0xfde0, 0xfde0, 0xfde0, 0xfde0, 0xfde0,
0xfde0, 0xfde0, 0xfde0, 0xfde0, 0xfde0, 0xfde0, 0xfde0, 0xfde0, 0xfde0, 0xfde0,
0xfde0, 0xfde0, 0xfde0, 0xfde0, 0xfde0, 0xfde0, 0xfde0, 0xfde0, 0xfde0, 0xfde0,
0xfde0, 0xfde0, 0xfde0, 0xfde0, 0xfde0, 0xfde0, 0xfde0, 0xfde0, 0xfde0, 0xfde0,
0xfde0, 0xfde0, 0xfde0, 0xfde0, 0xfde0, 0xfde0, 0xfde0, 0xfde0, 0xfde0, 0xfde0,
0xfde0, 0xfde0, 0xfe00, 0xfde0, 0xfe00, 0xfde0, 0xfe00, 0xfe00, 0x5200, 0x8300,
0xccc0, 0xccc0, 0xccc0, 0xccc0, 0xccc0, 0xccc0, 0xccc0, 0xccc0, 0xccc0, 0xccc0,

0x8b20, 0x9ba0, 0x9bc0, 0x0000, 0x0000, 0x0000, 0x0000, 0x0000, 0x0000, 0x0000,
0x0000, 0x0000, 0x0000, 0x0000, 0x0000, 0x0000, 0x0000, 0x0000, 0x8b40, 0xfdc0,
0xfde0, 0xfde0, 0xe540, 0x3120, 0x0000, 0x0000, 0x0000, 0x0000, 0x0000, 0x0000,
0x0000, 0x0000, 0x0000, 0x0000, 0x0000, 0x0000, 0x0000, 0x0000, 0x49c0, 0xdd00,
0x5200, 0xd520, 0x6260, 0xcce0, 0x3960, 0x0000, 0x0000, 0x0000, 0x0000, 0x0000,
0x0000, 0x0000, 0x2920, 0xac00, 0xeda0, 0xfe00, 0xf5c0, 0xc480, 0x49e0, 0x0820,
0x0000, 0x0000, 0x0000, 0x3960, 0xd500, 0x5a20, 0x0000, 0x0000, 0x0000, 0x0000,
0x0000, 0x0000, 0x0000, 0x72a0, 0xbc80, 0x3960, 0xbc60, 0xfde0, 0xe560, 0x5a20,
0x0000, 0x0000, 0x0000, 0x0000, 0x0000, 0x0000, 0x0000, 0x0000, 0x0000, 0x10a2,
0x31c7, 0x4229, 0x4a6a, 0x52ab, 0x52cb, 0x5b0d, 0x634d, 0x6b8e, 0x6b8e, 0x4a8a,
0x18a1, 0x6aa0, 0xfe00, 0xfde0, 0xfde0, 0xfde0, 0xfde0, 0xfde0, 0xfde0, 0xfde0,
0xfde0, 0xfde0, 0xfde0, 0xfde0, 0xfde0, 0xfde0, 0xfde0, 0xfde0, 0xfde0, 0xfde0,
0xfde0, 0xfde0, 0xfde0, 0xfde0, 0xfde0, 0xfde0, 0xfde0, 0xfde0, 0xfde0, 0xfde0,
0xfde0, 0xfde0, 0xfde0, 0xfde0, 0xfde0, 0xfde0, 0xfde0, 0xfde0, 0xfde0, 0xfde0,
0xfde0, 0xfde0, 0xfde0, 0xfde0, 0xfde0, 0xfde0, 0xfde0, 0xfde0, 0xfde0, 0xfde0,
0xfde0, 0xfde0, 0xfde0, 0xfde0, 0xfde0, 0xfde0, 0xfde0, 0xfde0, 0xfde0, 0xfde0,
0xfde0, 0xfde0, 0xfde0, 0xfde0, 0xfde0, 0xfde0, 0xfde0, 0xfde0, 0xfde0, 0xfde0,
0xfde0, 0xfde0, 0xfde0, 0xfde0, 0xfde0, 0xfde0, 0xfde0, 0xfde0, 0xfde0, 0xfde0,
0xfde0, 0xfde0, 0xfde0, 0xfde0, 0xfde0, 0xfde0, 0xfde0, 0xfde0, 0xfde0, 0xfde0,
0xfde0, 0xfde0, 0xfde0, 0xfde0, 0xfde0, 0xfde0, 0xfde0, 0xfde0, 0xfde0, 0xfde0,
0xfde0, 0xfde0, 0xfde0, 0xfde0, 0xfde0, 0xfde0, 0xfde0, 0xfde0, 0xfde0, 0xfde0,
0xfde0, 0xfde0, 0xfde0, 0xfde0, 0xfde0, 0xfde0, 0xfde0, 0xfde0, 0xfde0, 0xfde0,
0xfde0, 0xfde0, 0xfe00, 0xfde0, 0xfe00, 0xfde0, 0xfe00, 0xfe00, 0x5200, 0x72a0,
0x8b60, 0x8b60, 0x8b60, 0x8b60, 0x8b60, 0x8b40, 0x8b40, 0x8b40, 0x8b40, 0x8b60,

0x8320, 0x9bc0, 0x9380, 0x0000, 0x0000, 0x0000, 0x0000, 0x0000, 0x0000, 0x0000,
0x0000, 0x0000, 0x0000, 0x0000, 0x0000, 0x0000, 0x0000, 0x0000, 0x5a00, 0xeda0,
0xfde0, 0xfde0, 0x9bc0, 0x0000, 0x0000, 0x0000, 0x0000, 0x0000, 0x0000, 0x0000,
0x0000, 0x0000, 0x0000, 0x0000, 0x0000, 0x0000, 0x0000, 0x0000, 0x2900, 0xe580,
0x5a20, 0x7ae0, 0x8b80, 0xbc60, 0x0840, 0x0000, 0x0000, 0x0000, 0x0000, 0x0000,
0x0000, 0x3960, 0xd4e0, 0xfe00, 0xe560, 0xf5c0, 0xfde0, 0xfde0, 0xcd00, 0x4180,
0x0000, 0x0000, 0x0000, 0x5200, 0xcd00, 0x4180, 0x0000, 0x0000, 0x0000, 0x0000,
0x0000, 0x0000, 0x0820, 0x8320, 0xb440, 0x4180, 0xd4e0, 0xfde0, 0xa3e0, 0x20c0,
0x0000, 0x0000, 0x0000, 0x0000, 0x0000, 0x0000, 0x0000, 0x0000, 0x10a2, 0x5b2d,
0xa597, 0xadb8, 0xadb8, 0xadd8, 0xb619, 0xb63a, 0xbe5a, 0xbe3a, 0xb63a, 0x73d0,
0x18c1, 0x72c0, 0xfe00, 0xfde0, 0xfde0, 0xfde0, 0xfde0, 0xfde0, 0xfde0, 0xfde0,
0xfde0, 0xfde0, 0xfde0, 0xfde0, 0xfde0, 0xfde0, 0xfde0, 0xfde0, 0xfde0, 0xfde0,
0xfde0, 0xfde0, 0xfde0, 0xfde0, 0xfde0, 0xfde0, 0xfde0, 0xfde0, 0xfde0, 0xfde0,
0xfde0, 0xfde0, 0xfde0, 0xfde0, 0xfde0, 0xfde0, 0xfde0, 0xfde0, 0xfde0, 0xfde0,
0xfde0, 0xfde0, 0xfde0, 0xfde0, 0xfde0, 0xfde0, 0xfde0, 0xfde0, 0xfde0, 0xfde0,
0xfde0, 0xfde0, 0xfde0, 0xfde0, 0xfde0, 0xfde0, 0xfde0, 0xfde0, 0xfde0, 0xfde0,
0xfde0, 0xfde0, 0xfde0, 0xfde0, 0xfde0, 0xfde0, 0xfde0, 0xfde0, 0xfde0, 0xfde0,
0xfde0, 0xfde0, 0xfde0, 0xfde0, 0xfde0, 0xfde0, 0xfde0, 0xfde0, 0xfde0, 0xfde0,
0xfde0, 0xfde0, 0xfde0, 0xfde0, 0xfde0, 0xfde0, 0xfde0, 0xfde0, 0xfde0, 0xfde0,
0xfde0, 0xfde0, 0xfde0, 0xfde0, 0xfde0, 0xfde0, 0xfde0, 0xfde0, 0xfde0, 0xfde0,
0xfde0, 0xfde0, 0xfde0, 0xfde0, 0xfde0, 0xfde0, 0xfde0, 0xfde0, 0xfde0, 0xfde0,
0xfde0, 0xfde0, 0xfde0, 0xfde0, 0xfde0, 0xfde0, 0xfde0, 0xfde0, 0xfde0, 0xfde0,
0xfde0, 0xfde0, 0xfe00, 0xfde0, 0xfe00, 0xfde0, 0xfe00, 0xfe00, 0x5200, 0x6240,
0x3960, 0x41c1, 0x49e1, 0x41c1, 0x4180, 0x3960, 0x3960, 0x3960, 0x4180, 0x4180,

0x8320, 0xa3e0, 0x8b60, 0x0000, 0x0000, 0x0000, 0x0000, 0x0000, 0x0000, 0x0000,
0x0000, 0x0000, 0x0000, 0x0000, 0x0000, 0x0000, 0x0000, 0x0000, 0x3960, 0xe560,
0xfde0, 0xf5a0, 0x49a0, 0x0000, 0x0000, 0x0000, 0x0000, 0x0000, 0x0000, 0x0840,
0x1080, 0x0020, 0x0000, 0x0000, 0x0000, 0x0000, 0x0000, 0x0000, 0x1880, 0xe580,
0x6aa0, 0x2900, 0xcce0, 0x72c0, 0x0000, 0x0000, 0x0000, 0x0000, 0x0000, 0x0000,
0x1060, 0xb460, 0xf5c0, 0xac20, 0x6240, 0xe560, 0xfde0, 0xfde0, 0xfe00, 0xb440,
0x1060, 0x0000, 0x0000, 0x6a80, 0xc4c0, 0x3140, 0x0000, 0x0000, 0x0000, 0x0000,
0x0000, 0x0000, 0x0840, 0x9ba0, 0xa3e0, 0x51e0, 0xdd40, 0xeda0, 0x5a20, 0x0000,
0x0000, 0x0000, 0x0000, 0x0000, 0x0000, 0x0000, 0x0000, 0x0000, 0x31c7, 0x9516,
0xb619, 0xadf9, 0xadf9, 0xadd9, 0xadf9, 0xadd9, 0xadd9, 0xadd9, 0xa5b8, 0x634e,
0x18c1, 0x7ae0, 0xfe00, 0xfde0, 0xfde0, 0xfde0, 0xfde0, 0xfde0, 0xfde0, 0xfde0,
0xfde0, 0xfde0, 0xfde0, 0xfde0, 0xfde0, 0xfde0, 0xfde0, 0xfde0, 0xfde0, 0xfde0,
0xfde0, 0xfde0, 0xfde0, 0xfde0, 0xfde0, 0xfde0, 0xfde0, 0xfde0, 0xfde0, 0xfde0,
0xfde0, 0xfde0, 0xfde0, 0xfde0, 0xfde0, 0xfde0, 0xfde0, 0xfde0, 0xfde0, 0xfde0,
0xfde0, 0xfde0, 0xfde0, 0xfde0, 0xfde0, 0xfde0, 0xfde0, 0xfde0, 0xfde0, 0xfde0,
0xfde0, 0xfde0, 0xfde0, 0xfde0, 0xfde0, 0xfde0, 0xfde0, 0xfde0, 0xfde0, 0xfde0,
0xfde0, 0xfde0, 0xfde0, 0xfde0, 0xfde0, 0xfde0, 0xfde0, 0xfde0, 0xfde0, 0xfde0,
0xfde0, 0xfde0, 0xfde0, 0xfde0, 0xfde0, 0xfde0, 0xfde0, 0xfde0, 0xfde0, 0xfde0,
0xfde0, 0xfde0, 0xfde0, 0xfde0, 0xfde0, 0xfde0, 0xfde0, 0xfde0, 0xfde0, 0xfde0,
0xfde0, 0xfde0, 0xfde0, 0xfde0, 0xfde0, 0xfde0, 0xfde0, 0xfde0, 0xfde0, 0xfde0,
0xfde0, 0xfde0, 0xfde0, 0xfde0, 0xfde0, 0xfde0, 0xfde0, 0xfde0, 0xfde0, 0xfde0,
0xfde0, 0xfde0, 0xfde0, 0xfde0, 0xfde0, 0xfde0, 0xfde0, 0xfde0, 0xfde0, 0xfde0,
0xfde0, 0xfde0, 0xfde0, 0xfe00, 0xfde0, 0xfde0, 0xfe00, 0xfe00, 0x5200, 0x5a20,
0x18a1, 0x2923, 0x3184, 0x2943, 0x18c1, 0x1060, 0x1080, 0x20e2, 0x2102, 0x2102,

0x7b00, 0xa400, 0x8320, 0x0000, 0x0000, 0x0000, 0x0000, 0x0000, 0x0000, 0x0000,
0x0000, 0x0000, 0x0000, 0x0000, 0x0000, 0x0000, 0x0000, 0x0000, 0x18a0, 0xd500,
0xfde0, 0xcca0, 0x1880, 0x0000, 0x0000, 0x0000, 0x0000, 0x0000, 0x20e0, 0x93a0,
0xac20, 0x5200, 0x0000, 0x0000, 0x0000, 0x0000, 0x0000, 0x0000, 0x0000, 0xcce0,
0x7b00, 0x20c0, 0xe540, 0x3960, 0x0000, 0x0000, 0x0000, 0x0000, 0x0000, 0x0000,
0x6260, 0xfde0, 0xb460, 0x49c0, 0xb440, 0xf5c0, 0xfde0, 0xfde0, 0xfde0, 0xeda0,
0x51e0, 0x0000, 0x0000, 0x7b00, 0xbca0, 0x28e0, 0x0000, 0x0000, 0x0000, 0x0000,
0x0000, 0x0000, 0x1880, 0xabe0, 0x9b80, 0x5a20, 0xe560, 0xc4a0, 0x20e0, 0x0000,
0x0000, 0x0000, 0x0000, 0x0000, 0x0000, 0x0000, 0x0000, 0x0841, 0x5b0d, 0x9d78,
0x9d98, 0x9d98, 0x9d98, 0x9d78, 0x9d98, 0x9d78, 0x9d78, 0x9d98, 0x9d77, 0x530d,
0x18a0, 0x8300, 0xfe00, 0xfde0, 0xfde0, 0xfde0, 0xfde0, 0xfde0, 0xfde0, 0xfde0,
0xfde0, 0xfde0, 0xfde0, 0xfde0, 0xfde0, 0xfde0, 0xfde0, 0xfde0, 0xfde0, 0xfde0,
0xfde0, 0xfde0, 0xfde0, 0xfde0, 0xfde0, 0xfde0, 0xfde0, 0xfde0, 0xfde0, 0xfde0,
0xfde0, 0xfde0, 0xfde0, 0xfde0, 0xfde0, 0xfde0, 0xfde0, 0xfde0, 0xfde0, 0xfde0,
0xfde0, 0xfde0, 0xfde0, 0xfde0, 0xfde0, 0xfde0, 0xfde0, 0xfde0, 0xfde0, 0xfde0,
0xfde0, 0xfde0, 0xfde0, 0xfde0, 0xfde0, 0xfde0, 0xfde0, 0xfde0, 0xfde0, 0xfde0,
0xfde0, 0xfde0, 0xfde0, 0xfde0, 0xfde0, 0xfde0, 0xfde0, 0xfde0, 0xfde0, 0xfde0,
0xfde0, 0xfde0, 0xfde0, 0xfde0, 0xfde0, 0xfde0, 0xfde0, 0xfde0, 0xfde0, 0xfde0,
0xfde0, 0xfde0, 0xfde0, 0xfde0, 0xfde0, 0xfde0, 0xfde0, 0xfde0, 0xfde0, 0xfde0,
0xfde0, 0xfde0, 0xfde0, 0xfde0, 0xfde0, 0xfde0, 0xfde0, 0xfde0, 0xfde0, 0xfde0,
0xfde0, 0xfde0, 0xfde0, 0xfde0, 0xfde0, 0xfde0, 0xfde0, 0xfde0, 0xfde0, 0xfde0,
0xfde0, 0xfde0, 0xfde0, 0xfde0, 0xfde0, 0xfde0, 0xfde0, 0xfde0, 0xfde0, 0xfde0,
0xfde0, 0xfde0, 0xfde0, 0xfe00, 0xfde0, 0xfde0, 0xfe00, 0xfe00, 0x5200, 0x5a20,
0x0882, 0x2965, 0x31c7, 0x2985, 0x1082, 0x0020, 0x0841, 0x1904, 0x31a6, 0x3185,

0xa3c0, 0xc480, 0x7ae0, 0x0000, 0x0000, 0x0000, 0x0000, 0x0000, 0x0000, 0x0000,
0x0000, 0x0000, 0x0000, 0x0000, 0x0000, 0x0000, 0x0000, 0x0000, 0x0840, 0xc480,
0xfde0, 0x7ae0, 0x0000, 0x0000, 0x0000, 0x0000, 0x0000, 0x2900, 0xccc0, 0xcce0,
0xdd20, 0xdd40, 0x41a0, 0x0000, 0x0000, 0x0000, 0x0000, 0x0000, 0x0000, 0xb440,
0x9380, 0x6a80, 0xb460, 0x1060, 0x0000, 0x0000, 0x0000, 0x0000, 0x0000, 0x20c0,
0xcce0, 0xdd20, 0x5a00, 0xbc60, 0xfde0, 0xfde0, 0xfde0, 0xfde0, 0xfde0, 0xfde0,
0xb440, 0x18c0, 0x0000, 0x9380, 0xb440, 0x18a0, 0x0000, 0x0000, 0x0000, 0x0000,
0x0000, 0x0000, 0x20c0, 0xac20, 0x8320, 0x6a80, 0xdd40, 0x7ae0, 0x0000, 0x0000,
0x0000, 0x0000, 0x0000, 0x0000, 0x0000, 0x0000, 0x0000, 0x31a7, 0x84b4, 0xa5b8,
0x9d98, 0xa598, 0xa5b8, 0x9d98, 0xa5b8, 0x9d98, 0xa5b8, 0xa5b8, 0x9d98, 0x530d,
0x18c0, 0x8320, 0xfe00, 0xfde0, 0xfde0, 0xfde0, 0xfde0, 0xfde0, 0xfde0, 0xfde0,
0xfde0, 0xfde0, 0xfde0, 0xfde0, 0xfde0, 0xfde0, 0xfde0, 0xfde0, 0xfde0, 0xfde0,
0xfde0, 0xfde0, 0xfde0, 0xfde0, 0xfde0, 0xfde0, 0xfde0, 0xfde0, 0xfde0, 0xfde0,
0xfde0, 0xfde0, 0xfde0, 0xfde0, 0xfde0, 0xfde0, 0xfde0, 0xfde0, 0xfde0, 0xfde0,
0xfde0, 0xfde0, 0xfde0, 0xfde0, 0xfde0, 0xfde0, 0xfde0, 0xfde0, 0xfde0, 0xfde0,
0xfde0, 0xfde0, 0xfde0, 0xfde0, 0xfde0, 0xfde0, 0xfde0, 0xfde0, 0xfde0, 0xfde0,
0xfde0, 0xfde0, 0xfde0, 0xfde0, 0xfde0, 0xfde0, 0xfde0, 0xfde0, 0xfde0, 0xfde0,
0xfde0, 0xfde0, 0xfde0, 0xfde0, 0xfde0, 0xfde0, 0xfde0, 0xfde0, 0xfde0, 0xfde0,
0xfde0, 0xfde0, 0xfde0, 0xfde0, 0xfde0, 0xfde0, 0xfde0, 0xfde0, 0xfde0, 0xfde0,
0xfde0, 0xfde0, 0xfde0, 0xfde0, 0xfde0, 0xfde0, 0xfde0, 0xfde0, 0xfde0, 0xfde0,
0xfde0, 0xfde0, 0xfde0, 0xfde0, 0xfde0, 0xfde0, 0xfde0, 0xfde0, 0xfde0, 0xfde0,
0xfde0, 0xfde0, 0xfde0, 0xfde0, 0xfde0, 0xfde0, 0xfde0, 0xfde0, 0xfde0, 0xfde0,
0xfde0, 0xfde0, 0xfde0, 0xfe00, 0xfde0, 0xfde0, 0xfe00, 0xfe00, 0x5200, 0x5a20,
0x1082, 0x2986, 0x4228, 0x31a6, 0x10a2, 0x0020, 0x1061, 0x2986, 0x4a69, 0x4228,

0xf5a0, 0xf5c0, 0x72c0, 0x0000, 0x0000, 0x0000, 0x0000, 0x0000, 0x0020, 0x0820,
0x0840, 0x0020, 0x0000, 0x0000, 0x0000, 0x0000, 0x0000, 0x0000, 0x1060, 0xbc80,
0xfde0, 0x3980, 0x0000, 0x0000, 0x0000, 0x0000, 0x0000, 0xa3c0, 0xe540, 0x51e0,
0x6240, 0xd520, 0x9380, 0x0000, 0x0000, 0x0000, 0x0000, 0x0000, 0x0000, 0xa400,
0xd500, 0xcd00, 0x7b00, 0x0020, 0x0000, 0x0000, 0x0000, 0x0000, 0x0000, 0x6a60,
0xf5c0, 0x8b40, 0x8320, 0xf5c0, 0xfde0, 0xfde0, 0xfde0, 0xfde0, 0xfde0, 0xfde0,
0xe580, 0x5a40, 0x0840, 0xa3e0, 0xac20, 0x1080, 0x0000, 0x0000, 0x0000, 0x0000,
0x0000, 0x0000, 0x20e0, 0xb440, 0x6a80, 0x72c0, 0xbc60, 0x3140, 0x0000, 0x0000,
0x0000, 0x0000, 0x0000, 0x0000, 0x0000, 0x0000, 0x0861, 0x634d, 0x9d77, 0xa5d9,
0xa5d9, 0xa5b8, 0xa5d9, 0xa5d9, 0xa5d9, 0xa5b8, 0xa5d9, 0xa5d9, 0xa5b8, 0x52cb,
0x20c0, 0x8b40, 0xfe00, 0xfde0, 0xfde0, 0xfde0, 0xfde0, 0xfde0, 0xfde0, 0xfde0,
0xfde0, 0xfde0, 0xfde0, 0xfde0, 0xfde0, 0xfde0, 0xfde0, 0xfde0, 0xfde0, 0xfde0,
0xfde0, 0xfde0, 0xfde0, 0xfde0, 0xfde0, 0xfde0, 0xfde0, 0xfde0, 0xfde0, 0xfde0,
0xfde0, 0xfde0, 0xfde0, 0xfde0, 0xfde0, 0xfde0, 0xfde0, 0xfde0, 0xfde0, 0xfde0,
0xfde0, 0xfde0, 0xfde0, 0xfde0, 0xfde0, 0xfde0, 0xfde0, 0xfde0, 0xfde0, 0xfde0,
0xfde0, 0xfde0, 0xfde0, 0xfde0, 0xfde0, 0xfde0, 0xfde0, 0xfde0, 0xfde0, 0xfde0,
0xfde0, 0xfde0, 0xfde0, 0xfde0, 0xfde0, 0xfde0, 0xfde0, 0xfde0, 0xfde0, 0xfde0,
0xfde0, 0xfde0, 0xfde0, 0xfde0, 0xfde0, 0xfde0, 0xfde0, 0xfde0, 0xfde0, 0xfde0,
0xfde0, 0xfde0, 0xfde0, 0xfde0, 0xfde0, 0xfde0, 0xfde0, 0xfde0, 0xfde0, 0xfde0,
0xfde0, 0xfde0, 0xfde0, 0xfde0, 0xfde0, 0xfde0, 0xfde0, 0xfde0, 0xfde0, 0xfde0,
0xfde0, 0xfde0, 0xfde0, 0xfde0, 0xfde0, 0xfde0, 0xfde0, 0xfde0, 0xfde0, 0xfde0,
0xfde0, 0xfde0, 0xfde0, 0xfde0, 0xfde0, 0xfde0, 0xfde0, 0xfde0, 0xfde0, 0xfde0,
0xfde0, 0xfde0, 0xfde0, 0xfe00, 0xfde0, 0xfe00, 0xfde0, 0xfe20, 0x5200, 0x5a00,
0x1082, 0x2986, 0x3a08, 0x31a6, 0x1082, 0x0020, 0x0882, 0x2986, 0x4249, 0x3a08,

0xfde0, 0xfde0, 0x6a80, 0x0000, 0x0000, 0x0000, 0x0000, 0x0840, 0x6260, 0x8b60,
0x9bc0, 0x9bc0, 0x3960, 0x0000, 0x0000, 0x0000, 0x0000, 0x0000, 0x0860, 0xc4e0,
0xed80, 0x0820, 0x0000, 0x0000, 0x0000, 0x0000, 0x28e0, 0xeda0, 0xd500, 0x5a20,
0x6a80, 0x8b40, 0xccc0, 0x0020, 0x0000, 0x0000, 0x0000, 0x0000, 0x0000, 0xa3c0,
0xfde0, 0xfde0, 0x4180, 0x0000, 0x0000, 0x0000, 0x0000, 0x0000, 0x1080, 0xb440,
0xe580, 0x5200, 0xccc0, 0xfde0, 0xfde0, 0xfde0, 0xfde0, 0xfde0, 0xfde0, 0xfde0,
0xfde0, 0xa3e0, 0x2900, 0xb440, 0xa3e0, 0x0820, 0x0000, 0x0000, 0x0000, 0x0000,
0x0000, 0x0000, 0x2920, 0xbc60, 0x6260, 0x8300, 0x8b40, 0x0840, 0x0000, 0x0000,
0x0000, 0x0000, 0x0000, 0x0000, 0x0000, 0x0000, 0x2145, 0x8cd4, 0xa5d9, 0xa5b8,
0xa5d9, 0xa5d9, 0xa5b8, 0xa5d9, 0xa5d9, 0xa5d9, 0xa5b8, 0xa5b9, 0xa5b8, 0x4a8b,
0x20c0, 0x9380, 0xfde0, 0xfde0, 0xfde0, 0xfde0, 0xfde0, 0xfde0, 0xfde0, 0xfde0,
0xfde0, 0xfde0, 0xfde0, 0xfde0, 0xfde0, 0xfde0, 0xfde0, 0xfde0, 0xfde0, 0xfde0,
0xfde0, 0xfde0, 0xfde0, 0xfde0, 0xfde0, 0xfde0, 0xfde0, 0xfde0, 0xfde0, 0xfde0,
0xfde0, 0xfde0, 0xfde0, 0xfde0, 0xfde0, 0xfde0, 0xfde0, 0xfde0, 0xfde0, 0xfde0,
0xfde0, 0xfde0, 0xfde0, 0xfde0, 0xfde0, 0xfde0, 0xfde0, 0xfde0, 0xfde0, 0xfde0,
0xfde0, 0xfde0, 0xfde0, 0xfde0, 0xfde0, 0xfde0, 0xfde0, 0xfde0, 0xfde0, 0xfde0,
0xfde0, 0xfde0, 0xfde0, 0xfde0, 0xfde0, 0xfde0, 0xfde0, 0xfde0, 0xfde0, 0xfde0,
0xfde0, 0xfde0, 0xfde0, 0xfde0, 0xfde0, 0xfde0, 0xfde0, 0xfde0, 0xfde0, 0xfde0,
0xfde0, 0xfde0, 0xfde0, 0xfde0, 0xfde0, 0xfde0, 0xfde0, 0xfde0, 0xfde0, 0xfde0,
0xfde0, 0xfde0, 0xfde0, 0xfde0, 0xfde0, 0xfde0, 0xfde0, 0xfde0, 0xfde0, 0xfde0,
0xfde0, 0xfde0, 0xfde0, 0xfde0, 0xfde0, 0xfde0, 0xfde0, 0xfde0, 0xfde0, 0xfde0,
0xfde0, 0xfde0, 0xfde0, 0xfde0, 0xfde0, 0xfde0, 0xfde0, 0xfde0, 0xfde0, 0xfde0,
0xfde0, 0xfde0, 0xfde0, 0xfe00, 0xfde0, 0xfe00, 0xfde0, 0xfe00, 0x5200, 0x5a00,
0x0861, 0x2124, 0x31a6, 0x2125, 0x0862, 0x0020, 0x0862, 0x2145, 0x39c7, 0x3186,

0xfde0, 0xfde0, 0x6260, 0x0000, 0x0000, 0x0000, 0x0000, 0x1060, 0x7ae0, 0x8b40,
0x8300, 0x9bc0, 0xd520, 0x3120, 0x0000, 0x0000, 0x0000, 0x0000, 0x0860, 0xccc0,
0xb440, 0x0000, 0x0000, 0x0000, 0x0000, 0x0020, 0x8b20, 0xfde0, 0xd4e0, 0x6a80,
0xd500, 0x6240, 0xe580, 0x2900, 0x0000, 0x0000, 0x0000, 0x0000, 0x0000, 0x8b20,
0xfde0, 0xe560, 0x1060, 0x0000, 0x0000, 0x0000, 0x0000, 0x0000, 0x49c0, 0xe580,
0xac00, 0x72c0, 0xf5a0, 0xfde0, 0xfde0, 0xfde0, 0xfde0, 0xfde0, 0xfde0, 0xfde0,
0xfde0, 0xe560, 0xa400, 0xdd60, 0x8b60, 0x0000, 0x0000, 0x0000, 0x0000, 0x0000,
0x0000, 0x0000, 0x3960, 0xbc80, 0x5a40, 0x72a0, 0x41a0, 0x0000, 0x0000, 0x0000,
0x0000, 0x0000, 0x0000, 0x0000, 0x0000, 0x0000, 0x4249, 0xa597, 0xa5b8, 0xa5b8,
0x9d98, 0x9d98, 0x9d98, 0x9d98, 0x9d98, 0x9d98, 0xa598, 0xa5b8, 0x9d77, 0x424a,
0x20c0, 0x9bc0, 0xfde0, 0xfde0, 0xfde0, 0xfde0, 0xfde0, 0xfde0, 0xfde0, 0xfde0,
0xfde0, 0xfde0, 0xfde0, 0xfde0, 0xfde0, 0xfde0, 0xfde0, 0xfde0, 0xfde0, 0xfde0,
0xfde0, 0xfde0, 0xfde0, 0xfde0, 0xfde0, 0xfde0, 0xfde0, 0xfde0, 0xfde0, 0xfde0,
0xfde0, 0xfde0, 0xfde0, 0xfde0, 0xfde0, 0xfde0, 0xfde0, 0xfde0, 0xfde0, 0xfde0,
0xfde0, 0xfde0, 0xfde0, 0xfde0, 0xfde0, 0xfde0, 0xfde0, 0xfde0, 0xfde0, 0xfde0,
0xfde0, 0xfde0, 0xfde0, 0xfde0, 0xfde0, 0xfde0, 0xfde0, 0xfde0, 0xfde0, 0xfde0,
0xfde0, 0xfde0, 0xfde0, 0xfde0, 0xfde0, 0xfde0, 0xfde0, 0xfde0, 0xfde0, 0xfde0,
0xfde0, 0xfde0, 0xfde0, 0xfde0, 0xfde0, 0xfde0, 0xfde0, 0xfde0, 0xfde0, 0xfde0,
0xfde0, 0xfde0, 0xfde0, 0xfde0, 0xfde0, 0xfde0, 0xfde0, 0xfde0, 0xfde0, 0xfde0,
0xfde0, 0xfde0, 0xfde0, 0xfde0, 0xfde0, 0xfde0, 0xfde0, 0xfde0, 0xfde0, 0xfde0,
0xfde0, 0xfde0, 0xfde0, 0xfde0, 0xfde0, 0xfde0, 0xfde0, 0xfde0, 0xfde0, 0xfde0,
0xfde0, 0xfde0, 0xfde0, 0xfde0, 0xfde0, 0xfde0, 0xfde0, 0xfde0, 0xfde0, 0xfde0,
0xfde0, 0xfde0, 0xfde0, 0xfe00, 0xfde0, 0xfe00, 0xfde0, 0xfe20, 0x5200, 0x5a00,
0x0840, 0x10a2, 0x18e3, 0x18a2, 0x0861, 0x0000, 0x0840, 0x10a2, 0x18e3, 0x18c2,

0xfde0, 0xfde0, 0x6240, 0x0000, 0x0000, 0x0000, 0x0000, 0x1060, 0x72a0, 0x8b60,
0x9360, 0x5a20, 0xa3e0, 0x72c0, 0x0000, 0x0000, 0x0000, 0x0000, 0x0840, 0xbc80,
0x72a0, 0x0000, 0x0000, 0x0000, 0x0000, 0x18a0, 0xc4a0, 0xfde0, 0xd4e0, 0x7ac0,
0xf5c0, 0x6aa0, 0xd520, 0x41a0, 0x0000, 0x0000, 0x0000, 0x0000, 0x0000, 0x72c0,
0xfde0, 0xc4c0, 0x0000, 0x0000, 0x0000, 0x0000, 0x0000, 0x0000, 0x8320, 0xed80,
0x6240, 0xbc60, 0xfde0, 0xfde0, 0xfde0, 0xfde0, 0xfde0, 0xfde0, 0xfde0, 0xfde0,
0xfde0, 0xfde0, 0xf5e0, 0xedc0, 0x7b00, 0x0000, 0x0000, 0x0000, 0x0000, 0x0000,
0x0000, 0x0000, 0x49c0, 0xc4a0, 0x5200, 0x4180, 0x1880, 0x0000, 0x0000, 0x0000,
0x0000, 0x0000, 0x0000, 0x0000, 0x0000, 0x0000, 0x4aab, 0x9d78, 0x9d78, 0x9d98,
0x9d78, 0x9d78, 0x9d78, 0x9d78, 0x9d98, 0x9d98, 0x9d98, 0x9d98, 0x9557, 0x3a29,
0x20c0, 0x9bc0, 0xfde0, 0xfde0, 0xfde0, 0xfde0, 0xfde0, 0xfde0, 0xfde0, 0xfde0,
0xfde0, 0xfde0, 0xfde0, 0xfde0, 0xfde0, 0xfde0, 0xfde0, 0xfde0, 0xfde0, 0xfde0,
0xfde0, 0xfde0, 0xfde0, 0xfde0, 0xfde0, 0xfde0, 0xfde0, 0xfde0, 0xfde0, 0xfde0,
0xfde0, 0xfde0, 0xfde0, 0xfde0, 0xfde0, 0xfde0, 0xfde0, 0xfde0, 0xfde0, 0xfde0,
0xfde0, 0xfde0, 0xfde0, 0xfde0, 0xfde0, 0xfde0, 0xfde0, 0xfde0, 0xfde0, 0xfde0,
0xfde0, 0xfde0, 0xfde0, 0xfde0, 0xfde0, 0xfde0, 0xfde0, 0xfde0, 0xfde0, 0xfde0,
0xfde0, 0xfde0, 0xfde0, 0xfde0, 0xfde0, 0xfde0, 0xfde0, 0xfde0, 0xfde0, 0xfde0,
0xfde0, 0xfde0, 0xfde0, 0xfde0, 0xfde0, 0xfde0, 0xfde0, 0xfde0, 0xfde0, 0xfde0,
0xfde0, 0xfde0, 0xfde0, 0xfde0, 0xfde0, 0xfde0, 0xfde0, 0xfde0, 0xfde0, 0xfde0,
0xfde0, 0xfde0, 0xfde0, 0xfde0, 0xfde0, 0xfde0, 0xfde0, 0xfde0, 0xfde0, 0xfde0,
0xfde0, 0xfde0, 0xfde0, 0xfde0, 0xfde0, 0xfde0, 0xfde0, 0xfde0, 0xfde0, 0xfde0,
0xfde0, 0xfde0, 0xfde0, 0xfde0, 0xfde0, 0xfde0, 0xfde0, 0xfde0, 0xfde0, 0xfde0,
0xfde0, 0xfde0, 0xfde0, 0xfde0, 0xfde0, 0xfe00, 0xfde0, 0xfe00, 0x5200, 0x5a20,
0x18a0, 0x20c0, 0x20e1, 0x20c0, 0x18a0, 0x18a0, 0x18a0, 0x20c0, 0x20e1, 0x20e0,

0xfde0, 0xfde0, 0x6240, 0x0000, 0x0000, 0x0000, 0x0000, 0x20e0, 0xd500, 0xf5e0,
0xf5e0, 0xd520, 0x5a20, 0x8b60, 0x0000, 0x0000, 0x0000, 0x0000, 0x0820, 0xb440,
0x49c0, 0x0000, 0x0000, 0x0000, 0x0000, 0x3960, 0xed80, 0xfde0, 0xccc0, 0x8b60,
0xfde0, 0x7ae0, 0xb440, 0x5a60, 0x0000, 0x0000, 0x0000, 0x0000, 0x0000, 0x6a80,
0xf5c0, 0xa3c0, 0x0000, 0x0000, 0x0000, 0x0000, 0x0000, 0x0020, 0xc4a0, 0xdd40,
0x4180, 0xed80, 0xfde0, 0xfde0, 0xfde0, 0xfde0, 0xfde0, 0xfde0, 0xfde0, 0xfde0,
0xfde0, 0xfde0, 0xfde0, 0xeda0, 0x6aa0, 0x0000, 0x0000, 0x0000, 0x0000, 0x0000,
0x0000, 0x0000, 0x5a20, 0xc4a0, 0x41a0, 0x0840, 0x0000, 0x0000, 0x0000, 0x0000,
0x0000, 0x0000, 0x0000, 0x0000, 0x0000, 0x0020, 0x5b0c, 0xa598, 0xa5b9, 0xa5b9,
0xa5d9, 0xa5d9, 0xa5d9, 0xa5d9, 0xadf9, 0xadf9, 0xadd9, 0xadf9, 0xa598, 0x3a09,
0x20e0, 0xa3e0, 0xfde0, 0xfde0, 0xfde0, 0xfde0, 0xfde0, 0xfde0, 0xfde0, 0xfde0,
0xfde0, 0xfde0, 0xfde0, 0xfde0, 0xfde0, 0xfde0, 0xfde0, 0xfde0, 0xfde0, 0xfde0,
0xfde0, 0xfde0, 0xfde0, 0xfde0, 0xfde0, 0xfde0, 0xfde0, 0xfde0, 0xfde0, 0xfde0,
0xfde0, 0xfde0, 0xfde0, 0xfde0, 0xfde0, 0xfde0, 0xfde0, 0xfde0, 0xfde0, 0xfde0,
0xfde0, 0xfde0, 0xfde0, 0xfde0, 0xfde0, 0xfde0, 0xfde0, 0xfde0, 0xfde0, 0xfde0,
0xfde0, 0xfde0, 0xfde0, 0xfde0, 0xfde0, 0xfde0, 0xfde0, 0xfde0, 0xfde0, 0xfde0,
0xfde0, 0xfde0, 0xfde0, 0xfde0, 0xfde0, 0xfde0, 0xfde0, 0xfde0, 0xfde0, 0xfde0,
0xfde0, 0xfde0, 0xfde0, 0xfde0, 0xfde0, 0xfde0, 0xfde0, 0xfde0, 0xfde0, 0xfde0,
0xfde0, 0xfde0, 0xfde0, 0xfde0, 0xfde0, 0xfde0, 0xfde0, 0xfde0, 0xfde0, 0xfde0,
0xfde0, 0xfde0, 0xfde0, 0xfde0, 0xfde0, 0xfde0, 0xfde0, 0xfde0, 0xfde0, 0xfde0,
0xfde0, 0xfde0, 0xfde0, 0xfde0, 0xfde0, 0xfde0, 0xfde0, 0xfde0, 0xfde0, 0xfde0,
0xfde0, 0xfde0, 0xfde0, 0xfde0, 0xfde0, 0xfde0, 0xfde0, 0xfde0, 0xfde0, 0xfde0,
0xfde0, 0xfde0, 0xfde0, 0xfde0, 0xfe00, 0xfde0, 0xfe00, 0xfe00, 0x5200, 0x6260,
0x51e0, 0x51e0, 0x51e0, 0x5200, 0x51e0, 0x51e0, 0x51e0, 0x51e0, 0x51e0, 0x51e0,

0xfde0, 0xfde0, 0x5a20, 0x0000, 0x0000, 0x0000, 0x0000, 0x2920, 0xdd40, 0xfde0,
0xfde0, 0xfde0, 0x51e0, 0x9360, 0x0000, 0x0000, 0x0000, 0x0000, 0x1060, 0xac20,
0x2900, 0x0000, 0x0000, 0x0000, 0x0000, 0x72e0, 0xfde0, 0xfde0, 0xbc60, 0xa3c0,
0xfde0, 0x9b80, 0x8b60, 0x7ae0, 0x0000, 0x0000, 0x0000, 0x0000, 0x0000, 0x6aa0,
0xedc0, 0x72c0, 0x0000, 0x0000, 0x0000, 0x0000, 0x0000, 0x20e0, 0xed80, 0xbc60,
0x5200, 0xfe00, 0xfde0, 0xfde0, 0xfde0, 0xfde0, 0xfde0, 0xfde0, 0xfde0, 0xfde0,
0xfde0, 0xfde0, 0xfde0, 0xed80, 0x6240, 0x0000, 0x0000, 0x0000, 0x0000, 0x0000,
0x0000, 0x0000, 0x6a60, 0xccc0, 0x3940, 0x0000, 0x0000, 0x0000, 0x0000, 0x0000,
0x0000, 0x0000, 0x0000, 0x0000, 0x1080, 0x18c1, 0x638f, 0xadf9, 0xadf9, 0xadf9,
0xadf9, 0xadf9, 0xadf9, 0xadf9, 0xadf9, 0xadf9, 0xadf9, 0xadf9, 0xa5b8, 0x39e8,
0x2900, 0xac00, 0xfde0, 0xfde0, 0xfde0, 0xfde0, 0xfde0, 0xfde0, 0xfde0, 0xfe00,
0xfde0, 0xfde0, 0xfde0, 0xfde0, 0xfde0, 0xfde0, 0xfe00, 0xfde0, 0xfde0, 0xfe00,
0xfde0, 0xfde0, 0xfde0, 0xfde0, 0xfde0, 0xfde0, 0xfde0, 0xfde0, 0xfde0, 0xfde0,
0xfde0, 0xfde0, 0xfde0, 0xfde0, 0xfde0, 0xfde0, 0xfde0, 0xfde0, 0xfde0, 0xfde0,
0xfde0, 0xfde0, 0xfde0, 0xfde0, 0xfde0, 0xfde0, 0xfde0, 0xfde0, 0xfde0, 0xfde0,
0xfde0, 0xfde0, 0xfde0, 0xfde0, 0xfde0, 0xfde0, 0xfde0, 0xfde0, 0xfde0, 0xfde0,
0xfde0, 0xfde0, 0xfde0, 0xfde0, 0xfde0, 0xfde0, 0xfde0, 0xfde0, 0xfde0, 0xfde0,
0xfde0, 0xfde0, 0xfde0, 0xfde0, 0xfde0, 0xfde0, 0xfde0, 0xfde0, 0xfde0, 0xfde0,
0xfde0, 0xfde0, 0xfde0, 0xfde0, 0xfde0, 0xfde0, 0xfde0, 0xfde0, 0xfde0, 0xfde0,
0xfde0, 0xfde0, 0xfde0, 0xfde0, 0xfde0, 0xfde0, 0xfde0, 0xfde0, 0xfde0, 0xfde0,
0xfde0, 0xfde0, 0xfde0, 0xfde0, 0xfde0, 0xfde0, 0xfde0, 0xfde0, 0xfde0, 0xfde0,
0xfde0, 0xfde0, 0xfde0, 0xfde0, 0xfde0, 0xfde0, 0xfde0, 0xfde0, 0xfde0, 0xfde0,
0xfde0, 0xfde0, 0xfde0, 0xfde0, 0xfe00, 0xfde0, 0xfe00, 0xfe00, 0x5200, 0x7ae0,
0xbc80, 0xbc81, 0xbc80, 0xbc81, 0xbc80, 0xbc81, 0xbc80, 0xbc61, 0xbc81, 0xbc80,

0xfde0, 0xfde0, 0x5a20, 0x0000, 0x0000, 0x0000, 0x0000, 0x3140, 0xe560, 0xfde0,
0xfde0, 0xfde0, 0x6260, 0x9ba0, 0x0000, 0x0000, 0x0000, 0x0000, 0x18a0, 0xa3e0,
0x1080, 0x0000, 0x0000, 0x0000, 0x0020, 0xa3e0, 0xfde0, 0xfde0, 0xac00, 0xb420,
0xfe00, 0xbc60, 0x8b40, 0x9bc0, 0x0020, 0x0000, 0x0000, 0x0000, 0x0000, 0x6aa0,
0xed80, 0x49c0, 0x0000, 0x0000, 0x0000, 0x0000, 0x0000, 0x51e0, 0xf600, 0x9380,
0x7ae0, 0xfde0, 0xfde0, 0xfde0, 0xfde0, 0xfde0, 0xfde0, 0xfde0, 0xfde0, 0xfde0,
0xfde0, 0xfde0, 0xfde0, 0xed80, 0x51e0, 0x0000, 0x0000, 0x0000, 0x0000, 0x0000,
0x0000, 0x0000, 0x72c0, 0xccc0, 0x3120, 0x0000, 0x0000, 0x0000, 0x0000, 0x0000,
0x0000, 0x0000, 0x0000, 0x0820, 0x49e0, 0x41a1, 0x73d0, 0xadd9, 0xadd9, 0xadd9,
0xadd9, 0xa5d9, 0xa5d9, 0xadd9, 0xadd9, 0xadd9, 0xadd9, 0xadf9, 0xa597, 0x31c7,
0x2900, 0xac20, 0xfde0, 0xfe00, 0xfde0, 0xedc0, 0xe560, 0xd500, 0xbc80, 0xb440,
0xac00, 0xa3e0, 0xa3e0, 0xac00, 0xac20, 0xbc60, 0xc4c0, 0xdd40, 0xed80, 0xfde0,
0xfde0, 0xfde0, 0xfde0, 0xfde0, 0xfde0, 0xfde0, 0xfde0, 0xfde0, 0xfde0, 0xfde0,
0xfde0, 0xfde0, 0xfde0, 0xfde0, 0xfde0, 0xfde0, 0xfde0, 0xfde0, 0xfde0, 0xfde0,
0xfde0, 0xfde0, 0xfde0, 0xfde0, 0xfde0, 0xfde0, 0xfde0, 0xfde0, 0xfde0, 0xfde0,
0xfde0, 0xfde0, 0xfde0, 0xfde0, 0xfde0, 0xfde0, 0xfde0, 0xfde0, 0xfde0, 0xfde0,
0xfde0, 0xfde0, 0xfde0, 0xfde0, 0xfde0, 0xfde0, 0xfde0, 0xfde0, 0xfde0, 0xfde0,
0xfde0, 0xfde0, 0xfde0, 0xfde0, 0xfde0, 0xfde0, 0xfde0, 0xfde0, 0xfde0, 0xfde0,
0xfde0, 0xfde0, 0xfde0, 0xfde0, 0xfde0, 0xfde0, 0xfde0, 0xfde0, 0xfde0, 0xfde0,
0xfde0, 0xfde0, 0xfde0, 0xfde0, 0xfde0, 0xfde0, 0xfde0, 0xfde0, 0xfde0, 0xfde0,
0xfde0, 0xfde0, 0xfde0, 0xfde0, 0xfde0, 0xfde0, 0xfde0, 0xfde0, 0xfde0, 0xfde0,
0xfde0, 0xfde0, 0xfde0, 0xfde0, 0xfde0, 0xfde0, 0xfde0, 0xfde0, 0xfde0, 0xfde0,
0xfde0, 0xfde0, 0xfde0, 0xfde0, 0xfe00, 0xfde0, 0xfe00, 0xfe00, 0x5200, 0x8b40,
0xf601, 0xf601, 0xf5e1, 0xf5e2, 0xf601, 0xfde1, 0xf601, 0xf601, 0xf601, 0xf5e1,

0xfde0, 0xf5c0, 0x5a00, 0x0000, 0x0000, 0x0000, 0x0000, 0x3980, 0xed80, 0xfde0,
0xfde0, 0xfe00, 0x72a0, 0x9ba0, 0x0000, 0x0000, 0x0000, 0x0000, 0x28e0, 0x9380,
0x0000, 0x0000, 0x0000, 0x0000, 0x1080, 0xc4a0, 0xfde0, 0xfde0, 0x9ba0, 0xb440,
0xfde0, 0xc4c0, 0x8320, 0xac20, 0x0840, 0x0000, 0x0000, 0x0000, 0x0000, 0x6aa0,
0xdd40, 0x3140, 0x0000, 0x0000, 0x0000, 0x0000, 0x0000, 0x7ac0, 0xf5e0, 0x72c0,
0xac20, 0xfde0, 0xfde0, 0xfde0, 0xfde0, 0xfde0, 0xfde0, 0xfde0, 0xfde0, 0xfde0,
0xfde0, 0xfde0, 0xfde0, 0xe560, 0x49a0, 0x0000, 0x0000, 0x0000, 0x0000, 0x0000,
0x0000, 0x0000, 0x8300, 0xbc80, 0x20e0, 0x0000, 0x0000, 0x0000, 0x0000, 0x0000,
0x0000, 0x0000, 0x0000, 0x18a0, 0x8b60, 0x5201, 0x7bf0, 0xadd9, 0xadf9, 0xadf9,
0xadf9, 0xadf9, 0xadd9, 0xadf9, 0xadd9, 0xadd9, 0xadf9, 0xadf9, 0xa5b7, 0x31a7,
0x2900, 0xac40, 0xedc0, 0xdd40, 0xbc80, 0x9ba0, 0x7ae0, 0x6240, 0x4180, 0x3140,
0x20c0, 0x18a0, 0x18a0, 0x18a0, 0x28e0, 0x3960, 0x49c0, 0x6aa0, 0x8b60, 0xb440,
0xd4e0, 0xe580, 0xfde0, 0xfde0, 0xfde0, 0xfde0, 0xfde0, 0xfde0, 0xfde0, 0xfde0,
0xfde0, 0xfde0, 0xfde0, 0xfde0, 0xfde0, 0xfde0, 0xfde0, 0xfde0, 0xfde0, 0xfde0,
0xfde0, 0xfde0, 0xfde0, 0xfde0, 0xfde0, 0xfde0, 0xfde0, 0xfde0, 0xfe00, 0xfe00,
0xfde0, 0xfde0, 0xfde0, 0xfde0, 0xfde0, 0xfde0, 0xfde0, 0xfde0, 0xfde0, 0xfde0,
0xfde0, 0xfde0, 0xfde0, 0xfde0, 0xfde0, 0xfde0, 0xfde0, 0xfde0, 0xfde0, 0xfde0,
0xfde0, 0xfde0, 0xfde0, 0xfde0, 0xfde0, 0xfde0, 0xfde0, 0xfde0, 0xfde0, 0xfde0,
0xfde0, 0xfde0, 0xfde0, 0xfde0, 0xfde0, 0xfde0, 0xfde0, 0xfde0, 0xfde0, 0xfde0,
0xfde0, 0xfde0, 0xfde0, 0xfde0, 0xfde0, 0xfde0, 0xfde0, 0xfde0, 0xfde0, 0xfde0,
0xfde0, 0xfde0, 0xfde0, 0xfde0, 0xfde0, 0xfde0, 0xfde0, 0xfde0, 0xfde0, 0xfde0,
0xfde0, 0xfde0, 0xfde0, 0xfde0, 0xfde0, 0xfde0, 0xfde0, 0xfde0, 0xfde0, 0xfde0,
0xfde0, 0xfde0, 0xfde0, 0xfde0, 0xfe00, 0xfde0, 0xfe00, 0xfe00, 0x5200, 0x8b40,
0xf5e1, 0xf601, 0xf601, 0xf601, 0xfde1, 0xf601, 0xfe01, 0xf5e1, 0xf601, 0xf601,

0xbc80, 0xeda0, 0x51e0, 0x0000, 0x0000, 0x0000, 0x0000, 0x41a0, 0xeda0, 0xfde0,
0xfde0, 0xfe20, 0x72c0, 0xa3e0, 0x0000, 0x0000, 0x0000, 0x0000, 0x3960, 0x8b40,
0x0000, 0x0000, 0x0000, 0x0000, 0x2900, 0xe540, 0xfde0, 0xfde0, 0x8b40, 0xbc60,
0xfde0, 0xc4a0, 0x8b40, 0xac20, 0x1060, 0x0000, 0x0000, 0x0000, 0x0000, 0x6260,
0xccc0, 0x20e0, 0x0000, 0x0000, 0x0000, 0x0000, 0x0820, 0xa3c0, 0xe560, 0x6a80,
0xcce0, 0xfde0, 0xfde0, 0xfde0, 0xfde0, 0xfde0, 0xfde0, 0xfde0, 0xfde0, 0xfde0,
0xfde0, 0xfde0, 0xfde0, 0xe540, 0x3940, 0x0000, 0x0000, 0x0000, 0x0000, 0x0000,
0x0000, 0x0000, 0x8b20, 0x9380, 0x0840, 0x0000, 0x0000, 0x0000, 0x0000, 0x0000,
0x0000, 0x0000, 0x0000, 0x49c0, 0xbc60, 0x5201, 0x7c11, 0xadf9, 0xadf9, 0xadf9,
0xadf9, 0xadf9, 0xadf9, 0xadf9, 0xadf9, 0xadf9, 0xadf9, 0xadf9, 0xa598, 0x31a7,
0x20c0, 0x8b60, 0x9380, 0x5200, 0x2900, 0x1081, 0x0882, 0x2124, 0x31c7, 0x31a7,
0x31a7, 0x31c7, 0x31c7, 0x31c7, 0x39e8, 0x31c7, 0x2966, 0x10c3, 0x1081, 0x20c0,
0x41a0, 0x7b00, 0xb460, 0xe560, 0xf5e0, 0xfde0, 0xfde0, 0xfde0, 0xfde0, 0xfde0,
0xfde0, 0xfde0, 0xfde0, 0xfde0, 0xfde0, 0xfde0, 0xfde0, 0xfde0, 0xfde0, 0xfde0,
0xfde0, 0xfde0, 0xfde0, 0xfde0, 0xfde0, 0xeda0, 0xdd40, 0xbc80, 0xa3e0, 0x8b40,
0x72e0, 0x72c0, 0x7b00, 0x8b60, 0xac40, 0xd500, 0xed80, 0xf5c0, 0xfde0, 0xfde0,
0xfe00, 0xfde0, 0xfde0, 0xfde0, 0xfde0, 0xfde0, 0xfde0, 0xfde0, 0xfde0, 0xfde0,
0xfde0, 0xfde0, 0xfde0, 0xfde0, 0xfde0, 0xfde0, 0xfde0, 0xfde0, 0xfde0, 0xfde0,
0xfde0, 0xfde0, 0xfde0, 0xfde0, 0xfde0, 0xfde0, 0xfde0, 0xfde0, 0xfde0, 0xfde0,
0xfde0, 0xfde0, 0xfde0, 0xfde0, 0xfde0, 0xfde0, 0xfde0, 0xfde0, 0xfde0, 0xfde0,
0xfde0, 0xfde0, 0xfde0, 0xfde0, 0xfde0, 0xfde0, 0xfde0, 0xfde0, 0xfde0, 0xfde0,
0xfde0, 0xfde0, 0xfde0, 0xfde0, 0xfde0, 0xfde0, 0xfde0, 0xfde0, 0xfde0, 0xfde0,
0xfde0, 0xfde0, 0xfde0, 0xfde0, 0xfe00, 0xfde0, 0xfe00, 0xfe00, 0x5200, 0x8b40,
0xf5e1, 0xfe01, 0xf5e1, 0xfde1, 0xf601, 0xfe01, 0xf5e1, 0xf601, 0xfde1, 0xf5e1,

0x6a60, 0xd4e0, 0x49c0, 0x0000, 0x0000, 0x0000, 0x0000, 0x49c0, 0xf5a0, 0xfde0,
0xfde0, 0xfe00, 0x72c0, 0x9ba0, 0x0000, 0x0000, 0x0000, 0x0000, 0x51e0, 0x6aa0,
0x0000, 0x0000, 0x0000, 0x0000, 0x49c0, 0xed80, 0xfde0, 0xfde0, 0x8300, 0xbc80,
0xfde0, 0xccc0, 0x7ac0, 0xac60, 0x0840, 0x0000, 0x0000, 0x0000, 0x0000, 0x5200,
0xb460, 0x1080, 0x0000, 0x0000, 0x0000, 0x0000, 0x1060, 0xbc60, 0xcd00, 0x6a80,
0xe540, 0xfde0, 0xfde0, 0xfde0, 0xfde0, 0xfde0, 0xfde0, 0xfde0, 0xfde0, 0xfde0,
0xfde0, 0xfde0, 0xfde0, 0xdd40, 0x2900, 0x0000, 0x0000, 0x0000, 0x0000, 0x0000,
0x0000, 0x0000, 0x8320, 0x6240, 0x0000, 0x0000, 0x0000, 0x0000, 0x0000, 0x0000,
0x0000, 0x0000, 0x1080, 0x8b40, 0xc4c0, 0x41c2, 0x7c52, 0xadf9, 0xadf9, 0xadf9,
0xadf9, 0xadf9, 0xadf9, 0xadf9, 0xadf9, 0xadd9, 0xadf9, 0xadf9, 0xa598, 0x31a6,
0x0840, 0x2900, 0x20e1, 0x2123, 0x39e7, 0x52cc, 0x634e, 0x7c11, 0x8494, 0x7c52,
0x7432, 0x7c94, 0x8494, 0x84b5, 0x84d5, 0x8494, 0x7432, 0x636e, 0x52cb, 0x3a08,
0x2944, 0x18e2, 0x3120, 0x72c0, 0xb440, 0xe560, 0xfde0, 0xfde0, 0xfde0, 0xfde0,
0xfde0, 0xfde0, 0xfde0, 0xfde0, 0xfde0, 0xfde0, 0xfde0, 0xfde0, 0xfde0, 0xfde0,
0xfde0, 0xfde0, 0xf5e0, 0xe560, 0xbc60, 0x8320, 0x5200, 0x2900, 0x18c1, 0x18e1,
0x20e2, 0x18c1, 0x18a1, 0x18c1, 0x2920, 0x41a0, 0x6a80, 0x9bc0, 0xd500, 0xe560,
0xe560, 0xe560, 0xed80, 0xed80, 0xeda0, 0xf5c0, 0xf5c0, 0xfde0, 0xfde0, 0xfe00,
0xfe00, 0xfde0, 0xfde0, 0xfde0, 0xfde0, 0xfde0, 0xfde0, 0xfde0, 0xfde0, 0xfde0,
0xfde0, 0xfde0, 0xfde0, 0xfde0, 0xfde0, 0xfde0, 0xfde0, 0xfde0, 0xfde0, 0xfde0,
0xfde0, 0xfde0, 0xfde0, 0xfde0, 0xfde0, 0xfde0, 0xfde0, 0xfde0, 0xfde0, 0xfde0,
0xfde0, 0xfde0, 0xfde0, 0xfde0, 0xfde0, 0xfde0, 0xfde0, 0xfde0, 0xfde0, 0xfde0,
0xfde0, 0xfde0, 0xfde0, 0xfde0, 0xfde0, 0xfde0, 0xfde0, 0xfde0, 0xfde0, 0xfde0,
0xfde0, 0xfde0, 0xfde0, 0xfde0, 0xfe00, 0xfde0, 0xfe00, 0xfe00, 0x5200, 0x8b40,
0xf5e1, 0xfe01, 0xf601, 0xfde1, 0xf601, 0xf601, 0xf601, 0xfde1, 0xf601, 0xfe01,

0x28e0, 0xac00, 0x4180, 0x0000, 0x0000, 0x0000, 0x0000, 0x51e0, 0xf5e0, 0xfde0,
0xfde0, 0xf5c0, 0x72c0, 0x7ae0, 0x0000, 0x0000, 0x0000, 0x0000, 0x6260, 0x5200,
0x0000, 0x0000, 0x0000, 0x0000, 0x6260, 0xf5a0, 0xfde0, 0xfde0, 0x72a0, 0xc4a0,
0xfde0, 0xccc0, 0x6260, 0xac40, 0x0840, 0x0000, 0x0000, 0x0000, 0x0000, 0x5200,
0x9bc0, 0x0840, 0x0000, 0x0000, 0x0000, 0x0000, 0x20c0, 0xcd00, 0xbc80, 0x72c0,
0xeda0, 0xfde0, 0xfde0, 0xfde0, 0xfde0, 0xfde0, 0xfde0, 0xfde0, 0xfde0, 0xfde0,
0xfde0, 0xfde0, 0xfde0, 0xd500, 0x20e0, 0x0000, 0x0000, 0x0000, 0x0000, 0x0000,
0x0000, 0x0000, 0x6260, 0x2900, 0x0000, 0x0000, 0x0000, 0x0000, 0x0000, 0x0000,
0x0000, 0x0000, 0x3960, 0xc4e0, 0xc4c0, 0x41a2, 0x8452, 0xae19, 0xae19, 0xadd9,
0xadd9, 0xadd9, 0xadd9, 0xadf9, 0xadf9, 0xadf9, 0xadd9, 0xadf9, 0xa597, 0x2986,
0x0021, 0x18c3, 0x3a08, 0x6b8e, 0x8cd4, 0xa5b8, 0xadf9, 0xae19, 0xa5b8, 0x84b4,
0x7c73, 0x8d36, 0x9557, 0x9557, 0x9557, 0x8d36, 0x9557, 0x9d77, 0x9557, 0x8493,
0x6bd0, 0x52cc, 0x3186, 0x18c2, 0x3140, 0x7ae0, 0xcce0, 0xf5a0, 0xfde0, 0xfde0,
0xfde0, 0xfde0, 0xfde0, 0xfde0, 0xfde0, 0xfde0, 0xfde0, 0xfde0, 0xfde0, 0xfde0,
0xfde0, 0xeda0, 0xbc80, 0x72c0, 0x3940, 0x18c1, 0x2124, 0x39e7, 0x4a8a, 0x6b8e,
0x7c10, 0x73f0, 0x73f0, 0x6b8f, 0x5b0d, 0x4249, 0x10c3, 0x18c1, 0x49e0, 0x6260,
0x51e0, 0x5a20, 0x6260, 0x72a0, 0x7ae0, 0x8320, 0x9380, 0xa3c0, 0xb420, 0xbc60,
0xc4a0, 0xd500, 0xf5c0, 0xfde0, 0xfde0, 0xfde0, 0xfde0, 0xfde0, 0xfe00, 0xfde0,
0xfe00, 0xfe00, 0xfde0, 0xfde0, 0xfde0, 0xfde0, 0xfde0, 0xfde0, 0xfde0, 0xfde0,
0xfde0, 0xfde0, 0xfde0, 0xfde0, 0xfde0, 0xfde0, 0xfde0, 0xfde0, 0xfde0, 0xfde0,
0xfde0, 0xfde0, 0xfde0, 0xfde0, 0xfde0, 0xfde0, 0xfde0, 0xfde0, 0xfde0, 0xfde0,
0xfde0, 0xfde0, 0xfde0, 0xfde0, 0xfde0, 0xfde0, 0xfde0, 0xfde0, 0xfde0, 0xfde0,
0xfde0, 0xfde0, 0xfde0, 0xfde0, 0xfe00, 0xfde0, 0xfe00, 0xfe00, 0x5200, 0x8b40,
0xf5e1, 0xfe01, 0xf5e1, 0xfde1, 0xf601, 0xf601, 0xf5e2, 0xf601, 0xf601, 0xf5e1,


};

const struct bitmap bm_sliding_puzzle = { 
    .width = BMPWIDTH_sliding_puzzle, 
    .height = BMPHEIGHT_sliding_puzzle, 
    .format = FORMAT_NATIVE, 
    .data = (unsigned char*)sliding_puzzle,
};
